category,path,description
robustness/interaction,experiments/_recheck_vr_threads1/pairwise/r00/metrics.json,Existing scientific record; see category index
robustness/interaction,experiments/_recheck_vr_threads1/pairwise/r01/metrics.json,Existing scientific record; see category index
robustness/interaction,experiments/_recheck_vr_threads1/pairwise/r02/metrics.json,Existing scientific record; see category index
robustness/interaction,experiments/_recheck_vr_threads1/pairwise/r03/metrics.json,Existing scientific record; see category index
robustness/interaction,experiments/_recheck_vr_threads1/pairwise/r04/metrics.json,Existing scientific record; see category index
robustness/interaction,experiments/_recheck_vr_threads1/pairwise/r05/metrics.json,Existing scientific record; see category index
robustness/interaction,experiments/_recheck_vr_threads1/pairwise/r06/metrics.json,Existing scientific record; see category index
robustness/interaction,experiments/_recheck_vr_threads1/pairwise/r07/metrics.json,Existing scientific record; see category index
robustness/interaction,experiments/_recheck_vr_threads1/pairwise/r08/metrics.json,Existing scientific record; see category index
robustness/interaction,experiments/_recheck_vr_threads1/pairwise/r09/metrics.json,Existing scientific record; see category index
robustness/interaction,experiments/_recheck_vr_threads1/pairwise/r10/metrics.json,Existing scientific record; see category index
robustness/interaction,experiments/_recheck_vr_threads1/pairwise/r11/metrics.json,Existing scientific record; see category index
robustness/interaction,experiments/_recheck_vr_threads1/pairwise/r12/metrics.json,Existing scientific record; see category index
robustness/interaction,experiments/_recheck_vr_threads1/pairwise/r13/metrics.json,Existing scientific record; see category index
robustness/interaction,experiments/_recheck_vr_threads1/pairwise/r14/metrics.json,Existing scientific record; see category index
robustness/interaction,experiments/_recheck_vr_threads1/pairwise/r15/metrics.json,Existing scientific record; see category index
robustness/interaction,experiments/_recheck_vr_threads1/pairwise/r16/metrics.json,Existing scientific record; see category index
robustness/interaction,experiments/_recheck_vr_threads1/pairwise/r17/metrics.json,Existing scientific record; see category index
robustness/interaction,experiments/_recheck_vr_threads1/pairwise/r18/metrics.json,Existing scientific record; see category index
robustness/interaction,experiments/_recheck_vr_threads1/pairwise/r19/metrics.json,Existing scientific record; see category index
robustness/interaction,experiments/_recheck_vr_threads1/sparse/r00/metrics.json,Existing scientific record; see category index
robustness/interaction,experiments/_recheck_vr_threads1/sparse/r01/metrics.json,Existing scientific record; see category index
robustness/interaction,experiments/_recheck_vr_threads1/sparse/r02/metrics.json,Existing scientific record; see category index
robustness/interaction,experiments/_recheck_vr_threads1/sparse/r03/metrics.json,Existing scientific record; see category index
robustness/interaction,experiments/_recheck_vr_threads1/sparse/r04/metrics.json,Existing scientific record; see category index
robustness/interaction,experiments/_recheck_vr_threads1/sparse/r05/metrics.json,Existing scientific record; see category index
robustness/interaction,experiments/_recheck_vr_threads1/sparse/r06/metrics.json,Existing scientific record; see category index
robustness/interaction,experiments/_recheck_vr_threads1/sparse/r07/metrics.json,Existing scientific record; see category index
robustness/interaction,experiments/_recheck_vr_threads1/sparse/r08/metrics.json,Existing scientific record; see category index
robustness/interaction,experiments/_recheck_vr_threads1/sparse/r09/metrics.json,Existing scientific record; see category index
robustness/interaction,experiments/_recheck_vr_threads1/sparse/r10/metrics.json,Existing scientific record; see category index
robustness/interaction,experiments/_recheck_vr_threads1/sparse/r11/metrics.json,Existing scientific record; see category index
robustness/interaction,experiments/_recheck_vr_threads1/sparse/r12/metrics.json,Existing scientific record; see category index
robustness/interaction,experiments/_recheck_vr_threads1/sparse/r13/metrics.json,Existing scientific record; see category index
robustness/interaction,experiments/_recheck_vr_threads1/sparse/r14/metrics.json,Existing scientific record; see category index
robustness/interaction,experiments/_recheck_vr_threads1/sparse/r15/metrics.json,Existing scientific record; see category index
robustness/interaction,experiments/_recheck_vr_threads1/sparse/r16/metrics.json,Existing scientific record; see category index
robustness/interaction,experiments/_recheck_vr_threads1/sparse/r17/metrics.json,Existing scientific record; see category index
robustness/interaction,experiments/_recheck_vr_threads1/sparse/r18/metrics.json,Existing scientific record; see category index
robustness/interaction,experiments/_recheck_vr_threads1/sparse/r19/metrics.json,Existing scientific record; see category index
robustness/interaction,experiments/crta_v3_audit_grade_vs_effect_v1/SUMMARY_N5.json,Existing scientific record; see category index
robustness/interaction,experiments/crta_v3_camels_query_extension_v1/SUMMARY_V1.json,Existing scientific record; see category index
robustness/interaction,experiments/crta_v3_camels_query_extension_v1/probe/support_1/seed_20/metrics.json,Existing scientific record; see category index
robustness/interaction,experiments/crta_v3_camels_query_extension_v1/probe/support_1/seed_21/metrics.json,Existing scientific record; see category index
robustness/interaction,experiments/crta_v3_camels_query_extension_v1/probe/support_1/seed_22/metrics.json,Existing scientific record; see category index
robustness/interaction,experiments/crta_v3_camels_query_extension_v1/probe/support_1/seed_23/metrics.json,Existing scientific record; see category index
robustness/interaction,experiments/crta_v3_camels_query_extension_v1/probe/support_1/seed_24/metrics.json,Existing scientific record; see category index
robustness/interaction,experiments/crta_v3_camels_query_extension_v1/probe/support_1/seed_25/metrics.json,Existing scientific record; see category index
robustness/interaction,experiments/crta_v3_camels_query_extension_v1/probe/support_1/seed_26/metrics.json,Existing scientific record; see category index
robustness/interaction,experiments/crta_v3_camels_query_extension_v1/probe/support_1/seed_27/metrics.json,Existing scientific record; see category index
robustness/interaction,experiments/crta_v3_camels_query_extension_v1/probe/support_1/seed_28/metrics.json,Existing scientific record; see category index
robustness/interaction,experiments/crta_v3_camels_query_extension_v1/probe/support_1/seed_29/metrics.json,Existing scientific record; see category index
robustness/interaction,experiments/crta_v3_camels_query_extension_v1/probe/support_1/seed_30/metrics.json,Existing scientific record; see category index
robustness/interaction,experiments/crta_v3_camels_query_extension_v1/probe/support_1/seed_31/metrics.json,Existing scientific record; see category index
robustness/interaction,experiments/crta_v3_camels_query_extension_v1/probe/support_1/seed_32/metrics.json,Existing scientific record; see category index
robustness/interaction,experiments/crta_v3_camels_query_extension_v1/probe/support_1/seed_33/metrics.json,Existing scientific record; see category index
robustness/interaction,experiments/crta_v3_camels_query_extension_v1/probe/support_1/seed_34/metrics.json,Existing scientific record; see category index
robustness/interaction,experiments/crta_v3_camels_query_extension_v1/probe/support_1/seed_35/metrics.json,Existing scientific record; see category index
robustness/interaction,experiments/crta_v3_camels_query_extension_v1/probe/support_1/seed_36/metrics.json,Existing scientific record; see category index
robustness/interaction,experiments/crta_v3_camels_query_extension_v1/probe/support_1/seed_37/metrics.json,Existing scientific record; see category index
robustness/interaction,experiments/crta_v3_camels_query_extension_v1/probe/support_1/seed_38/metrics.json,Existing scientific record; see category index
robustness/interaction,experiments/crta_v3_camels_query_extension_v1/probe/support_1/seed_39/metrics.json,Existing scientific record; see category index
robustness/interaction,experiments/crta_v3_camels_query_extension_v1/probe/support_3/seed_20/metrics.json,Existing scientific record; see category index
robustness/interaction,experiments/crta_v3_camels_query_extension_v1/probe/support_3/seed_21/metrics.json,Existing scientific record; see category index
robustness/interaction,experiments/crta_v3_camels_query_extension_v1/probe/support_3/seed_22/metrics.json,Existing scientific record; see category index
robustness/interaction,experiments/crta_v3_camels_query_extension_v1/probe/support_3/seed_23/metrics.json,Existing scientific record; see category index
robustness/interaction,experiments/crta_v3_camels_query_extension_v1/probe/support_3/seed_24/metrics.json,Existing scientific record; see category index
robustness/interaction,experiments/crta_v3_camels_query_extension_v1/probe/support_3/seed_25/metrics.json,Existing scientific record; see category index
robustness/interaction,experiments/crta_v3_camels_query_extension_v1/probe/support_3/seed_26/metrics.json,Existing scientific record; see category index
robustness/interaction,experiments/crta_v3_camels_query_extension_v1/probe/support_3/seed_27/metrics.json,Existing scientific record; see category index
robustness/interaction,experiments/crta_v3_camels_query_extension_v1/probe/support_3/seed_28/metrics.json,Existing scientific record; see category index
robustness/interaction,experiments/crta_v3_camels_query_extension_v1/probe/support_3/seed_29/metrics.json,Existing scientific record; see category index
robustness/interaction,experiments/crta_v3_camels_query_extension_v1/probe/support_3/seed_30/metrics.json,Existing scientific record; see category index
robustness/interaction,experiments/crta_v3_camels_query_extension_v1/probe/support_3/seed_31/metrics.json,Existing scientific record; see category index
robustness/interaction,experiments/crta_v3_camels_query_extension_v1/probe/support_3/seed_32/metrics.json,Existing scientific record; see category index
robustness/interaction,experiments/crta_v3_camels_query_extension_v1/probe/support_3/seed_33/metrics.json,Existing scientific record; see category index
robustness/interaction,experiments/crta_v3_camels_query_extension_v1/probe/support_3/seed_34/metrics.json,Existing scientific record; see category index
robustness/interaction,experiments/crta_v3_camels_query_extension_v1/probe/support_3/seed_35/metrics.json,Existing scientific record; see category index
robustness/interaction,experiments/crta_v3_camels_query_extension_v1/probe/support_3/seed_36/metrics.json,Existing scientific record; see category index
robustness/interaction,experiments/crta_v3_camels_query_extension_v1/probe/support_3/seed_37/metrics.json,Existing scientific record; see category index
robustness/interaction,experiments/crta_v3_camels_query_extension_v1/probe/support_3/seed_38/metrics.json,Existing scientific record; see category index
robustness/interaction,experiments/crta_v3_camels_query_extension_v1/probe/support_3/seed_39/metrics.json,Existing scientific record; see category index
robustness/interaction,experiments/crta_v3_camels_query_extension_v1/probe/support_5/seed_20/metrics.json,Existing scientific record; see category index
robustness/interaction,experiments/crta_v3_camels_query_extension_v1/probe/support_5/seed_21/metrics.json,Existing scientific record; see category index
robustness/interaction,experiments/crta_v3_camels_query_extension_v1/probe/support_5/seed_22/metrics.json,Existing scientific record; see category index
robustness/interaction,experiments/crta_v3_camels_query_extension_v1/probe/support_5/seed_23/metrics.json,Existing scientific record; see category index
robustness/interaction,experiments/crta_v3_camels_query_extension_v1/probe/support_5/seed_24/metrics.json,Existing scientific record; see category index
robustness/interaction,experiments/crta_v3_camels_query_extension_v1/probe/support_5/seed_25/metrics.json,Existing scientific record; see category index
robustness/interaction,experiments/crta_v3_camels_query_extension_v1/probe/support_5/seed_26/metrics.json,Existing scientific record; see category index
robustness/interaction,experiments/crta_v3_camels_query_extension_v1/probe/support_5/seed_27/metrics.json,Existing scientific record; see category index
robustness/interaction,experiments/crta_v3_camels_query_extension_v1/probe/support_5/seed_28/metrics.json,Existing scientific record; see category index
robustness/interaction,experiments/crta_v3_camels_query_extension_v1/probe/support_5/seed_29/metrics.json,Existing scientific record; see category index
robustness/interaction,experiments/crta_v3_camels_query_extension_v1/probe/support_5/seed_30/metrics.json,Existing scientific record; see category index
robustness/interaction,experiments/crta_v3_camels_query_extension_v1/probe/support_5/seed_31/metrics.json,Existing scientific record; see category index
robustness/interaction,experiments/crta_v3_camels_query_extension_v1/probe/support_5/seed_32/metrics.json,Existing scientific record; see category index
robustness/interaction,experiments/crta_v3_camels_query_extension_v1/probe/support_5/seed_33/metrics.json,Existing scientific record; see category index
robustness/interaction,experiments/crta_v3_camels_query_extension_v1/probe/support_5/seed_34/metrics.json,Existing scientific record; see category index
robustness/interaction,experiments/crta_v3_camels_query_extension_v1/probe/support_5/seed_35/metrics.json,Existing scientific record; see category index
robustness/interaction,experiments/crta_v3_camels_query_extension_v1/probe/support_5/seed_36/metrics.json,Existing scientific record; see category index
robustness/interaction,experiments/crta_v3_camels_query_extension_v1/probe/support_5/seed_37/metrics.json,Existing scientific record; see category index
robustness/interaction,experiments/crta_v3_camels_query_extension_v1/probe/support_5/seed_38/metrics.json,Existing scientific record; see category index
robustness/interaction,experiments/crta_v3_camels_query_extension_v1/probe/support_5/seed_39/metrics.json,Existing scientific record; see category index
robustness/interaction,experiments/crta_v3_conditional_c_exploratory_v1/SUMMARY_V1.json,Existing scientific record; see category index
robustness/interaction,experiments/crta_v3_conditional_c_histgb_v1/SUMMARY_V1.json,Existing scientific record; see category index
robustness/interaction,experiments/crta_v3_endpoint_source_informativeness_v1/DIAGNOSIS_V1.md,Existing scientific record; see category index
robustness/interaction,experiments/crta_v3_endpoint_source_informativeness_v1/SUMMARY_V1.json,Existing scientific record; see category index
robustness/interaction,experiments/crta_v3_endpoint_source_informativeness_v1/kn2nh/angina_history/seed_50/metrics.json,Existing scientific record; see category index
robustness/interaction,experiments/crta_v3_endpoint_source_informativeness_v1/kn2nh/angina_history/seed_51/metrics.json,Existing scientific record; see category index
robustness/interaction,experiments/crta_v3_endpoint_source_informativeness_v1/kn2nh/angina_history/seed_52/metrics.json,Existing scientific record; see category index
robustness/interaction,experiments/crta_v3_endpoint_source_informativeness_v1/kn2nh/angina_history/seed_53/metrics.json,Existing scientific record; see category index
robustness/interaction,experiments/crta_v3_endpoint_source_informativeness_v1/kn2nh/angina_history/seed_54/metrics.json,Existing scientific record; see category index
robustness/interaction,experiments/crta_v3_endpoint_source_informativeness_v1/kn2nh/angina_history/seed_55/metrics.json,Existing scientific record; see category index
robustness/interaction,experiments/crta_v3_endpoint_source_informativeness_v1/kn2nh/angina_history/seed_56/metrics.json,Existing scientific record; see category index
robustness/interaction,experiments/crta_v3_endpoint_source_informativeness_v1/kn2nh/angina_history/seed_57/metrics.json,Existing scientific record; see category index
robustness/interaction,experiments/crta_v3_endpoint_source_informativeness_v1/kn2nh/angina_history/seed_58/metrics.json,Existing scientific record; see category index
robustness/interaction,experiments/crta_v3_endpoint_source_informativeness_v1/kn2nh/angina_history/seed_59/metrics.json,Existing scientific record; see category index
robustness/interaction,experiments/crta_v3_endpoint_source_informativeness_v1/kn2nh/arthritis_history/seed_50/metrics.json,Existing scientific record; see category index
robustness/interaction,experiments/crta_v3_endpoint_source_informativeness_v1/kn2nh/arthritis_history/seed_51/metrics.json,Existing scientific record; see category index
robustness/interaction,experiments/crta_v3_endpoint_source_informativeness_v1/kn2nh/arthritis_history/seed_52/metrics.json,Existing scientific record; see category index
robustness/interaction,experiments/crta_v3_endpoint_source_informativeness_v1/kn2nh/arthritis_history/seed_53/metrics.json,Existing scientific record; see category index
robustness/interaction,experiments/crta_v3_endpoint_source_informativeness_v1/kn2nh/arthritis_history/seed_54/metrics.json,Existing scientific record; see category index
robustness/interaction,experiments/crta_v3_endpoint_source_informativeness_v1/kn2nh/arthritis_history/seed_55/metrics.json,Existing scientific record; see category index
robustness/interaction,experiments/crta_v3_endpoint_source_informativeness_v1/kn2nh/arthritis_history/seed_56/metrics.json,Existing scientific record; see category index
robustness/interaction,experiments/crta_v3_endpoint_source_informativeness_v1/kn2nh/arthritis_history/seed_57/metrics.json,Existing scientific record; see category index
robustness/interaction,experiments/crta_v3_endpoint_source_informativeness_v1/kn2nh/arthritis_history/seed_58/metrics.json,Existing scientific record; see category index
robustness/interaction,experiments/crta_v3_endpoint_source_informativeness_v1/kn2nh/arthritis_history/seed_59/metrics.json,Existing scientific record; see category index
robustness/interaction,experiments/crta_v3_endpoint_source_informativeness_v1/kn2nh/asthma_history/seed_50/metrics.json,Existing scientific record; see category index
robustness/interaction,experiments/crta_v3_endpoint_source_informativeness_v1/kn2nh/asthma_history/seed_51/metrics.json,Existing scientific record; see category index
robustness/interaction,experiments/crta_v3_endpoint_source_informativeness_v1/kn2nh/asthma_history/seed_52/metrics.json,Existing scientific record; see category index
robustness/interaction,experiments/crta_v3_endpoint_source_informativeness_v1/kn2nh/asthma_history/seed_53/metrics.json,Existing scientific record; see category index
robustness/interaction,experiments/crta_v3_endpoint_source_informativeness_v1/kn2nh/asthma_history/seed_54/metrics.json,Existing scientific record; see category index
robustness/interaction,experiments/crta_v3_endpoint_source_informativeness_v1/kn2nh/asthma_history/seed_55/metrics.json,Existing scientific record; see category index
robustness/interaction,experiments/crta_v3_endpoint_source_informativeness_v1/kn2nh/asthma_history/seed_56/metrics.json,Existing scientific record; see category index
robustness/interaction,experiments/crta_v3_endpoint_source_informativeness_v1/kn2nh/asthma_history/seed_57/metrics.json,Existing scientific record; see category index
robustness/interaction,experiments/crta_v3_endpoint_source_informativeness_v1/kn2nh/asthma_history/seed_58/metrics.json,Existing scientific record; see category index
robustness/interaction,experiments/crta_v3_endpoint_source_informativeness_v1/kn2nh/asthma_history/seed_59/metrics.json,Existing scientific record; see category index
robustness/interaction,experiments/crta_v3_endpoint_source_informativeness_v1/kn2nh/cancer_history/seed_50/metrics.json,Existing scientific record; see category index
robustness/interaction,experiments/crta_v3_endpoint_source_informativeness_v1/kn2nh/cancer_history/seed_51/metrics.json,Existing scientific record; see category index
robustness/interaction,experiments/crta_v3_endpoint_source_informativeness_v1/kn2nh/cancer_history/seed_52/metrics.json,Existing scientific record; see category index
robustness/interaction,experiments/crta_v3_endpoint_source_informativeness_v1/kn2nh/cancer_history/seed_53/metrics.json,Existing scientific record; see category index
robustness/interaction,experiments/crta_v3_endpoint_source_informativeness_v1/kn2nh/cancer_history/seed_54/metrics.json,Existing scientific record; see category index
robustness/interaction,experiments/crta_v3_endpoint_source_informativeness_v1/kn2nh/cancer_history/seed_55/metrics.json,Existing scientific record; see category index
robustness/interaction,experiments/crta_v3_endpoint_source_informativeness_v1/kn2nh/cancer_history/seed_56/metrics.json,Existing scientific record; see category index
robustness/interaction,experiments/crta_v3_endpoint_source_informativeness_v1/kn2nh/cancer_history/seed_57/metrics.json,Existing scientific record; see category index
robustness/interaction,experiments/crta_v3_endpoint_source_informativeness_v1/kn2nh/cancer_history/seed_58/metrics.json,Existing scientific record; see category index
robustness/interaction,experiments/crta_v3_endpoint_source_informativeness_v1/kn2nh/cancer_history/seed_59/metrics.json,Existing scientific record; see category index
robustness/interaction,experiments/crta_v3_endpoint_source_informativeness_v1/kn2nh/current_smoking_status/seed_50/metrics.json,Existing scientific record; see category index
robustness/interaction,experiments/crta_v3_endpoint_source_informativeness_v1/kn2nh/current_smoking_status/seed_51/metrics.json,Existing scientific record; see category index
robustness/interaction,experiments/crta_v3_endpoint_source_informativeness_v1/kn2nh/current_smoking_status/seed_52/metrics.json,Existing scientific record; see category index
robustness/interaction,experiments/crta_v3_endpoint_source_informativeness_v1/kn2nh/current_smoking_status/seed_53/metrics.json,Existing scientific record; see category index
robustness/interaction,experiments/crta_v3_endpoint_source_informativeness_v1/kn2nh/current_smoking_status/seed_54/metrics.json,Existing scientific record; see category index
robustness/interaction,experiments/crta_v3_endpoint_source_informativeness_v1/kn2nh/current_smoking_status/seed_55/metrics.json,Existing scientific record; see category index
robustness/interaction,experiments/crta_v3_endpoint_source_informativeness_v1/kn2nh/current_smoking_status/seed_56/metrics.json,Existing scientific record; see category index
robustness/interaction,experiments/crta_v3_endpoint_source_informativeness_v1/kn2nh/current_smoking_status/seed_57/metrics.json,Existing scientific record; see category index
robustness/interaction,experiments/crta_v3_endpoint_source_informativeness_v1/kn2nh/current_smoking_status/seed_58/metrics.json,Existing scientific record; see category index
robustness/interaction,experiments/crta_v3_endpoint_source_informativeness_v1/kn2nh/current_smoking_status/seed_59/metrics.json,Existing scientific record; see category index
robustness/interaction,experiments/crta_v3_endpoint_source_informativeness_v1/kn2nh/diabetes_history/seed_50/metrics.json,Existing scientific record; see category index
robustness/interaction,experiments/crta_v3_endpoint_source_informativeness_v1/kn2nh/diabetes_history/seed_51/metrics.json,Existing scientific record; see category index
robustness/interaction,experiments/crta_v3_endpoint_source_informativeness_v1/kn2nh/diabetes_history/seed_52/metrics.json,Existing scientific record; see category index
robustness/interaction,experiments/crta_v3_endpoint_source_informativeness_v1/kn2nh/diabetes_history/seed_53/metrics.json,Existing scientific record; see category index
robustness/interaction,experiments/crta_v3_endpoint_source_informativeness_v1/kn2nh/diabetes_history/seed_54/metrics.json,Existing scientific record; see category index
robustness/interaction,experiments/crta_v3_endpoint_source_informativeness_v1/kn2nh/diabetes_history/seed_55/metrics.json,Existing scientific record; see category index
robustness/interaction,experiments/crta_v3_endpoint_source_informativeness_v1/kn2nh/diabetes_history/seed_56/metrics.json,Existing scientific record; see category index
robustness/interaction,experiments/crta_v3_endpoint_source_informativeness_v1/kn2nh/diabetes_history/seed_57/metrics.json,Existing scientific record; see category index
robustness/interaction,experiments/crta_v3_endpoint_source_informativeness_v1/kn2nh/diabetes_history/seed_58/metrics.json,Existing scientific record; see category index
robustness/interaction,experiments/crta_v3_endpoint_source_informativeness_v1/kn2nh/diabetes_history/seed_59/metrics.json,Existing scientific record; see category index
robustness/interaction,experiments/crta_v3_endpoint_source_informativeness_v1/kn2nh/heart_attack_history/seed_50/metrics.json,Existing scientific record; see category index
robustness/interaction,experiments/crta_v3_endpoint_source_informativeness_v1/kn2nh/heart_attack_history/seed_51/metrics.json,Existing scientific record; see category index
robustness/interaction,experiments/crta_v3_endpoint_source_informativeness_v1/kn2nh/heart_attack_history/seed_52/metrics.json,Existing scientific record; see category index
robustness/interaction,experiments/crta_v3_endpoint_source_informativeness_v1/kn2nh/heart_attack_history/seed_53/metrics.json,Existing scientific record; see category index
robustness/interaction,experiments/crta_v3_endpoint_source_informativeness_v1/kn2nh/heart_attack_history/seed_54/metrics.json,Existing scientific record; see category index
robustness/interaction,experiments/crta_v3_endpoint_source_informativeness_v1/kn2nh/heart_attack_history/seed_55/metrics.json,Existing scientific record; see category index
robustness/interaction,experiments/crta_v3_endpoint_source_informativeness_v1/kn2nh/heart_attack_history/seed_56/metrics.json,Existing scientific record; see category index
robustness/interaction,experiments/crta_v3_endpoint_source_informativeness_v1/kn2nh/heart_attack_history/seed_57/metrics.json,Existing scientific record; see category index
robustness/interaction,experiments/crta_v3_endpoint_source_informativeness_v1/kn2nh/heart_attack_history/seed_58/metrics.json,Existing scientific record; see category index
robustness/interaction,experiments/crta_v3_endpoint_source_informativeness_v1/kn2nh/heart_attack_history/seed_59/metrics.json,Existing scientific record; see category index
robustness/interaction,experiments/crta_v3_endpoint_source_informativeness_v1/kn2nh/hypertension_history/seed_50/metrics.json,Existing scientific record; see category index
robustness/interaction,experiments/crta_v3_endpoint_source_informativeness_v1/kn2nh/hypertension_history/seed_51/metrics.json,Existing scientific record; see category index
robustness/interaction,experiments/crta_v3_endpoint_source_informativeness_v1/kn2nh/hypertension_history/seed_52/metrics.json,Existing scientific record; see category index
robustness/interaction,experiments/crta_v3_endpoint_source_informativeness_v1/kn2nh/hypertension_history/seed_53/metrics.json,Existing scientific record; see category index
robustness/interaction,experiments/crta_v3_endpoint_source_informativeness_v1/kn2nh/hypertension_history/seed_54/metrics.json,Existing scientific record; see category index
robustness/interaction,experiments/crta_v3_endpoint_source_informativeness_v1/kn2nh/hypertension_history/seed_55/metrics.json,Existing scientific record; see category index
robustness/interaction,experiments/crta_v3_endpoint_source_informativeness_v1/kn2nh/hypertension_history/seed_56/metrics.json,Existing scientific record; see category index
robustness/interaction,experiments/crta_v3_endpoint_source_informativeness_v1/kn2nh/hypertension_history/seed_57/metrics.json,Existing scientific record; see category index
robustness/interaction,experiments/crta_v3_endpoint_source_informativeness_v1/kn2nh/hypertension_history/seed_58/metrics.json,Existing scientific record; see category index
robustness/interaction,experiments/crta_v3_endpoint_source_informativeness_v1/kn2nh/hypertension_history/seed_59/metrics.json,Existing scientific record; see category index
robustness/interaction,experiments/crta_v3_endpoint_source_informativeness_v1/kn2nh/kidney_disease_history/seed_50/metrics.json,Existing scientific record; see category index
robustness/interaction,experiments/crta_v3_endpoint_source_informativeness_v1/kn2nh/kidney_disease_history/seed_51/metrics.json,Existing scientific record; see category index
robustness/interaction,experiments/crta_v3_endpoint_source_informativeness_v1/kn2nh/kidney_disease_history/seed_52/metrics.json,Existing scientific record; see category index
robustness/interaction,experiments/crta_v3_endpoint_source_informativeness_v1/kn2nh/kidney_disease_history/seed_53/metrics.json,Existing scientific record; see category index
robustness/interaction,experiments/crta_v3_endpoint_source_informativeness_v1/kn2nh/kidney_disease_history/seed_54/metrics.json,Existing scientific record; see category index
robustness/interaction,experiments/crta_v3_endpoint_source_informativeness_v1/kn2nh/kidney_disease_history/seed_55/metrics.json,Existing scientific record; see category index
robustness/interaction,experiments/crta_v3_endpoint_source_informativeness_v1/kn2nh/kidney_disease_history/seed_56/metrics.json,Existing scientific record; see category index
robustness/interaction,experiments/crta_v3_endpoint_source_informativeness_v1/kn2nh/kidney_disease_history/seed_57/metrics.json,Existing scientific record; see category index
robustness/interaction,experiments/crta_v3_endpoint_source_informativeness_v1/kn2nh/kidney_disease_history/seed_58/metrics.json,Existing scientific record; see category index
robustness/interaction,experiments/crta_v3_endpoint_source_informativeness_v1/kn2nh/kidney_disease_history/seed_59/metrics.json,Existing scientific record; see category index
robustness/interaction,experiments/crta_v3_endpoint_source_informativeness_v1/kn2nh/stroke_history/seed_50/metrics.json,Existing scientific record; see category index
robustness/interaction,experiments/crta_v3_endpoint_source_informativeness_v1/kn2nh/stroke_history/seed_51/metrics.json,Existing scientific record; see category index
robustness/interaction,experiments/crta_v3_endpoint_source_informativeness_v1/kn2nh/stroke_history/seed_52/metrics.json,Existing scientific record; see category index
robustness/interaction,experiments/crta_v3_endpoint_source_informativeness_v1/kn2nh/stroke_history/seed_53/metrics.json,Existing scientific record; see category index
robustness/interaction,experiments/crta_v3_endpoint_source_informativeness_v1/kn2nh/stroke_history/seed_54/metrics.json,Existing scientific record; see category index
robustness/interaction,experiments/crta_v3_endpoint_source_informativeness_v1/kn2nh/stroke_history/seed_55/metrics.json,Existing scientific record; see category index
robustness/interaction,experiments/crta_v3_endpoint_source_informativeness_v1/kn2nh/stroke_history/seed_56/metrics.json,Existing scientific record; see category index
robustness/interaction,experiments/crta_v3_endpoint_source_informativeness_v1/kn2nh/stroke_history/seed_57/metrics.json,Existing scientific record; see category index
robustness/interaction,experiments/crta_v3_endpoint_source_informativeness_v1/kn2nh/stroke_history/seed_58/metrics.json,Existing scientific record; see category index
robustness/interaction,experiments/crta_v3_endpoint_source_informativeness_v1/kn2nh/stroke_history/seed_59/metrics.json,Existing scientific record; see category index
robustness/interaction,experiments/crta_v3_endpoint_source_informativeness_v1/nh2kn/angina_history/seed_50/metrics.json,Existing scientific record; see category index
robustness/interaction,experiments/crta_v3_endpoint_source_informativeness_v1/nh2kn/angina_history/seed_51/metrics.json,Existing scientific record; see category index
robustness/interaction,experiments/crta_v3_endpoint_source_informativeness_v1/nh2kn/angina_history/seed_52/metrics.json,Existing scientific record; see category index
robustness/interaction,experiments/crta_v3_endpoint_source_informativeness_v1/nh2kn/angina_history/seed_53/metrics.json,Existing scientific record; see category index
robustness/interaction,experiments/crta_v3_endpoint_source_informativeness_v1/nh2kn/angina_history/seed_54/metrics.json,Existing scientific record; see category index
robustness/interaction,experiments/crta_v3_endpoint_source_informativeness_v1/nh2kn/angina_history/seed_55/metrics.json,Existing scientific record; see category index
robustness/interaction,experiments/crta_v3_endpoint_source_informativeness_v1/nh2kn/angina_history/seed_56/metrics.json,Existing scientific record; see category index
robustness/interaction,experiments/crta_v3_endpoint_source_informativeness_v1/nh2kn/angina_history/seed_57/metrics.json,Existing scientific record; see category index
robustness/interaction,experiments/crta_v3_endpoint_source_informativeness_v1/nh2kn/angina_history/seed_58/metrics.json,Existing scientific record; see category index
robustness/interaction,experiments/crta_v3_endpoint_source_informativeness_v1/nh2kn/angina_history/seed_59/metrics.json,Existing scientific record; see category index
robustness/interaction,experiments/crta_v3_endpoint_source_informativeness_v1/nh2kn/arthritis_history/seed_50/metrics.json,Existing scientific record; see category index
robustness/interaction,experiments/crta_v3_endpoint_source_informativeness_v1/nh2kn/arthritis_history/seed_51/metrics.json,Existing scientific record; see category index
robustness/interaction,experiments/crta_v3_endpoint_source_informativeness_v1/nh2kn/arthritis_history/seed_52/metrics.json,Existing scientific record; see category index
robustness/interaction,experiments/crta_v3_endpoint_source_informativeness_v1/nh2kn/arthritis_history/seed_53/metrics.json,Existing scientific record; see category index
robustness/interaction,experiments/crta_v3_endpoint_source_informativeness_v1/nh2kn/arthritis_history/seed_54/metrics.json,Existing scientific record; see category index
robustness/interaction,experiments/crta_v3_endpoint_source_informativeness_v1/nh2kn/arthritis_history/seed_55/metrics.json,Existing scientific record; see category index
robustness/interaction,experiments/crta_v3_endpoint_source_informativeness_v1/nh2kn/arthritis_history/seed_56/metrics.json,Existing scientific record; see category index
robustness/interaction,experiments/crta_v3_endpoint_source_informativeness_v1/nh2kn/arthritis_history/seed_57/metrics.json,Existing scientific record; see category index
robustness/interaction,experiments/crta_v3_endpoint_source_informativeness_v1/nh2kn/arthritis_history/seed_58/metrics.json,Existing scientific record; see category index
robustness/interaction,experiments/crta_v3_endpoint_source_informativeness_v1/nh2kn/arthritis_history/seed_59/metrics.json,Existing scientific record; see category index
robustness/interaction,experiments/crta_v3_endpoint_source_informativeness_v1/nh2kn/asthma_history/seed_50/metrics.json,Existing scientific record; see category index
robustness/interaction,experiments/crta_v3_endpoint_source_informativeness_v1/nh2kn/asthma_history/seed_51/metrics.json,Existing scientific record; see category index
robustness/interaction,experiments/crta_v3_endpoint_source_informativeness_v1/nh2kn/asthma_history/seed_52/metrics.json,Existing scientific record; see category index
robustness/interaction,experiments/crta_v3_endpoint_source_informativeness_v1/nh2kn/asthma_history/seed_53/metrics.json,Existing scientific record; see category index
robustness/interaction,experiments/crta_v3_endpoint_source_informativeness_v1/nh2kn/asthma_history/seed_54/metrics.json,Existing scientific record; see category index
robustness/interaction,experiments/crta_v3_endpoint_source_informativeness_v1/nh2kn/asthma_history/seed_55/metrics.json,Existing scientific record; see category index
robustness/interaction,experiments/crta_v3_endpoint_source_informativeness_v1/nh2kn/asthma_history/seed_56/metrics.json,Existing scientific record; see category index
robustness/interaction,experiments/crta_v3_endpoint_source_informativeness_v1/nh2kn/asthma_history/seed_57/metrics.json,Existing scientific record; see category index
robustness/interaction,experiments/crta_v3_endpoint_source_informativeness_v1/nh2kn/asthma_history/seed_58/metrics.json,Existing scientific record; see category index
robustness/interaction,experiments/crta_v3_endpoint_source_informativeness_v1/nh2kn/asthma_history/seed_59/metrics.json,Existing scientific record; see category index
robustness/interaction,experiments/crta_v3_endpoint_source_informativeness_v1/nh2kn/cancer_history/seed_50/metrics.json,Existing scientific record; see category index
robustness/interaction,experiments/crta_v3_endpoint_source_informativeness_v1/nh2kn/cancer_history/seed_51/metrics.json,Existing scientific record; see category index
robustness/interaction,experiments/crta_v3_endpoint_source_informativeness_v1/nh2kn/cancer_history/seed_52/metrics.json,Existing scientific record; see category index
robustness/interaction,experiments/crta_v3_endpoint_source_informativeness_v1/nh2kn/cancer_history/seed_53/metrics.json,Existing scientific record; see category index
robustness/interaction,experiments/crta_v3_endpoint_source_informativeness_v1/nh2kn/cancer_history/seed_54/metrics.json,Existing scientific record; see category index
robustness/interaction,experiments/crta_v3_endpoint_source_informativeness_v1/nh2kn/cancer_history/seed_55/metrics.json,Existing scientific record; see category index
robustness/interaction,experiments/crta_v3_endpoint_source_informativeness_v1/nh2kn/cancer_history/seed_56/metrics.json,Existing scientific record; see category index
robustness/interaction,experiments/crta_v3_endpoint_source_informativeness_v1/nh2kn/cancer_history/seed_57/metrics.json,Existing scientific record; see category index
robustness/interaction,experiments/crta_v3_endpoint_source_informativeness_v1/nh2kn/cancer_history/seed_58/metrics.json,Existing scientific record; see category index
robustness/interaction,experiments/crta_v3_endpoint_source_informativeness_v1/nh2kn/cancer_history/seed_59/metrics.json,Existing scientific record; see category index
robustness/interaction,experiments/crta_v3_endpoint_source_informativeness_v1/nh2kn/current_smoking_status/seed_50/metrics.json,Existing scientific record; see category index
robustness/interaction,experiments/crta_v3_endpoint_source_informativeness_v1/nh2kn/current_smoking_status/seed_51/metrics.json,Existing scientific record; see category index
robustness/interaction,experiments/crta_v3_endpoint_source_informativeness_v1/nh2kn/current_smoking_status/seed_52/metrics.json,Existing scientific record; see category index
robustness/interaction,experiments/crta_v3_endpoint_source_informativeness_v1/nh2kn/current_smoking_status/seed_53/metrics.json,Existing scientific record; see category index
robustness/interaction,experiments/crta_v3_endpoint_source_informativeness_v1/nh2kn/current_smoking_status/seed_54/metrics.json,Existing scientific record; see category index
robustness/interaction,experiments/crta_v3_endpoint_source_informativeness_v1/nh2kn/current_smoking_status/seed_55/metrics.json,Existing scientific record; see category index
robustness/interaction,experiments/crta_v3_endpoint_source_informativeness_v1/nh2kn/current_smoking_status/seed_56/metrics.json,Existing scientific record; see category index
robustness/interaction,experiments/crta_v3_endpoint_source_informativeness_v1/nh2kn/current_smoking_status/seed_57/metrics.json,Existing scientific record; see category index
robustness/interaction,experiments/crta_v3_endpoint_source_informativeness_v1/nh2kn/current_smoking_status/seed_58/metrics.json,Existing scientific record; see category index
robustness/interaction,experiments/crta_v3_endpoint_source_informativeness_v1/nh2kn/current_smoking_status/seed_59/metrics.json,Existing scientific record; see category index
robustness/interaction,experiments/crta_v3_endpoint_source_informativeness_v1/nh2kn/diabetes_history/seed_50/metrics.json,Existing scientific record; see category index
robustness/interaction,experiments/crta_v3_endpoint_source_informativeness_v1/nh2kn/diabetes_history/seed_51/metrics.json,Existing scientific record; see category index
robustness/interaction,experiments/crta_v3_endpoint_source_informativeness_v1/nh2kn/diabetes_history/seed_52/metrics.json,Existing scientific record; see category index
robustness/interaction,experiments/crta_v3_endpoint_source_informativeness_v1/nh2kn/diabetes_history/seed_53/metrics.json,Existing scientific record; see category index
robustness/interaction,experiments/crta_v3_endpoint_source_informativeness_v1/nh2kn/diabetes_history/seed_54/metrics.json,Existing scientific record; see category index
robustness/interaction,experiments/crta_v3_endpoint_source_informativeness_v1/nh2kn/diabetes_history/seed_55/metrics.json,Existing scientific record; see category index
robustness/interaction,experiments/crta_v3_endpoint_source_informativeness_v1/nh2kn/diabetes_history/seed_56/metrics.json,Existing scientific record; see category index
robustness/interaction,experiments/crta_v3_endpoint_source_informativeness_v1/nh2kn/diabetes_history/seed_57/metrics.json,Existing scientific record; see category index
robustness/interaction,experiments/crta_v3_endpoint_source_informativeness_v1/nh2kn/diabetes_history/seed_58/metrics.json,Existing scientific record; see category index
robustness/interaction,experiments/crta_v3_endpoint_source_informativeness_v1/nh2kn/diabetes_history/seed_59/metrics.json,Existing scientific record; see category index
robustness/interaction,experiments/crta_v3_endpoint_source_informativeness_v1/nh2kn/heart_attack_history/seed_50/metrics.json,Existing scientific record; see category index
robustness/interaction,experiments/crta_v3_endpoint_source_informativeness_v1/nh2kn/heart_attack_history/seed_51/metrics.json,Existing scientific record; see category index
robustness/interaction,experiments/crta_v3_endpoint_source_informativeness_v1/nh2kn/heart_attack_history/seed_52/metrics.json,Existing scientific record; see category index
robustness/interaction,experiments/crta_v3_endpoint_source_informativeness_v1/nh2kn/heart_attack_history/seed_53/metrics.json,Existing scientific record; see category index
robustness/interaction,experiments/crta_v3_endpoint_source_informativeness_v1/nh2kn/heart_attack_history/seed_54/metrics.json,Existing scientific record; see category index
robustness/interaction,experiments/crta_v3_endpoint_source_informativeness_v1/nh2kn/heart_attack_history/seed_55/metrics.json,Existing scientific record; see category index
robustness/interaction,experiments/crta_v3_endpoint_source_informativeness_v1/nh2kn/heart_attack_history/seed_56/metrics.json,Existing scientific record; see category index
robustness/interaction,experiments/crta_v3_endpoint_source_informativeness_v1/nh2kn/heart_attack_history/seed_57/metrics.json,Existing scientific record; see category index
robustness/interaction,experiments/crta_v3_endpoint_source_informativeness_v1/nh2kn/heart_attack_history/seed_58/metrics.json,Existing scientific record; see category index
robustness/interaction,experiments/crta_v3_endpoint_source_informativeness_v1/nh2kn/heart_attack_history/seed_59/metrics.json,Existing scientific record; see category index
robustness/interaction,experiments/crta_v3_endpoint_source_informativeness_v1/nh2kn/hypertension_history/seed_50/metrics.json,Existing scientific record; see category index
robustness/interaction,experiments/crta_v3_endpoint_source_informativeness_v1/nh2kn/hypertension_history/seed_51/metrics.json,Existing scientific record; see category index
robustness/interaction,experiments/crta_v3_endpoint_source_informativeness_v1/nh2kn/hypertension_history/seed_52/metrics.json,Existing scientific record; see category index
robustness/interaction,experiments/crta_v3_endpoint_source_informativeness_v1/nh2kn/hypertension_history/seed_53/metrics.json,Existing scientific record; see category index
robustness/interaction,experiments/crta_v3_endpoint_source_informativeness_v1/nh2kn/hypertension_history/seed_54/metrics.json,Existing scientific record; see category index
robustness/interaction,experiments/crta_v3_endpoint_source_informativeness_v1/nh2kn/hypertension_history/seed_55/metrics.json,Existing scientific record; see category index
robustness/interaction,experiments/crta_v3_endpoint_source_informativeness_v1/nh2kn/hypertension_history/seed_56/metrics.json,Existing scientific record; see category index
robustness/interaction,experiments/crta_v3_endpoint_source_informativeness_v1/nh2kn/hypertension_history/seed_57/metrics.json,Existing scientific record; see category index
robustness/interaction,experiments/crta_v3_endpoint_source_informativeness_v1/nh2kn/hypertension_history/seed_58/metrics.json,Existing scientific record; see category index
robustness/interaction,experiments/crta_v3_endpoint_source_informativeness_v1/nh2kn/hypertension_history/seed_59/metrics.json,Existing scientific record; see category index
robustness/interaction,experiments/crta_v3_endpoint_source_informativeness_v1/nh2kn/kidney_disease_history/seed_50/metrics.json,Existing scientific record; see category index
robustness/interaction,experiments/crta_v3_endpoint_source_informativeness_v1/nh2kn/kidney_disease_history/seed_51/metrics.json,Existing scientific record; see category index
robustness/interaction,experiments/crta_v3_endpoint_source_informativeness_v1/nh2kn/kidney_disease_history/seed_52/metrics.json,Existing scientific record; see category index
robustness/interaction,experiments/crta_v3_endpoint_source_informativeness_v1/nh2kn/kidney_disease_history/seed_53/metrics.json,Existing scientific record; see category index
robustness/interaction,experiments/crta_v3_endpoint_source_informativeness_v1/nh2kn/kidney_disease_history/seed_54/metrics.json,Existing scientific record; see category index
robustness/interaction,experiments/crta_v3_endpoint_source_informativeness_v1/nh2kn/kidney_disease_history/seed_55/metrics.json,Existing scientific record; see category index
robustness/interaction,experiments/crta_v3_endpoint_source_informativeness_v1/nh2kn/kidney_disease_history/seed_56/metrics.json,Existing scientific record; see category index
robustness/interaction,experiments/crta_v3_endpoint_source_informativeness_v1/nh2kn/kidney_disease_history/seed_57/metrics.json,Existing scientific record; see category index
robustness/interaction,experiments/crta_v3_endpoint_source_informativeness_v1/nh2kn/kidney_disease_history/seed_58/metrics.json,Existing scientific record; see category index
robustness/interaction,experiments/crta_v3_endpoint_source_informativeness_v1/nh2kn/kidney_disease_history/seed_59/metrics.json,Existing scientific record; see category index
robustness/interaction,experiments/crta_v3_endpoint_source_informativeness_v1/nh2kn/stroke_history/seed_50/metrics.json,Existing scientific record; see category index
robustness/interaction,experiments/crta_v3_endpoint_source_informativeness_v1/nh2kn/stroke_history/seed_51/metrics.json,Existing scientific record; see category index
robustness/interaction,experiments/crta_v3_endpoint_source_informativeness_v1/nh2kn/stroke_history/seed_52/metrics.json,Existing scientific record; see category index
robustness/interaction,experiments/crta_v3_endpoint_source_informativeness_v1/nh2kn/stroke_history/seed_53/metrics.json,Existing scientific record; see category index
robustness/interaction,experiments/crta_v3_endpoint_source_informativeness_v1/nh2kn/stroke_history/seed_54/metrics.json,Existing scientific record; see category index
robustness/interaction,experiments/crta_v3_endpoint_source_informativeness_v1/nh2kn/stroke_history/seed_55/metrics.json,Existing scientific record; see category index
robustness/interaction,experiments/crta_v3_endpoint_source_informativeness_v1/nh2kn/stroke_history/seed_56/metrics.json,Existing scientific record; see category index
robustness/interaction,experiments/crta_v3_endpoint_source_informativeness_v1/nh2kn/stroke_history/seed_57/metrics.json,Existing scientific record; see category index
robustness/interaction,experiments/crta_v3_endpoint_source_informativeness_v1/nh2kn/stroke_history/seed_58/metrics.json,Existing scientific record; see category index
robustness/interaction,experiments/crta_v3_endpoint_source_informativeness_v1/nh2kn/stroke_history/seed_59/metrics.json,Existing scientific record; see category index
robustness/interaction,experiments/crta_v3_form_lesion_matched_v1/SUMMARY_V1.json,Existing scientific record; see category index
robustness/interaction,experiments/crta_v3_form_lesion_matched_v1/dbp/seed_50/metrics.json,Existing scientific record; see category index
robustness/interaction,experiments/crta_v3_form_lesion_matched_v1/dbp/seed_51/metrics.json,Existing scientific record; see category index
robustness/interaction,experiments/crta_v3_form_lesion_matched_v1/dbp/seed_52/metrics.json,Existing scientific record; see category index
robustness/interaction,experiments/crta_v3_form_lesion_matched_v1/dbp/seed_53/metrics.json,Existing scientific record; see category index
robustness/interaction,experiments/crta_v3_form_lesion_matched_v1/dbp/seed_54/metrics.json,Existing scientific record; see category index
robustness/interaction,experiments/crta_v3_form_lesion_matched_v1/dbp/seed_55/metrics.json,Existing scientific record; see category index
robustness/interaction,experiments/crta_v3_form_lesion_matched_v1/dbp/seed_56/metrics.json,Existing scientific record; see category index
robustness/interaction,experiments/crta_v3_form_lesion_matched_v1/dbp/seed_57/metrics.json,Existing scientific record; see category index
robustness/interaction,experiments/crta_v3_form_lesion_matched_v1/dbp/seed_58/metrics.json,Existing scientific record; see category index
robustness/interaction,experiments/crta_v3_form_lesion_matched_v1/dbp/seed_59/metrics.json,Existing scientific record; see category index
robustness/interaction,experiments/crta_v3_form_lesion_matched_v1/glucose/seed_50/metrics.json,Existing scientific record; see category index
robustness/interaction,experiments/crta_v3_form_lesion_matched_v1/glucose/seed_51/metrics.json,Existing scientific record; see category index
robustness/interaction,experiments/crta_v3_form_lesion_matched_v1/glucose/seed_52/metrics.json,Existing scientific record; see category index
robustness/interaction,experiments/crta_v3_form_lesion_matched_v1/glucose/seed_53/metrics.json,Existing scientific record; see category index
robustness/interaction,experiments/crta_v3_form_lesion_matched_v1/glucose/seed_54/metrics.json,Existing scientific record; see category index
robustness/interaction,experiments/crta_v3_form_lesion_matched_v1/glucose/seed_55/metrics.json,Existing scientific record; see category index
robustness/interaction,experiments/crta_v3_form_lesion_matched_v1/glucose/seed_56/metrics.json,Existing scientific record; see category index
robustness/interaction,experiments/crta_v3_form_lesion_matched_v1/glucose/seed_57/metrics.json,Existing scientific record; see category index
robustness/interaction,experiments/crta_v3_form_lesion_matched_v1/glucose/seed_58/metrics.json,Existing scientific record; see category index
robustness/interaction,experiments/crta_v3_form_lesion_matched_v1/glucose/seed_59/metrics.json,Existing scientific record; see category index
robustness/interaction,experiments/crta_v3_form_lesion_matched_v1/sbp/seed_50/metrics.json,Existing scientific record; see category index
robustness/interaction,experiments/crta_v3_form_lesion_matched_v1/sbp/seed_51/metrics.json,Existing scientific record; see category index
robustness/interaction,experiments/crta_v3_form_lesion_matched_v1/sbp/seed_52/metrics.json,Existing scientific record; see category index
robustness/interaction,experiments/crta_v3_form_lesion_matched_v1/sbp/seed_53/metrics.json,Existing scientific record; see category index
robustness/interaction,experiments/crta_v3_form_lesion_matched_v1/sbp/seed_54/metrics.json,Existing scientific record; see category index
robustness/interaction,experiments/crta_v3_form_lesion_matched_v1/sbp/seed_55/metrics.json,Existing scientific record; see category index
robustness/interaction,experiments/crta_v3_form_lesion_matched_v1/sbp/seed_56/metrics.json,Existing scientific record; see category index
robustness/interaction,experiments/crta_v3_form_lesion_matched_v1/sbp/seed_57/metrics.json,Existing scientific record; see category index
robustness/interaction,experiments/crta_v3_form_lesion_matched_v1/sbp/seed_58/metrics.json,Existing scientific record; see category index
robustness/interaction,experiments/crta_v3_form_lesion_matched_v1/sbp/seed_59/metrics.json,Existing scientific record; see category index
robustness/interaction,experiments/crta_v3_form_lesion_matched_v1/total_cholesterol/seed_50/metrics.json,Existing scientific record; see category index
robustness/interaction,experiments/crta_v3_form_lesion_matched_v1/total_cholesterol/seed_51/metrics.json,Existing scientific record; see category index
robustness/interaction,experiments/crta_v3_form_lesion_matched_v1/total_cholesterol/seed_52/metrics.json,Existing scientific record; see category index
robustness/interaction,experiments/crta_v3_form_lesion_matched_v1/total_cholesterol/seed_53/metrics.json,Existing scientific record; see category index
robustness/interaction,experiments/crta_v3_form_lesion_matched_v1/total_cholesterol/seed_54/metrics.json,Existing scientific record; see category index
robustness/interaction,experiments/crta_v3_form_lesion_matched_v1/total_cholesterol/seed_55/metrics.json,Existing scientific record; see category index
robustness/interaction,experiments/crta_v3_form_lesion_matched_v1/total_cholesterol/seed_56/metrics.json,Existing scientific record; see category index
robustness/interaction,experiments/crta_v3_form_lesion_matched_v1/total_cholesterol/seed_57/metrics.json,Existing scientific record; see category index
robustness/interaction,experiments/crta_v3_form_lesion_matched_v1/total_cholesterol/seed_58/metrics.json,Existing scientific record; see category index
robustness/interaction,experiments/crta_v3_form_lesion_matched_v1/total_cholesterol/seed_59/metrics.json,Existing scientific record; see category index
robustness/interaction,experiments/crta_v3_form_lesion_matched_v1/triglycerides/seed_50/metrics.json,Existing scientific record; see category index
robustness/interaction,experiments/crta_v3_form_lesion_matched_v1/triglycerides/seed_51/metrics.json,Existing scientific record; see category index
robustness/interaction,experiments/crta_v3_form_lesion_matched_v1/triglycerides/seed_52/metrics.json,Existing scientific record; see category index
robustness/interaction,experiments/crta_v3_form_lesion_matched_v1/triglycerides/seed_53/metrics.json,Existing scientific record; see category index
robustness/interaction,experiments/crta_v3_form_lesion_matched_v1/triglycerides/seed_54/metrics.json,Existing scientific record; see category index
robustness/interaction,experiments/crta_v3_form_lesion_matched_v1/triglycerides/seed_55/metrics.json,Existing scientific record; see category index
robustness/interaction,experiments/crta_v3_form_lesion_matched_v1/triglycerides/seed_56/metrics.json,Existing scientific record; see category index
robustness/interaction,experiments/crta_v3_form_lesion_matched_v1/triglycerides/seed_57/metrics.json,Existing scientific record; see category index
robustness/interaction,experiments/crta_v3_form_lesion_matched_v1/triglycerides/seed_58/metrics.json,Existing scientific record; see category index
robustness/interaction,experiments/crta_v3_form_lesion_matched_v1/triglycerides/seed_59/metrics.json,Existing scientific record; see category index
robustness/interaction,experiments/crta_v3_form_lesion_matched_v1/waist_cm/seed_50/metrics.json,Existing scientific record; see category index
robustness/interaction,experiments/crta_v3_form_lesion_matched_v1/waist_cm/seed_51/metrics.json,Existing scientific record; see category index
robustness/interaction,experiments/crta_v3_form_lesion_matched_v1/waist_cm/seed_52/metrics.json,Existing scientific record; see category index
robustness/interaction,experiments/crta_v3_form_lesion_matched_v1/waist_cm/seed_53/metrics.json,Existing scientific record; see category index
robustness/interaction,experiments/crta_v3_form_lesion_matched_v1/waist_cm/seed_54/metrics.json,Existing scientific record; see category index
robustness/interaction,experiments/crta_v3_form_lesion_matched_v1/waist_cm/seed_55/metrics.json,Existing scientific record; see category index
robustness/interaction,experiments/crta_v3_form_lesion_matched_v1/waist_cm/seed_56/metrics.json,Existing scientific record; see category index
robustness/interaction,experiments/crta_v3_form_lesion_matched_v1/waist_cm/seed_57/metrics.json,Existing scientific record; see category index
robustness/interaction,experiments/crta_v3_form_lesion_matched_v1/waist_cm/seed_58/metrics.json,Existing scientific record; see category index
robustness/interaction,experiments/crta_v3_form_lesion_matched_v1/waist_cm/seed_59/metrics.json,Existing scientific record; see category index
robustness/interaction,experiments/crta_v3_label_panel_tabpfn_v1/SUMMARY_V1.json,Existing scientific record; see category index
robustness/interaction,experiments/crta_v3_label_panel_tabpfn_v1/current_smoking_status/seed_50/metrics.json,Existing scientific record; see category index
robustness/interaction,experiments/crta_v3_label_panel_tabpfn_v1/current_smoking_status/seed_51/metrics.json,Existing scientific record; see category index
robustness/interaction,experiments/crta_v3_label_panel_tabpfn_v1/current_smoking_status/seed_52/metrics.json,Existing scientific record; see category index
robustness/interaction,experiments/crta_v3_label_panel_tabpfn_v1/current_smoking_status/seed_53/metrics.json,Existing scientific record; see category index
robustness/interaction,experiments/crta_v3_label_panel_tabpfn_v1/current_smoking_status/seed_54/metrics.json,Existing scientific record; see category index
robustness/interaction,experiments/crta_v3_label_panel_tabpfn_v1/current_smoking_status/seed_55/metrics.json,Existing scientific record; see category index
robustness/interaction,experiments/crta_v3_label_panel_tabpfn_v1/current_smoking_status/seed_56/metrics.json,Existing scientific record; see category index
robustness/interaction,experiments/crta_v3_label_panel_tabpfn_v1/current_smoking_status/seed_57/metrics.json,Existing scientific record; see category index
robustness/interaction,experiments/crta_v3_label_panel_tabpfn_v1/current_smoking_status/seed_58/metrics.json,Existing scientific record; see category index
robustness/interaction,experiments/crta_v3_label_panel_tabpfn_v1/current_smoking_status/seed_59/metrics.json,Existing scientific record; see category index
robustness/interaction,experiments/crta_v3_label_panel_tabpfn_v1/diabetes_history/seed_50/metrics.json,Existing scientific record; see category index
robustness/interaction,experiments/crta_v3_label_panel_tabpfn_v1/diabetes_history/seed_51/metrics.json,Existing scientific record; see category index
robustness/interaction,experiments/crta_v3_label_panel_tabpfn_v1/diabetes_history/seed_52/metrics.json,Existing scientific record; see category index
robustness/interaction,experiments/crta_v3_label_panel_tabpfn_v1/diabetes_history/seed_53/metrics.json,Existing scientific record; see category index
robustness/interaction,experiments/crta_v3_label_panel_tabpfn_v1/diabetes_history/seed_54/metrics.json,Existing scientific record; see category index
robustness/interaction,experiments/crta_v3_label_panel_tabpfn_v1/diabetes_history/seed_55/metrics.json,Existing scientific record; see category index
robustness/interaction,experiments/crta_v3_label_panel_tabpfn_v1/diabetes_history/seed_56/metrics.json,Existing scientific record; see category index
robustness/interaction,experiments/crta_v3_label_panel_tabpfn_v1/diabetes_history/seed_57/metrics.json,Existing scientific record; see category index
robustness/interaction,experiments/crta_v3_label_panel_tabpfn_v1/diabetes_history/seed_58/metrics.json,Existing scientific record; see category index
robustness/interaction,experiments/crta_v3_label_panel_tabpfn_v1/diabetes_history/seed_59/metrics.json,Existing scientific record; see category index
robustness/interaction,experiments/crta_v3_label_panel_tabpfn_v1/hypertension_history/seed_50/metrics.json,Existing scientific record; see category index
robustness/interaction,experiments/crta_v3_label_panel_tabpfn_v1/hypertension_history/seed_51/metrics.json,Existing scientific record; see category index
robustness/interaction,experiments/crta_v3_label_panel_tabpfn_v1/hypertension_history/seed_52/metrics.json,Existing scientific record; see category index
robustness/interaction,experiments/crta_v3_label_panel_tabpfn_v1/hypertension_history/seed_53/metrics.json,Existing scientific record; see category index
robustness/interaction,experiments/crta_v3_label_panel_tabpfn_v1/hypertension_history/seed_54/metrics.json,Existing scientific record; see category index
robustness/interaction,experiments/crta_v3_label_panel_tabpfn_v1/hypertension_history/seed_55/metrics.json,Existing scientific record; see category index
robustness/interaction,experiments/crta_v3_label_panel_tabpfn_v1/hypertension_history/seed_56/metrics.json,Existing scientific record; see category index
robustness/interaction,experiments/crta_v3_label_panel_tabpfn_v1/hypertension_history/seed_57/metrics.json,Existing scientific record; see category index
robustness/interaction,experiments/crta_v3_label_panel_tabpfn_v1/hypertension_history/seed_58/metrics.json,Existing scientific record; see category index
robustness/interaction,experiments/crta_v3_label_panel_tabpfn_v1/hypertension_history/seed_59/metrics.json,Existing scientific record; see category index
robustness/interaction,experiments/crta_v3_m1m2_layer_ladder_v1/SUMMARY_V1.json,Existing scientific record; see category index
robustness/interaction,experiments/crta_v3_m1m2_layer_ladder_v1/dbp/seed_50/metrics.json,Existing scientific record; see category index
robustness/interaction,experiments/crta_v3_m1m2_layer_ladder_v1/dbp/seed_51/metrics.json,Existing scientific record; see category index
robustness/interaction,experiments/crta_v3_m1m2_layer_ladder_v1/dbp/seed_52/metrics.json,Existing scientific record; see category index
robustness/interaction,experiments/crta_v3_m1m2_layer_ladder_v1/dbp/seed_53/metrics.json,Existing scientific record; see category index
robustness/interaction,experiments/crta_v3_m1m2_layer_ladder_v1/dbp/seed_54/metrics.json,Existing scientific record; see category index
robustness/interaction,experiments/crta_v3_m1m2_layer_ladder_v1/dbp/seed_55/metrics.json,Existing scientific record; see category index
robustness/interaction,experiments/crta_v3_m1m2_layer_ladder_v1/dbp/seed_56/metrics.json,Existing scientific record; see category index
robustness/interaction,experiments/crta_v3_m1m2_layer_ladder_v1/dbp/seed_57/metrics.json,Existing scientific record; see category index
robustness/interaction,experiments/crta_v3_m1m2_layer_ladder_v1/dbp/seed_58/metrics.json,Existing scientific record; see category index
robustness/interaction,experiments/crta_v3_m1m2_layer_ladder_v1/dbp/seed_59/metrics.json,Existing scientific record; see category index
robustness/interaction,experiments/crta_v3_m1m2_layer_ladder_v1/glucose/seed_50/metrics.json,Existing scientific record; see category index
robustness/interaction,experiments/crta_v3_m1m2_layer_ladder_v1/glucose/seed_51/metrics.json,Existing scientific record; see category index
robustness/interaction,experiments/crta_v3_m1m2_layer_ladder_v1/glucose/seed_52/metrics.json,Existing scientific record; see category index
robustness/interaction,experiments/crta_v3_m1m2_layer_ladder_v1/glucose/seed_53/metrics.json,Existing scientific record; see category index
robustness/interaction,experiments/crta_v3_m1m2_layer_ladder_v1/glucose/seed_54/metrics.json,Existing scientific record; see category index
robustness/interaction,experiments/crta_v3_m1m2_layer_ladder_v1/glucose/seed_55/metrics.json,Existing scientific record; see category index
robustness/interaction,experiments/crta_v3_m1m2_layer_ladder_v1/glucose/seed_56/metrics.json,Existing scientific record; see category index
robustness/interaction,experiments/crta_v3_m1m2_layer_ladder_v1/glucose/seed_57/metrics.json,Existing scientific record; see category index
robustness/interaction,experiments/crta_v3_m1m2_layer_ladder_v1/glucose/seed_58/metrics.json,Existing scientific record; see category index
robustness/interaction,experiments/crta_v3_m1m2_layer_ladder_v1/glucose/seed_59/metrics.json,Existing scientific record; see category index
robustness/interaction,experiments/crta_v3_m1m2_layer_ladder_v1/sbp/seed_50/metrics.json,Existing scientific record; see category index
robustness/interaction,experiments/crta_v3_m1m2_layer_ladder_v1/sbp/seed_51/metrics.json,Existing scientific record; see category index
robustness/interaction,experiments/crta_v3_m1m2_layer_ladder_v1/sbp/seed_52/metrics.json,Existing scientific record; see category index
robustness/interaction,experiments/crta_v3_m1m2_layer_ladder_v1/sbp/seed_53/metrics.json,Existing scientific record; see category index
robustness/interaction,experiments/crta_v3_m1m2_layer_ladder_v1/sbp/seed_54/metrics.json,Existing scientific record; see category index
robustness/interaction,experiments/crta_v3_m1m2_layer_ladder_v1/sbp/seed_55/metrics.json,Existing scientific record; see category index
robustness/interaction,experiments/crta_v3_m1m2_layer_ladder_v1/sbp/seed_56/metrics.json,Existing scientific record; see category index
robustness/interaction,experiments/crta_v3_m1m2_layer_ladder_v1/sbp/seed_57/metrics.json,Existing scientific record; see category index
robustness/interaction,experiments/crta_v3_m1m2_layer_ladder_v1/sbp/seed_58/metrics.json,Existing scientific record; see category index
robustness/interaction,experiments/crta_v3_m1m2_layer_ladder_v1/sbp/seed_59/metrics.json,Existing scientific record; see category index
robustness/interaction,experiments/crta_v3_m1m2_layer_ladder_v1/total_cholesterol/seed_50/metrics.json,Existing scientific record; see category index
robustness/interaction,experiments/crta_v3_m1m2_layer_ladder_v1/total_cholesterol/seed_51/metrics.json,Existing scientific record; see category index
robustness/interaction,experiments/crta_v3_m1m2_layer_ladder_v1/total_cholesterol/seed_52/metrics.json,Existing scientific record; see category index
robustness/interaction,experiments/crta_v3_m1m2_layer_ladder_v1/total_cholesterol/seed_53/metrics.json,Existing scientific record; see category index
robustness/interaction,experiments/crta_v3_m1m2_layer_ladder_v1/total_cholesterol/seed_54/metrics.json,Existing scientific record; see category index
robustness/interaction,experiments/crta_v3_m1m2_layer_ladder_v1/total_cholesterol/seed_55/metrics.json,Existing scientific record; see category index
robustness/interaction,experiments/crta_v3_m1m2_layer_ladder_v1/total_cholesterol/seed_56/metrics.json,Existing scientific record; see category index
robustness/interaction,experiments/crta_v3_m1m2_layer_ladder_v1/total_cholesterol/seed_57/metrics.json,Existing scientific record; see category index
robustness/interaction,experiments/crta_v3_m1m2_layer_ladder_v1/total_cholesterol/seed_58/metrics.json,Existing scientific record; see category index
robustness/interaction,experiments/crta_v3_m1m2_layer_ladder_v1/total_cholesterol/seed_59/metrics.json,Existing scientific record; see category index
robustness/interaction,experiments/crta_v3_m1m2_layer_ladder_v1/triglycerides/seed_50/metrics.json,Existing scientific record; see category index
robustness/interaction,experiments/crta_v3_m1m2_layer_ladder_v1/triglycerides/seed_51/metrics.json,Existing scientific record; see category index
robustness/interaction,experiments/crta_v3_m1m2_layer_ladder_v1/triglycerides/seed_52/metrics.json,Existing scientific record; see category index
robustness/interaction,experiments/crta_v3_m1m2_layer_ladder_v1/triglycerides/seed_53/metrics.json,Existing scientific record; see category index
robustness/interaction,experiments/crta_v3_m1m2_layer_ladder_v1/triglycerides/seed_54/metrics.json,Existing scientific record; see category index
robustness/interaction,experiments/crta_v3_m1m2_layer_ladder_v1/triglycerides/seed_55/metrics.json,Existing scientific record; see category index
robustness/interaction,experiments/crta_v3_m1m2_layer_ladder_v1/triglycerides/seed_56/metrics.json,Existing scientific record; see category index
robustness/interaction,experiments/crta_v3_m1m2_layer_ladder_v1/triglycerides/seed_57/metrics.json,Existing scientific record; see category index
robustness/interaction,experiments/crta_v3_m1m2_layer_ladder_v1/triglycerides/seed_58/metrics.json,Existing scientific record; see category index
robustness/interaction,experiments/crta_v3_m1m2_layer_ladder_v1/triglycerides/seed_59/metrics.json,Existing scientific record; see category index
robustness/interaction,experiments/crta_v3_m1m2_layer_ladder_v1/waist_cm/seed_50/metrics.json,Existing scientific record; see category index
robustness/interaction,experiments/crta_v3_m1m2_layer_ladder_v1/waist_cm/seed_51/metrics.json,Existing scientific record; see category index
robustness/interaction,experiments/crta_v3_m1m2_layer_ladder_v1/waist_cm/seed_52/metrics.json,Existing scientific record; see category index
robustness/interaction,experiments/crta_v3_m1m2_layer_ladder_v1/waist_cm/seed_53/metrics.json,Existing scientific record; see category index
robustness/interaction,experiments/crta_v3_m1m2_layer_ladder_v1/waist_cm/seed_54/metrics.json,Existing scientific record; see category index
robustness/interaction,experiments/crta_v3_m1m2_layer_ladder_v1/waist_cm/seed_55/metrics.json,Existing scientific record; see category index
robustness/interaction,experiments/crta_v3_m1m2_layer_ladder_v1/waist_cm/seed_56/metrics.json,Existing scientific record; see category index
robustness/interaction,experiments/crta_v3_m1m2_layer_ladder_v1/waist_cm/seed_57/metrics.json,Existing scientific record; see category index
robustness/interaction,experiments/crta_v3_m1m2_layer_ladder_v1/waist_cm/seed_58/metrics.json,Existing scientific record; see category index
robustness/interaction,experiments/crta_v3_m1m2_layer_ladder_v1/waist_cm/seed_59/metrics.json,Existing scientific record; see category index
robustness/interaction,experiments/crta_v3_m1m2_stage_factorial_v1/SUMMARY_V1.json,Existing scientific record; see category index
robustness/interaction,experiments/crta_v3_m1m2_stage_factorial_v1/current_smoking_status/seed_50/metrics.json,Existing scientific record; see category index
robustness/interaction,experiments/crta_v3_m1m2_stage_factorial_v1/current_smoking_status/seed_51/metrics.json,Existing scientific record; see category index
robustness/interaction,experiments/crta_v3_m1m2_stage_factorial_v1/current_smoking_status/seed_52/metrics.json,Existing scientific record; see category index
robustness/interaction,experiments/crta_v3_m1m2_stage_factorial_v1/current_smoking_status/seed_53/metrics.json,Existing scientific record; see category index
robustness/interaction,experiments/crta_v3_m1m2_stage_factorial_v1/current_smoking_status/seed_54/metrics.json,Existing scientific record; see category index
robustness/interaction,experiments/crta_v3_m1m2_stage_factorial_v1/current_smoking_status/seed_55/metrics.json,Existing scientific record; see category index
robustness/interaction,experiments/crta_v3_m1m2_stage_factorial_v1/current_smoking_status/seed_56/metrics.json,Existing scientific record; see category index
robustness/interaction,experiments/crta_v3_m1m2_stage_factorial_v1/current_smoking_status/seed_57/metrics.json,Existing scientific record; see category index
robustness/interaction,experiments/crta_v3_m1m2_stage_factorial_v1/current_smoking_status/seed_58/metrics.json,Existing scientific record; see category index
robustness/interaction,experiments/crta_v3_m1m2_stage_factorial_v1/current_smoking_status/seed_59/metrics.json,Existing scientific record; see category index
robustness/interaction,experiments/crta_v3_m1m2_stage_factorial_v1/diabetes_history/seed_50/metrics.json,Existing scientific record; see category index
robustness/interaction,experiments/crta_v3_m1m2_stage_factorial_v1/diabetes_history/seed_51/metrics.json,Existing scientific record; see category index
robustness/interaction,experiments/crta_v3_m1m2_stage_factorial_v1/diabetes_history/seed_52/metrics.json,Existing scientific record; see category index
robustness/interaction,experiments/crta_v3_m1m2_stage_factorial_v1/diabetes_history/seed_53/metrics.json,Existing scientific record; see category index
robustness/interaction,experiments/crta_v3_m1m2_stage_factorial_v1/diabetes_history/seed_54/metrics.json,Existing scientific record; see category index
robustness/interaction,experiments/crta_v3_m1m2_stage_factorial_v1/diabetes_history/seed_55/metrics.json,Existing scientific record; see category index
robustness/interaction,experiments/crta_v3_m1m2_stage_factorial_v1/diabetes_history/seed_56/metrics.json,Existing scientific record; see category index
robustness/interaction,experiments/crta_v3_m1m2_stage_factorial_v1/diabetes_history/seed_57/metrics.json,Existing scientific record; see category index
robustness/interaction,experiments/crta_v3_m1m2_stage_factorial_v1/diabetes_history/seed_58/metrics.json,Existing scientific record; see category index
robustness/interaction,experiments/crta_v3_m1m2_stage_factorial_v1/diabetes_history/seed_59/metrics.json,Existing scientific record; see category index
robustness/interaction,experiments/crta_v3_m1m2_stage_factorial_v1/hypertension_history/seed_50/metrics.json,Existing scientific record; see category index
robustness/interaction,experiments/crta_v3_m1m2_stage_factorial_v1/hypertension_history/seed_51/metrics.json,Existing scientific record; see category index
robustness/interaction,experiments/crta_v3_m1m2_stage_factorial_v1/hypertension_history/seed_52/metrics.json,Existing scientific record; see category index
robustness/interaction,experiments/crta_v3_m1m2_stage_factorial_v1/hypertension_history/seed_53/metrics.json,Existing scientific record; see category index
robustness/interaction,experiments/crta_v3_m1m2_stage_factorial_v1/hypertension_history/seed_54/metrics.json,Existing scientific record; see category index
robustness/interaction,experiments/crta_v3_m1m2_stage_factorial_v1/hypertension_history/seed_55/metrics.json,Existing scientific record; see category index
robustness/interaction,experiments/crta_v3_m1m2_stage_factorial_v1/hypertension_history/seed_56/metrics.json,Existing scientific record; see category index
robustness/interaction,experiments/crta_v3_m1m2_stage_factorial_v1/hypertension_history/seed_57/metrics.json,Existing scientific record; see category index
robustness/interaction,experiments/crta_v3_m1m2_stage_factorial_v1/hypertension_history/seed_58/metrics.json,Existing scientific record; see category index
robustness/interaction,experiments/crta_v3_m1m2_stage_factorial_v1/hypertension_history/seed_59/metrics.json,Existing scientific record; see category index
robustness/interaction,experiments/crta_v3_mcr_dose_response_v1/SUMMARY_V1.json,Existing scientific record; see category index
robustness/interaction,experiments/crta_v3_mcr_dose_response_v1/additive/r00/metrics.json,Existing scientific record; see category index
robustness/interaction,experiments/crta_v3_mcr_dose_response_v1/additive/r01/metrics.json,Existing scientific record; see category index
robustness/interaction,experiments/crta_v3_mcr_dose_response_v1/additive/r02/metrics.json,Existing scientific record; see category index
robustness/interaction,experiments/crta_v3_mcr_dose_response_v1/additive/r03/metrics.json,Existing scientific record; see category index
robustness/interaction,experiments/crta_v3_mcr_dose_response_v1/additive/r04/metrics.json,Existing scientific record; see category index
robustness/interaction,experiments/crta_v3_mcr_dose_response_v1/additive/r05/metrics.json,Existing scientific record; see category index
robustness/interaction,experiments/crta_v3_mcr_dose_response_v1/additive/r06/metrics.json,Existing scientific record; see category index
robustness/interaction,experiments/crta_v3_mcr_dose_response_v1/additive/r07/metrics.json,Existing scientific record; see category index
robustness/interaction,experiments/crta_v3_mcr_dose_response_v1/additive/r08/metrics.json,Existing scientific record; see category index
robustness/interaction,experiments/crta_v3_mcr_dose_response_v1/additive/r09/metrics.json,Existing scientific record; see category index
robustness/interaction,experiments/crta_v3_mcr_dose_response_v1/additive/r10/metrics.json,Existing scientific record; see category index
robustness/interaction,experiments/crta_v3_mcr_dose_response_v1/additive/r11/metrics.json,Existing scientific record; see category index
robustness/interaction,experiments/crta_v3_mcr_dose_response_v1/additive/r12/metrics.json,Existing scientific record; see category index
robustness/interaction,experiments/crta_v3_mcr_dose_response_v1/additive/r13/metrics.json,Existing scientific record; see category index
robustness/interaction,experiments/crta_v3_mcr_dose_response_v1/additive/r14/metrics.json,Existing scientific record; see category index
robustness/interaction,experiments/crta_v3_mcr_dose_response_v1/additive/r15/metrics.json,Existing scientific record; see category index
robustness/interaction,experiments/crta_v3_mcr_dose_response_v1/additive/r16/metrics.json,Existing scientific record; see category index
robustness/interaction,experiments/crta_v3_mcr_dose_response_v1/additive/r17/metrics.json,Existing scientific record; see category index
robustness/interaction,experiments/crta_v3_mcr_dose_response_v1/additive/r18/metrics.json,Existing scientific record; see category index
robustness/interaction,experiments/crta_v3_mcr_dose_response_v1/additive/r19/metrics.json,Existing scientific record; see category index
robustness/interaction,experiments/crta_v3_mcr_dose_response_v1/pairwise/r00/metrics.json,Existing scientific record; see category index
robustness/interaction,experiments/crta_v3_mcr_dose_response_v1/pairwise/r01/metrics.json,Existing scientific record; see category index
robustness/interaction,experiments/crta_v3_mcr_dose_response_v1/pairwise/r02/metrics.json,Existing scientific record; see category index
robustness/interaction,experiments/crta_v3_mcr_dose_response_v1/pairwise/r03/metrics.json,Existing scientific record; see category index
robustness/interaction,experiments/crta_v3_mcr_dose_response_v1/pairwise/r04/metrics.json,Existing scientific record; see category index
robustness/interaction,experiments/crta_v3_mcr_dose_response_v1/pairwise/r05/metrics.json,Existing scientific record; see category index
robustness/interaction,experiments/crta_v3_mcr_dose_response_v1/pairwise/r06/metrics.json,Existing scientific record; see category index
robustness/interaction,experiments/crta_v3_mcr_dose_response_v1/pairwise/r07/metrics.json,Existing scientific record; see category index
robustness/interaction,experiments/crta_v3_mcr_dose_response_v1/pairwise/r08/metrics.json,Existing scientific record; see category index
robustness/interaction,experiments/crta_v3_mcr_dose_response_v1/pairwise/r09/metrics.json,Existing scientific record; see category index
robustness/interaction,experiments/crta_v3_mcr_dose_response_v1/pairwise/r10/metrics.json,Existing scientific record; see category index
robustness/interaction,experiments/crta_v3_mcr_dose_response_v1/pairwise/r11/metrics.json,Existing scientific record; see category index
robustness/interaction,experiments/crta_v3_mcr_dose_response_v1/pairwise/r12/metrics.json,Existing scientific record; see category index
robustness/interaction,experiments/crta_v3_mcr_dose_response_v1/pairwise/r13/metrics.json,Existing scientific record; see category index
robustness/interaction,experiments/crta_v3_mcr_dose_response_v1/pairwise/r14/metrics.json,Existing scientific record; see category index
robustness/interaction,experiments/crta_v3_mcr_dose_response_v1/pairwise/r15/metrics.json,Existing scientific record; see category index
robustness/interaction,experiments/crta_v3_mcr_dose_response_v1/pairwise/r16/metrics.json,Existing scientific record; see category index
robustness/interaction,experiments/crta_v3_mcr_dose_response_v1/pairwise/r17/metrics.json,Existing scientific record; see category index
robustness/interaction,experiments/crta_v3_mcr_dose_response_v1/pairwise/r18/metrics.json,Existing scientific record; see category index
robustness/interaction,experiments/crta_v3_mcr_dose_response_v1/pairwise/r19/metrics.json,Existing scientific record; see category index
robustness/interaction,experiments/crta_v3_mcr_dose_response_v1/sparse/r00/metrics.json,Existing scientific record; see category index
robustness/interaction,experiments/crta_v3_mcr_dose_response_v1/sparse/r01/metrics.json,Existing scientific record; see category index
robustness/interaction,experiments/crta_v3_mcr_dose_response_v1/sparse/r02/metrics.json,Existing scientific record; see category index
robustness/interaction,experiments/crta_v3_mcr_dose_response_v1/sparse/r03/metrics.json,Existing scientific record; see category index
robustness/interaction,experiments/crta_v3_mcr_dose_response_v1/sparse/r04/metrics.json,Existing scientific record; see category index
robustness/interaction,experiments/crta_v3_mcr_dose_response_v1/sparse/r05/metrics.json,Existing scientific record; see category index
robustness/interaction,experiments/crta_v3_mcr_dose_response_v1/sparse/r06/metrics.json,Existing scientific record; see category index
robustness/interaction,experiments/crta_v3_mcr_dose_response_v1/sparse/r07/metrics.json,Existing scientific record; see category index
robustness/interaction,experiments/crta_v3_mcr_dose_response_v1/sparse/r08/metrics.json,Existing scientific record; see category index
robustness/interaction,experiments/crta_v3_mcr_dose_response_v1/sparse/r09/metrics.json,Existing scientific record; see category index
robustness/interaction,experiments/crta_v3_mcr_dose_response_v1/sparse/r10/metrics.json,Existing scientific record; see category index
robustness/interaction,experiments/crta_v3_mcr_dose_response_v1/sparse/r11/metrics.json,Existing scientific record; see category index
robustness/interaction,experiments/crta_v3_mcr_dose_response_v1/sparse/r12/metrics.json,Existing scientific record; see category index
robustness/interaction,experiments/crta_v3_mcr_dose_response_v1/sparse/r13/metrics.json,Existing scientific record; see category index
robustness/interaction,experiments/crta_v3_mcr_dose_response_v1/sparse/r14/metrics.json,Existing scientific record; see category index
robustness/interaction,experiments/crta_v3_mcr_dose_response_v1/sparse/r15/metrics.json,Existing scientific record; see category index
robustness/interaction,experiments/crta_v3_mcr_dose_response_v1/sparse/r16/metrics.json,Existing scientific record; see category index
robustness/interaction,experiments/crta_v3_mcr_dose_response_v1/sparse/r17/metrics.json,Existing scientific record; see category index
robustness/interaction,experiments/crta_v3_mcr_dose_response_v1/sparse/r18/metrics.json,Existing scientific record; see category index
robustness/interaction,experiments/crta_v3_mcr_dose_response_v1/sparse/r19/metrics.json,Existing scientific record; see category index
robustness/interaction,experiments/crta_v3_mcr_factorial_mlp_v1/SUMMARY_V1.json,Existing scientific record; see category index
robustness/interaction,experiments/crta_v3_mcr_factorial_mlp_v1/additive/r00/metrics.json,Existing scientific record; see category index
robustness/interaction,experiments/crta_v3_mcr_factorial_mlp_v1/additive/r01/metrics.json,Existing scientific record; see category index
robustness/interaction,experiments/crta_v3_mcr_factorial_mlp_v1/additive/r02/metrics.json,Existing scientific record; see category index
robustness/interaction,experiments/crta_v3_mcr_factorial_mlp_v1/additive/r03/metrics.json,Existing scientific record; see category index
robustness/interaction,experiments/crta_v3_mcr_factorial_mlp_v1/additive/r04/metrics.json,Existing scientific record; see category index
robustness/interaction,experiments/crta_v3_mcr_factorial_mlp_v1/additive/r05/metrics.json,Existing scientific record; see category index
robustness/interaction,experiments/crta_v3_mcr_factorial_mlp_v1/additive/r06/metrics.json,Existing scientific record; see category index
robustness/interaction,experiments/crta_v3_mcr_factorial_mlp_v1/additive/r07/metrics.json,Existing scientific record; see category index
robustness/interaction,experiments/crta_v3_mcr_factorial_mlp_v1/additive/r08/metrics.json,Existing scientific record; see category index
robustness/interaction,experiments/crta_v3_mcr_factorial_mlp_v1/additive/r09/metrics.json,Existing scientific record; see category index
robustness/interaction,experiments/crta_v3_mcr_factorial_mlp_v1/additive/r10/metrics.json,Existing scientific record; see category index
robustness/interaction,experiments/crta_v3_mcr_factorial_mlp_v1/additive/r11/metrics.json,Existing scientific record; see category index
robustness/interaction,experiments/crta_v3_mcr_factorial_mlp_v1/additive/r12/metrics.json,Existing scientific record; see category index
robustness/interaction,experiments/crta_v3_mcr_factorial_mlp_v1/additive/r13/metrics.json,Existing scientific record; see category index
robustness/interaction,experiments/crta_v3_mcr_factorial_mlp_v1/additive/r14/metrics.json,Existing scientific record; see category index
robustness/interaction,experiments/crta_v3_mcr_factorial_mlp_v1/additive/r15/metrics.json,Existing scientific record; see category index
robustness/interaction,experiments/crta_v3_mcr_factorial_mlp_v1/additive/r16/metrics.json,Existing scientific record; see category index
robustness/interaction,experiments/crta_v3_mcr_factorial_mlp_v1/additive/r17/metrics.json,Existing scientific record; see category index
robustness/interaction,experiments/crta_v3_mcr_factorial_mlp_v1/additive/r18/metrics.json,Existing scientific record; see category index
robustness/interaction,experiments/crta_v3_mcr_factorial_mlp_v1/additive/r19/metrics.json,Existing scientific record; see category index
robustness/interaction,experiments/crta_v3_mcr_factorial_mlp_v1/pairwise/r00/metrics.json,Existing scientific record; see category index
robustness/interaction,experiments/crta_v3_mcr_factorial_mlp_v1/pairwise/r01/metrics.json,Existing scientific record; see category index
robustness/interaction,experiments/crta_v3_mcr_factorial_mlp_v1/pairwise/r02/metrics.json,Existing scientific record; see category index
robustness/interaction,experiments/crta_v3_mcr_factorial_mlp_v1/pairwise/r03/metrics.json,Existing scientific record; see category index
robustness/interaction,experiments/crta_v3_mcr_factorial_mlp_v1/pairwise/r04/metrics.json,Existing scientific record; see category index
robustness/interaction,experiments/crta_v3_mcr_factorial_mlp_v1/pairwise/r05/metrics.json,Existing scientific record; see category index
robustness/interaction,experiments/crta_v3_mcr_factorial_mlp_v1/pairwise/r06/metrics.json,Existing scientific record; see category index
robustness/interaction,experiments/crta_v3_mcr_factorial_mlp_v1/pairwise/r07/metrics.json,Existing scientific record; see category index
robustness/interaction,experiments/crta_v3_mcr_factorial_mlp_v1/pairwise/r08/metrics.json,Existing scientific record; see category index
robustness/interaction,experiments/crta_v3_mcr_factorial_mlp_v1/pairwise/r09/metrics.json,Existing scientific record; see category index
robustness/interaction,experiments/crta_v3_mcr_factorial_mlp_v1/pairwise/r10/metrics.json,Existing scientific record; see category index
robustness/interaction,experiments/crta_v3_mcr_factorial_mlp_v1/pairwise/r11/metrics.json,Existing scientific record; see category index
robustness/interaction,experiments/crta_v3_mcr_factorial_mlp_v1/pairwise/r12/metrics.json,Existing scientific record; see category index
robustness/interaction,experiments/crta_v3_mcr_factorial_mlp_v1/pairwise/r13/metrics.json,Existing scientific record; see category index
robustness/interaction,experiments/crta_v3_mcr_factorial_mlp_v1/pairwise/r14/metrics.json,Existing scientific record; see category index
robustness/interaction,experiments/crta_v3_mcr_factorial_mlp_v1/pairwise/r15/metrics.json,Existing scientific record; see category index
robustness/interaction,experiments/crta_v3_mcr_factorial_mlp_v1/pairwise/r16/metrics.json,Existing scientific record; see category index
robustness/interaction,experiments/crta_v3_mcr_factorial_mlp_v1/pairwise/r17/metrics.json,Existing scientific record; see category index
robustness/interaction,experiments/crta_v3_mcr_factorial_mlp_v1/pairwise/r18/metrics.json,Existing scientific record; see category index
robustness/interaction,experiments/crta_v3_mcr_factorial_mlp_v1/pairwise/r19/metrics.json,Existing scientific record; see category index
robustness/interaction,experiments/crta_v3_mcr_factorial_mlp_v1/sparse/r00/metrics.json,Existing scientific record; see category index
robustness/interaction,experiments/crta_v3_mcr_factorial_mlp_v1/sparse/r01/metrics.json,Existing scientific record; see category index
robustness/interaction,experiments/crta_v3_mcr_factorial_mlp_v1/sparse/r02/metrics.json,Existing scientific record; see category index
robustness/interaction,experiments/crta_v3_mcr_factorial_mlp_v1/sparse/r03/metrics.json,Existing scientific record; see category index
robustness/interaction,experiments/crta_v3_mcr_factorial_mlp_v1/sparse/r04/metrics.json,Existing scientific record; see category index
robustness/interaction,experiments/crta_v3_mcr_factorial_mlp_v1/sparse/r05/metrics.json,Existing scientific record; see category index
robustness/interaction,experiments/crta_v3_mcr_factorial_mlp_v1/sparse/r06/metrics.json,Existing scientific record; see category index
robustness/interaction,experiments/crta_v3_mcr_factorial_mlp_v1/sparse/r07/metrics.json,Existing scientific record; see category index
robustness/interaction,experiments/crta_v3_mcr_factorial_mlp_v1/sparse/r08/metrics.json,Existing scientific record; see category index
robustness/interaction,experiments/crta_v3_mcr_factorial_mlp_v1/sparse/r09/metrics.json,Existing scientific record; see category index
robustness/interaction,experiments/crta_v3_mcr_factorial_mlp_v1/sparse/r10/metrics.json,Existing scientific record; see category index
robustness/interaction,experiments/crta_v3_mcr_factorial_mlp_v1/sparse/r11/metrics.json,Existing scientific record; see category index
robustness/interaction,experiments/crta_v3_mcr_factorial_mlp_v1/sparse/r12/metrics.json,Existing scientific record; see category index
robustness/interaction,experiments/crta_v3_mcr_factorial_mlp_v1/sparse/r13/metrics.json,Existing scientific record; see category index
robustness/interaction,experiments/crta_v3_mcr_factorial_mlp_v1/sparse/r14/metrics.json,Existing scientific record; see category index
robustness/interaction,experiments/crta_v3_mcr_factorial_mlp_v1/sparse/r15/metrics.json,Existing scientific record; see category index
robustness/interaction,experiments/crta_v3_mcr_factorial_mlp_v1/sparse/r16/metrics.json,Existing scientific record; see category index
robustness/interaction,experiments/crta_v3_mcr_factorial_mlp_v1/sparse/r17/metrics.json,Existing scientific record; see category index
robustness/interaction,experiments/crta_v3_mcr_factorial_mlp_v1/sparse/r18/metrics.json,Existing scientific record; see category index
robustness/interaction,experiments/crta_v3_mcr_factorial_mlp_v1/sparse/r19/metrics.json,Existing scientific record; see category index
robustness/interaction,experiments/crta_v3_mcr_factorial_semisynth_v1/DIAGNOSIS_N5_V1.md,Existing scientific record; see category index
robustness/interaction,experiments/crta_v3_mcr_factorial_semisynth_v1/SUMMARY_V1.json,Existing scientific record; see category index
robustness/interaction,experiments/crta_v3_mcr_factorial_semisynth_v1/nc_c/r00/metrics.json,Existing scientific record; see category index
robustness/interaction,experiments/crta_v3_mcr_factorial_semisynth_v1/nc_c/r01/metrics.json,Existing scientific record; see category index
robustness/interaction,experiments/crta_v3_mcr_factorial_semisynth_v1/nc_c/r02/metrics.json,Existing scientific record; see category index
robustness/interaction,experiments/crta_v3_mcr_factorial_semisynth_v1/nc_c/r03/metrics.json,Existing scientific record; see category index
robustness/interaction,experiments/crta_v3_mcr_factorial_semisynth_v1/nc_c/r04/metrics.json,Existing scientific record; see category index
robustness/interaction,experiments/crta_v3_mcr_factorial_semisynth_v1/nc_c/r05/metrics.json,Existing scientific record; see category index
robustness/interaction,experiments/crta_v3_mcr_factorial_semisynth_v1/nc_c/r06/metrics.json,Existing scientific record; see category index
robustness/interaction,experiments/crta_v3_mcr_factorial_semisynth_v1/nc_c/r07/metrics.json,Existing scientific record; see category index
robustness/interaction,experiments/crta_v3_mcr_factorial_semisynth_v1/nc_c/r08/metrics.json,Existing scientific record; see category index
robustness/interaction,experiments/crta_v3_mcr_factorial_semisynth_v1/nc_c/r09/metrics.json,Existing scientific record; see category index
robustness/interaction,experiments/crta_v3_mcr_factorial_semisynth_v1/nc_c/r10/metrics.json,Existing scientific record; see category index
robustness/interaction,experiments/crta_v3_mcr_factorial_semisynth_v1/nc_c/r11/metrics.json,Existing scientific record; see category index
robustness/interaction,experiments/crta_v3_mcr_factorial_semisynth_v1/nc_c/r12/metrics.json,Existing scientific record; see category index
robustness/interaction,experiments/crta_v3_mcr_factorial_semisynth_v1/nc_c/r13/metrics.json,Existing scientific record; see category index
robustness/interaction,experiments/crta_v3_mcr_factorial_semisynth_v1/nc_c/r14/metrics.json,Existing scientific record; see category index
robustness/interaction,experiments/crta_v3_mcr_factorial_semisynth_v1/nc_c/r15/metrics.json,Existing scientific record; see category index
robustness/interaction,experiments/crta_v3_mcr_factorial_semisynth_v1/nc_c/r16/metrics.json,Existing scientific record; see category index
robustness/interaction,experiments/crta_v3_mcr_factorial_semisynth_v1/nc_c/r17/metrics.json,Existing scientific record; see category index
robustness/interaction,experiments/crta_v3_mcr_factorial_semisynth_v1/nc_c/r18/metrics.json,Existing scientific record; see category index
robustness/interaction,experiments/crta_v3_mcr_factorial_semisynth_v1/nc_c/r19/metrics.json,Existing scientific record; see category index
robustness/interaction,experiments/crta_v3_mcr_factorial_semisynth_v1/nc_m/r00/metrics.json,Existing scientific record; see category index
robustness/interaction,experiments/crta_v3_mcr_factorial_semisynth_v1/nc_m/r01/metrics.json,Existing scientific record; see category index
robustness/interaction,experiments/crta_v3_mcr_factorial_semisynth_v1/nc_m/r02/metrics.json,Existing scientific record; see category index
robustness/interaction,experiments/crta_v3_mcr_factorial_semisynth_v1/nc_m/r03/metrics.json,Existing scientific record; see category index
robustness/interaction,experiments/crta_v3_mcr_factorial_semisynth_v1/nc_m/r04/metrics.json,Existing scientific record; see category index
robustness/interaction,experiments/crta_v3_mcr_factorial_semisynth_v1/nc_m/r05/metrics.json,Existing scientific record; see category index
robustness/interaction,experiments/crta_v3_mcr_factorial_semisynth_v1/nc_m/r06/metrics.json,Existing scientific record; see category index
robustness/interaction,experiments/crta_v3_mcr_factorial_semisynth_v1/nc_m/r07/metrics.json,Existing scientific record; see category index
robustness/interaction,experiments/crta_v3_mcr_factorial_semisynth_v1/nc_m/r08/metrics.json,Existing scientific record; see category index
robustness/interaction,experiments/crta_v3_mcr_factorial_semisynth_v1/nc_m/r09/metrics.json,Existing scientific record; see category index
robustness/interaction,experiments/crta_v3_mcr_factorial_semisynth_v1/nc_m/r10/metrics.json,Existing scientific record; see category index
robustness/interaction,experiments/crta_v3_mcr_factorial_semisynth_v1/nc_m/r11/metrics.json,Existing scientific record; see category index
robustness/interaction,experiments/crta_v3_mcr_factorial_semisynth_v1/nc_m/r12/metrics.json,Existing scientific record; see category index
robustness/interaction,experiments/crta_v3_mcr_factorial_semisynth_v1/nc_m/r13/metrics.json,Existing scientific record; see category index
robustness/interaction,experiments/crta_v3_mcr_factorial_semisynth_v1/nc_m/r14/metrics.json,Existing scientific record; see category index
robustness/interaction,experiments/crta_v3_mcr_factorial_semisynth_v1/nc_m/r15/metrics.json,Existing scientific record; see category index
robustness/interaction,experiments/crta_v3_mcr_factorial_semisynth_v1/nc_m/r16/metrics.json,Existing scientific record; see category index
robustness/interaction,experiments/crta_v3_mcr_factorial_semisynth_v1/nc_m/r17/metrics.json,Existing scientific record; see category index
robustness/interaction,experiments/crta_v3_mcr_factorial_semisynth_v1/nc_m/r18/metrics.json,Existing scientific record; see category index
robustness/interaction,experiments/crta_v3_mcr_factorial_semisynth_v1/nc_m/r19/metrics.json,Existing scientific record; see category index
robustness/interaction,experiments/crta_v3_mcr_factorial_semisynth_v1/nc_r/r00/metrics.json,Existing scientific record; see category index
robustness/interaction,experiments/crta_v3_mcr_factorial_semisynth_v1/nc_r/r01/metrics.json,Existing scientific record; see category index
robustness/interaction,experiments/crta_v3_mcr_factorial_semisynth_v1/nc_r/r02/metrics.json,Existing scientific record; see category index
robustness/interaction,experiments/crta_v3_mcr_factorial_semisynth_v1/nc_r/r03/metrics.json,Existing scientific record; see category index
robustness/interaction,experiments/crta_v3_mcr_factorial_semisynth_v1/nc_r/r04/metrics.json,Existing scientific record; see category index
robustness/interaction,experiments/crta_v3_mcr_factorial_semisynth_v1/nc_r/r05/metrics.json,Existing scientific record; see category index
robustness/interaction,experiments/crta_v3_mcr_factorial_semisynth_v1/nc_r/r06/metrics.json,Existing scientific record; see category index
robustness/interaction,experiments/crta_v3_mcr_factorial_semisynth_v1/nc_r/r07/metrics.json,Existing scientific record; see category index
robustness/interaction,experiments/crta_v3_mcr_factorial_semisynth_v1/nc_r/r08/metrics.json,Existing scientific record; see category index
robustness/interaction,experiments/crta_v3_mcr_factorial_semisynth_v1/nc_r/r09/metrics.json,Existing scientific record; see category index
robustness/interaction,experiments/crta_v3_mcr_factorial_semisynth_v1/nc_r/r10/metrics.json,Existing scientific record; see category index
robustness/interaction,experiments/crta_v3_mcr_factorial_semisynth_v1/nc_r/r11/metrics.json,Existing scientific record; see category index
robustness/interaction,experiments/crta_v3_mcr_factorial_semisynth_v1/nc_r/r12/metrics.json,Existing scientific record; see category index
robustness/interaction,experiments/crta_v3_mcr_factorial_semisynth_v1/nc_r/r13/metrics.json,Existing scientific record; see category index
robustness/interaction,experiments/crta_v3_mcr_factorial_semisynth_v1/nc_r/r14/metrics.json,Existing scientific record; see category index
robustness/interaction,experiments/crta_v3_mcr_factorial_semisynth_v1/nc_r/r15/metrics.json,Existing scientific record; see category index
robustness/interaction,experiments/crta_v3_mcr_factorial_semisynth_v1/nc_r/r16/metrics.json,Existing scientific record; see category index
robustness/interaction,experiments/crta_v3_mcr_factorial_semisynth_v1/nc_r/r17/metrics.json,Existing scientific record; see category index
robustness/interaction,experiments/crta_v3_mcr_factorial_semisynth_v1/nc_r/r18/metrics.json,Existing scientific record; see category index
robustness/interaction,experiments/crta_v3_mcr_factorial_semisynth_v1/nc_r/r19/metrics.json,Existing scientific record; see category index
robustness/interaction,experiments/crta_v3_mcr_factorial_semisynth_v1/primary/additive/r00/metrics.json,Existing scientific record; see category index
robustness/interaction,experiments/crta_v3_mcr_factorial_semisynth_v1/primary/additive/r01/metrics.json,Existing scientific record; see category index
robustness/interaction,experiments/crta_v3_mcr_factorial_semisynth_v1/primary/additive/r02/metrics.json,Existing scientific record; see category index
robustness/interaction,experiments/crta_v3_mcr_factorial_semisynth_v1/primary/additive/r03/metrics.json,Existing scientific record; see category index
robustness/interaction,experiments/crta_v3_mcr_factorial_semisynth_v1/primary/additive/r04/metrics.json,Existing scientific record; see category index
robustness/interaction,experiments/crta_v3_mcr_factorial_semisynth_v1/primary/additive/r05/metrics.json,Existing scientific record; see category index
robustness/interaction,experiments/crta_v3_mcr_factorial_semisynth_v1/primary/additive/r06/metrics.json,Existing scientific record; see category index
robustness/interaction,experiments/crta_v3_mcr_factorial_semisynth_v1/primary/additive/r07/metrics.json,Existing scientific record; see category index
robustness/interaction,experiments/crta_v3_mcr_factorial_semisynth_v1/primary/additive/r08/metrics.json,Existing scientific record; see category index
robustness/interaction,experiments/crta_v3_mcr_factorial_semisynth_v1/primary/additive/r09/metrics.json,Existing scientific record; see category index
robustness/interaction,experiments/crta_v3_mcr_factorial_semisynth_v1/primary/additive/r10/metrics.json,Existing scientific record; see category index
robustness/interaction,experiments/crta_v3_mcr_factorial_semisynth_v1/primary/additive/r11/metrics.json,Existing scientific record; see category index
robustness/interaction,experiments/crta_v3_mcr_factorial_semisynth_v1/primary/additive/r12/metrics.json,Existing scientific record; see category index
robustness/interaction,experiments/crta_v3_mcr_factorial_semisynth_v1/primary/additive/r13/metrics.json,Existing scientific record; see category index
robustness/interaction,experiments/crta_v3_mcr_factorial_semisynth_v1/primary/additive/r14/metrics.json,Existing scientific record; see category index
robustness/interaction,experiments/crta_v3_mcr_factorial_semisynth_v1/primary/additive/r15/metrics.json,Existing scientific record; see category index
robustness/interaction,experiments/crta_v3_mcr_factorial_semisynth_v1/primary/additive/r16/metrics.json,Existing scientific record; see category index
robustness/interaction,experiments/crta_v3_mcr_factorial_semisynth_v1/primary/additive/r17/metrics.json,Existing scientific record; see category index
robustness/interaction,experiments/crta_v3_mcr_factorial_semisynth_v1/primary/additive/r18/metrics.json,Existing scientific record; see category index
robustness/interaction,experiments/crta_v3_mcr_factorial_semisynth_v1/primary/additive/r19/metrics.json,Existing scientific record; see category index
robustness/interaction,experiments/crta_v3_mcr_factorial_semisynth_v1/primary/pairwise/r00/metrics.json,Existing scientific record; see category index
robustness/interaction,experiments/crta_v3_mcr_factorial_semisynth_v1/primary/pairwise/r01/metrics.json,Existing scientific record; see category index
robustness/interaction,experiments/crta_v3_mcr_factorial_semisynth_v1/primary/pairwise/r02/metrics.json,Existing scientific record; see category index
robustness/interaction,experiments/crta_v3_mcr_factorial_semisynth_v1/primary/pairwise/r03/metrics.json,Existing scientific record; see category index
robustness/interaction,experiments/crta_v3_mcr_factorial_semisynth_v1/primary/pairwise/r04/metrics.json,Existing scientific record; see category index
robustness/interaction,experiments/crta_v3_mcr_factorial_semisynth_v1/primary/pairwise/r05/metrics.json,Existing scientific record; see category index
robustness/interaction,experiments/crta_v3_mcr_factorial_semisynth_v1/primary/pairwise/r06/metrics.json,Existing scientific record; see category index
robustness/interaction,experiments/crta_v3_mcr_factorial_semisynth_v1/primary/pairwise/r07/metrics.json,Existing scientific record; see category index
robustness/interaction,experiments/crta_v3_mcr_factorial_semisynth_v1/primary/pairwise/r08/metrics.json,Existing scientific record; see category index
robustness/interaction,experiments/crta_v3_mcr_factorial_semisynth_v1/primary/pairwise/r09/metrics.json,Existing scientific record; see category index
robustness/interaction,experiments/crta_v3_mcr_factorial_semisynth_v1/primary/pairwise/r10/metrics.json,Existing scientific record; see category index
robustness/interaction,experiments/crta_v3_mcr_factorial_semisynth_v1/primary/pairwise/r11/metrics.json,Existing scientific record; see category index
robustness/interaction,experiments/crta_v3_mcr_factorial_semisynth_v1/primary/pairwise/r12/metrics.json,Existing scientific record; see category index
robustness/interaction,experiments/crta_v3_mcr_factorial_semisynth_v1/primary/pairwise/r13/metrics.json,Existing scientific record; see category index
robustness/interaction,experiments/crta_v3_mcr_factorial_semisynth_v1/primary/pairwise/r14/metrics.json,Existing scientific record; see category index
robustness/interaction,experiments/crta_v3_mcr_factorial_semisynth_v1/primary/pairwise/r15/metrics.json,Existing scientific record; see category index
robustness/interaction,experiments/crta_v3_mcr_factorial_semisynth_v1/primary/pairwise/r16/metrics.json,Existing scientific record; see category index
robustness/interaction,experiments/crta_v3_mcr_factorial_semisynth_v1/primary/pairwise/r17/metrics.json,Existing scientific record; see category index
robustness/interaction,experiments/crta_v3_mcr_factorial_semisynth_v1/primary/pairwise/r18/metrics.json,Existing scientific record; see category index
robustness/interaction,experiments/crta_v3_mcr_factorial_semisynth_v1/primary/pairwise/r19/metrics.json,Existing scientific record; see category index
robustness/interaction,experiments/crta_v3_mcr_factorial_semisynth_v1/primary/sparse/r00/metrics.json,Existing scientific record; see category index
robustness/interaction,experiments/crta_v3_mcr_factorial_semisynth_v1/primary/sparse/r01/metrics.json,Existing scientific record; see category index
robustness/interaction,experiments/crta_v3_mcr_factorial_semisynth_v1/primary/sparse/r02/metrics.json,Existing scientific record; see category index
robustness/interaction,experiments/crta_v3_mcr_factorial_semisynth_v1/primary/sparse/r03/metrics.json,Existing scientific record; see category index
robustness/interaction,experiments/crta_v3_mcr_factorial_semisynth_v1/primary/sparse/r04/metrics.json,Existing scientific record; see category index
robustness/interaction,experiments/crta_v3_mcr_factorial_semisynth_v1/primary/sparse/r05/metrics.json,Existing scientific record; see category index
robustness/interaction,experiments/crta_v3_mcr_factorial_semisynth_v1/primary/sparse/r06/metrics.json,Existing scientific record; see category index
robustness/interaction,experiments/crta_v3_mcr_factorial_semisynth_v1/primary/sparse/r07/metrics.json,Existing scientific record; see category index
robustness/interaction,experiments/crta_v3_mcr_factorial_semisynth_v1/primary/sparse/r08/metrics.json,Existing scientific record; see category index
robustness/interaction,experiments/crta_v3_mcr_factorial_semisynth_v1/primary/sparse/r09/metrics.json,Existing scientific record; see category index
robustness/interaction,experiments/crta_v3_mcr_factorial_semisynth_v1/primary/sparse/r10/metrics.json,Existing scientific record; see category index
robustness/interaction,experiments/crta_v3_mcr_factorial_semisynth_v1/primary/sparse/r11/metrics.json,Existing scientific record; see category index
robustness/interaction,experiments/crta_v3_mcr_factorial_semisynth_v1/primary/sparse/r12/metrics.json,Existing scientific record; see category index
robustness/interaction,experiments/crta_v3_mcr_factorial_semisynth_v1/primary/sparse/r13/metrics.json,Existing scientific record; see category index
robustness/interaction,experiments/crta_v3_mcr_factorial_semisynth_v1/primary/sparse/r14/metrics.json,Existing scientific record; see category index
robustness/interaction,experiments/crta_v3_mcr_factorial_semisynth_v1/primary/sparse/r15/metrics.json,Existing scientific record; see category index
robustness/interaction,experiments/crta_v3_mcr_factorial_semisynth_v1/primary/sparse/r16/metrics.json,Existing scientific record; see category index
robustness/interaction,experiments/crta_v3_mcr_factorial_semisynth_v1/primary/sparse/r17/metrics.json,Existing scientific record; see category index
robustness/interaction,experiments/crta_v3_mcr_factorial_semisynth_v1/primary/sparse/r18/metrics.json,Existing scientific record; see category index
robustness/interaction,experiments/crta_v3_mcr_factorial_semisynth_v1/primary/sparse/r19/metrics.json,Existing scientific record; see category index
robustness/interaction,experiments/crta_v3_mcr_factorial_tabpfn_v1/SUMMARY_V1.json,Existing scientific record; see category index
robustness/interaction,experiments/crta_v3_mcr_factorial_tabpfn_v1/additive/r00/metrics.json,Existing scientific record; see category index
robustness/interaction,experiments/crta_v3_mcr_factorial_tabpfn_v1/additive/r01/metrics.json,Existing scientific record; see category index
robustness/interaction,experiments/crta_v3_mcr_factorial_tabpfn_v1/additive/r02/metrics.json,Existing scientific record; see category index
robustness/interaction,experiments/crta_v3_mcr_factorial_tabpfn_v1/additive/r03/metrics.json,Existing scientific record; see category index
robustness/interaction,experiments/crta_v3_mcr_factorial_tabpfn_v1/additive/r04/metrics.json,Existing scientific record; see category index
robustness/interaction,experiments/crta_v3_mcr_factorial_tabpfn_v1/additive/r05/metrics.json,Existing scientific record; see category index
robustness/interaction,experiments/crta_v3_mcr_factorial_tabpfn_v1/additive/r06/metrics.json,Existing scientific record; see category index
robustness/interaction,experiments/crta_v3_mcr_factorial_tabpfn_v1/additive/r07/metrics.json,Existing scientific record; see category index
robustness/interaction,experiments/crta_v3_mcr_factorial_tabpfn_v1/additive/r08/metrics.json,Existing scientific record; see category index
robustness/interaction,experiments/crta_v3_mcr_factorial_tabpfn_v1/additive/r09/metrics.json,Existing scientific record; see category index
robustness/interaction,experiments/crta_v3_mcr_factorial_tabpfn_v1/additive/r10/metrics.json,Existing scientific record; see category index
robustness/interaction,experiments/crta_v3_mcr_factorial_tabpfn_v1/additive/r11/metrics.json,Existing scientific record; see category index
robustness/interaction,experiments/crta_v3_mcr_factorial_tabpfn_v1/additive/r12/metrics.json,Existing scientific record; see category index
robustness/interaction,experiments/crta_v3_mcr_factorial_tabpfn_v1/additive/r13/metrics.json,Existing scientific record; see category index
robustness/interaction,experiments/crta_v3_mcr_factorial_tabpfn_v1/additive/r14/metrics.json,Existing scientific record; see category index
robustness/interaction,experiments/crta_v3_mcr_factorial_tabpfn_v1/additive/r15/metrics.json,Existing scientific record; see category index
robustness/interaction,experiments/crta_v3_mcr_factorial_tabpfn_v1/additive/r16/metrics.json,Existing scientific record; see category index
robustness/interaction,experiments/crta_v3_mcr_factorial_tabpfn_v1/additive/r17/metrics.json,Existing scientific record; see category index
robustness/interaction,experiments/crta_v3_mcr_factorial_tabpfn_v1/additive/r18/metrics.json,Existing scientific record; see category index
robustness/interaction,experiments/crta_v3_mcr_factorial_tabpfn_v1/additive/r19/metrics.json,Existing scientific record; see category index
robustness/interaction,experiments/crta_v3_mcr_factorial_tabpfn_v1/pairwise/r00/metrics.json,Existing scientific record; see category index
robustness/interaction,experiments/crta_v3_mcr_factorial_tabpfn_v1/pairwise/r01/metrics.json,Existing scientific record; see category index
robustness/interaction,experiments/crta_v3_mcr_factorial_tabpfn_v1/pairwise/r02/metrics.json,Existing scientific record; see category index
robustness/interaction,experiments/crta_v3_mcr_factorial_tabpfn_v1/pairwise/r03/metrics.json,Existing scientific record; see category index
robustness/interaction,experiments/crta_v3_mcr_factorial_tabpfn_v1/pairwise/r04/metrics.json,Existing scientific record; see category index
robustness/interaction,experiments/crta_v3_mcr_factorial_tabpfn_v1/pairwise/r05/metrics.json,Existing scientific record; see category index
robustness/interaction,experiments/crta_v3_mcr_factorial_tabpfn_v1/pairwise/r06/metrics.json,Existing scientific record; see category index
robustness/interaction,experiments/crta_v3_mcr_factorial_tabpfn_v1/pairwise/r07/metrics.json,Existing scientific record; see category index
robustness/interaction,experiments/crta_v3_mcr_factorial_tabpfn_v1/pairwise/r08/metrics.json,Existing scientific record; see category index
robustness/interaction,experiments/crta_v3_mcr_factorial_tabpfn_v1/pairwise/r09/metrics.json,Existing scientific record; see category index
robustness/interaction,experiments/crta_v3_mcr_factorial_tabpfn_v1/pairwise/r10/metrics.json,Existing scientific record; see category index
robustness/interaction,experiments/crta_v3_mcr_factorial_tabpfn_v1/pairwise/r11/metrics.json,Existing scientific record; see category index
robustness/interaction,experiments/crta_v3_mcr_factorial_tabpfn_v1/pairwise/r12/metrics.json,Existing scientific record; see category index
robustness/interaction,experiments/crta_v3_mcr_factorial_tabpfn_v1/pairwise/r13/metrics.json,Existing scientific record; see category index
robustness/interaction,experiments/crta_v3_mcr_factorial_tabpfn_v1/pairwise/r14/metrics.json,Existing scientific record; see category index
robustness/interaction,experiments/crta_v3_mcr_factorial_tabpfn_v1/pairwise/r15/metrics.json,Existing scientific record; see category index
robustness/interaction,experiments/crta_v3_mcr_factorial_tabpfn_v1/pairwise/r16/metrics.json,Existing scientific record; see category index
robustness/interaction,experiments/crta_v3_mcr_factorial_tabpfn_v1/pairwise/r17/metrics.json,Existing scientific record; see category index
robustness/interaction,experiments/crta_v3_mcr_factorial_tabpfn_v1/pairwise/r18/metrics.json,Existing scientific record; see category index
robustness/interaction,experiments/crta_v3_mcr_factorial_tabpfn_v1/pairwise/r19/metrics.json,Existing scientific record; see category index
robustness/interaction,experiments/crta_v3_mcr_factorial_tabpfn_v1/sparse/r00/metrics.json,Existing scientific record; see category index
robustness/interaction,experiments/crta_v3_mcr_factorial_tabpfn_v1/sparse/r01/metrics.json,Existing scientific record; see category index
robustness/interaction,experiments/crta_v3_mcr_factorial_tabpfn_v1/sparse/r02/metrics.json,Existing scientific record; see category index
robustness/interaction,experiments/crta_v3_mcr_factorial_tabpfn_v1/sparse/r03/metrics.json,Existing scientific record; see category index
robustness/interaction,experiments/crta_v3_mcr_factorial_tabpfn_v1/sparse/r04/metrics.json,Existing scientific record; see category index
robustness/interaction,experiments/crta_v3_mcr_factorial_tabpfn_v1/sparse/r05/metrics.json,Existing scientific record; see category index
robustness/interaction,experiments/crta_v3_mcr_factorial_tabpfn_v1/sparse/r06/metrics.json,Existing scientific record; see category index
robustness/interaction,experiments/crta_v3_mcr_factorial_tabpfn_v1/sparse/r07/metrics.json,Existing scientific record; see category index
robustness/interaction,experiments/crta_v3_mcr_factorial_tabpfn_v1/sparse/r08/metrics.json,Existing scientific record; see category index
robustness/interaction,experiments/crta_v3_mcr_factorial_tabpfn_v1/sparse/r09/metrics.json,Existing scientific record; see category index
robustness/interaction,experiments/crta_v3_mcr_factorial_tabpfn_v1/sparse/r10/metrics.json,Existing scientific record; see category index
robustness/interaction,experiments/crta_v3_mcr_factorial_tabpfn_v1/sparse/r11/metrics.json,Existing scientific record; see category index
robustness/interaction,experiments/crta_v3_mcr_factorial_tabpfn_v1/sparse/r12/metrics.json,Existing scientific record; see category index
robustness/interaction,experiments/crta_v3_mcr_factorial_tabpfn_v1/sparse/r13/metrics.json,Existing scientific record; see category index
robustness/interaction,experiments/crta_v3_mcr_factorial_tabpfn_v1/sparse/r14/metrics.json,Existing scientific record; see category index
robustness/interaction,experiments/crta_v3_mcr_factorial_tabpfn_v1/sparse/r15/metrics.json,Existing scientific record; see category index
robustness/interaction,experiments/crta_v3_mcr_factorial_tabpfn_v1/sparse/r16/metrics.json,Existing scientific record; see category index
robustness/interaction,experiments/crta_v3_mcr_factorial_tabpfn_v1/sparse/r17/metrics.json,Existing scientific record; see category index
robustness/interaction,experiments/crta_v3_mcr_factorial_tabpfn_v1/sparse/r18/metrics.json,Existing scientific record; see category index
robustness/interaction,experiments/crta_v3_mcr_factorial_tabpfn_v1/sparse/r19/metrics.json,Existing scientific record; see category index
robustness/interaction,experiments/crta_v3_mcr_mc_surface_v1/SUMMARY_V1.json,Existing scientific record; see category index
robustness/interaction,experiments/crta_v3_mcr_mc_surface_v1/additive/r00/metrics.json,Existing scientific record; see category index
robustness/interaction,experiments/crta_v3_mcr_mc_surface_v1/additive/r01/metrics.json,Existing scientific record; see category index
robustness/interaction,experiments/crta_v3_mcr_mc_surface_v1/additive/r02/metrics.json,Existing scientific record; see category index
robustness/interaction,experiments/crta_v3_mcr_mc_surface_v1/additive/r03/metrics.json,Existing scientific record; see category index
robustness/interaction,experiments/crta_v3_mcr_mc_surface_v1/additive/r04/metrics.json,Existing scientific record; see category index
robustness/interaction,experiments/crta_v3_mcr_mc_surface_v1/additive/r05/metrics.json,Existing scientific record; see category index
robustness/interaction,experiments/crta_v3_mcr_mc_surface_v1/additive/r06/metrics.json,Existing scientific record; see category index
robustness/interaction,experiments/crta_v3_mcr_mc_surface_v1/additive/r07/metrics.json,Existing scientific record; see category index
robustness/interaction,experiments/crta_v3_mcr_mc_surface_v1/additive/r08/metrics.json,Existing scientific record; see category index
robustness/interaction,experiments/crta_v3_mcr_mc_surface_v1/additive/r09/metrics.json,Existing scientific record; see category index
robustness/interaction,experiments/crta_v3_mcr_mc_surface_v1/additive/r10/metrics.json,Existing scientific record; see category index
robustness/interaction,experiments/crta_v3_mcr_mc_surface_v1/additive/r11/metrics.json,Existing scientific record; see category index
robustness/interaction,experiments/crta_v3_mcr_mc_surface_v1/additive/r12/metrics.json,Existing scientific record; see category index
robustness/interaction,experiments/crta_v3_mcr_mc_surface_v1/additive/r13/metrics.json,Existing scientific record; see category index
robustness/interaction,experiments/crta_v3_mcr_mc_surface_v1/additive/r14/metrics.json,Existing scientific record; see category index
robustness/interaction,experiments/crta_v3_mcr_mc_surface_v1/additive/r15/metrics.json,Existing scientific record; see category index
robustness/interaction,experiments/crta_v3_mcr_mc_surface_v1/additive/r16/metrics.json,Existing scientific record; see category index
robustness/interaction,experiments/crta_v3_mcr_mc_surface_v1/additive/r17/metrics.json,Existing scientific record; see category index
robustness/interaction,experiments/crta_v3_mcr_mc_surface_v1/additive/r18/metrics.json,Existing scientific record; see category index
robustness/interaction,experiments/crta_v3_mcr_mc_surface_v1/additive/r19/metrics.json,Existing scientific record; see category index
robustness/interaction,experiments/crta_v3_mcr_mc_surface_v1/pairwise/r00/metrics.json,Existing scientific record; see category index
robustness/interaction,experiments/crta_v3_mcr_mc_surface_v1/pairwise/r01/metrics.json,Existing scientific record; see category index
robustness/interaction,experiments/crta_v3_mcr_mc_surface_v1/pairwise/r02/metrics.json,Existing scientific record; see category index
robustness/interaction,experiments/crta_v3_mcr_mc_surface_v1/pairwise/r03/metrics.json,Existing scientific record; see category index
robustness/interaction,experiments/crta_v3_mcr_mc_surface_v1/pairwise/r04/metrics.json,Existing scientific record; see category index
robustness/interaction,experiments/crta_v3_mcr_mc_surface_v1/pairwise/r05/metrics.json,Existing scientific record; see category index
robustness/interaction,experiments/crta_v3_mcr_mc_surface_v1/pairwise/r06/metrics.json,Existing scientific record; see category index
robustness/interaction,experiments/crta_v3_mcr_mc_surface_v1/pairwise/r07/metrics.json,Existing scientific record; see category index
robustness/interaction,experiments/crta_v3_mcr_mc_surface_v1/pairwise/r08/metrics.json,Existing scientific record; see category index
robustness/interaction,experiments/crta_v3_mcr_mc_surface_v1/pairwise/r09/metrics.json,Existing scientific record; see category index
robustness/interaction,experiments/crta_v3_mcr_mc_surface_v1/pairwise/r10/metrics.json,Existing scientific record; see category index
robustness/interaction,experiments/crta_v3_mcr_mc_surface_v1/pairwise/r11/metrics.json,Existing scientific record; see category index
robustness/interaction,experiments/crta_v3_mcr_mc_surface_v1/pairwise/r12/metrics.json,Existing scientific record; see category index
robustness/interaction,experiments/crta_v3_mcr_mc_surface_v1/pairwise/r13/metrics.json,Existing scientific record; see category index
robustness/interaction,experiments/crta_v3_mcr_mc_surface_v1/pairwise/r14/metrics.json,Existing scientific record; see category index
robustness/interaction,experiments/crta_v3_mcr_mc_surface_v1/pairwise/r15/metrics.json,Existing scientific record; see category index
robustness/interaction,experiments/crta_v3_mcr_mc_surface_v1/pairwise/r16/metrics.json,Existing scientific record; see category index
robustness/interaction,experiments/crta_v3_mcr_mc_surface_v1/pairwise/r17/metrics.json,Existing scientific record; see category index
robustness/interaction,experiments/crta_v3_mcr_mc_surface_v1/pairwise/r18/metrics.json,Existing scientific record; see category index
robustness/interaction,experiments/crta_v3_mcr_mc_surface_v1/pairwise/r19/metrics.json,Existing scientific record; see category index
robustness/interaction,experiments/crta_v3_mcr_mc_surface_v1/sparse/r00/metrics.json,Existing scientific record; see category index
robustness/interaction,experiments/crta_v3_mcr_mc_surface_v1/sparse/r01/metrics.json,Existing scientific record; see category index
robustness/interaction,experiments/crta_v3_mcr_mc_surface_v1/sparse/r02/metrics.json,Existing scientific record; see category index
robustness/interaction,experiments/crta_v3_mcr_mc_surface_v1/sparse/r03/metrics.json,Existing scientific record; see category index
robustness/interaction,experiments/crta_v3_mcr_mc_surface_v1/sparse/r04/metrics.json,Existing scientific record; see category index
robustness/interaction,experiments/crta_v3_mcr_mc_surface_v1/sparse/r05/metrics.json,Existing scientific record; see category index
robustness/interaction,experiments/crta_v3_mcr_mc_surface_v1/sparse/r06/metrics.json,Existing scientific record; see category index
robustness/interaction,experiments/crta_v3_mcr_mc_surface_v1/sparse/r07/metrics.json,Existing scientific record; see category index
robustness/interaction,experiments/crta_v3_mcr_mc_surface_v1/sparse/r08/metrics.json,Existing scientific record; see category index
robustness/interaction,experiments/crta_v3_mcr_mc_surface_v1/sparse/r09/metrics.json,Existing scientific record; see category index
robustness/interaction,experiments/crta_v3_mcr_mc_surface_v1/sparse/r10/metrics.json,Existing scientific record; see category index
robustness/interaction,experiments/crta_v3_mcr_mc_surface_v1/sparse/r11/metrics.json,Existing scientific record; see category index
robustness/interaction,experiments/crta_v3_mcr_mc_surface_v1/sparse/r12/metrics.json,Existing scientific record; see category index
robustness/interaction,experiments/crta_v3_mcr_mc_surface_v1/sparse/r13/metrics.json,Existing scientific record; see category index
robustness/interaction,experiments/crta_v3_mcr_mc_surface_v1/sparse/r14/metrics.json,Existing scientific record; see category index
robustness/interaction,experiments/crta_v3_mcr_mc_surface_v1/sparse/r15/metrics.json,Existing scientific record; see category index
robustness/interaction,experiments/crta_v3_mcr_mc_surface_v1/sparse/r16/metrics.json,Existing scientific record; see category index
robustness/interaction,experiments/crta_v3_mcr_mc_surface_v1/sparse/r17/metrics.json,Existing scientific record; see category index
robustness/interaction,experiments/crta_v3_mcr_mc_surface_v1/sparse/r18/metrics.json,Existing scientific record; see category index
robustness/interaction,experiments/crta_v3_mcr_mc_surface_v1/sparse/r19/metrics.json,Existing scientific record; see category index
robustness/interaction,experiments/crta_v3_mcr_monotone_mlp_v1/SUMMARY_V1.json,Existing scientific record; see category index
robustness/interaction,experiments/crta_v3_mcr_monotone_mlp_v1/additive/r00/metrics.json,Existing scientific record; see category index
robustness/interaction,experiments/crta_v3_mcr_monotone_mlp_v1/additive/r01/metrics.json,Existing scientific record; see category index
robustness/interaction,experiments/crta_v3_mcr_monotone_mlp_v1/additive/r02/metrics.json,Existing scientific record; see category index
robustness/interaction,experiments/crta_v3_mcr_monotone_mlp_v1/additive/r03/metrics.json,Existing scientific record; see category index
robustness/interaction,experiments/crta_v3_mcr_monotone_mlp_v1/additive/r04/metrics.json,Existing scientific record; see category index
robustness/interaction,experiments/crta_v3_mcr_monotone_mlp_v1/additive/r05/metrics.json,Existing scientific record; see category index
robustness/interaction,experiments/crta_v3_mcr_monotone_mlp_v1/additive/r06/metrics.json,Existing scientific record; see category index
robustness/interaction,experiments/crta_v3_mcr_monotone_mlp_v1/additive/r07/metrics.json,Existing scientific record; see category index
robustness/interaction,experiments/crta_v3_mcr_monotone_mlp_v1/additive/r08/metrics.json,Existing scientific record; see category index
robustness/interaction,experiments/crta_v3_mcr_monotone_mlp_v1/additive/r09/metrics.json,Existing scientific record; see category index
robustness/interaction,experiments/crta_v3_mcr_monotone_mlp_v1/additive/r10/metrics.json,Existing scientific record; see category index
robustness/interaction,experiments/crta_v3_mcr_monotone_mlp_v1/additive/r11/metrics.json,Existing scientific record; see category index
robustness/interaction,experiments/crta_v3_mcr_monotone_mlp_v1/additive/r12/metrics.json,Existing scientific record; see category index
robustness/interaction,experiments/crta_v3_mcr_monotone_mlp_v1/additive/r13/metrics.json,Existing scientific record; see category index
robustness/interaction,experiments/crta_v3_mcr_monotone_mlp_v1/additive/r14/metrics.json,Existing scientific record; see category index
robustness/interaction,experiments/crta_v3_mcr_monotone_mlp_v1/additive/r15/metrics.json,Existing scientific record; see category index
robustness/interaction,experiments/crta_v3_mcr_monotone_mlp_v1/additive/r16/metrics.json,Existing scientific record; see category index
robustness/interaction,experiments/crta_v3_mcr_monotone_mlp_v1/additive/r17/metrics.json,Existing scientific record; see category index
robustness/interaction,experiments/crta_v3_mcr_monotone_mlp_v1/additive/r18/metrics.json,Existing scientific record; see category index
robustness/interaction,experiments/crta_v3_mcr_monotone_mlp_v1/additive/r19/metrics.json,Existing scientific record; see category index
robustness/interaction,experiments/crta_v3_mcr_monotone_mlp_v1/pairwise/r00/metrics.json,Existing scientific record; see category index
robustness/interaction,experiments/crta_v3_mcr_monotone_mlp_v1/pairwise/r01/metrics.json,Existing scientific record; see category index
robustness/interaction,experiments/crta_v3_mcr_monotone_mlp_v1/pairwise/r02/metrics.json,Existing scientific record; see category index
robustness/interaction,experiments/crta_v3_mcr_monotone_mlp_v1/pairwise/r03/metrics.json,Existing scientific record; see category index
robustness/interaction,experiments/crta_v3_mcr_monotone_mlp_v1/pairwise/r04/metrics.json,Existing scientific record; see category index
robustness/interaction,experiments/crta_v3_mcr_monotone_mlp_v1/pairwise/r05/metrics.json,Existing scientific record; see category index
robustness/interaction,experiments/crta_v3_mcr_monotone_mlp_v1/pairwise/r06/metrics.json,Existing scientific record; see category index
robustness/interaction,experiments/crta_v3_mcr_monotone_mlp_v1/pairwise/r07/metrics.json,Existing scientific record; see category index
robustness/interaction,experiments/crta_v3_mcr_monotone_mlp_v1/pairwise/r08/metrics.json,Existing scientific record; see category index
robustness/interaction,experiments/crta_v3_mcr_monotone_mlp_v1/pairwise/r09/metrics.json,Existing scientific record; see category index
robustness/interaction,experiments/crta_v3_mcr_monotone_mlp_v1/pairwise/r10/metrics.json,Existing scientific record; see category index
robustness/interaction,experiments/crta_v3_mcr_monotone_mlp_v1/pairwise/r11/metrics.json,Existing scientific record; see category index
robustness/interaction,experiments/crta_v3_mcr_monotone_mlp_v1/pairwise/r12/metrics.json,Existing scientific record; see category index
robustness/interaction,experiments/crta_v3_mcr_monotone_mlp_v1/pairwise/r13/metrics.json,Existing scientific record; see category index
robustness/interaction,experiments/crta_v3_mcr_monotone_mlp_v1/pairwise/r14/metrics.json,Existing scientific record; see category index
robustness/interaction,experiments/crta_v3_mcr_monotone_mlp_v1/pairwise/r15/metrics.json,Existing scientific record; see category index
robustness/interaction,experiments/crta_v3_mcr_monotone_mlp_v1/pairwise/r16/metrics.json,Existing scientific record; see category index
robustness/interaction,experiments/crta_v3_mcr_monotone_mlp_v1/pairwise/r17/metrics.json,Existing scientific record; see category index
robustness/interaction,experiments/crta_v3_mcr_monotone_mlp_v1/pairwise/r18/metrics.json,Existing scientific record; see category index
robustness/interaction,experiments/crta_v3_mcr_monotone_mlp_v1/pairwise/r19/metrics.json,Existing scientific record; see category index
robustness/interaction,experiments/crta_v3_mcr_monotone_mlp_v1/sparse/r00/metrics.json,Existing scientific record; see category index
robustness/interaction,experiments/crta_v3_mcr_monotone_mlp_v1/sparse/r01/metrics.json,Existing scientific record; see category index
robustness/interaction,experiments/crta_v3_mcr_monotone_mlp_v1/sparse/r02/metrics.json,Existing scientific record; see category index
robustness/interaction,experiments/crta_v3_mcr_monotone_mlp_v1/sparse/r03/metrics.json,Existing scientific record; see category index
robustness/interaction,experiments/crta_v3_mcr_monotone_mlp_v1/sparse/r04/metrics.json,Existing scientific record; see category index
robustness/interaction,experiments/crta_v3_mcr_monotone_mlp_v1/sparse/r05/metrics.json,Existing scientific record; see category index
robustness/interaction,experiments/crta_v3_mcr_monotone_mlp_v1/sparse/r06/metrics.json,Existing scientific record; see category index
robustness/interaction,experiments/crta_v3_mcr_monotone_mlp_v1/sparse/r07/metrics.json,Existing scientific record; see category index
robustness/interaction,experiments/crta_v3_mcr_monotone_mlp_v1/sparse/r08/metrics.json,Existing scientific record; see category index
robustness/interaction,experiments/crta_v3_mcr_monotone_mlp_v1/sparse/r09/metrics.json,Existing scientific record; see category index
robustness/interaction,experiments/crta_v3_mcr_monotone_mlp_v1/sparse/r10/metrics.json,Existing scientific record; see category index
robustness/interaction,experiments/crta_v3_mcr_monotone_mlp_v1/sparse/r11/metrics.json,Existing scientific record; see category index
robustness/interaction,experiments/crta_v3_mcr_monotone_mlp_v1/sparse/r12/metrics.json,Existing scientific record; see category index
robustness/interaction,experiments/crta_v3_mcr_monotone_mlp_v1/sparse/r13/metrics.json,Existing scientific record; see category index
robustness/interaction,experiments/crta_v3_mcr_monotone_mlp_v1/sparse/r14/metrics.json,Existing scientific record; see category index
robustness/interaction,experiments/crta_v3_mcr_monotone_mlp_v1/sparse/r15/metrics.json,Existing scientific record; see category index
robustness/interaction,experiments/crta_v3_mcr_monotone_mlp_v1/sparse/r16/metrics.json,Existing scientific record; see category index
robustness/interaction,experiments/crta_v3_mcr_monotone_mlp_v1/sparse/r17/metrics.json,Existing scientific record; see category index
robustness/interaction,experiments/crta_v3_mcr_monotone_mlp_v1/sparse/r18/metrics.json,Existing scientific record; see category index
robustness/interaction,experiments/crta_v3_mcr_monotone_mlp_v1/sparse/r19/metrics.json,Existing scientific record; see category index
robustness/interaction,experiments/crta_v3_mcr_n5_exhaustive_v1/SUMMARY_V1.json,Existing scientific record; see category index
robustness/interaction,experiments/crta_v3_mcr_n5_exhaustive_v1/additive/r00/metrics.json,Existing scientific record; see category index
robustness/interaction,experiments/crta_v3_mcr_n5_exhaustive_v1/additive/r01/metrics.json,Existing scientific record; see category index
robustness/interaction,experiments/crta_v3_mcr_n5_exhaustive_v1/additive/r02/metrics.json,Existing scientific record; see category index
robustness/interaction,experiments/crta_v3_mcr_n5_exhaustive_v1/additive/r03/metrics.json,Existing scientific record; see category index
robustness/interaction,experiments/crta_v3_mcr_n5_exhaustive_v1/additive/r04/metrics.json,Existing scientific record; see category index
robustness/interaction,experiments/crta_v3_mcr_n5_exhaustive_v1/additive/r05/metrics.json,Existing scientific record; see category index
robustness/interaction,experiments/crta_v3_mcr_n5_exhaustive_v1/additive/r06/metrics.json,Existing scientific record; see category index
robustness/interaction,experiments/crta_v3_mcr_n5_exhaustive_v1/additive/r07/metrics.json,Existing scientific record; see category index
robustness/interaction,experiments/crta_v3_mcr_n5_exhaustive_v1/additive/r08/metrics.json,Existing scientific record; see category index
robustness/interaction,experiments/crta_v3_mcr_n5_exhaustive_v1/additive/r09/metrics.json,Existing scientific record; see category index
robustness/interaction,experiments/crta_v3_mcr_n5_exhaustive_v1/additive/r10/metrics.json,Existing scientific record; see category index
robustness/interaction,experiments/crta_v3_mcr_n5_exhaustive_v1/additive/r11/metrics.json,Existing scientific record; see category index
robustness/interaction,experiments/crta_v3_mcr_n5_exhaustive_v1/additive/r12/metrics.json,Existing scientific record; see category index
robustness/interaction,experiments/crta_v3_mcr_n5_exhaustive_v1/additive/r13/metrics.json,Existing scientific record; see category index
robustness/interaction,experiments/crta_v3_mcr_n5_exhaustive_v1/additive/r14/metrics.json,Existing scientific record; see category index
robustness/interaction,experiments/crta_v3_mcr_n5_exhaustive_v1/additive/r15/metrics.json,Existing scientific record; see category index
robustness/interaction,experiments/crta_v3_mcr_n5_exhaustive_v1/additive/r16/metrics.json,Existing scientific record; see category index
robustness/interaction,experiments/crta_v3_mcr_n5_exhaustive_v1/additive/r17/metrics.json,Existing scientific record; see category index
robustness/interaction,experiments/crta_v3_mcr_n5_exhaustive_v1/additive/r18/metrics.json,Existing scientific record; see category index
robustness/interaction,experiments/crta_v3_mcr_n5_exhaustive_v1/additive/r19/metrics.json,Existing scientific record; see category index
robustness/interaction,experiments/crta_v3_mcr_n5_exhaustive_v1/pairwise/r00/metrics.json,Existing scientific record; see category index
robustness/interaction,experiments/crta_v3_mcr_n5_exhaustive_v1/pairwise/r01/metrics.json,Existing scientific record; see category index
robustness/interaction,experiments/crta_v3_mcr_n5_exhaustive_v1/pairwise/r02/metrics.json,Existing scientific record; see category index
robustness/interaction,experiments/crta_v3_mcr_n5_exhaustive_v1/pairwise/r03/metrics.json,Existing scientific record; see category index
robustness/interaction,experiments/crta_v3_mcr_n5_exhaustive_v1/pairwise/r04/metrics.json,Existing scientific record; see category index
robustness/interaction,experiments/crta_v3_mcr_n5_exhaustive_v1/pairwise/r05/metrics.json,Existing scientific record; see category index
robustness/interaction,experiments/crta_v3_mcr_n5_exhaustive_v1/pairwise/r06/metrics.json,Existing scientific record; see category index
robustness/interaction,experiments/crta_v3_mcr_n5_exhaustive_v1/pairwise/r07/metrics.json,Existing scientific record; see category index
robustness/interaction,experiments/crta_v3_mcr_n5_exhaustive_v1/pairwise/r08/metrics.json,Existing scientific record; see category index
robustness/interaction,experiments/crta_v3_mcr_n5_exhaustive_v1/pairwise/r09/metrics.json,Existing scientific record; see category index
robustness/interaction,experiments/crta_v3_mcr_n5_exhaustive_v1/pairwise/r10/metrics.json,Existing scientific record; see category index
robustness/interaction,experiments/crta_v3_mcr_n5_exhaustive_v1/pairwise/r11/metrics.json,Existing scientific record; see category index
robustness/interaction,experiments/crta_v3_mcr_n5_exhaustive_v1/pairwise/r12/metrics.json,Existing scientific record; see category index
robustness/interaction,experiments/crta_v3_mcr_n5_exhaustive_v1/pairwise/r13/metrics.json,Existing scientific record; see category index
robustness/interaction,experiments/crta_v3_mcr_n5_exhaustive_v1/pairwise/r14/metrics.json,Existing scientific record; see category index
robustness/interaction,experiments/crta_v3_mcr_n5_exhaustive_v1/pairwise/r15/metrics.json,Existing scientific record; see category index
robustness/interaction,experiments/crta_v3_mcr_n5_exhaustive_v1/pairwise/r16/metrics.json,Existing scientific record; see category index
robustness/interaction,experiments/crta_v3_mcr_n5_exhaustive_v1/pairwise/r17/metrics.json,Existing scientific record; see category index
robustness/interaction,experiments/crta_v3_mcr_n5_exhaustive_v1/pairwise/r18/metrics.json,Existing scientific record; see category index
robustness/interaction,experiments/crta_v3_mcr_n5_exhaustive_v1/pairwise/r19/metrics.json,Existing scientific record; see category index
robustness/interaction,experiments/crta_v3_mcr_n5_exhaustive_v1/sparse/r00/metrics.json,Existing scientific record; see category index
robustness/interaction,experiments/crta_v3_mcr_n5_exhaustive_v1/sparse/r01/metrics.json,Existing scientific record; see category index
robustness/interaction,experiments/crta_v3_mcr_n5_exhaustive_v1/sparse/r02/metrics.json,Existing scientific record; see category index
robustness/interaction,experiments/crta_v3_mcr_n5_exhaustive_v1/sparse/r03/metrics.json,Existing scientific record; see category index
robustness/interaction,experiments/crta_v3_mcr_n5_exhaustive_v1/sparse/r04/metrics.json,Existing scientific record; see category index
robustness/interaction,experiments/crta_v3_mcr_n5_exhaustive_v1/sparse/r05/metrics.json,Existing scientific record; see category index
robustness/interaction,experiments/crta_v3_mcr_n5_exhaustive_v1/sparse/r06/metrics.json,Existing scientific record; see category index
robustness/interaction,experiments/crta_v3_mcr_n5_exhaustive_v1/sparse/r07/metrics.json,Existing scientific record; see category index
robustness/interaction,experiments/crta_v3_mcr_n5_exhaustive_v1/sparse/r08/metrics.json,Existing scientific record; see category index
robustness/interaction,experiments/crta_v3_mcr_n5_exhaustive_v1/sparse/r09/metrics.json,Existing scientific record; see category index
robustness/interaction,experiments/crta_v3_mcr_n5_exhaustive_v1/sparse/r10/metrics.json,Existing scientific record; see category index
robustness/interaction,experiments/crta_v3_mcr_n5_exhaustive_v1/sparse/r11/metrics.json,Existing scientific record; see category index
robustness/interaction,experiments/crta_v3_mcr_n5_exhaustive_v1/sparse/r12/metrics.json,Existing scientific record; see category index
robustness/interaction,experiments/crta_v3_mcr_n5_exhaustive_v1/sparse/r13/metrics.json,Existing scientific record; see category index
robustness/interaction,experiments/crta_v3_mcr_n5_exhaustive_v1/sparse/r14/metrics.json,Existing scientific record; see category index
robustness/interaction,experiments/crta_v3_mcr_n5_exhaustive_v1/sparse/r15/metrics.json,Existing scientific record; see category index
robustness/interaction,experiments/crta_v3_mcr_n5_exhaustive_v1/sparse/r16/metrics.json,Existing scientific record; see category index
robustness/interaction,experiments/crta_v3_mcr_n5_exhaustive_v1/sparse/r17/metrics.json,Existing scientific record; see category index
robustness/interaction,experiments/crta_v3_mcr_n5_exhaustive_v1/sparse/r18/metrics.json,Existing scientific record; see category index
robustness/interaction,experiments/crta_v3_mcr_n5_exhaustive_v1/sparse/r19/metrics.json,Existing scientific record; see category index
robustness/interaction,experiments/crta_v3_mcr_null_source_mass_ladder_v1/DIAGNOSIS_V1.md,Existing scientific record; see category index
robustness/interaction,experiments/crta_v3_mcr_null_source_mass_ladder_v1/SUMMARY_V1.json,Existing scientific record; see category index
robustness/interaction,experiments/crta_v3_mcr_null_source_mass_ladder_v1/additive/r00/metrics.json,Existing scientific record; see category index
robustness/interaction,experiments/crta_v3_mcr_null_source_mass_ladder_v1/additive/r01/metrics.json,Existing scientific record; see category index
robustness/interaction,experiments/crta_v3_mcr_null_source_mass_ladder_v1/additive/r02/metrics.json,Existing scientific record; see category index
robustness/interaction,experiments/crta_v3_mcr_null_source_mass_ladder_v1/additive/r03/metrics.json,Existing scientific record; see category index
robustness/interaction,experiments/crta_v3_mcr_null_source_mass_ladder_v1/additive/r04/metrics.json,Existing scientific record; see category index
robustness/interaction,experiments/crta_v3_mcr_null_source_mass_ladder_v1/additive/r05/metrics.json,Existing scientific record; see category index
robustness/interaction,experiments/crta_v3_mcr_null_source_mass_ladder_v1/additive/r06/metrics.json,Existing scientific record; see category index
robustness/interaction,experiments/crta_v3_mcr_null_source_mass_ladder_v1/additive/r07/metrics.json,Existing scientific record; see category index
robustness/interaction,experiments/crta_v3_mcr_null_source_mass_ladder_v1/additive/r08/metrics.json,Existing scientific record; see category index
robustness/interaction,experiments/crta_v3_mcr_null_source_mass_ladder_v1/additive/r09/metrics.json,Existing scientific record; see category index
robustness/interaction,experiments/crta_v3_mcr_null_source_mass_ladder_v1/additive/r10/metrics.json,Existing scientific record; see category index
robustness/interaction,experiments/crta_v3_mcr_null_source_mass_ladder_v1/additive/r11/metrics.json,Existing scientific record; see category index
robustness/interaction,experiments/crta_v3_mcr_null_source_mass_ladder_v1/additive/r12/metrics.json,Existing scientific record; see category index
robustness/interaction,experiments/crta_v3_mcr_null_source_mass_ladder_v1/additive/r13/metrics.json,Existing scientific record; see category index
robustness/interaction,experiments/crta_v3_mcr_null_source_mass_ladder_v1/additive/r14/metrics.json,Existing scientific record; see category index
robustness/interaction,experiments/crta_v3_mcr_null_source_mass_ladder_v1/additive/r15/metrics.json,Existing scientific record; see category index
robustness/interaction,experiments/crta_v3_mcr_null_source_mass_ladder_v1/additive/r16/metrics.json,Existing scientific record; see category index
robustness/interaction,experiments/crta_v3_mcr_null_source_mass_ladder_v1/additive/r17/metrics.json,Existing scientific record; see category index
robustness/interaction,experiments/crta_v3_mcr_null_source_mass_ladder_v1/additive/r18/metrics.json,Existing scientific record; see category index
robustness/interaction,experiments/crta_v3_mcr_null_source_mass_ladder_v1/additive/r19/metrics.json,Existing scientific record; see category index
robustness/interaction,experiments/crta_v3_mcr_null_source_mass_ladder_v1/pairwise/r00/metrics.json,Existing scientific record; see category index
robustness/interaction,experiments/crta_v3_mcr_null_source_mass_ladder_v1/pairwise/r01/metrics.json,Existing scientific record; see category index
robustness/interaction,experiments/crta_v3_mcr_null_source_mass_ladder_v1/pairwise/r02/metrics.json,Existing scientific record; see category index
robustness/interaction,experiments/crta_v3_mcr_null_source_mass_ladder_v1/pairwise/r03/metrics.json,Existing scientific record; see category index
robustness/interaction,experiments/crta_v3_mcr_null_source_mass_ladder_v1/pairwise/r04/metrics.json,Existing scientific record; see category index
robustness/interaction,experiments/crta_v3_mcr_null_source_mass_ladder_v1/pairwise/r05/metrics.json,Existing scientific record; see category index
robustness/interaction,experiments/crta_v3_mcr_null_source_mass_ladder_v1/pairwise/r06/metrics.json,Existing scientific record; see category index
robustness/interaction,experiments/crta_v3_mcr_null_source_mass_ladder_v1/pairwise/r07/metrics.json,Existing scientific record; see category index
robustness/interaction,experiments/crta_v3_mcr_null_source_mass_ladder_v1/pairwise/r08/metrics.json,Existing scientific record; see category index
robustness/interaction,experiments/crta_v3_mcr_null_source_mass_ladder_v1/pairwise/r09/metrics.json,Existing scientific record; see category index
robustness/interaction,experiments/crta_v3_mcr_null_source_mass_ladder_v1/pairwise/r10/metrics.json,Existing scientific record; see category index
robustness/interaction,experiments/crta_v3_mcr_null_source_mass_ladder_v1/pairwise/r11/metrics.json,Existing scientific record; see category index
robustness/interaction,experiments/crta_v3_mcr_null_source_mass_ladder_v1/pairwise/r12/metrics.json,Existing scientific record; see category index
robustness/interaction,experiments/crta_v3_mcr_null_source_mass_ladder_v1/pairwise/r13/metrics.json,Existing scientific record; see category index
robustness/interaction,experiments/crta_v3_mcr_null_source_mass_ladder_v1/pairwise/r14/metrics.json,Existing scientific record; see category index
robustness/interaction,experiments/crta_v3_mcr_null_source_mass_ladder_v1/pairwise/r15/metrics.json,Existing scientific record; see category index
robustness/interaction,experiments/crta_v3_mcr_null_source_mass_ladder_v1/pairwise/r16/metrics.json,Existing scientific record; see category index
robustness/interaction,experiments/crta_v3_mcr_null_source_mass_ladder_v1/pairwise/r17/metrics.json,Existing scientific record; see category index
robustness/interaction,experiments/crta_v3_mcr_null_source_mass_ladder_v1/pairwise/r18/metrics.json,Existing scientific record; see category index
robustness/interaction,experiments/crta_v3_mcr_null_source_mass_ladder_v1/pairwise/r19/metrics.json,Existing scientific record; see category index
robustness/interaction,experiments/crta_v3_mcr_null_source_mass_ladder_v1/sparse/r00/metrics.json,Existing scientific record; see category index
robustness/interaction,experiments/crta_v3_mcr_null_source_mass_ladder_v1/sparse/r01/metrics.json,Existing scientific record; see category index
robustness/interaction,experiments/crta_v3_mcr_null_source_mass_ladder_v1/sparse/r02/metrics.json,Existing scientific record; see category index
robustness/interaction,experiments/crta_v3_mcr_null_source_mass_ladder_v1/sparse/r03/metrics.json,Existing scientific record; see category index
robustness/interaction,experiments/crta_v3_mcr_null_source_mass_ladder_v1/sparse/r04/metrics.json,Existing scientific record; see category index
robustness/interaction,experiments/crta_v3_mcr_null_source_mass_ladder_v1/sparse/r05/metrics.json,Existing scientific record; see category index
robustness/interaction,experiments/crta_v3_mcr_null_source_mass_ladder_v1/sparse/r06/metrics.json,Existing scientific record; see category index
robustness/interaction,experiments/crta_v3_mcr_null_source_mass_ladder_v1/sparse/r07/metrics.json,Existing scientific record; see category index
robustness/interaction,experiments/crta_v3_mcr_null_source_mass_ladder_v1/sparse/r08/metrics.json,Existing scientific record; see category index
robustness/interaction,experiments/crta_v3_mcr_null_source_mass_ladder_v1/sparse/r09/metrics.json,Existing scientific record; see category index
robustness/interaction,experiments/crta_v3_mcr_null_source_mass_ladder_v1/sparse/r10/metrics.json,Existing scientific record; see category index
robustness/interaction,experiments/crta_v3_mcr_null_source_mass_ladder_v1/sparse/r11/metrics.json,Existing scientific record; see category index
robustness/interaction,experiments/crta_v3_mcr_null_source_mass_ladder_v1/sparse/r12/metrics.json,Existing scientific record; see category index
robustness/interaction,experiments/crta_v3_mcr_null_source_mass_ladder_v1/sparse/r13/metrics.json,Existing scientific record; see category index
robustness/interaction,experiments/crta_v3_mcr_null_source_mass_ladder_v1/sparse/r14/metrics.json,Existing scientific record; see category index
robustness/interaction,experiments/crta_v3_mcr_null_source_mass_ladder_v1/sparse/r15/metrics.json,Existing scientific record; see category index
robustness/interaction,experiments/crta_v3_mcr_null_source_mass_ladder_v1/sparse/r16/metrics.json,Existing scientific record; see category index
robustness/interaction,experiments/crta_v3_mcr_null_source_mass_ladder_v1/sparse/r17/metrics.json,Existing scientific record; see category index
robustness/interaction,experiments/crta_v3_mcr_null_source_mass_ladder_v1/sparse/r18/metrics.json,Existing scientific record; see category index
robustness/interaction,experiments/crta_v3_mcr_null_source_mass_ladder_v1/sparse/r19/metrics.json,Existing scientific record; see category index
robustness/interaction,experiments/crta_v3_mcr_null_source_v1/DIAGNOSIS_V1.md,Existing scientific record; see category index
robustness/interaction,experiments/crta_v3_mcr_null_source_v1/SUMMARY_V1.json,Existing scientific record; see category index
robustness/interaction,experiments/crta_v3_mcr_null_source_v1/additive/r00/metrics.json,Existing scientific record; see category index
robustness/interaction,experiments/crta_v3_mcr_null_source_v1/additive/r01/metrics.json,Existing scientific record; see category index
robustness/interaction,experiments/crta_v3_mcr_null_source_v1/additive/r02/metrics.json,Existing scientific record; see category index
robustness/interaction,experiments/crta_v3_mcr_null_source_v1/additive/r03/metrics.json,Existing scientific record; see category index
robustness/interaction,experiments/crta_v3_mcr_null_source_v1/additive/r04/metrics.json,Existing scientific record; see category index
robustness/interaction,experiments/crta_v3_mcr_null_source_v1/additive/r05/metrics.json,Existing scientific record; see category index
robustness/interaction,experiments/crta_v3_mcr_null_source_v1/additive/r06/metrics.json,Existing scientific record; see category index
robustness/interaction,experiments/crta_v3_mcr_null_source_v1/additive/r07/metrics.json,Existing scientific record; see category index
robustness/interaction,experiments/crta_v3_mcr_null_source_v1/additive/r08/metrics.json,Existing scientific record; see category index
robustness/interaction,experiments/crta_v3_mcr_null_source_v1/additive/r09/metrics.json,Existing scientific record; see category index
robustness/interaction,experiments/crta_v3_mcr_null_source_v1/additive/r10/metrics.json,Existing scientific record; see category index
robustness/interaction,experiments/crta_v3_mcr_null_source_v1/additive/r11/metrics.json,Existing scientific record; see category index
robustness/interaction,experiments/crta_v3_mcr_null_source_v1/additive/r12/metrics.json,Existing scientific record; see category index
robustness/interaction,experiments/crta_v3_mcr_null_source_v1/additive/r13/metrics.json,Existing scientific record; see category index
robustness/interaction,experiments/crta_v3_mcr_null_source_v1/additive/r14/metrics.json,Existing scientific record; see category index
robustness/interaction,experiments/crta_v3_mcr_null_source_v1/additive/r15/metrics.json,Existing scientific record; see category index
robustness/interaction,experiments/crta_v3_mcr_null_source_v1/additive/r16/metrics.json,Existing scientific record; see category index
robustness/interaction,experiments/crta_v3_mcr_null_source_v1/additive/r17/metrics.json,Existing scientific record; see category index
robustness/interaction,experiments/crta_v3_mcr_null_source_v1/additive/r18/metrics.json,Existing scientific record; see category index
robustness/interaction,experiments/crta_v3_mcr_null_source_v1/additive/r19/metrics.json,Existing scientific record; see category index
robustness/interaction,experiments/crta_v3_mcr_null_source_v1/pairwise/r00/metrics.json,Existing scientific record; see category index
robustness/interaction,experiments/crta_v3_mcr_null_source_v1/pairwise/r01/metrics.json,Existing scientific record; see category index
robustness/interaction,experiments/crta_v3_mcr_null_source_v1/pairwise/r02/metrics.json,Existing scientific record; see category index
robustness/interaction,experiments/crta_v3_mcr_null_source_v1/pairwise/r03/metrics.json,Existing scientific record; see category index
robustness/interaction,experiments/crta_v3_mcr_null_source_v1/pairwise/r04/metrics.json,Existing scientific record; see category index
robustness/interaction,experiments/crta_v3_mcr_null_source_v1/pairwise/r05/metrics.json,Existing scientific record; see category index
robustness/interaction,experiments/crta_v3_mcr_null_source_v1/pairwise/r06/metrics.json,Existing scientific record; see category index
robustness/interaction,experiments/crta_v3_mcr_null_source_v1/pairwise/r07/metrics.json,Existing scientific record; see category index
robustness/interaction,experiments/crta_v3_mcr_null_source_v1/pairwise/r08/metrics.json,Existing scientific record; see category index
robustness/interaction,experiments/crta_v3_mcr_null_source_v1/pairwise/r09/metrics.json,Existing scientific record; see category index
robustness/interaction,experiments/crta_v3_mcr_null_source_v1/pairwise/r10/metrics.json,Existing scientific record; see category index
robustness/interaction,experiments/crta_v3_mcr_null_source_v1/pairwise/r11/metrics.json,Existing scientific record; see category index
robustness/interaction,experiments/crta_v3_mcr_null_source_v1/pairwise/r12/metrics.json,Existing scientific record; see category index
robustness/interaction,experiments/crta_v3_mcr_null_source_v1/pairwise/r13/metrics.json,Existing scientific record; see category index
robustness/interaction,experiments/crta_v3_mcr_null_source_v1/pairwise/r14/metrics.json,Existing scientific record; see category index
robustness/interaction,experiments/crta_v3_mcr_null_source_v1/pairwise/r15/metrics.json,Existing scientific record; see category index
robustness/interaction,experiments/crta_v3_mcr_null_source_v1/pairwise/r16/metrics.json,Existing scientific record; see category index
robustness/interaction,experiments/crta_v3_mcr_null_source_v1/pairwise/r17/metrics.json,Existing scientific record; see category index
robustness/interaction,experiments/crta_v3_mcr_null_source_v1/pairwise/r18/metrics.json,Existing scientific record; see category index
robustness/interaction,experiments/crta_v3_mcr_null_source_v1/pairwise/r19/metrics.json,Existing scientific record; see category index
robustness/interaction,experiments/crta_v3_mcr_null_source_v1/sparse/r00/metrics.json,Existing scientific record; see category index
robustness/interaction,experiments/crta_v3_mcr_null_source_v1/sparse/r01/metrics.json,Existing scientific record; see category index
robustness/interaction,experiments/crta_v3_mcr_null_source_v1/sparse/r02/metrics.json,Existing scientific record; see category index
robustness/interaction,experiments/crta_v3_mcr_null_source_v1/sparse/r03/metrics.json,Existing scientific record; see category index
robustness/interaction,experiments/crta_v3_mcr_null_source_v1/sparse/r04/metrics.json,Existing scientific record; see category index
robustness/interaction,experiments/crta_v3_mcr_null_source_v1/sparse/r05/metrics.json,Existing scientific record; see category index
robustness/interaction,experiments/crta_v3_mcr_null_source_v1/sparse/r06/metrics.json,Existing scientific record; see category index
robustness/interaction,experiments/crta_v3_mcr_null_source_v1/sparse/r07/metrics.json,Existing scientific record; see category index
robustness/interaction,experiments/crta_v3_mcr_null_source_v1/sparse/r08/metrics.json,Existing scientific record; see category index
robustness/interaction,experiments/crta_v3_mcr_null_source_v1/sparse/r09/metrics.json,Existing scientific record; see category index
robustness/interaction,experiments/crta_v3_mcr_null_source_v1/sparse/r10/metrics.json,Existing scientific record; see category index
robustness/interaction,experiments/crta_v3_mcr_null_source_v1/sparse/r11/metrics.json,Existing scientific record; see category index
robustness/interaction,experiments/crta_v3_mcr_null_source_v1/sparse/r12/metrics.json,Existing scientific record; see category index
robustness/interaction,experiments/crta_v3_mcr_null_source_v1/sparse/r13/metrics.json,Existing scientific record; see category index
robustness/interaction,experiments/crta_v3_mcr_null_source_v1/sparse/r14/metrics.json,Existing scientific record; see category index
robustness/interaction,experiments/crta_v3_mcr_null_source_v1/sparse/r15/metrics.json,Existing scientific record; see category index
robustness/interaction,experiments/crta_v3_mcr_null_source_v1/sparse/r16/metrics.json,Existing scientific record; see category index
robustness/interaction,experiments/crta_v3_mcr_null_source_v1/sparse/r17/metrics.json,Existing scientific record; see category index
robustness/interaction,experiments/crta_v3_mcr_null_source_v1/sparse/r18/metrics.json,Existing scientific record; see category index
robustness/interaction,experiments/crta_v3_mcr_null_source_v1/sparse/r19/metrics.json,Existing scientific record; see category index
robustness/interaction,experiments/crta_v3_mcr_source_informativeness_ladder_v1/DIAGNOSIS_V1.md,Existing scientific record; see category index
robustness/interaction,experiments/crta_v3_mcr_source_informativeness_ladder_v1/SUMMARY_V1.json,Existing scientific record; see category index
robustness/interaction,experiments/crta_v3_mcr_source_informativeness_ladder_v1/additive/r00/metrics.json,Existing scientific record; see category index
robustness/interaction,experiments/crta_v3_mcr_source_informativeness_ladder_v1/additive/r01/metrics.json,Existing scientific record; see category index
robustness/interaction,experiments/crta_v3_mcr_source_informativeness_ladder_v1/additive/r02/metrics.json,Existing scientific record; see category index
robustness/interaction,experiments/crta_v3_mcr_source_informativeness_ladder_v1/additive/r03/metrics.json,Existing scientific record; see category index
robustness/interaction,experiments/crta_v3_mcr_source_informativeness_ladder_v1/additive/r04/metrics.json,Existing scientific record; see category index
robustness/interaction,experiments/crta_v3_mcr_source_informativeness_ladder_v1/additive/r05/metrics.json,Existing scientific record; see category index
robustness/interaction,experiments/crta_v3_mcr_source_informativeness_ladder_v1/additive/r06/metrics.json,Existing scientific record; see category index
robustness/interaction,experiments/crta_v3_mcr_source_informativeness_ladder_v1/additive/r07/metrics.json,Existing scientific record; see category index
robustness/interaction,experiments/crta_v3_mcr_source_informativeness_ladder_v1/additive/r08/metrics.json,Existing scientific record; see category index
robustness/interaction,experiments/crta_v3_mcr_source_informativeness_ladder_v1/additive/r09/metrics.json,Existing scientific record; see category index
robustness/interaction,experiments/crta_v3_mcr_source_informativeness_ladder_v1/additive/r10/metrics.json,Existing scientific record; see category index
robustness/interaction,experiments/crta_v3_mcr_source_informativeness_ladder_v1/additive/r11/metrics.json,Existing scientific record; see category index
robustness/interaction,experiments/crta_v3_mcr_source_informativeness_ladder_v1/additive/r12/metrics.json,Existing scientific record; see category index
robustness/interaction,experiments/crta_v3_mcr_source_informativeness_ladder_v1/additive/r13/metrics.json,Existing scientific record; see category index
robustness/interaction,experiments/crta_v3_mcr_source_informativeness_ladder_v1/additive/r14/metrics.json,Existing scientific record; see category index
robustness/interaction,experiments/crta_v3_mcr_source_informativeness_ladder_v1/additive/r15/metrics.json,Existing scientific record; see category index
robustness/interaction,experiments/crta_v3_mcr_source_informativeness_ladder_v1/additive/r16/metrics.json,Existing scientific record; see category index
robustness/interaction,experiments/crta_v3_mcr_source_informativeness_ladder_v1/additive/r17/metrics.json,Existing scientific record; see category index
robustness/interaction,experiments/crta_v3_mcr_source_informativeness_ladder_v1/additive/r18/metrics.json,Existing scientific record; see category index
robustness/interaction,experiments/crta_v3_mcr_source_informativeness_ladder_v1/additive/r19/metrics.json,Existing scientific record; see category index
robustness/interaction,experiments/crta_v3_mcr_source_informativeness_ladder_v1/pairwise/r00/metrics.json,Existing scientific record; see category index
robustness/interaction,experiments/crta_v3_mcr_source_informativeness_ladder_v1/pairwise/r01/metrics.json,Existing scientific record; see category index
robustness/interaction,experiments/crta_v3_mcr_source_informativeness_ladder_v1/pairwise/r02/metrics.json,Existing scientific record; see category index
robustness/interaction,experiments/crta_v3_mcr_source_informativeness_ladder_v1/pairwise/r03/metrics.json,Existing scientific record; see category index
robustness/interaction,experiments/crta_v3_mcr_source_informativeness_ladder_v1/pairwise/r04/metrics.json,Existing scientific record; see category index
robustness/interaction,experiments/crta_v3_mcr_source_informativeness_ladder_v1/pairwise/r05/metrics.json,Existing scientific record; see category index
robustness/interaction,experiments/crta_v3_mcr_source_informativeness_ladder_v1/pairwise/r06/metrics.json,Existing scientific record; see category index
robustness/interaction,experiments/crta_v3_mcr_source_informativeness_ladder_v1/pairwise/r07/metrics.json,Existing scientific record; see category index
robustness/interaction,experiments/crta_v3_mcr_source_informativeness_ladder_v1/pairwise/r08/metrics.json,Existing scientific record; see category index
robustness/interaction,experiments/crta_v3_mcr_source_informativeness_ladder_v1/pairwise/r09/metrics.json,Existing scientific record; see category index
robustness/interaction,experiments/crta_v3_mcr_source_informativeness_ladder_v1/pairwise/r10/metrics.json,Existing scientific record; see category index
robustness/interaction,experiments/crta_v3_mcr_source_informativeness_ladder_v1/pairwise/r11/metrics.json,Existing scientific record; see category index
robustness/interaction,experiments/crta_v3_mcr_source_informativeness_ladder_v1/pairwise/r12/metrics.json,Existing scientific record; see category index
robustness/interaction,experiments/crta_v3_mcr_source_informativeness_ladder_v1/pairwise/r13/metrics.json,Existing scientific record; see category index
robustness/interaction,experiments/crta_v3_mcr_source_informativeness_ladder_v1/pairwise/r14/metrics.json,Existing scientific record; see category index
robustness/interaction,experiments/crta_v3_mcr_source_informativeness_ladder_v1/pairwise/r15/metrics.json,Existing scientific record; see category index
robustness/interaction,experiments/crta_v3_mcr_source_informativeness_ladder_v1/pairwise/r16/metrics.json,Existing scientific record; see category index
robustness/interaction,experiments/crta_v3_mcr_source_informativeness_ladder_v1/pairwise/r17/metrics.json,Existing scientific record; see category index
robustness/interaction,experiments/crta_v3_mcr_source_informativeness_ladder_v1/pairwise/r18/metrics.json,Existing scientific record; see category index
robustness/interaction,experiments/crta_v3_mcr_source_informativeness_ladder_v1/pairwise/r19/metrics.json,Existing scientific record; see category index
robustness/interaction,experiments/crta_v3_mcr_source_informativeness_ladder_v1/sparse/r00/metrics.json,Existing scientific record; see category index
robustness/interaction,experiments/crta_v3_mcr_source_informativeness_ladder_v1/sparse/r01/metrics.json,Existing scientific record; see category index
robustness/interaction,experiments/crta_v3_mcr_source_informativeness_ladder_v1/sparse/r02/metrics.json,Existing scientific record; see category index
robustness/interaction,experiments/crta_v3_mcr_source_informativeness_ladder_v1/sparse/r03/metrics.json,Existing scientific record; see category index
robustness/interaction,experiments/crta_v3_mcr_source_informativeness_ladder_v1/sparse/r04/metrics.json,Existing scientific record; see category index
robustness/interaction,experiments/crta_v3_mcr_source_informativeness_ladder_v1/sparse/r05/metrics.json,Existing scientific record; see category index
robustness/interaction,experiments/crta_v3_mcr_source_informativeness_ladder_v1/sparse/r06/metrics.json,Existing scientific record; see category index
robustness/interaction,experiments/crta_v3_mcr_source_informativeness_ladder_v1/sparse/r07/metrics.json,Existing scientific record; see category index
robustness/interaction,experiments/crta_v3_mcr_source_informativeness_ladder_v1/sparse/r08/metrics.json,Existing scientific record; see category index
robustness/interaction,experiments/crta_v3_mcr_source_informativeness_ladder_v1/sparse/r09/metrics.json,Existing scientific record; see category index
robustness/interaction,experiments/crta_v3_mcr_source_informativeness_ladder_v1/sparse/r10/metrics.json,Existing scientific record; see category index
robustness/interaction,experiments/crta_v3_mcr_source_informativeness_ladder_v1/sparse/r11/metrics.json,Existing scientific record; see category index
robustness/interaction,experiments/crta_v3_mcr_source_informativeness_ladder_v1/sparse/r12/metrics.json,Existing scientific record; see category index
robustness/interaction,experiments/crta_v3_mcr_source_informativeness_ladder_v1/sparse/r13/metrics.json,Existing scientific record; see category index
robustness/interaction,experiments/crta_v3_mcr_source_informativeness_ladder_v1/sparse/r14/metrics.json,Existing scientific record; see category index
robustness/interaction,experiments/crta_v3_mcr_source_informativeness_ladder_v1/sparse/r15/metrics.json,Existing scientific record; see category index
robustness/interaction,experiments/crta_v3_mcr_source_informativeness_ladder_v1/sparse/r16/metrics.json,Existing scientific record; see category index
robustness/interaction,experiments/crta_v3_mcr_source_informativeness_ladder_v1/sparse/r17/metrics.json,Existing scientific record; see category index
robustness/interaction,experiments/crta_v3_mcr_source_informativeness_ladder_v1/sparse/r18/metrics.json,Existing scientific record; see category index
robustness/interaction,experiments/crta_v3_mcr_source_informativeness_ladder_v1/sparse/r19/metrics.json,Existing scientific record; see category index
robustness/interaction,experiments/crta_v3_mcr_tabpfn_source_informativeness_ladder_v1/SUMMARY_V1.json,Existing scientific record; see category index
robustness/interaction,experiments/crta_v3_mcr_tabpfn_source_informativeness_ladder_v1/additive/r00/metrics.json,Existing scientific record; see category index
robustness/interaction,experiments/crta_v3_mcr_tabpfn_source_informativeness_ladder_v1/additive/r01/metrics.json,Existing scientific record; see category index
robustness/interaction,experiments/crta_v3_mcr_tabpfn_source_informativeness_ladder_v1/additive/r02/metrics.json,Existing scientific record; see category index
robustness/interaction,experiments/crta_v3_mcr_tabpfn_source_informativeness_ladder_v1/additive/r03/metrics.json,Existing scientific record; see category index
robustness/interaction,experiments/crta_v3_mcr_tabpfn_source_informativeness_ladder_v1/additive/r04/metrics.json,Existing scientific record; see category index
robustness/interaction,experiments/crta_v3_mcr_tabpfn_source_informativeness_ladder_v1/additive/r05/metrics.json,Existing scientific record; see category index
robustness/interaction,experiments/crta_v3_mcr_tabpfn_source_informativeness_ladder_v1/additive/r06/metrics.json,Existing scientific record; see category index
robustness/interaction,experiments/crta_v3_mcr_tabpfn_source_informativeness_ladder_v1/additive/r07/metrics.json,Existing scientific record; see category index
robustness/interaction,experiments/crta_v3_mcr_tabpfn_source_informativeness_ladder_v1/additive/r08/metrics.json,Existing scientific record; see category index
robustness/interaction,experiments/crta_v3_mcr_tabpfn_source_informativeness_ladder_v1/additive/r09/metrics.json,Existing scientific record; see category index
robustness/interaction,experiments/crta_v3_mcr_tabpfn_source_informativeness_ladder_v1/additive/r10/metrics.json,Existing scientific record; see category index
robustness/interaction,experiments/crta_v3_mcr_tabpfn_source_informativeness_ladder_v1/additive/r11/metrics.json,Existing scientific record; see category index
robustness/interaction,experiments/crta_v3_mcr_tabpfn_source_informativeness_ladder_v1/additive/r12/metrics.json,Existing scientific record; see category index
robustness/interaction,experiments/crta_v3_mcr_tabpfn_source_informativeness_ladder_v1/additive/r13/metrics.json,Existing scientific record; see category index
robustness/interaction,experiments/crta_v3_mcr_tabpfn_source_informativeness_ladder_v1/additive/r14/metrics.json,Existing scientific record; see category index
robustness/interaction,experiments/crta_v3_mcr_tabpfn_source_informativeness_ladder_v1/additive/r15/metrics.json,Existing scientific record; see category index
robustness/interaction,experiments/crta_v3_mcr_tabpfn_source_informativeness_ladder_v1/additive/r16/metrics.json,Existing scientific record; see category index
robustness/interaction,experiments/crta_v3_mcr_tabpfn_source_informativeness_ladder_v1/additive/r17/metrics.json,Existing scientific record; see category index
robustness/interaction,experiments/crta_v3_mcr_tabpfn_source_informativeness_ladder_v1/additive/r18/metrics.json,Existing scientific record; see category index
robustness/interaction,experiments/crta_v3_mcr_tabpfn_source_informativeness_ladder_v1/additive/r19/metrics.json,Existing scientific record; see category index
robustness/interaction,experiments/crta_v3_mcr_tabpfn_source_informativeness_ladder_v1/pairwise/r00/metrics.json,Existing scientific record; see category index
robustness/interaction,experiments/crta_v3_mcr_tabpfn_source_informativeness_ladder_v1/pairwise/r01/metrics.json,Existing scientific record; see category index
robustness/interaction,experiments/crta_v3_mcr_tabpfn_source_informativeness_ladder_v1/pairwise/r02/metrics.json,Existing scientific record; see category index
robustness/interaction,experiments/crta_v3_mcr_tabpfn_source_informativeness_ladder_v1/pairwise/r03/metrics.json,Existing scientific record; see category index
robustness/interaction,experiments/crta_v3_mcr_tabpfn_source_informativeness_ladder_v1/pairwise/r04/metrics.json,Existing scientific record; see category index
robustness/interaction,experiments/crta_v3_mcr_tabpfn_source_informativeness_ladder_v1/pairwise/r05/metrics.json,Existing scientific record; see category index
robustness/interaction,experiments/crta_v3_mcr_tabpfn_source_informativeness_ladder_v1/pairwise/r06/metrics.json,Existing scientific record; see category index
robustness/interaction,experiments/crta_v3_mcr_tabpfn_source_informativeness_ladder_v1/pairwise/r07/metrics.json,Existing scientific record; see category index
robustness/interaction,experiments/crta_v3_mcr_tabpfn_source_informativeness_ladder_v1/pairwise/r08/metrics.json,Existing scientific record; see category index
robustness/interaction,experiments/crta_v3_mcr_tabpfn_source_informativeness_ladder_v1/pairwise/r09/metrics.json,Existing scientific record; see category index
robustness/interaction,experiments/crta_v3_mcr_tabpfn_source_informativeness_ladder_v1/pairwise/r10/metrics.json,Existing scientific record; see category index
robustness/interaction,experiments/crta_v3_mcr_tabpfn_source_informativeness_ladder_v1/pairwise/r11/metrics.json,Existing scientific record; see category index
robustness/interaction,experiments/crta_v3_mcr_tabpfn_source_informativeness_ladder_v1/pairwise/r12/metrics.json,Existing scientific record; see category index
robustness/interaction,experiments/crta_v3_mcr_tabpfn_source_informativeness_ladder_v1/pairwise/r13/metrics.json,Existing scientific record; see category index
robustness/interaction,experiments/crta_v3_mcr_tabpfn_source_informativeness_ladder_v1/pairwise/r14/metrics.json,Existing scientific record; see category index
robustness/interaction,experiments/crta_v3_mcr_tabpfn_source_informativeness_ladder_v1/pairwise/r15/metrics.json,Existing scientific record; see category index
robustness/interaction,experiments/crta_v3_mcr_tabpfn_source_informativeness_ladder_v1/pairwise/r16/metrics.json,Existing scientific record; see category index
robustness/interaction,experiments/crta_v3_mcr_tabpfn_source_informativeness_ladder_v1/pairwise/r17/metrics.json,Existing scientific record; see category index
robustness/interaction,experiments/crta_v3_mcr_tabpfn_source_informativeness_ladder_v1/pairwise/r18/metrics.json,Existing scientific record; see category index
robustness/interaction,experiments/crta_v3_mcr_tabpfn_source_informativeness_ladder_v1/pairwise/r19/metrics.json,Existing scientific record; see category index
robustness/interaction,experiments/crta_v3_mcr_tabpfn_source_informativeness_ladder_v1/sparse/r00/metrics.json,Existing scientific record; see category index
robustness/interaction,experiments/crta_v3_mcr_tabpfn_source_informativeness_ladder_v1/sparse/r01/metrics.json,Existing scientific record; see category index
robustness/interaction,experiments/crta_v3_mcr_tabpfn_source_informativeness_ladder_v1/sparse/r02/metrics.json,Existing scientific record; see category index
robustness/interaction,experiments/crta_v3_mcr_tabpfn_source_informativeness_ladder_v1/sparse/r03/metrics.json,Existing scientific record; see category index
robustness/interaction,experiments/crta_v3_mcr_tabpfn_source_informativeness_ladder_v1/sparse/r04/metrics.json,Existing scientific record; see category index
robustness/interaction,experiments/crta_v3_mcr_tabpfn_source_informativeness_ladder_v1/sparse/r05/metrics.json,Existing scientific record; see category index
robustness/interaction,experiments/crta_v3_mcr_tabpfn_source_informativeness_ladder_v1/sparse/r06/metrics.json,Existing scientific record; see category index
robustness/interaction,experiments/crta_v3_mcr_tabpfn_source_informativeness_ladder_v1/sparse/r07/metrics.json,Existing scientific record; see category index
robustness/interaction,experiments/crta_v3_mcr_tabpfn_source_informativeness_ladder_v1/sparse/r08/metrics.json,Existing scientific record; see category index
robustness/interaction,experiments/crta_v3_mcr_tabpfn_source_informativeness_ladder_v1/sparse/r09/metrics.json,Existing scientific record; see category index
robustness/interaction,experiments/crta_v3_mcr_tabpfn_source_informativeness_ladder_v1/sparse/r10/metrics.json,Existing scientific record; see category index
robustness/interaction,experiments/crta_v3_mcr_tabpfn_source_informativeness_ladder_v1/sparse/r11/metrics.json,Existing scientific record; see category index
robustness/interaction,experiments/crta_v3_mcr_tabpfn_source_informativeness_ladder_v1/sparse/r12/metrics.json,Existing scientific record; see category index
robustness/interaction,experiments/crta_v3_mcr_tabpfn_source_informativeness_ladder_v1/sparse/r13/metrics.json,Existing scientific record; see category index
robustness/interaction,experiments/crta_v3_mcr_tabpfn_source_informativeness_ladder_v1/sparse/r14/metrics.json,Existing scientific record; see category index
robustness/interaction,experiments/crta_v3_mcr_tabpfn_source_informativeness_ladder_v1/sparse/r15/metrics.json,Existing scientific record; see category index
robustness/interaction,experiments/crta_v3_mcr_tabpfn_source_informativeness_ladder_v1/sparse/r16/metrics.json,Existing scientific record; see category index
robustness/interaction,experiments/crta_v3_mcr_tabpfn_source_informativeness_ladder_v1/sparse/r17/metrics.json,Existing scientific record; see category index
robustness/interaction,experiments/crta_v3_mcr_tabpfn_source_informativeness_ladder_v1/sparse/r18/metrics.json,Existing scientific record; see category index
robustness/interaction,experiments/crta_v3_mcr_tabpfn_source_informativeness_ladder_v1/sparse/r19/metrics.json,Existing scientific record; see category index
robustness/interaction,experiments/crta_v3_pam_hierarchical_v2/ADJACENCY_MAJORITY.json,Existing scientific record; see category index
robustness/interaction,experiments/crta_v3_pam_hierarchical_v2/SUMMARY_V1.json,Existing scientific record; see category index
robustness/interaction,experiments/crta_v3_pam_hierarchical_v2/dbp/seed_50/metrics.json,Existing scientific record; see category index
robustness/interaction,experiments/crta_v3_pam_hierarchical_v2/dbp/seed_51/metrics.json,Existing scientific record; see category index
robustness/interaction,experiments/crta_v3_pam_hierarchical_v2/dbp/seed_52/metrics.json,Existing scientific record; see category index
robustness/interaction,experiments/crta_v3_pam_hierarchical_v2/dbp/seed_53/metrics.json,Existing scientific record; see category index
robustness/interaction,experiments/crta_v3_pam_hierarchical_v2/dbp/seed_54/metrics.json,Existing scientific record; see category index
robustness/interaction,experiments/crta_v3_pam_hierarchical_v2/dbp/seed_55/metrics.json,Existing scientific record; see category index
robustness/interaction,experiments/crta_v3_pam_hierarchical_v2/dbp/seed_56/metrics.json,Existing scientific record; see category index
robustness/interaction,experiments/crta_v3_pam_hierarchical_v2/dbp/seed_57/metrics.json,Existing scientific record; see category index
robustness/interaction,experiments/crta_v3_pam_hierarchical_v2/dbp/seed_58/metrics.json,Existing scientific record; see category index
robustness/interaction,experiments/crta_v3_pam_hierarchical_v2/dbp/seed_59/metrics.json,Existing scientific record; see category index
robustness/interaction,experiments/crta_v3_pam_hierarchical_v2/glucose/seed_50/metrics.json,Existing scientific record; see category index
robustness/interaction,experiments/crta_v3_pam_hierarchical_v2/glucose/seed_51/metrics.json,Existing scientific record; see category index
robustness/interaction,experiments/crta_v3_pam_hierarchical_v2/glucose/seed_52/metrics.json,Existing scientific record; see category index
robustness/interaction,experiments/crta_v3_pam_hierarchical_v2/glucose/seed_53/metrics.json,Existing scientific record; see category index
robustness/interaction,experiments/crta_v3_pam_hierarchical_v2/glucose/seed_54/metrics.json,Existing scientific record; see category index
robustness/interaction,experiments/crta_v3_pam_hierarchical_v2/glucose/seed_55/metrics.json,Existing scientific record; see category index
robustness/interaction,experiments/crta_v3_pam_hierarchical_v2/glucose/seed_56/metrics.json,Existing scientific record; see category index
robustness/interaction,experiments/crta_v3_pam_hierarchical_v2/glucose/seed_57/metrics.json,Existing scientific record; see category index
robustness/interaction,experiments/crta_v3_pam_hierarchical_v2/glucose/seed_58/metrics.json,Existing scientific record; see category index
robustness/interaction,experiments/crta_v3_pam_hierarchical_v2/glucose/seed_59/metrics.json,Existing scientific record; see category index
robustness/interaction,experiments/crta_v3_pam_hierarchical_v2/sbp/seed_50/metrics.json,Existing scientific record; see category index
robustness/interaction,experiments/crta_v3_pam_hierarchical_v2/sbp/seed_51/metrics.json,Existing scientific record; see category index
robustness/interaction,experiments/crta_v3_pam_hierarchical_v2/sbp/seed_52/metrics.json,Existing scientific record; see category index
robustness/interaction,experiments/crta_v3_pam_hierarchical_v2/sbp/seed_53/metrics.json,Existing scientific record; see category index
robustness/interaction,experiments/crta_v3_pam_hierarchical_v2/sbp/seed_54/metrics.json,Existing scientific record; see category index
robustness/interaction,experiments/crta_v3_pam_hierarchical_v2/sbp/seed_55/metrics.json,Existing scientific record; see category index
robustness/interaction,experiments/crta_v3_pam_hierarchical_v2/sbp/seed_56/metrics.json,Existing scientific record; see category index
robustness/interaction,experiments/crta_v3_pam_hierarchical_v2/sbp/seed_57/metrics.json,Existing scientific record; see category index
robustness/interaction,experiments/crta_v3_pam_hierarchical_v2/sbp/seed_58/metrics.json,Existing scientific record; see category index
robustness/interaction,experiments/crta_v3_pam_hierarchical_v2/sbp/seed_59/metrics.json,Existing scientific record; see category index
robustness/interaction,experiments/crta_v3_pam_hierarchical_v2/total_cholesterol/seed_50/metrics.json,Existing scientific record; see category index
robustness/interaction,experiments/crta_v3_pam_hierarchical_v2/total_cholesterol/seed_51/metrics.json,Existing scientific record; see category index
robustness/interaction,experiments/crta_v3_pam_hierarchical_v2/total_cholesterol/seed_52/metrics.json,Existing scientific record; see category index
robustness/interaction,experiments/crta_v3_pam_hierarchical_v2/total_cholesterol/seed_53/metrics.json,Existing scientific record; see category index
robustness/interaction,experiments/crta_v3_pam_hierarchical_v2/total_cholesterol/seed_54/metrics.json,Existing scientific record; see category index
robustness/interaction,experiments/crta_v3_pam_hierarchical_v2/total_cholesterol/seed_55/metrics.json,Existing scientific record; see category index
robustness/interaction,experiments/crta_v3_pam_hierarchical_v2/total_cholesterol/seed_56/metrics.json,Existing scientific record; see category index
robustness/interaction,experiments/crta_v3_pam_hierarchical_v2/total_cholesterol/seed_57/metrics.json,Existing scientific record; see category index
robustness/interaction,experiments/crta_v3_pam_hierarchical_v2/total_cholesterol/seed_58/metrics.json,Existing scientific record; see category index
robustness/interaction,experiments/crta_v3_pam_hierarchical_v2/total_cholesterol/seed_59/metrics.json,Existing scientific record; see category index
robustness/interaction,experiments/crta_v3_pam_hierarchical_v2/triglycerides/seed_50/metrics.json,Existing scientific record; see category index
robustness/interaction,experiments/crta_v3_pam_hierarchical_v2/triglycerides/seed_51/metrics.json,Existing scientific record; see category index
robustness/interaction,experiments/crta_v3_pam_hierarchical_v2/triglycerides/seed_52/metrics.json,Existing scientific record; see category index
robustness/interaction,experiments/crta_v3_pam_hierarchical_v2/triglycerides/seed_53/metrics.json,Existing scientific record; see category index
robustness/interaction,experiments/crta_v3_pam_hierarchical_v2/triglycerides/seed_54/metrics.json,Existing scientific record; see category index
robustness/interaction,experiments/crta_v3_pam_hierarchical_v2/triglycerides/seed_55/metrics.json,Existing scientific record; see category index
robustness/interaction,experiments/crta_v3_pam_hierarchical_v2/triglycerides/seed_56/metrics.json,Existing scientific record; see category index
robustness/interaction,experiments/crta_v3_pam_hierarchical_v2/triglycerides/seed_57/metrics.json,Existing scientific record; see category index
robustness/interaction,experiments/crta_v3_pam_hierarchical_v2/triglycerides/seed_58/metrics.json,Existing scientific record; see category index
robustness/interaction,experiments/crta_v3_pam_hierarchical_v2/triglycerides/seed_59/metrics.json,Existing scientific record; see category index
robustness/interaction,experiments/crta_v3_pam_hierarchical_v2/waist_cm/seed_50/metrics.json,Existing scientific record; see category index
robustness/interaction,experiments/crta_v3_pam_hierarchical_v2/waist_cm/seed_51/metrics.json,Existing scientific record; see category index
robustness/interaction,experiments/crta_v3_pam_hierarchical_v2/waist_cm/seed_52/metrics.json,Existing scientific record; see category index
robustness/interaction,experiments/crta_v3_pam_hierarchical_v2/waist_cm/seed_53/metrics.json,Existing scientific record; see category index
robustness/interaction,experiments/crta_v3_pam_hierarchical_v2/waist_cm/seed_54/metrics.json,Existing scientific record; see category index
robustness/interaction,experiments/crta_v3_pam_hierarchical_v2/waist_cm/seed_55/metrics.json,Existing scientific record; see category index
robustness/interaction,experiments/crta_v3_pam_hierarchical_v2/waist_cm/seed_56/metrics.json,Existing scientific record; see category index
robustness/interaction,experiments/crta_v3_pam_hierarchical_v2/waist_cm/seed_57/metrics.json,Existing scientific record; see category index
robustness/interaction,experiments/crta_v3_pam_hierarchical_v2/waist_cm/seed_58/metrics.json,Existing scientific record; see category index
robustness/interaction,experiments/crta_v3_pam_hierarchical_v2/waist_cm/seed_59/metrics.json,Existing scientific record; see category index
robustness/interaction,experiments/crta_v3_real_transfer_abstention_v1/SUMMARY_V1.json,Existing scientific record; see category index
robustness/interaction,experiments/crta_v3_stage_endpoint_expansion_loo_v1/SUMMARY_V1.json,Existing scientific record; see category index
robustness/interaction,experiments/crta_v3_stage_ladder_v3_lesions_v1/source_feature_colperm/SUMMARY_V1.json,Existing scientific record; see category index
robustness/interaction,experiments/crta_v3_stage_ladder_v3_lesions_v1/source_feature_colperm/kn2nh/dose_0.25/LESION_AUDIT_V1.json,Existing scientific record; see category index
robustness/interaction,experiments/crta_v3_stage_ladder_v3_lesions_v1/source_feature_colperm/kn2nh/dose_0.25/angina_history/seed_50/metrics.json,Existing scientific record; see category index
robustness/interaction,experiments/crta_v3_stage_ladder_v3_lesions_v1/source_feature_colperm/kn2nh/dose_0.25/angina_history/seed_51/metrics.json,Existing scientific record; see category index
robustness/interaction,experiments/crta_v3_stage_ladder_v3_lesions_v1/source_feature_colperm/kn2nh/dose_0.25/angina_history/seed_52/metrics.json,Existing scientific record; see category index
robustness/interaction,experiments/crta_v3_stage_ladder_v3_lesions_v1/source_feature_colperm/kn2nh/dose_0.25/angina_history/seed_53/metrics.json,Existing scientific record; see category index
robustness/interaction,experiments/crta_v3_stage_ladder_v3_lesions_v1/source_feature_colperm/kn2nh/dose_0.25/angina_history/seed_54/metrics.json,Existing scientific record; see category index
robustness/interaction,experiments/crta_v3_stage_ladder_v3_lesions_v1/source_feature_colperm/kn2nh/dose_0.25/angina_history/seed_55/metrics.json,Existing scientific record; see category index
robustness/interaction,experiments/crta_v3_stage_ladder_v3_lesions_v1/source_feature_colperm/kn2nh/dose_0.25/angina_history/seed_56/metrics.json,Existing scientific record; see category index
robustness/interaction,experiments/crta_v3_stage_ladder_v3_lesions_v1/source_feature_colperm/kn2nh/dose_0.25/angina_history/seed_57/metrics.json,Existing scientific record; see category index
robustness/interaction,experiments/crta_v3_stage_ladder_v3_lesions_v1/source_feature_colperm/kn2nh/dose_0.25/angina_history/seed_58/metrics.json,Existing scientific record; see category index
robustness/interaction,experiments/crta_v3_stage_ladder_v3_lesions_v1/source_feature_colperm/kn2nh/dose_0.25/angina_history/seed_59/metrics.json,Existing scientific record; see category index
robustness/interaction,experiments/crta_v3_stage_ladder_v3_lesions_v1/source_feature_colperm/kn2nh/dose_0.25/arthritis_history/seed_50/metrics.json,Existing scientific record; see category index
robustness/interaction,experiments/crta_v3_stage_ladder_v3_lesions_v1/source_feature_colperm/kn2nh/dose_0.25/arthritis_history/seed_51/metrics.json,Existing scientific record; see category index
robustness/interaction,experiments/crta_v3_stage_ladder_v3_lesions_v1/source_feature_colperm/kn2nh/dose_0.25/arthritis_history/seed_52/metrics.json,Existing scientific record; see category index
robustness/interaction,experiments/crta_v3_stage_ladder_v3_lesions_v1/source_feature_colperm/kn2nh/dose_0.25/arthritis_history/seed_53/metrics.json,Existing scientific record; see category index
robustness/interaction,experiments/crta_v3_stage_ladder_v3_lesions_v1/source_feature_colperm/kn2nh/dose_0.25/arthritis_history/seed_54/metrics.json,Existing scientific record; see category index
robustness/interaction,experiments/crta_v3_stage_ladder_v3_lesions_v1/source_feature_colperm/kn2nh/dose_0.25/arthritis_history/seed_55/metrics.json,Existing scientific record; see category index
robustness/interaction,experiments/crta_v3_stage_ladder_v3_lesions_v1/source_feature_colperm/kn2nh/dose_0.25/arthritis_history/seed_56/metrics.json,Existing scientific record; see category index
robustness/interaction,experiments/crta_v3_stage_ladder_v3_lesions_v1/source_feature_colperm/kn2nh/dose_0.25/arthritis_history/seed_57/metrics.json,Existing scientific record; see category index
robustness/interaction,experiments/crta_v3_stage_ladder_v3_lesions_v1/source_feature_colperm/kn2nh/dose_0.25/arthritis_history/seed_58/metrics.json,Existing scientific record; see category index
robustness/interaction,experiments/crta_v3_stage_ladder_v3_lesions_v1/source_feature_colperm/kn2nh/dose_0.25/arthritis_history/seed_59/metrics.json,Existing scientific record; see category index
robustness/interaction,experiments/crta_v3_stage_ladder_v3_lesions_v1/source_feature_colperm/kn2nh/dose_0.25/asthma_history/seed_50/metrics.json,Existing scientific record; see category index
robustness/interaction,experiments/crta_v3_stage_ladder_v3_lesions_v1/source_feature_colperm/kn2nh/dose_0.25/asthma_history/seed_51/metrics.json,Existing scientific record; see category index
robustness/interaction,experiments/crta_v3_stage_ladder_v3_lesions_v1/source_feature_colperm/kn2nh/dose_0.25/asthma_history/seed_52/metrics.json,Existing scientific record; see category index
robustness/interaction,experiments/crta_v3_stage_ladder_v3_lesions_v1/source_feature_colperm/kn2nh/dose_0.25/asthma_history/seed_53/metrics.json,Existing scientific record; see category index
robustness/interaction,experiments/crta_v3_stage_ladder_v3_lesions_v1/source_feature_colperm/kn2nh/dose_0.25/asthma_history/seed_54/metrics.json,Existing scientific record; see category index
robustness/interaction,experiments/crta_v3_stage_ladder_v3_lesions_v1/source_feature_colperm/kn2nh/dose_0.25/asthma_history/seed_55/metrics.json,Existing scientific record; see category index
robustness/interaction,experiments/crta_v3_stage_ladder_v3_lesions_v1/source_feature_colperm/kn2nh/dose_0.25/asthma_history/seed_56/metrics.json,Existing scientific record; see category index
robustness/interaction,experiments/crta_v3_stage_ladder_v3_lesions_v1/source_feature_colperm/kn2nh/dose_0.25/asthma_history/seed_57/metrics.json,Existing scientific record; see category index
robustness/interaction,experiments/crta_v3_stage_ladder_v3_lesions_v1/source_feature_colperm/kn2nh/dose_0.25/asthma_history/seed_58/metrics.json,Existing scientific record; see category index
robustness/interaction,experiments/crta_v3_stage_ladder_v3_lesions_v1/source_feature_colperm/kn2nh/dose_0.25/asthma_history/seed_59/metrics.json,Existing scientific record; see category index
robustness/interaction,experiments/crta_v3_stage_ladder_v3_lesions_v1/source_feature_colperm/kn2nh/dose_0.25/cancer_history/seed_50/metrics.json,Existing scientific record; see category index
robustness/interaction,experiments/crta_v3_stage_ladder_v3_lesions_v1/source_feature_colperm/kn2nh/dose_0.25/cancer_history/seed_51/metrics.json,Existing scientific record; see category index
robustness/interaction,experiments/crta_v3_stage_ladder_v3_lesions_v1/source_feature_colperm/kn2nh/dose_0.25/cancer_history/seed_52/metrics.json,Existing scientific record; see category index
robustness/interaction,experiments/crta_v3_stage_ladder_v3_lesions_v1/source_feature_colperm/kn2nh/dose_0.25/cancer_history/seed_53/metrics.json,Existing scientific record; see category index
robustness/interaction,experiments/crta_v3_stage_ladder_v3_lesions_v1/source_feature_colperm/kn2nh/dose_0.25/cancer_history/seed_54/metrics.json,Existing scientific record; see category index
robustness/interaction,experiments/crta_v3_stage_ladder_v3_lesions_v1/source_feature_colperm/kn2nh/dose_0.25/cancer_history/seed_55/metrics.json,Existing scientific record; see category index
robustness/interaction,experiments/crta_v3_stage_ladder_v3_lesions_v1/source_feature_colperm/kn2nh/dose_0.25/cancer_history/seed_56/metrics.json,Existing scientific record; see category index
robustness/interaction,experiments/crta_v3_stage_ladder_v3_lesions_v1/source_feature_colperm/kn2nh/dose_0.25/cancer_history/seed_57/metrics.json,Existing scientific record; see category index
robustness/interaction,experiments/crta_v3_stage_ladder_v3_lesions_v1/source_feature_colperm/kn2nh/dose_0.25/cancer_history/seed_58/metrics.json,Existing scientific record; see category index
robustness/interaction,experiments/crta_v3_stage_ladder_v3_lesions_v1/source_feature_colperm/kn2nh/dose_0.25/cancer_history/seed_59/metrics.json,Existing scientific record; see category index
robustness/interaction,experiments/crta_v3_stage_ladder_v3_lesions_v1/source_feature_colperm/kn2nh/dose_0.25/current_smoking_status/seed_50/metrics.json,Existing scientific record; see category index
robustness/interaction,experiments/crta_v3_stage_ladder_v3_lesions_v1/source_feature_colperm/kn2nh/dose_0.25/current_smoking_status/seed_51/metrics.json,Existing scientific record; see category index
robustness/interaction,experiments/crta_v3_stage_ladder_v3_lesions_v1/source_feature_colperm/kn2nh/dose_0.25/current_smoking_status/seed_52/metrics.json,Existing scientific record; see category index
robustness/interaction,experiments/crta_v3_stage_ladder_v3_lesions_v1/source_feature_colperm/kn2nh/dose_0.25/current_smoking_status/seed_53/metrics.json,Existing scientific record; see category index
robustness/interaction,experiments/crta_v3_stage_ladder_v3_lesions_v1/source_feature_colperm/kn2nh/dose_0.25/current_smoking_status/seed_54/metrics.json,Existing scientific record; see category index
robustness/interaction,experiments/crta_v3_stage_ladder_v3_lesions_v1/source_feature_colperm/kn2nh/dose_0.25/current_smoking_status/seed_55/metrics.json,Existing scientific record; see category index
robustness/interaction,experiments/crta_v3_stage_ladder_v3_lesions_v1/source_feature_colperm/kn2nh/dose_0.25/current_smoking_status/seed_56/metrics.json,Existing scientific record; see category index
robustness/interaction,experiments/crta_v3_stage_ladder_v3_lesions_v1/source_feature_colperm/kn2nh/dose_0.25/current_smoking_status/seed_57/metrics.json,Existing scientific record; see category index
robustness/interaction,experiments/crta_v3_stage_ladder_v3_lesions_v1/source_feature_colperm/kn2nh/dose_0.25/current_smoking_status/seed_58/metrics.json,Existing scientific record; see category index
robustness/interaction,experiments/crta_v3_stage_ladder_v3_lesions_v1/source_feature_colperm/kn2nh/dose_0.25/current_smoking_status/seed_59/metrics.json,Existing scientific record; see category index
robustness/interaction,experiments/crta_v3_stage_ladder_v3_lesions_v1/source_feature_colperm/kn2nh/dose_0.25/diabetes_history/seed_50/metrics.json,Existing scientific record; see category index
robustness/interaction,experiments/crta_v3_stage_ladder_v3_lesions_v1/source_feature_colperm/kn2nh/dose_0.25/diabetes_history/seed_51/metrics.json,Existing scientific record; see category index
robustness/interaction,experiments/crta_v3_stage_ladder_v3_lesions_v1/source_feature_colperm/kn2nh/dose_0.25/diabetes_history/seed_52/metrics.json,Existing scientific record; see category index
robustness/interaction,experiments/crta_v3_stage_ladder_v3_lesions_v1/source_feature_colperm/kn2nh/dose_0.25/diabetes_history/seed_53/metrics.json,Existing scientific record; see category index
robustness/interaction,experiments/crta_v3_stage_ladder_v3_lesions_v1/source_feature_colperm/kn2nh/dose_0.25/diabetes_history/seed_54/metrics.json,Existing scientific record; see category index
robustness/interaction,experiments/crta_v3_stage_ladder_v3_lesions_v1/source_feature_colperm/kn2nh/dose_0.25/diabetes_history/seed_55/metrics.json,Existing scientific record; see category index
robustness/interaction,experiments/crta_v3_stage_ladder_v3_lesions_v1/source_feature_colperm/kn2nh/dose_0.25/diabetes_history/seed_56/metrics.json,Existing scientific record; see category index
robustness/interaction,experiments/crta_v3_stage_ladder_v3_lesions_v1/source_feature_colperm/kn2nh/dose_0.25/diabetes_history/seed_57/metrics.json,Existing scientific record; see category index
robustness/interaction,experiments/crta_v3_stage_ladder_v3_lesions_v1/source_feature_colperm/kn2nh/dose_0.25/diabetes_history/seed_58/metrics.json,Existing scientific record; see category index
robustness/interaction,experiments/crta_v3_stage_ladder_v3_lesions_v1/source_feature_colperm/kn2nh/dose_0.25/diabetes_history/seed_59/metrics.json,Existing scientific record; see category index
robustness/interaction,experiments/crta_v3_stage_ladder_v3_lesions_v1/source_feature_colperm/kn2nh/dose_0.25/heart_attack_history/seed_50/metrics.json,Existing scientific record; see category index
robustness/interaction,experiments/crta_v3_stage_ladder_v3_lesions_v1/source_feature_colperm/kn2nh/dose_0.25/heart_attack_history/seed_51/metrics.json,Existing scientific record; see category index
robustness/interaction,experiments/crta_v3_stage_ladder_v3_lesions_v1/source_feature_colperm/kn2nh/dose_0.25/heart_attack_history/seed_52/metrics.json,Existing scientific record; see category index
robustness/interaction,experiments/crta_v3_stage_ladder_v3_lesions_v1/source_feature_colperm/kn2nh/dose_0.25/heart_attack_history/seed_53/metrics.json,Existing scientific record; see category index
robustness/interaction,experiments/crta_v3_stage_ladder_v3_lesions_v1/source_feature_colperm/kn2nh/dose_0.25/heart_attack_history/seed_54/metrics.json,Existing scientific record; see category index
robustness/interaction,experiments/crta_v3_stage_ladder_v3_lesions_v1/source_feature_colperm/kn2nh/dose_0.25/heart_attack_history/seed_55/metrics.json,Existing scientific record; see category index
robustness/interaction,experiments/crta_v3_stage_ladder_v3_lesions_v1/source_feature_colperm/kn2nh/dose_0.25/heart_attack_history/seed_56/metrics.json,Existing scientific record; see category index
robustness/interaction,experiments/crta_v3_stage_ladder_v3_lesions_v1/source_feature_colperm/kn2nh/dose_0.25/heart_attack_history/seed_57/metrics.json,Existing scientific record; see category index
robustness/interaction,experiments/crta_v3_stage_ladder_v3_lesions_v1/source_feature_colperm/kn2nh/dose_0.25/heart_attack_history/seed_58/metrics.json,Existing scientific record; see category index
robustness/interaction,experiments/crta_v3_stage_ladder_v3_lesions_v1/source_feature_colperm/kn2nh/dose_0.25/heart_attack_history/seed_59/metrics.json,Existing scientific record; see category index
robustness/interaction,experiments/crta_v3_stage_ladder_v3_lesions_v1/source_feature_colperm/kn2nh/dose_0.25/hypertension_history/seed_50/metrics.json,Existing scientific record; see category index
robustness/interaction,experiments/crta_v3_stage_ladder_v3_lesions_v1/source_feature_colperm/kn2nh/dose_0.25/hypertension_history/seed_51/metrics.json,Existing scientific record; see category index
robustness/interaction,experiments/crta_v3_stage_ladder_v3_lesions_v1/source_feature_colperm/kn2nh/dose_0.25/hypertension_history/seed_52/metrics.json,Existing scientific record; see category index
robustness/interaction,experiments/crta_v3_stage_ladder_v3_lesions_v1/source_feature_colperm/kn2nh/dose_0.25/hypertension_history/seed_53/metrics.json,Existing scientific record; see category index
robustness/interaction,experiments/crta_v3_stage_ladder_v3_lesions_v1/source_feature_colperm/kn2nh/dose_0.25/hypertension_history/seed_54/metrics.json,Existing scientific record; see category index
robustness/interaction,experiments/crta_v3_stage_ladder_v3_lesions_v1/source_feature_colperm/kn2nh/dose_0.25/hypertension_history/seed_55/metrics.json,Existing scientific record; see category index
robustness/interaction,experiments/crta_v3_stage_ladder_v3_lesions_v1/source_feature_colperm/kn2nh/dose_0.25/hypertension_history/seed_56/metrics.json,Existing scientific record; see category index
robustness/interaction,experiments/crta_v3_stage_ladder_v3_lesions_v1/source_feature_colperm/kn2nh/dose_0.25/hypertension_history/seed_57/metrics.json,Existing scientific record; see category index
robustness/interaction,experiments/crta_v3_stage_ladder_v3_lesions_v1/source_feature_colperm/kn2nh/dose_0.25/hypertension_history/seed_58/metrics.json,Existing scientific record; see category index
robustness/interaction,experiments/crta_v3_stage_ladder_v3_lesions_v1/source_feature_colperm/kn2nh/dose_0.25/hypertension_history/seed_59/metrics.json,Existing scientific record; see category index
robustness/interaction,experiments/crta_v3_stage_ladder_v3_lesions_v1/source_feature_colperm/kn2nh/dose_0.25/kidney_disease_history/seed_50/metrics.json,Existing scientific record; see category index
robustness/interaction,experiments/crta_v3_stage_ladder_v3_lesions_v1/source_feature_colperm/kn2nh/dose_0.25/kidney_disease_history/seed_51/metrics.json,Existing scientific record; see category index
robustness/interaction,experiments/crta_v3_stage_ladder_v3_lesions_v1/source_feature_colperm/kn2nh/dose_0.25/kidney_disease_history/seed_52/metrics.json,Existing scientific record; see category index
robustness/interaction,experiments/crta_v3_stage_ladder_v3_lesions_v1/source_feature_colperm/kn2nh/dose_0.25/kidney_disease_history/seed_53/metrics.json,Existing scientific record; see category index
robustness/interaction,experiments/crta_v3_stage_ladder_v3_lesions_v1/source_feature_colperm/kn2nh/dose_0.25/kidney_disease_history/seed_54/metrics.json,Existing scientific record; see category index
robustness/interaction,experiments/crta_v3_stage_ladder_v3_lesions_v1/source_feature_colperm/kn2nh/dose_0.25/kidney_disease_history/seed_55/metrics.json,Existing scientific record; see category index
robustness/interaction,experiments/crta_v3_stage_ladder_v3_lesions_v1/source_feature_colperm/kn2nh/dose_0.25/kidney_disease_history/seed_56/metrics.json,Existing scientific record; see category index
robustness/interaction,experiments/crta_v3_stage_ladder_v3_lesions_v1/source_feature_colperm/kn2nh/dose_0.25/kidney_disease_history/seed_57/metrics.json,Existing scientific record; see category index
robustness/interaction,experiments/crta_v3_stage_ladder_v3_lesions_v1/source_feature_colperm/kn2nh/dose_0.25/kidney_disease_history/seed_58/metrics.json,Existing scientific record; see category index
robustness/interaction,experiments/crta_v3_stage_ladder_v3_lesions_v1/source_feature_colperm/kn2nh/dose_0.25/kidney_disease_history/seed_59/metrics.json,Existing scientific record; see category index
robustness/interaction,experiments/crta_v3_stage_ladder_v3_lesions_v1/source_feature_colperm/kn2nh/dose_0.25/stroke_history/seed_50/metrics.json,Existing scientific record; see category index
robustness/interaction,experiments/crta_v3_stage_ladder_v3_lesions_v1/source_feature_colperm/kn2nh/dose_0.25/stroke_history/seed_51/metrics.json,Existing scientific record; see category index
robustness/interaction,experiments/crta_v3_stage_ladder_v3_lesions_v1/source_feature_colperm/kn2nh/dose_0.25/stroke_history/seed_52/metrics.json,Existing scientific record; see category index
robustness/interaction,experiments/crta_v3_stage_ladder_v3_lesions_v1/source_feature_colperm/kn2nh/dose_0.25/stroke_history/seed_53/metrics.json,Existing scientific record; see category index
robustness/interaction,experiments/crta_v3_stage_ladder_v3_lesions_v1/source_feature_colperm/kn2nh/dose_0.25/stroke_history/seed_54/metrics.json,Existing scientific record; see category index
robustness/interaction,experiments/crta_v3_stage_ladder_v3_lesions_v1/source_feature_colperm/kn2nh/dose_0.25/stroke_history/seed_55/metrics.json,Existing scientific record; see category index
robustness/interaction,experiments/crta_v3_stage_ladder_v3_lesions_v1/source_feature_colperm/kn2nh/dose_0.25/stroke_history/seed_56/metrics.json,Existing scientific record; see category index
robustness/interaction,experiments/crta_v3_stage_ladder_v3_lesions_v1/source_feature_colperm/kn2nh/dose_0.25/stroke_history/seed_57/metrics.json,Existing scientific record; see category index
robustness/interaction,experiments/crta_v3_stage_ladder_v3_lesions_v1/source_feature_colperm/kn2nh/dose_0.25/stroke_history/seed_58/metrics.json,Existing scientific record; see category index
robustness/interaction,experiments/crta_v3_stage_ladder_v3_lesions_v1/source_feature_colperm/kn2nh/dose_0.25/stroke_history/seed_59/metrics.json,Existing scientific record; see category index
robustness/interaction,experiments/crta_v3_stage_ladder_v3_lesions_v1/source_feature_colperm/kn2nh/dose_0.50/LESION_AUDIT_V1.json,Existing scientific record; see category index
robustness/interaction,experiments/crta_v3_stage_ladder_v3_lesions_v1/source_feature_colperm/kn2nh/dose_0.50/angina_history/seed_50/metrics.json,Existing scientific record; see category index
robustness/interaction,experiments/crta_v3_stage_ladder_v3_lesions_v1/source_feature_colperm/kn2nh/dose_0.50/angina_history/seed_51/metrics.json,Existing scientific record; see category index
robustness/interaction,experiments/crta_v3_stage_ladder_v3_lesions_v1/source_feature_colperm/kn2nh/dose_0.50/angina_history/seed_52/metrics.json,Existing scientific record; see category index
robustness/interaction,experiments/crta_v3_stage_ladder_v3_lesions_v1/source_feature_colperm/kn2nh/dose_0.50/angina_history/seed_53/metrics.json,Existing scientific record; see category index
robustness/interaction,experiments/crta_v3_stage_ladder_v3_lesions_v1/source_feature_colperm/kn2nh/dose_0.50/angina_history/seed_54/metrics.json,Existing scientific record; see category index
robustness/interaction,experiments/crta_v3_stage_ladder_v3_lesions_v1/source_feature_colperm/kn2nh/dose_0.50/angina_history/seed_55/metrics.json,Existing scientific record; see category index
robustness/interaction,experiments/crta_v3_stage_ladder_v3_lesions_v1/source_feature_colperm/kn2nh/dose_0.50/angina_history/seed_56/metrics.json,Existing scientific record; see category index
robustness/interaction,experiments/crta_v3_stage_ladder_v3_lesions_v1/source_feature_colperm/kn2nh/dose_0.50/angina_history/seed_57/metrics.json,Existing scientific record; see category index
robustness/interaction,experiments/crta_v3_stage_ladder_v3_lesions_v1/source_feature_colperm/kn2nh/dose_0.50/angina_history/seed_58/metrics.json,Existing scientific record; see category index
robustness/interaction,experiments/crta_v3_stage_ladder_v3_lesions_v1/source_feature_colperm/kn2nh/dose_0.50/angina_history/seed_59/metrics.json,Existing scientific record; see category index
robustness/interaction,experiments/crta_v3_stage_ladder_v3_lesions_v1/source_feature_colperm/kn2nh/dose_0.50/arthritis_history/seed_50/metrics.json,Existing scientific record; see category index
robustness/interaction,experiments/crta_v3_stage_ladder_v3_lesions_v1/source_feature_colperm/kn2nh/dose_0.50/arthritis_history/seed_51/metrics.json,Existing scientific record; see category index
robustness/interaction,experiments/crta_v3_stage_ladder_v3_lesions_v1/source_feature_colperm/kn2nh/dose_0.50/arthritis_history/seed_52/metrics.json,Existing scientific record; see category index
robustness/interaction,experiments/crta_v3_stage_ladder_v3_lesions_v1/source_feature_colperm/kn2nh/dose_0.50/arthritis_history/seed_53/metrics.json,Existing scientific record; see category index
robustness/interaction,experiments/crta_v3_stage_ladder_v3_lesions_v1/source_feature_colperm/kn2nh/dose_0.50/arthritis_history/seed_54/metrics.json,Existing scientific record; see category index
robustness/interaction,experiments/crta_v3_stage_ladder_v3_lesions_v1/source_feature_colperm/kn2nh/dose_0.50/arthritis_history/seed_55/metrics.json,Existing scientific record; see category index
robustness/interaction,experiments/crta_v3_stage_ladder_v3_lesions_v1/source_feature_colperm/kn2nh/dose_0.50/arthritis_history/seed_56/metrics.json,Existing scientific record; see category index
robustness/interaction,experiments/crta_v3_stage_ladder_v3_lesions_v1/source_feature_colperm/kn2nh/dose_0.50/arthritis_history/seed_57/metrics.json,Existing scientific record; see category index
robustness/interaction,experiments/crta_v3_stage_ladder_v3_lesions_v1/source_feature_colperm/kn2nh/dose_0.50/arthritis_history/seed_58/metrics.json,Existing scientific record; see category index
robustness/interaction,experiments/crta_v3_stage_ladder_v3_lesions_v1/source_feature_colperm/kn2nh/dose_0.50/arthritis_history/seed_59/metrics.json,Existing scientific record; see category index
robustness/interaction,experiments/crta_v3_stage_ladder_v3_lesions_v1/source_feature_colperm/kn2nh/dose_0.50/asthma_history/seed_50/metrics.json,Existing scientific record; see category index
robustness/interaction,experiments/crta_v3_stage_ladder_v3_lesions_v1/source_feature_colperm/kn2nh/dose_0.50/asthma_history/seed_51/metrics.json,Existing scientific record; see category index
robustness/interaction,experiments/crta_v3_stage_ladder_v3_lesions_v1/source_feature_colperm/kn2nh/dose_0.50/asthma_history/seed_52/metrics.json,Existing scientific record; see category index
robustness/interaction,experiments/crta_v3_stage_ladder_v3_lesions_v1/source_feature_colperm/kn2nh/dose_0.50/asthma_history/seed_53/metrics.json,Existing scientific record; see category index
robustness/interaction,experiments/crta_v3_stage_ladder_v3_lesions_v1/source_feature_colperm/kn2nh/dose_0.50/asthma_history/seed_54/metrics.json,Existing scientific record; see category index
robustness/interaction,experiments/crta_v3_stage_ladder_v3_lesions_v1/source_feature_colperm/kn2nh/dose_0.50/asthma_history/seed_55/metrics.json,Existing scientific record; see category index
robustness/interaction,experiments/crta_v3_stage_ladder_v3_lesions_v1/source_feature_colperm/kn2nh/dose_0.50/asthma_history/seed_56/metrics.json,Existing scientific record; see category index
robustness/interaction,experiments/crta_v3_stage_ladder_v3_lesions_v1/source_feature_colperm/kn2nh/dose_0.50/asthma_history/seed_57/metrics.json,Existing scientific record; see category index
robustness/interaction,experiments/crta_v3_stage_ladder_v3_lesions_v1/source_feature_colperm/kn2nh/dose_0.50/asthma_history/seed_58/metrics.json,Existing scientific record; see category index
robustness/interaction,experiments/crta_v3_stage_ladder_v3_lesions_v1/source_feature_colperm/kn2nh/dose_0.50/asthma_history/seed_59/metrics.json,Existing scientific record; see category index
robustness/interaction,experiments/crta_v3_stage_ladder_v3_lesions_v1/source_feature_colperm/kn2nh/dose_0.50/cancer_history/seed_50/metrics.json,Existing scientific record; see category index
robustness/interaction,experiments/crta_v3_stage_ladder_v3_lesions_v1/source_feature_colperm/kn2nh/dose_0.50/cancer_history/seed_51/metrics.json,Existing scientific record; see category index
robustness/interaction,experiments/crta_v3_stage_ladder_v3_lesions_v1/source_feature_colperm/kn2nh/dose_0.50/cancer_history/seed_52/metrics.json,Existing scientific record; see category index
robustness/interaction,experiments/crta_v3_stage_ladder_v3_lesions_v1/source_feature_colperm/kn2nh/dose_0.50/cancer_history/seed_53/metrics.json,Existing scientific record; see category index
robustness/interaction,experiments/crta_v3_stage_ladder_v3_lesions_v1/source_feature_colperm/kn2nh/dose_0.50/cancer_history/seed_54/metrics.json,Existing scientific record; see category index
robustness/interaction,experiments/crta_v3_stage_ladder_v3_lesions_v1/source_feature_colperm/kn2nh/dose_0.50/cancer_history/seed_55/metrics.json,Existing scientific record; see category index
robustness/interaction,experiments/crta_v3_stage_ladder_v3_lesions_v1/source_feature_colperm/kn2nh/dose_0.50/cancer_history/seed_56/metrics.json,Existing scientific record; see category index
robustness/interaction,experiments/crta_v3_stage_ladder_v3_lesions_v1/source_feature_colperm/kn2nh/dose_0.50/cancer_history/seed_57/metrics.json,Existing scientific record; see category index
robustness/interaction,experiments/crta_v3_stage_ladder_v3_lesions_v1/source_feature_colperm/kn2nh/dose_0.50/cancer_history/seed_58/metrics.json,Existing scientific record; see category index
robustness/interaction,experiments/crta_v3_stage_ladder_v3_lesions_v1/source_feature_colperm/kn2nh/dose_0.50/cancer_history/seed_59/metrics.json,Existing scientific record; see category index
robustness/interaction,experiments/crta_v3_stage_ladder_v3_lesions_v1/source_feature_colperm/kn2nh/dose_0.50/current_smoking_status/seed_50/metrics.json,Existing scientific record; see category index
robustness/interaction,experiments/crta_v3_stage_ladder_v3_lesions_v1/source_feature_colperm/kn2nh/dose_0.50/current_smoking_status/seed_51/metrics.json,Existing scientific record; see category index
robustness/interaction,experiments/crta_v3_stage_ladder_v3_lesions_v1/source_feature_colperm/kn2nh/dose_0.50/current_smoking_status/seed_52/metrics.json,Existing scientific record; see category index
robustness/interaction,experiments/crta_v3_stage_ladder_v3_lesions_v1/source_feature_colperm/kn2nh/dose_0.50/current_smoking_status/seed_53/metrics.json,Existing scientific record; see category index
robustness/interaction,experiments/crta_v3_stage_ladder_v3_lesions_v1/source_feature_colperm/kn2nh/dose_0.50/current_smoking_status/seed_54/metrics.json,Existing scientific record; see category index
robustness/interaction,experiments/crta_v3_stage_ladder_v3_lesions_v1/source_feature_colperm/kn2nh/dose_0.50/current_smoking_status/seed_55/metrics.json,Existing scientific record; see category index
robustness/interaction,experiments/crta_v3_stage_ladder_v3_lesions_v1/source_feature_colperm/kn2nh/dose_0.50/current_smoking_status/seed_56/metrics.json,Existing scientific record; see category index
robustness/interaction,experiments/crta_v3_stage_ladder_v3_lesions_v1/source_feature_colperm/kn2nh/dose_0.50/current_smoking_status/seed_57/metrics.json,Existing scientific record; see category index
robustness/interaction,experiments/crta_v3_stage_ladder_v3_lesions_v1/source_feature_colperm/kn2nh/dose_0.50/current_smoking_status/seed_58/metrics.json,Existing scientific record; see category index
robustness/interaction,experiments/crta_v3_stage_ladder_v3_lesions_v1/source_feature_colperm/kn2nh/dose_0.50/current_smoking_status/seed_59/metrics.json,Existing scientific record; see category index
robustness/interaction,experiments/crta_v3_stage_ladder_v3_lesions_v1/source_feature_colperm/kn2nh/dose_0.50/diabetes_history/seed_50/metrics.json,Existing scientific record; see category index
robustness/interaction,experiments/crta_v3_stage_ladder_v3_lesions_v1/source_feature_colperm/kn2nh/dose_0.50/diabetes_history/seed_51/metrics.json,Existing scientific record; see category index
robustness/interaction,experiments/crta_v3_stage_ladder_v3_lesions_v1/source_feature_colperm/kn2nh/dose_0.50/diabetes_history/seed_52/metrics.json,Existing scientific record; see category index
robustness/interaction,experiments/crta_v3_stage_ladder_v3_lesions_v1/source_feature_colperm/kn2nh/dose_0.50/diabetes_history/seed_53/metrics.json,Existing scientific record; see category index
robustness/interaction,experiments/crta_v3_stage_ladder_v3_lesions_v1/source_feature_colperm/kn2nh/dose_0.50/diabetes_history/seed_54/metrics.json,Existing scientific record; see category index
robustness/interaction,experiments/crta_v3_stage_ladder_v3_lesions_v1/source_feature_colperm/kn2nh/dose_0.50/diabetes_history/seed_55/metrics.json,Existing scientific record; see category index
robustness/interaction,experiments/crta_v3_stage_ladder_v3_lesions_v1/source_feature_colperm/kn2nh/dose_0.50/diabetes_history/seed_56/metrics.json,Existing scientific record; see category index
robustness/interaction,experiments/crta_v3_stage_ladder_v3_lesions_v1/source_feature_colperm/kn2nh/dose_0.50/diabetes_history/seed_57/metrics.json,Existing scientific record; see category index
robustness/interaction,experiments/crta_v3_stage_ladder_v3_lesions_v1/source_feature_colperm/kn2nh/dose_0.50/diabetes_history/seed_58/metrics.json,Existing scientific record; see category index
robustness/interaction,experiments/crta_v3_stage_ladder_v3_lesions_v1/source_feature_colperm/kn2nh/dose_0.50/diabetes_history/seed_59/metrics.json,Existing scientific record; see category index
robustness/interaction,experiments/crta_v3_stage_ladder_v3_lesions_v1/source_feature_colperm/kn2nh/dose_0.50/heart_attack_history/seed_50/metrics.json,Existing scientific record; see category index
robustness/interaction,experiments/crta_v3_stage_ladder_v3_lesions_v1/source_feature_colperm/kn2nh/dose_0.50/heart_attack_history/seed_51/metrics.json,Existing scientific record; see category index
robustness/interaction,experiments/crta_v3_stage_ladder_v3_lesions_v1/source_feature_colperm/kn2nh/dose_0.50/heart_attack_history/seed_52/metrics.json,Existing scientific record; see category index
robustness/interaction,experiments/crta_v3_stage_ladder_v3_lesions_v1/source_feature_colperm/kn2nh/dose_0.50/heart_attack_history/seed_53/metrics.json,Existing scientific record; see category index
robustness/interaction,experiments/crta_v3_stage_ladder_v3_lesions_v1/source_feature_colperm/kn2nh/dose_0.50/heart_attack_history/seed_54/metrics.json,Existing scientific record; see category index
robustness/interaction,experiments/crta_v3_stage_ladder_v3_lesions_v1/source_feature_colperm/kn2nh/dose_0.50/heart_attack_history/seed_55/metrics.json,Existing scientific record; see category index
robustness/interaction,experiments/crta_v3_stage_ladder_v3_lesions_v1/source_feature_colperm/kn2nh/dose_0.50/heart_attack_history/seed_56/metrics.json,Existing scientific record; see category index
robustness/interaction,experiments/crta_v3_stage_ladder_v3_lesions_v1/source_feature_colperm/kn2nh/dose_0.50/heart_attack_history/seed_57/metrics.json,Existing scientific record; see category index
robustness/interaction,experiments/crta_v3_stage_ladder_v3_lesions_v1/source_feature_colperm/kn2nh/dose_0.50/heart_attack_history/seed_58/metrics.json,Existing scientific record; see category index
robustness/interaction,experiments/crta_v3_stage_ladder_v3_lesions_v1/source_feature_colperm/kn2nh/dose_0.50/heart_attack_history/seed_59/metrics.json,Existing scientific record; see category index
robustness/interaction,experiments/crta_v3_stage_ladder_v3_lesions_v1/source_feature_colperm/kn2nh/dose_0.50/hypertension_history/seed_50/metrics.json,Existing scientific record; see category index
robustness/interaction,experiments/crta_v3_stage_ladder_v3_lesions_v1/source_feature_colperm/kn2nh/dose_0.50/hypertension_history/seed_51/metrics.json,Existing scientific record; see category index
robustness/interaction,experiments/crta_v3_stage_ladder_v3_lesions_v1/source_feature_colperm/kn2nh/dose_0.50/hypertension_history/seed_52/metrics.json,Existing scientific record; see category index
robustness/interaction,experiments/crta_v3_stage_ladder_v3_lesions_v1/source_feature_colperm/kn2nh/dose_0.50/hypertension_history/seed_53/metrics.json,Existing scientific record; see category index
robustness/interaction,experiments/crta_v3_stage_ladder_v3_lesions_v1/source_feature_colperm/kn2nh/dose_0.50/hypertension_history/seed_54/metrics.json,Existing scientific record; see category index
robustness/interaction,experiments/crta_v3_stage_ladder_v3_lesions_v1/source_feature_colperm/kn2nh/dose_0.50/hypertension_history/seed_55/metrics.json,Existing scientific record; see category index
robustness/interaction,experiments/crta_v3_stage_ladder_v3_lesions_v1/source_feature_colperm/kn2nh/dose_0.50/hypertension_history/seed_56/metrics.json,Existing scientific record; see category index
robustness/interaction,experiments/crta_v3_stage_ladder_v3_lesions_v1/source_feature_colperm/kn2nh/dose_0.50/hypertension_history/seed_57/metrics.json,Existing scientific record; see category index
robustness/interaction,experiments/crta_v3_stage_ladder_v3_lesions_v1/source_feature_colperm/kn2nh/dose_0.50/hypertension_history/seed_58/metrics.json,Existing scientific record; see category index
robustness/interaction,experiments/crta_v3_stage_ladder_v3_lesions_v1/source_feature_colperm/kn2nh/dose_0.50/hypertension_history/seed_59/metrics.json,Existing scientific record; see category index
robustness/interaction,experiments/crta_v3_stage_ladder_v3_lesions_v1/source_feature_colperm/kn2nh/dose_0.50/kidney_disease_history/seed_50/metrics.json,Existing scientific record; see category index
robustness/interaction,experiments/crta_v3_stage_ladder_v3_lesions_v1/source_feature_colperm/kn2nh/dose_0.50/kidney_disease_history/seed_51/metrics.json,Existing scientific record; see category index
robustness/interaction,experiments/crta_v3_stage_ladder_v3_lesions_v1/source_feature_colperm/kn2nh/dose_0.50/kidney_disease_history/seed_52/metrics.json,Existing scientific record; see category index
robustness/interaction,experiments/crta_v3_stage_ladder_v3_lesions_v1/source_feature_colperm/kn2nh/dose_0.50/kidney_disease_history/seed_53/metrics.json,Existing scientific record; see category index
robustness/interaction,experiments/crta_v3_stage_ladder_v3_lesions_v1/source_feature_colperm/kn2nh/dose_0.50/kidney_disease_history/seed_54/metrics.json,Existing scientific record; see category index
robustness/interaction,experiments/crta_v3_stage_ladder_v3_lesions_v1/source_feature_colperm/kn2nh/dose_0.50/kidney_disease_history/seed_55/metrics.json,Existing scientific record; see category index
robustness/interaction,experiments/crta_v3_stage_ladder_v3_lesions_v1/source_feature_colperm/kn2nh/dose_0.50/kidney_disease_history/seed_56/metrics.json,Existing scientific record; see category index
robustness/interaction,experiments/crta_v3_stage_ladder_v3_lesions_v1/source_feature_colperm/kn2nh/dose_0.50/kidney_disease_history/seed_57/metrics.json,Existing scientific record; see category index
robustness/interaction,experiments/crta_v3_stage_ladder_v3_lesions_v1/source_feature_colperm/kn2nh/dose_0.50/kidney_disease_history/seed_58/metrics.json,Existing scientific record; see category index
robustness/interaction,experiments/crta_v3_stage_ladder_v3_lesions_v1/source_feature_colperm/kn2nh/dose_0.50/kidney_disease_history/seed_59/metrics.json,Existing scientific record; see category index
robustness/interaction,experiments/crta_v3_stage_ladder_v3_lesions_v1/source_feature_colperm/kn2nh/dose_0.50/stroke_history/seed_50/metrics.json,Existing scientific record; see category index
robustness/interaction,experiments/crta_v3_stage_ladder_v3_lesions_v1/source_feature_colperm/kn2nh/dose_0.50/stroke_history/seed_51/metrics.json,Existing scientific record; see category index
robustness/interaction,experiments/crta_v3_stage_ladder_v3_lesions_v1/source_feature_colperm/kn2nh/dose_0.50/stroke_history/seed_52/metrics.json,Existing scientific record; see category index
robustness/interaction,experiments/crta_v3_stage_ladder_v3_lesions_v1/source_feature_colperm/kn2nh/dose_0.50/stroke_history/seed_53/metrics.json,Existing scientific record; see category index
robustness/interaction,experiments/crta_v3_stage_ladder_v3_lesions_v1/source_feature_colperm/kn2nh/dose_0.50/stroke_history/seed_54/metrics.json,Existing scientific record; see category index
robustness/interaction,experiments/crta_v3_stage_ladder_v3_lesions_v1/source_feature_colperm/kn2nh/dose_0.50/stroke_history/seed_55/metrics.json,Existing scientific record; see category index
robustness/interaction,experiments/crta_v3_stage_ladder_v3_lesions_v1/source_feature_colperm/kn2nh/dose_0.50/stroke_history/seed_56/metrics.json,Existing scientific record; see category index
robustness/interaction,experiments/crta_v3_stage_ladder_v3_lesions_v1/source_feature_colperm/kn2nh/dose_0.50/stroke_history/seed_57/metrics.json,Existing scientific record; see category index
robustness/interaction,experiments/crta_v3_stage_ladder_v3_lesions_v1/source_feature_colperm/kn2nh/dose_0.50/stroke_history/seed_58/metrics.json,Existing scientific record; see category index
robustness/interaction,experiments/crta_v3_stage_ladder_v3_lesions_v1/source_feature_colperm/kn2nh/dose_0.50/stroke_history/seed_59/metrics.json,Existing scientific record; see category index
robustness/interaction,experiments/crta_v3_stage_ladder_v3_lesions_v1/source_feature_colperm/kn2nh/dose_0.75/LESION_AUDIT_V1.json,Existing scientific record; see category index
robustness/interaction,experiments/crta_v3_stage_ladder_v3_lesions_v1/source_feature_colperm/kn2nh/dose_0.75/angina_history/seed_50/metrics.json,Existing scientific record; see category index
robustness/interaction,experiments/crta_v3_stage_ladder_v3_lesions_v1/source_feature_colperm/kn2nh/dose_0.75/angina_history/seed_51/metrics.json,Existing scientific record; see category index
robustness/interaction,experiments/crta_v3_stage_ladder_v3_lesions_v1/source_feature_colperm/kn2nh/dose_0.75/angina_history/seed_52/metrics.json,Existing scientific record; see category index
robustness/interaction,experiments/crta_v3_stage_ladder_v3_lesions_v1/source_feature_colperm/kn2nh/dose_0.75/angina_history/seed_53/metrics.json,Existing scientific record; see category index
robustness/interaction,experiments/crta_v3_stage_ladder_v3_lesions_v1/source_feature_colperm/kn2nh/dose_0.75/angina_history/seed_54/metrics.json,Existing scientific record; see category index
robustness/interaction,experiments/crta_v3_stage_ladder_v3_lesions_v1/source_feature_colperm/kn2nh/dose_0.75/angina_history/seed_55/metrics.json,Existing scientific record; see category index
robustness/interaction,experiments/crta_v3_stage_ladder_v3_lesions_v1/source_feature_colperm/kn2nh/dose_0.75/angina_history/seed_56/metrics.json,Existing scientific record; see category index
robustness/interaction,experiments/crta_v3_stage_ladder_v3_lesions_v1/source_feature_colperm/kn2nh/dose_0.75/angina_history/seed_57/metrics.json,Existing scientific record; see category index
robustness/interaction,experiments/crta_v3_stage_ladder_v3_lesions_v1/source_feature_colperm/kn2nh/dose_0.75/angina_history/seed_58/metrics.json,Existing scientific record; see category index
robustness/interaction,experiments/crta_v3_stage_ladder_v3_lesions_v1/source_feature_colperm/kn2nh/dose_0.75/angina_history/seed_59/metrics.json,Existing scientific record; see category index
robustness/interaction,experiments/crta_v3_stage_ladder_v3_lesions_v1/source_feature_colperm/kn2nh/dose_0.75/arthritis_history/seed_50/metrics.json,Existing scientific record; see category index
robustness/interaction,experiments/crta_v3_stage_ladder_v3_lesions_v1/source_feature_colperm/kn2nh/dose_0.75/arthritis_history/seed_51/metrics.json,Existing scientific record; see category index
robustness/interaction,experiments/crta_v3_stage_ladder_v3_lesions_v1/source_feature_colperm/kn2nh/dose_0.75/arthritis_history/seed_52/metrics.json,Existing scientific record; see category index
robustness/interaction,experiments/crta_v3_stage_ladder_v3_lesions_v1/source_feature_colperm/kn2nh/dose_0.75/arthritis_history/seed_53/metrics.json,Existing scientific record; see category index
robustness/interaction,experiments/crta_v3_stage_ladder_v3_lesions_v1/source_feature_colperm/kn2nh/dose_0.75/arthritis_history/seed_54/metrics.json,Existing scientific record; see category index
robustness/interaction,experiments/crta_v3_stage_ladder_v3_lesions_v1/source_feature_colperm/kn2nh/dose_0.75/arthritis_history/seed_55/metrics.json,Existing scientific record; see category index
robustness/interaction,experiments/crta_v3_stage_ladder_v3_lesions_v1/source_feature_colperm/kn2nh/dose_0.75/arthritis_history/seed_56/metrics.json,Existing scientific record; see category index
robustness/interaction,experiments/crta_v3_stage_ladder_v3_lesions_v1/source_feature_colperm/kn2nh/dose_0.75/arthritis_history/seed_57/metrics.json,Existing scientific record; see category index
robustness/interaction,experiments/crta_v3_stage_ladder_v3_lesions_v1/source_feature_colperm/kn2nh/dose_0.75/arthritis_history/seed_58/metrics.json,Existing scientific record; see category index
robustness/interaction,experiments/crta_v3_stage_ladder_v3_lesions_v1/source_feature_colperm/kn2nh/dose_0.75/arthritis_history/seed_59/metrics.json,Existing scientific record; see category index
robustness/interaction,experiments/crta_v3_stage_ladder_v3_lesions_v1/source_feature_colperm/kn2nh/dose_0.75/asthma_history/seed_50/metrics.json,Existing scientific record; see category index
robustness/interaction,experiments/crta_v3_stage_ladder_v3_lesions_v1/source_feature_colperm/kn2nh/dose_0.75/asthma_history/seed_51/metrics.json,Existing scientific record; see category index
robustness/interaction,experiments/crta_v3_stage_ladder_v3_lesions_v1/source_feature_colperm/kn2nh/dose_0.75/asthma_history/seed_52/metrics.json,Existing scientific record; see category index
robustness/interaction,experiments/crta_v3_stage_ladder_v3_lesions_v1/source_feature_colperm/kn2nh/dose_0.75/asthma_history/seed_53/metrics.json,Existing scientific record; see category index
robustness/interaction,experiments/crta_v3_stage_ladder_v3_lesions_v1/source_feature_colperm/kn2nh/dose_0.75/asthma_history/seed_54/metrics.json,Existing scientific record; see category index
robustness/interaction,experiments/crta_v3_stage_ladder_v3_lesions_v1/source_feature_colperm/kn2nh/dose_0.75/asthma_history/seed_55/metrics.json,Existing scientific record; see category index
robustness/interaction,experiments/crta_v3_stage_ladder_v3_lesions_v1/source_feature_colperm/kn2nh/dose_0.75/asthma_history/seed_56/metrics.json,Existing scientific record; see category index
robustness/interaction,experiments/crta_v3_stage_ladder_v3_lesions_v1/source_feature_colperm/kn2nh/dose_0.75/asthma_history/seed_57/metrics.json,Existing scientific record; see category index
robustness/interaction,experiments/crta_v3_stage_ladder_v3_lesions_v1/source_feature_colperm/kn2nh/dose_0.75/asthma_history/seed_58/metrics.json,Existing scientific record; see category index
robustness/interaction,experiments/crta_v3_stage_ladder_v3_lesions_v1/source_feature_colperm/kn2nh/dose_0.75/asthma_history/seed_59/metrics.json,Existing scientific record; see category index
robustness/interaction,experiments/crta_v3_stage_ladder_v3_lesions_v1/source_feature_colperm/kn2nh/dose_0.75/cancer_history/seed_50/metrics.json,Existing scientific record; see category index
robustness/interaction,experiments/crta_v3_stage_ladder_v3_lesions_v1/source_feature_colperm/kn2nh/dose_0.75/cancer_history/seed_51/metrics.json,Existing scientific record; see category index
robustness/interaction,experiments/crta_v3_stage_ladder_v3_lesions_v1/source_feature_colperm/kn2nh/dose_0.75/cancer_history/seed_52/metrics.json,Existing scientific record; see category index
robustness/interaction,experiments/crta_v3_stage_ladder_v3_lesions_v1/source_feature_colperm/kn2nh/dose_0.75/cancer_history/seed_53/metrics.json,Existing scientific record; see category index
robustness/interaction,experiments/crta_v3_stage_ladder_v3_lesions_v1/source_feature_colperm/kn2nh/dose_0.75/cancer_history/seed_54/metrics.json,Existing scientific record; see category index
robustness/interaction,experiments/crta_v3_stage_ladder_v3_lesions_v1/source_feature_colperm/kn2nh/dose_0.75/cancer_history/seed_55/metrics.json,Existing scientific record; see category index
robustness/interaction,experiments/crta_v3_stage_ladder_v3_lesions_v1/source_feature_colperm/kn2nh/dose_0.75/cancer_history/seed_56/metrics.json,Existing scientific record; see category index
robustness/interaction,experiments/crta_v3_stage_ladder_v3_lesions_v1/source_feature_colperm/kn2nh/dose_0.75/cancer_history/seed_57/metrics.json,Existing scientific record; see category index
robustness/interaction,experiments/crta_v3_stage_ladder_v3_lesions_v1/source_feature_colperm/kn2nh/dose_0.75/cancer_history/seed_58/metrics.json,Existing scientific record; see category index
robustness/interaction,experiments/crta_v3_stage_ladder_v3_lesions_v1/source_feature_colperm/kn2nh/dose_0.75/cancer_history/seed_59/metrics.json,Existing scientific record; see category index
robustness/interaction,experiments/crta_v3_stage_ladder_v3_lesions_v1/source_feature_colperm/kn2nh/dose_0.75/current_smoking_status/seed_50/metrics.json,Existing scientific record; see category index
robustness/interaction,experiments/crta_v3_stage_ladder_v3_lesions_v1/source_feature_colperm/kn2nh/dose_0.75/current_smoking_status/seed_51/metrics.json,Existing scientific record; see category index
robustness/interaction,experiments/crta_v3_stage_ladder_v3_lesions_v1/source_feature_colperm/kn2nh/dose_0.75/current_smoking_status/seed_52/metrics.json,Existing scientific record; see category index
robustness/interaction,experiments/crta_v3_stage_ladder_v3_lesions_v1/source_feature_colperm/kn2nh/dose_0.75/current_smoking_status/seed_53/metrics.json,Existing scientific record; see category index
robustness/interaction,experiments/crta_v3_stage_ladder_v3_lesions_v1/source_feature_colperm/kn2nh/dose_0.75/current_smoking_status/seed_54/metrics.json,Existing scientific record; see category index
robustness/interaction,experiments/crta_v3_stage_ladder_v3_lesions_v1/source_feature_colperm/kn2nh/dose_0.75/current_smoking_status/seed_55/metrics.json,Existing scientific record; see category index
robustness/interaction,experiments/crta_v3_stage_ladder_v3_lesions_v1/source_feature_colperm/kn2nh/dose_0.75/current_smoking_status/seed_56/metrics.json,Existing scientific record; see category index
robustness/interaction,experiments/crta_v3_stage_ladder_v3_lesions_v1/source_feature_colperm/kn2nh/dose_0.75/current_smoking_status/seed_57/metrics.json,Existing scientific record; see category index
robustness/interaction,experiments/crta_v3_stage_ladder_v3_lesions_v1/source_feature_colperm/kn2nh/dose_0.75/current_smoking_status/seed_58/metrics.json,Existing scientific record; see category index
robustness/interaction,experiments/crta_v3_stage_ladder_v3_lesions_v1/source_feature_colperm/kn2nh/dose_0.75/current_smoking_status/seed_59/metrics.json,Existing scientific record; see category index
robustness/interaction,experiments/crta_v3_stage_ladder_v3_lesions_v1/source_feature_colperm/kn2nh/dose_0.75/diabetes_history/seed_50/metrics.json,Existing scientific record; see category index
robustness/interaction,experiments/crta_v3_stage_ladder_v3_lesions_v1/source_feature_colperm/kn2nh/dose_0.75/diabetes_history/seed_51/metrics.json,Existing scientific record; see category index
robustness/interaction,experiments/crta_v3_stage_ladder_v3_lesions_v1/source_feature_colperm/kn2nh/dose_0.75/diabetes_history/seed_52/metrics.json,Existing scientific record; see category index
robustness/interaction,experiments/crta_v3_stage_ladder_v3_lesions_v1/source_feature_colperm/kn2nh/dose_0.75/diabetes_history/seed_53/metrics.json,Existing scientific record; see category index
robustness/interaction,experiments/crta_v3_stage_ladder_v3_lesions_v1/source_feature_colperm/kn2nh/dose_0.75/diabetes_history/seed_54/metrics.json,Existing scientific record; see category index
robustness/interaction,experiments/crta_v3_stage_ladder_v3_lesions_v1/source_feature_colperm/kn2nh/dose_0.75/diabetes_history/seed_55/metrics.json,Existing scientific record; see category index
robustness/interaction,experiments/crta_v3_stage_ladder_v3_lesions_v1/source_feature_colperm/kn2nh/dose_0.75/diabetes_history/seed_56/metrics.json,Existing scientific record; see category index
robustness/interaction,experiments/crta_v3_stage_ladder_v3_lesions_v1/source_feature_colperm/kn2nh/dose_0.75/diabetes_history/seed_57/metrics.json,Existing scientific record; see category index
robustness/interaction,experiments/crta_v3_stage_ladder_v3_lesions_v1/source_feature_colperm/kn2nh/dose_0.75/diabetes_history/seed_58/metrics.json,Existing scientific record; see category index
robustness/interaction,experiments/crta_v3_stage_ladder_v3_lesions_v1/source_feature_colperm/kn2nh/dose_0.75/diabetes_history/seed_59/metrics.json,Existing scientific record; see category index
robustness/interaction,experiments/crta_v3_stage_ladder_v3_lesions_v1/source_feature_colperm/kn2nh/dose_0.75/heart_attack_history/seed_50/metrics.json,Existing scientific record; see category index
robustness/interaction,experiments/crta_v3_stage_ladder_v3_lesions_v1/source_feature_colperm/kn2nh/dose_0.75/heart_attack_history/seed_51/metrics.json,Existing scientific record; see category index
robustness/interaction,experiments/crta_v3_stage_ladder_v3_lesions_v1/source_feature_colperm/kn2nh/dose_0.75/heart_attack_history/seed_52/metrics.json,Existing scientific record; see category index
robustness/interaction,experiments/crta_v3_stage_ladder_v3_lesions_v1/source_feature_colperm/kn2nh/dose_0.75/heart_attack_history/seed_53/metrics.json,Existing scientific record; see category index
robustness/interaction,experiments/crta_v3_stage_ladder_v3_lesions_v1/source_feature_colperm/kn2nh/dose_0.75/heart_attack_history/seed_54/metrics.json,Existing scientific record; see category index
robustness/interaction,experiments/crta_v3_stage_ladder_v3_lesions_v1/source_feature_colperm/kn2nh/dose_0.75/heart_attack_history/seed_55/metrics.json,Existing scientific record; see category index
robustness/interaction,experiments/crta_v3_stage_ladder_v3_lesions_v1/source_feature_colperm/kn2nh/dose_0.75/heart_attack_history/seed_56/metrics.json,Existing scientific record; see category index
robustness/interaction,experiments/crta_v3_stage_ladder_v3_lesions_v1/source_feature_colperm/kn2nh/dose_0.75/heart_attack_history/seed_57/metrics.json,Existing scientific record; see category index
robustness/interaction,experiments/crta_v3_stage_ladder_v3_lesions_v1/source_feature_colperm/kn2nh/dose_0.75/heart_attack_history/seed_58/metrics.json,Existing scientific record; see category index
robustness/interaction,experiments/crta_v3_stage_ladder_v3_lesions_v1/source_feature_colperm/kn2nh/dose_0.75/heart_attack_history/seed_59/metrics.json,Existing scientific record; see category index
robustness/interaction,experiments/crta_v3_stage_ladder_v3_lesions_v1/source_feature_colperm/kn2nh/dose_0.75/hypertension_history/seed_50/metrics.json,Existing scientific record; see category index
robustness/interaction,experiments/crta_v3_stage_ladder_v3_lesions_v1/source_feature_colperm/kn2nh/dose_0.75/hypertension_history/seed_51/metrics.json,Existing scientific record; see category index
robustness/interaction,experiments/crta_v3_stage_ladder_v3_lesions_v1/source_feature_colperm/kn2nh/dose_0.75/hypertension_history/seed_52/metrics.json,Existing scientific record; see category index
robustness/interaction,experiments/crta_v3_stage_ladder_v3_lesions_v1/source_feature_colperm/kn2nh/dose_0.75/hypertension_history/seed_53/metrics.json,Existing scientific record; see category index
robustness/interaction,experiments/crta_v3_stage_ladder_v3_lesions_v1/source_feature_colperm/kn2nh/dose_0.75/hypertension_history/seed_54/metrics.json,Existing scientific record; see category index
robustness/interaction,experiments/crta_v3_stage_ladder_v3_lesions_v1/source_feature_colperm/kn2nh/dose_0.75/hypertension_history/seed_55/metrics.json,Existing scientific record; see category index
robustness/interaction,experiments/crta_v3_stage_ladder_v3_lesions_v1/source_feature_colperm/kn2nh/dose_0.75/hypertension_history/seed_56/metrics.json,Existing scientific record; see category index
robustness/interaction,experiments/crta_v3_stage_ladder_v3_lesions_v1/source_feature_colperm/kn2nh/dose_0.75/hypertension_history/seed_57/metrics.json,Existing scientific record; see category index
robustness/interaction,experiments/crta_v3_stage_ladder_v3_lesions_v1/source_feature_colperm/kn2nh/dose_0.75/hypertension_history/seed_58/metrics.json,Existing scientific record; see category index
robustness/interaction,experiments/crta_v3_stage_ladder_v3_lesions_v1/source_feature_colperm/kn2nh/dose_0.75/hypertension_history/seed_59/metrics.json,Existing scientific record; see category index
robustness/interaction,experiments/crta_v3_stage_ladder_v3_lesions_v1/source_feature_colperm/kn2nh/dose_0.75/kidney_disease_history/seed_50/metrics.json,Existing scientific record; see category index
robustness/interaction,experiments/crta_v3_stage_ladder_v3_lesions_v1/source_feature_colperm/kn2nh/dose_0.75/kidney_disease_history/seed_51/metrics.json,Existing scientific record; see category index
robustness/interaction,experiments/crta_v3_stage_ladder_v3_lesions_v1/source_feature_colperm/kn2nh/dose_0.75/kidney_disease_history/seed_52/metrics.json,Existing scientific record; see category index
robustness/interaction,experiments/crta_v3_stage_ladder_v3_lesions_v1/source_feature_colperm/kn2nh/dose_0.75/kidney_disease_history/seed_53/metrics.json,Existing scientific record; see category index
robustness/interaction,experiments/crta_v3_stage_ladder_v3_lesions_v1/source_feature_colperm/kn2nh/dose_0.75/kidney_disease_history/seed_54/metrics.json,Existing scientific record; see category index
robustness/interaction,experiments/crta_v3_stage_ladder_v3_lesions_v1/source_feature_colperm/kn2nh/dose_0.75/kidney_disease_history/seed_55/metrics.json,Existing scientific record; see category index
robustness/interaction,experiments/crta_v3_stage_ladder_v3_lesions_v1/source_feature_colperm/kn2nh/dose_0.75/kidney_disease_history/seed_56/metrics.json,Existing scientific record; see category index
robustness/interaction,experiments/crta_v3_stage_ladder_v3_lesions_v1/source_feature_colperm/kn2nh/dose_0.75/kidney_disease_history/seed_57/metrics.json,Existing scientific record; see category index
robustness/interaction,experiments/crta_v3_stage_ladder_v3_lesions_v1/source_feature_colperm/kn2nh/dose_0.75/kidney_disease_history/seed_58/metrics.json,Existing scientific record; see category index
robustness/interaction,experiments/crta_v3_stage_ladder_v3_lesions_v1/source_feature_colperm/kn2nh/dose_0.75/kidney_disease_history/seed_59/metrics.json,Existing scientific record; see category index
robustness/interaction,experiments/crta_v3_stage_ladder_v3_lesions_v1/source_feature_colperm/kn2nh/dose_0.75/stroke_history/seed_50/metrics.json,Existing scientific record; see category index
robustness/interaction,experiments/crta_v3_stage_ladder_v3_lesions_v1/source_feature_colperm/kn2nh/dose_0.75/stroke_history/seed_51/metrics.json,Existing scientific record; see category index
robustness/interaction,experiments/crta_v3_stage_ladder_v3_lesions_v1/source_feature_colperm/kn2nh/dose_0.75/stroke_history/seed_52/metrics.json,Existing scientific record; see category index
robustness/interaction,experiments/crta_v3_stage_ladder_v3_lesions_v1/source_feature_colperm/kn2nh/dose_0.75/stroke_history/seed_53/metrics.json,Existing scientific record; see category index
robustness/interaction,experiments/crta_v3_stage_ladder_v3_lesions_v1/source_feature_colperm/kn2nh/dose_0.75/stroke_history/seed_54/metrics.json,Existing scientific record; see category index
robustness/interaction,experiments/crta_v3_stage_ladder_v3_lesions_v1/source_feature_colperm/kn2nh/dose_0.75/stroke_history/seed_55/metrics.json,Existing scientific record; see category index
robustness/interaction,experiments/crta_v3_stage_ladder_v3_lesions_v1/source_feature_colperm/kn2nh/dose_0.75/stroke_history/seed_56/metrics.json,Existing scientific record; see category index
robustness/interaction,experiments/crta_v3_stage_ladder_v3_lesions_v1/source_feature_colperm/kn2nh/dose_0.75/stroke_history/seed_57/metrics.json,Existing scientific record; see category index
robustness/interaction,experiments/crta_v3_stage_ladder_v3_lesions_v1/source_feature_colperm/kn2nh/dose_0.75/stroke_history/seed_58/metrics.json,Existing scientific record; see category index
robustness/interaction,experiments/crta_v3_stage_ladder_v3_lesions_v1/source_feature_colperm/kn2nh/dose_0.75/stroke_history/seed_59/metrics.json,Existing scientific record; see category index
robustness/interaction,experiments/crta_v3_stage_ladder_v3_lesions_v1/source_feature_colperm/kn2nh/dose_1.00/LESION_AUDIT_V1.json,Existing scientific record; see category index
robustness/interaction,experiments/crta_v3_stage_ladder_v3_lesions_v1/source_feature_colperm/kn2nh/dose_1.00/angina_history/seed_50/metrics.json,Existing scientific record; see category index
robustness/interaction,experiments/crta_v3_stage_ladder_v3_lesions_v1/source_feature_colperm/kn2nh/dose_1.00/angina_history/seed_51/metrics.json,Existing scientific record; see category index
robustness/interaction,experiments/crta_v3_stage_ladder_v3_lesions_v1/source_feature_colperm/kn2nh/dose_1.00/angina_history/seed_52/metrics.json,Existing scientific record; see category index
robustness/interaction,experiments/crta_v3_stage_ladder_v3_lesions_v1/source_feature_colperm/kn2nh/dose_1.00/angina_history/seed_53/metrics.json,Existing scientific record; see category index
robustness/interaction,experiments/crta_v3_stage_ladder_v3_lesions_v1/source_feature_colperm/kn2nh/dose_1.00/angina_history/seed_54/metrics.json,Existing scientific record; see category index
robustness/interaction,experiments/crta_v3_stage_ladder_v3_lesions_v1/source_feature_colperm/kn2nh/dose_1.00/angina_history/seed_55/metrics.json,Existing scientific record; see category index
robustness/interaction,experiments/crta_v3_stage_ladder_v3_lesions_v1/source_feature_colperm/kn2nh/dose_1.00/angina_history/seed_56/metrics.json,Existing scientific record; see category index
robustness/interaction,experiments/crta_v3_stage_ladder_v3_lesions_v1/source_feature_colperm/kn2nh/dose_1.00/angina_history/seed_57/metrics.json,Existing scientific record; see category index
robustness/interaction,experiments/crta_v3_stage_ladder_v3_lesions_v1/source_feature_colperm/kn2nh/dose_1.00/angina_history/seed_58/metrics.json,Existing scientific record; see category index
robustness/interaction,experiments/crta_v3_stage_ladder_v3_lesions_v1/source_feature_colperm/kn2nh/dose_1.00/angina_history/seed_59/metrics.json,Existing scientific record; see category index
robustness/interaction,experiments/crta_v3_stage_ladder_v3_lesions_v1/source_feature_colperm/kn2nh/dose_1.00/arthritis_history/seed_50/metrics.json,Existing scientific record; see category index
robustness/interaction,experiments/crta_v3_stage_ladder_v3_lesions_v1/source_feature_colperm/kn2nh/dose_1.00/arthritis_history/seed_51/metrics.json,Existing scientific record; see category index
robustness/interaction,experiments/crta_v3_stage_ladder_v3_lesions_v1/source_feature_colperm/kn2nh/dose_1.00/arthritis_history/seed_52/metrics.json,Existing scientific record; see category index
robustness/interaction,experiments/crta_v3_stage_ladder_v3_lesions_v1/source_feature_colperm/kn2nh/dose_1.00/arthritis_history/seed_53/metrics.json,Existing scientific record; see category index
robustness/interaction,experiments/crta_v3_stage_ladder_v3_lesions_v1/source_feature_colperm/kn2nh/dose_1.00/arthritis_history/seed_54/metrics.json,Existing scientific record; see category index
robustness/interaction,experiments/crta_v3_stage_ladder_v3_lesions_v1/source_feature_colperm/kn2nh/dose_1.00/arthritis_history/seed_55/metrics.json,Existing scientific record; see category index
robustness/interaction,experiments/crta_v3_stage_ladder_v3_lesions_v1/source_feature_colperm/kn2nh/dose_1.00/arthritis_history/seed_56/metrics.json,Existing scientific record; see category index
robustness/interaction,experiments/crta_v3_stage_ladder_v3_lesions_v1/source_feature_colperm/kn2nh/dose_1.00/arthritis_history/seed_57/metrics.json,Existing scientific record; see category index
robustness/interaction,experiments/crta_v3_stage_ladder_v3_lesions_v1/source_feature_colperm/kn2nh/dose_1.00/arthritis_history/seed_58/metrics.json,Existing scientific record; see category index
robustness/interaction,experiments/crta_v3_stage_ladder_v3_lesions_v1/source_feature_colperm/kn2nh/dose_1.00/arthritis_history/seed_59/metrics.json,Existing scientific record; see category index
robustness/interaction,experiments/crta_v3_stage_ladder_v3_lesions_v1/source_feature_colperm/kn2nh/dose_1.00/asthma_history/seed_50/metrics.json,Existing scientific record; see category index
robustness/interaction,experiments/crta_v3_stage_ladder_v3_lesions_v1/source_feature_colperm/kn2nh/dose_1.00/asthma_history/seed_51/metrics.json,Existing scientific record; see category index
robustness/interaction,experiments/crta_v3_stage_ladder_v3_lesions_v1/source_feature_colperm/kn2nh/dose_1.00/asthma_history/seed_52/metrics.json,Existing scientific record; see category index
robustness/interaction,experiments/crta_v3_stage_ladder_v3_lesions_v1/source_feature_colperm/kn2nh/dose_1.00/asthma_history/seed_53/metrics.json,Existing scientific record; see category index
robustness/interaction,experiments/crta_v3_stage_ladder_v3_lesions_v1/source_feature_colperm/kn2nh/dose_1.00/asthma_history/seed_54/metrics.json,Existing scientific record; see category index
robustness/interaction,experiments/crta_v3_stage_ladder_v3_lesions_v1/source_feature_colperm/kn2nh/dose_1.00/asthma_history/seed_55/metrics.json,Existing scientific record; see category index
robustness/interaction,experiments/crta_v3_stage_ladder_v3_lesions_v1/source_feature_colperm/kn2nh/dose_1.00/asthma_history/seed_56/metrics.json,Existing scientific record; see category index
robustness/interaction,experiments/crta_v3_stage_ladder_v3_lesions_v1/source_feature_colperm/kn2nh/dose_1.00/asthma_history/seed_57/metrics.json,Existing scientific record; see category index
robustness/interaction,experiments/crta_v3_stage_ladder_v3_lesions_v1/source_feature_colperm/kn2nh/dose_1.00/asthma_history/seed_58/metrics.json,Existing scientific record; see category index
robustness/interaction,experiments/crta_v3_stage_ladder_v3_lesions_v1/source_feature_colperm/kn2nh/dose_1.00/asthma_history/seed_59/metrics.json,Existing scientific record; see category index
robustness/interaction,experiments/crta_v3_stage_ladder_v3_lesions_v1/source_feature_colperm/kn2nh/dose_1.00/cancer_history/seed_50/metrics.json,Existing scientific record; see category index
robustness/interaction,experiments/crta_v3_stage_ladder_v3_lesions_v1/source_feature_colperm/kn2nh/dose_1.00/cancer_history/seed_51/metrics.json,Existing scientific record; see category index
robustness/interaction,experiments/crta_v3_stage_ladder_v3_lesions_v1/source_feature_colperm/kn2nh/dose_1.00/cancer_history/seed_52/metrics.json,Existing scientific record; see category index
robustness/interaction,experiments/crta_v3_stage_ladder_v3_lesions_v1/source_feature_colperm/kn2nh/dose_1.00/cancer_history/seed_53/metrics.json,Existing scientific record; see category index
robustness/interaction,experiments/crta_v3_stage_ladder_v3_lesions_v1/source_feature_colperm/kn2nh/dose_1.00/cancer_history/seed_54/metrics.json,Existing scientific record; see category index
robustness/interaction,experiments/crta_v3_stage_ladder_v3_lesions_v1/source_feature_colperm/kn2nh/dose_1.00/cancer_history/seed_55/metrics.json,Existing scientific record; see category index
robustness/interaction,experiments/crta_v3_stage_ladder_v3_lesions_v1/source_feature_colperm/kn2nh/dose_1.00/cancer_history/seed_56/metrics.json,Existing scientific record; see category index
robustness/interaction,experiments/crta_v3_stage_ladder_v3_lesions_v1/source_feature_colperm/kn2nh/dose_1.00/cancer_history/seed_57/metrics.json,Existing scientific record; see category index
robustness/interaction,experiments/crta_v3_stage_ladder_v3_lesions_v1/source_feature_colperm/kn2nh/dose_1.00/cancer_history/seed_58/metrics.json,Existing scientific record; see category index
robustness/interaction,experiments/crta_v3_stage_ladder_v3_lesions_v1/source_feature_colperm/kn2nh/dose_1.00/cancer_history/seed_59/metrics.json,Existing scientific record; see category index
robustness/interaction,experiments/crta_v3_stage_ladder_v3_lesions_v1/source_feature_colperm/kn2nh/dose_1.00/current_smoking_status/seed_50/metrics.json,Existing scientific record; see category index
robustness/interaction,experiments/crta_v3_stage_ladder_v3_lesions_v1/source_feature_colperm/kn2nh/dose_1.00/current_smoking_status/seed_51/metrics.json,Existing scientific record; see category index
robustness/interaction,experiments/crta_v3_stage_ladder_v3_lesions_v1/source_feature_colperm/kn2nh/dose_1.00/current_smoking_status/seed_52/metrics.json,Existing scientific record; see category index
robustness/interaction,experiments/crta_v3_stage_ladder_v3_lesions_v1/source_feature_colperm/kn2nh/dose_1.00/current_smoking_status/seed_53/metrics.json,Existing scientific record; see category index
robustness/interaction,experiments/crta_v3_stage_ladder_v3_lesions_v1/source_feature_colperm/kn2nh/dose_1.00/current_smoking_status/seed_54/metrics.json,Existing scientific record; see category index
robustness/interaction,experiments/crta_v3_stage_ladder_v3_lesions_v1/source_feature_colperm/kn2nh/dose_1.00/current_smoking_status/seed_55/metrics.json,Existing scientific record; see category index
robustness/interaction,experiments/crta_v3_stage_ladder_v3_lesions_v1/source_feature_colperm/kn2nh/dose_1.00/current_smoking_status/seed_56/metrics.json,Existing scientific record; see category index
robustness/interaction,experiments/crta_v3_stage_ladder_v3_lesions_v1/source_feature_colperm/kn2nh/dose_1.00/current_smoking_status/seed_57/metrics.json,Existing scientific record; see category index
robustness/interaction,experiments/crta_v3_stage_ladder_v3_lesions_v1/source_feature_colperm/kn2nh/dose_1.00/current_smoking_status/seed_58/metrics.json,Existing scientific record; see category index
robustness/interaction,experiments/crta_v3_stage_ladder_v3_lesions_v1/source_feature_colperm/kn2nh/dose_1.00/current_smoking_status/seed_59/metrics.json,Existing scientific record; see category index
robustness/interaction,experiments/crta_v3_stage_ladder_v3_lesions_v1/source_feature_colperm/kn2nh/dose_1.00/diabetes_history/seed_50/metrics.json,Existing scientific record; see category index
robustness/interaction,experiments/crta_v3_stage_ladder_v3_lesions_v1/source_feature_colperm/kn2nh/dose_1.00/diabetes_history/seed_51/metrics.json,Existing scientific record; see category index
robustness/interaction,experiments/crta_v3_stage_ladder_v3_lesions_v1/source_feature_colperm/kn2nh/dose_1.00/diabetes_history/seed_52/metrics.json,Existing scientific record; see category index
robustness/interaction,experiments/crta_v3_stage_ladder_v3_lesions_v1/source_feature_colperm/kn2nh/dose_1.00/diabetes_history/seed_53/metrics.json,Existing scientific record; see category index
robustness/interaction,experiments/crta_v3_stage_ladder_v3_lesions_v1/source_feature_colperm/kn2nh/dose_1.00/diabetes_history/seed_54/metrics.json,Existing scientific record; see category index
robustness/interaction,experiments/crta_v3_stage_ladder_v3_lesions_v1/source_feature_colperm/kn2nh/dose_1.00/diabetes_history/seed_55/metrics.json,Existing scientific record; see category index
robustness/interaction,experiments/crta_v3_stage_ladder_v3_lesions_v1/source_feature_colperm/kn2nh/dose_1.00/diabetes_history/seed_56/metrics.json,Existing scientific record; see category index
robustness/interaction,experiments/crta_v3_stage_ladder_v3_lesions_v1/source_feature_colperm/kn2nh/dose_1.00/diabetes_history/seed_57/metrics.json,Existing scientific record; see category index
robustness/interaction,experiments/crta_v3_stage_ladder_v3_lesions_v1/source_feature_colperm/kn2nh/dose_1.00/diabetes_history/seed_58/metrics.json,Existing scientific record; see category index
robustness/interaction,experiments/crta_v3_stage_ladder_v3_lesions_v1/source_feature_colperm/kn2nh/dose_1.00/diabetes_history/seed_59/metrics.json,Existing scientific record; see category index
robustness/interaction,experiments/crta_v3_stage_ladder_v3_lesions_v1/source_feature_colperm/kn2nh/dose_1.00/heart_attack_history/seed_50/metrics.json,Existing scientific record; see category index
robustness/interaction,experiments/crta_v3_stage_ladder_v3_lesions_v1/source_feature_colperm/kn2nh/dose_1.00/heart_attack_history/seed_51/metrics.json,Existing scientific record; see category index
robustness/interaction,experiments/crta_v3_stage_ladder_v3_lesions_v1/source_feature_colperm/kn2nh/dose_1.00/heart_attack_history/seed_52/metrics.json,Existing scientific record; see category index
robustness/interaction,experiments/crta_v3_stage_ladder_v3_lesions_v1/source_feature_colperm/kn2nh/dose_1.00/heart_attack_history/seed_53/metrics.json,Existing scientific record; see category index
robustness/interaction,experiments/crta_v3_stage_ladder_v3_lesions_v1/source_feature_colperm/kn2nh/dose_1.00/heart_attack_history/seed_54/metrics.json,Existing scientific record; see category index
robustness/interaction,experiments/crta_v3_stage_ladder_v3_lesions_v1/source_feature_colperm/kn2nh/dose_1.00/heart_attack_history/seed_55/metrics.json,Existing scientific record; see category index
robustness/interaction,experiments/crta_v3_stage_ladder_v3_lesions_v1/source_feature_colperm/kn2nh/dose_1.00/heart_attack_history/seed_56/metrics.json,Existing scientific record; see category index
robustness/interaction,experiments/crta_v3_stage_ladder_v3_lesions_v1/source_feature_colperm/kn2nh/dose_1.00/heart_attack_history/seed_57/metrics.json,Existing scientific record; see category index
robustness/interaction,experiments/crta_v3_stage_ladder_v3_lesions_v1/source_feature_colperm/kn2nh/dose_1.00/heart_attack_history/seed_58/metrics.json,Existing scientific record; see category index
robustness/interaction,experiments/crta_v3_stage_ladder_v3_lesions_v1/source_feature_colperm/kn2nh/dose_1.00/heart_attack_history/seed_59/metrics.json,Existing scientific record; see category index
robustness/interaction,experiments/crta_v3_stage_ladder_v3_lesions_v1/source_feature_colperm/kn2nh/dose_1.00/hypertension_history/seed_50/metrics.json,Existing scientific record; see category index
robustness/interaction,experiments/crta_v3_stage_ladder_v3_lesions_v1/source_feature_colperm/kn2nh/dose_1.00/hypertension_history/seed_51/metrics.json,Existing scientific record; see category index
robustness/interaction,experiments/crta_v3_stage_ladder_v3_lesions_v1/source_feature_colperm/kn2nh/dose_1.00/hypertension_history/seed_52/metrics.json,Existing scientific record; see category index
robustness/interaction,experiments/crta_v3_stage_ladder_v3_lesions_v1/source_feature_colperm/kn2nh/dose_1.00/hypertension_history/seed_53/metrics.json,Existing scientific record; see category index
robustness/interaction,experiments/crta_v3_stage_ladder_v3_lesions_v1/source_feature_colperm/kn2nh/dose_1.00/hypertension_history/seed_54/metrics.json,Existing scientific record; see category index
robustness/interaction,experiments/crta_v3_stage_ladder_v3_lesions_v1/source_feature_colperm/kn2nh/dose_1.00/hypertension_history/seed_55/metrics.json,Existing scientific record; see category index
robustness/interaction,experiments/crta_v3_stage_ladder_v3_lesions_v1/source_feature_colperm/kn2nh/dose_1.00/hypertension_history/seed_56/metrics.json,Existing scientific record; see category index
robustness/interaction,experiments/crta_v3_stage_ladder_v3_lesions_v1/source_feature_colperm/kn2nh/dose_1.00/hypertension_history/seed_57/metrics.json,Existing scientific record; see category index
robustness/interaction,experiments/crta_v3_stage_ladder_v3_lesions_v1/source_feature_colperm/kn2nh/dose_1.00/hypertension_history/seed_58/metrics.json,Existing scientific record; see category index
robustness/interaction,experiments/crta_v3_stage_ladder_v3_lesions_v1/source_feature_colperm/kn2nh/dose_1.00/hypertension_history/seed_59/metrics.json,Existing scientific record; see category index
robustness/interaction,experiments/crta_v3_stage_ladder_v3_lesions_v1/source_feature_colperm/kn2nh/dose_1.00/kidney_disease_history/seed_50/metrics.json,Existing scientific record; see category index
robustness/interaction,experiments/crta_v3_stage_ladder_v3_lesions_v1/source_feature_colperm/kn2nh/dose_1.00/kidney_disease_history/seed_51/metrics.json,Existing scientific record; see category index
robustness/interaction,experiments/crta_v3_stage_ladder_v3_lesions_v1/source_feature_colperm/kn2nh/dose_1.00/kidney_disease_history/seed_52/metrics.json,Existing scientific record; see category index
robustness/interaction,experiments/crta_v3_stage_ladder_v3_lesions_v1/source_feature_colperm/kn2nh/dose_1.00/kidney_disease_history/seed_53/metrics.json,Existing scientific record; see category index
robustness/interaction,experiments/crta_v3_stage_ladder_v3_lesions_v1/source_feature_colperm/kn2nh/dose_1.00/kidney_disease_history/seed_54/metrics.json,Existing scientific record; see category index
robustness/interaction,experiments/crta_v3_stage_ladder_v3_lesions_v1/source_feature_colperm/kn2nh/dose_1.00/kidney_disease_history/seed_55/metrics.json,Existing scientific record; see category index
robustness/interaction,experiments/crta_v3_stage_ladder_v3_lesions_v1/source_feature_colperm/kn2nh/dose_1.00/kidney_disease_history/seed_56/metrics.json,Existing scientific record; see category index
robustness/interaction,experiments/crta_v3_stage_ladder_v3_lesions_v1/source_feature_colperm/kn2nh/dose_1.00/kidney_disease_history/seed_57/metrics.json,Existing scientific record; see category index
robustness/interaction,experiments/crta_v3_stage_ladder_v3_lesions_v1/source_feature_colperm/kn2nh/dose_1.00/kidney_disease_history/seed_58/metrics.json,Existing scientific record; see category index
robustness/interaction,experiments/crta_v3_stage_ladder_v3_lesions_v1/source_feature_colperm/kn2nh/dose_1.00/kidney_disease_history/seed_59/metrics.json,Existing scientific record; see category index
robustness/interaction,experiments/crta_v3_stage_ladder_v3_lesions_v1/source_feature_colperm/kn2nh/dose_1.00/stroke_history/seed_50/metrics.json,Existing scientific record; see category index
robustness/interaction,experiments/crta_v3_stage_ladder_v3_lesions_v1/source_feature_colperm/kn2nh/dose_1.00/stroke_history/seed_51/metrics.json,Existing scientific record; see category index
robustness/interaction,experiments/crta_v3_stage_ladder_v3_lesions_v1/source_feature_colperm/kn2nh/dose_1.00/stroke_history/seed_52/metrics.json,Existing scientific record; see category index
robustness/interaction,experiments/crta_v3_stage_ladder_v3_lesions_v1/source_feature_colperm/kn2nh/dose_1.00/stroke_history/seed_53/metrics.json,Existing scientific record; see category index
robustness/interaction,experiments/crta_v3_stage_ladder_v3_lesions_v1/source_feature_colperm/kn2nh/dose_1.00/stroke_history/seed_54/metrics.json,Existing scientific record; see category index
robustness/interaction,experiments/crta_v3_stage_ladder_v3_lesions_v1/source_feature_colperm/kn2nh/dose_1.00/stroke_history/seed_55/metrics.json,Existing scientific record; see category index
robustness/interaction,experiments/crta_v3_stage_ladder_v3_lesions_v1/source_feature_colperm/kn2nh/dose_1.00/stroke_history/seed_56/metrics.json,Existing scientific record; see category index
robustness/interaction,experiments/crta_v3_stage_ladder_v3_lesions_v1/source_feature_colperm/kn2nh/dose_1.00/stroke_history/seed_57/metrics.json,Existing scientific record; see category index
robustness/interaction,experiments/crta_v3_stage_ladder_v3_lesions_v1/source_feature_colperm/kn2nh/dose_1.00/stroke_history/seed_58/metrics.json,Existing scientific record; see category index
robustness/interaction,experiments/crta_v3_stage_ladder_v3_lesions_v1/source_feature_colperm/kn2nh/dose_1.00/stroke_history/seed_59/metrics.json,Existing scientific record; see category index
robustness/interaction,experiments/crta_v3_stage_ladder_v3_lesions_v1/source_feature_colperm/nh2kn/dose_0.25/LESION_AUDIT_V1.json,Existing scientific record; see category index
robustness/interaction,experiments/crta_v3_stage_ladder_v3_lesions_v1/source_feature_colperm/nh2kn/dose_0.25/angina_history/seed_50/metrics.json,Existing scientific record; see category index
robustness/interaction,experiments/crta_v3_stage_ladder_v3_lesions_v1/source_feature_colperm/nh2kn/dose_0.25/angina_history/seed_51/metrics.json,Existing scientific record; see category index
robustness/interaction,experiments/crta_v3_stage_ladder_v3_lesions_v1/source_feature_colperm/nh2kn/dose_0.25/angina_history/seed_52/metrics.json,Existing scientific record; see category index
robustness/interaction,experiments/crta_v3_stage_ladder_v3_lesions_v1/source_feature_colperm/nh2kn/dose_0.25/angina_history/seed_53/metrics.json,Existing scientific record; see category index
robustness/interaction,experiments/crta_v3_stage_ladder_v3_lesions_v1/source_feature_colperm/nh2kn/dose_0.25/angina_history/seed_54/metrics.json,Existing scientific record; see category index
robustness/interaction,experiments/crta_v3_stage_ladder_v3_lesions_v1/source_feature_colperm/nh2kn/dose_0.25/angina_history/seed_55/metrics.json,Existing scientific record; see category index
robustness/interaction,experiments/crta_v3_stage_ladder_v3_lesions_v1/source_feature_colperm/nh2kn/dose_0.25/angina_history/seed_56/metrics.json,Existing scientific record; see category index
robustness/interaction,experiments/crta_v3_stage_ladder_v3_lesions_v1/source_feature_colperm/nh2kn/dose_0.25/angina_history/seed_57/metrics.json,Existing scientific record; see category index
robustness/interaction,experiments/crta_v3_stage_ladder_v3_lesions_v1/source_feature_colperm/nh2kn/dose_0.25/angina_history/seed_58/metrics.json,Existing scientific record; see category index
robustness/interaction,experiments/crta_v3_stage_ladder_v3_lesions_v1/source_feature_colperm/nh2kn/dose_0.25/angina_history/seed_59/metrics.json,Existing scientific record; see category index
robustness/interaction,experiments/crta_v3_stage_ladder_v3_lesions_v1/source_feature_colperm/nh2kn/dose_0.25/arthritis_history/seed_50/metrics.json,Existing scientific record; see category index
robustness/interaction,experiments/crta_v3_stage_ladder_v3_lesions_v1/source_feature_colperm/nh2kn/dose_0.25/arthritis_history/seed_51/metrics.json,Existing scientific record; see category index
robustness/interaction,experiments/crta_v3_stage_ladder_v3_lesions_v1/source_feature_colperm/nh2kn/dose_0.25/arthritis_history/seed_52/metrics.json,Existing scientific record; see category index
robustness/interaction,experiments/crta_v3_stage_ladder_v3_lesions_v1/source_feature_colperm/nh2kn/dose_0.25/arthritis_history/seed_53/metrics.json,Existing scientific record; see category index
robustness/interaction,experiments/crta_v3_stage_ladder_v3_lesions_v1/source_feature_colperm/nh2kn/dose_0.25/arthritis_history/seed_54/metrics.json,Existing scientific record; see category index
robustness/interaction,experiments/crta_v3_stage_ladder_v3_lesions_v1/source_feature_colperm/nh2kn/dose_0.25/arthritis_history/seed_55/metrics.json,Existing scientific record; see category index
robustness/interaction,experiments/crta_v3_stage_ladder_v3_lesions_v1/source_feature_colperm/nh2kn/dose_0.25/arthritis_history/seed_56/metrics.json,Existing scientific record; see category index
robustness/interaction,experiments/crta_v3_stage_ladder_v3_lesions_v1/source_feature_colperm/nh2kn/dose_0.25/arthritis_history/seed_57/metrics.json,Existing scientific record; see category index
robustness/interaction,experiments/crta_v3_stage_ladder_v3_lesions_v1/source_feature_colperm/nh2kn/dose_0.25/arthritis_history/seed_58/metrics.json,Existing scientific record; see category index
robustness/interaction,experiments/crta_v3_stage_ladder_v3_lesions_v1/source_feature_colperm/nh2kn/dose_0.25/arthritis_history/seed_59/metrics.json,Existing scientific record; see category index
robustness/interaction,experiments/crta_v3_stage_ladder_v3_lesions_v1/source_feature_colperm/nh2kn/dose_0.25/asthma_history/seed_50/metrics.json,Existing scientific record; see category index
robustness/interaction,experiments/crta_v3_stage_ladder_v3_lesions_v1/source_feature_colperm/nh2kn/dose_0.25/asthma_history/seed_51/metrics.json,Existing scientific record; see category index
robustness/interaction,experiments/crta_v3_stage_ladder_v3_lesions_v1/source_feature_colperm/nh2kn/dose_0.25/asthma_history/seed_52/metrics.json,Existing scientific record; see category index
robustness/interaction,experiments/crta_v3_stage_ladder_v3_lesions_v1/source_feature_colperm/nh2kn/dose_0.25/asthma_history/seed_53/metrics.json,Existing scientific record; see category index
robustness/interaction,experiments/crta_v3_stage_ladder_v3_lesions_v1/source_feature_colperm/nh2kn/dose_0.25/asthma_history/seed_54/metrics.json,Existing scientific record; see category index
robustness/interaction,experiments/crta_v3_stage_ladder_v3_lesions_v1/source_feature_colperm/nh2kn/dose_0.25/asthma_history/seed_55/metrics.json,Existing scientific record; see category index
robustness/interaction,experiments/crta_v3_stage_ladder_v3_lesions_v1/source_feature_colperm/nh2kn/dose_0.25/asthma_history/seed_56/metrics.json,Existing scientific record; see category index
robustness/interaction,experiments/crta_v3_stage_ladder_v3_lesions_v1/source_feature_colperm/nh2kn/dose_0.25/asthma_history/seed_57/metrics.json,Existing scientific record; see category index
robustness/interaction,experiments/crta_v3_stage_ladder_v3_lesions_v1/source_feature_colperm/nh2kn/dose_0.25/asthma_history/seed_58/metrics.json,Existing scientific record; see category index
robustness/interaction,experiments/crta_v3_stage_ladder_v3_lesions_v1/source_feature_colperm/nh2kn/dose_0.25/asthma_history/seed_59/metrics.json,Existing scientific record; see category index
robustness/interaction,experiments/crta_v3_stage_ladder_v3_lesions_v1/source_feature_colperm/nh2kn/dose_0.25/cancer_history/seed_50/metrics.json,Existing scientific record; see category index
robustness/interaction,experiments/crta_v3_stage_ladder_v3_lesions_v1/source_feature_colperm/nh2kn/dose_0.25/cancer_history/seed_51/metrics.json,Existing scientific record; see category index
robustness/interaction,experiments/crta_v3_stage_ladder_v3_lesions_v1/source_feature_colperm/nh2kn/dose_0.25/cancer_history/seed_52/metrics.json,Existing scientific record; see category index
robustness/interaction,experiments/crta_v3_stage_ladder_v3_lesions_v1/source_feature_colperm/nh2kn/dose_0.25/cancer_history/seed_53/metrics.json,Existing scientific record; see category index
robustness/interaction,experiments/crta_v3_stage_ladder_v3_lesions_v1/source_feature_colperm/nh2kn/dose_0.25/cancer_history/seed_54/metrics.json,Existing scientific record; see category index
robustness/interaction,experiments/crta_v3_stage_ladder_v3_lesions_v1/source_feature_colperm/nh2kn/dose_0.25/cancer_history/seed_55/metrics.json,Existing scientific record; see category index
robustness/interaction,experiments/crta_v3_stage_ladder_v3_lesions_v1/source_feature_colperm/nh2kn/dose_0.25/cancer_history/seed_56/metrics.json,Existing scientific record; see category index
robustness/interaction,experiments/crta_v3_stage_ladder_v3_lesions_v1/source_feature_colperm/nh2kn/dose_0.25/cancer_history/seed_57/metrics.json,Existing scientific record; see category index
robustness/interaction,experiments/crta_v3_stage_ladder_v3_lesions_v1/source_feature_colperm/nh2kn/dose_0.25/cancer_history/seed_58/metrics.json,Existing scientific record; see category index
robustness/interaction,experiments/crta_v3_stage_ladder_v3_lesions_v1/source_feature_colperm/nh2kn/dose_0.25/cancer_history/seed_59/metrics.json,Existing scientific record; see category index
robustness/interaction,experiments/crta_v3_stage_ladder_v3_lesions_v1/source_feature_colperm/nh2kn/dose_0.25/current_smoking_status/seed_50/metrics.json,Existing scientific record; see category index
robustness/interaction,experiments/crta_v3_stage_ladder_v3_lesions_v1/source_feature_colperm/nh2kn/dose_0.25/current_smoking_status/seed_51/metrics.json,Existing scientific record; see category index
robustness/interaction,experiments/crta_v3_stage_ladder_v3_lesions_v1/source_feature_colperm/nh2kn/dose_0.25/current_smoking_status/seed_52/metrics.json,Existing scientific record; see category index
robustness/interaction,experiments/crta_v3_stage_ladder_v3_lesions_v1/source_feature_colperm/nh2kn/dose_0.25/current_smoking_status/seed_53/metrics.json,Existing scientific record; see category index
robustness/interaction,experiments/crta_v3_stage_ladder_v3_lesions_v1/source_feature_colperm/nh2kn/dose_0.25/current_smoking_status/seed_54/metrics.json,Existing scientific record; see category index
robustness/interaction,experiments/crta_v3_stage_ladder_v3_lesions_v1/source_feature_colperm/nh2kn/dose_0.25/current_smoking_status/seed_55/metrics.json,Existing scientific record; see category index
robustness/interaction,experiments/crta_v3_stage_ladder_v3_lesions_v1/source_feature_colperm/nh2kn/dose_0.25/current_smoking_status/seed_56/metrics.json,Existing scientific record; see category index
robustness/interaction,experiments/crta_v3_stage_ladder_v3_lesions_v1/source_feature_colperm/nh2kn/dose_0.25/current_smoking_status/seed_57/metrics.json,Existing scientific record; see category index
robustness/interaction,experiments/crta_v3_stage_ladder_v3_lesions_v1/source_feature_colperm/nh2kn/dose_0.25/current_smoking_status/seed_58/metrics.json,Existing scientific record; see category index
robustness/interaction,experiments/crta_v3_stage_ladder_v3_lesions_v1/source_feature_colperm/nh2kn/dose_0.25/current_smoking_status/seed_59/metrics.json,Existing scientific record; see category index
robustness/interaction,experiments/crta_v3_stage_ladder_v3_lesions_v1/source_feature_colperm/nh2kn/dose_0.25/diabetes_history/seed_50/metrics.json,Existing scientific record; see category index
robustness/interaction,experiments/crta_v3_stage_ladder_v3_lesions_v1/source_feature_colperm/nh2kn/dose_0.25/diabetes_history/seed_51/metrics.json,Existing scientific record; see category index
robustness/interaction,experiments/crta_v3_stage_ladder_v3_lesions_v1/source_feature_colperm/nh2kn/dose_0.25/diabetes_history/seed_52/metrics.json,Existing scientific record; see category index
robustness/interaction,experiments/crta_v3_stage_ladder_v3_lesions_v1/source_feature_colperm/nh2kn/dose_0.25/diabetes_history/seed_53/metrics.json,Existing scientific record; see category index
robustness/interaction,experiments/crta_v3_stage_ladder_v3_lesions_v1/source_feature_colperm/nh2kn/dose_0.25/diabetes_history/seed_54/metrics.json,Existing scientific record; see category index
robustness/interaction,experiments/crta_v3_stage_ladder_v3_lesions_v1/source_feature_colperm/nh2kn/dose_0.25/diabetes_history/seed_55/metrics.json,Existing scientific record; see category index
robustness/interaction,experiments/crta_v3_stage_ladder_v3_lesions_v1/source_feature_colperm/nh2kn/dose_0.25/diabetes_history/seed_56/metrics.json,Existing scientific record; see category index
robustness/interaction,experiments/crta_v3_stage_ladder_v3_lesions_v1/source_feature_colperm/nh2kn/dose_0.25/diabetes_history/seed_57/metrics.json,Existing scientific record; see category index
robustness/interaction,experiments/crta_v3_stage_ladder_v3_lesions_v1/source_feature_colperm/nh2kn/dose_0.25/diabetes_history/seed_58/metrics.json,Existing scientific record; see category index
robustness/interaction,experiments/crta_v3_stage_ladder_v3_lesions_v1/source_feature_colperm/nh2kn/dose_0.25/diabetes_history/seed_59/metrics.json,Existing scientific record; see category index
robustness/interaction,experiments/crta_v3_stage_ladder_v3_lesions_v1/source_feature_colperm/nh2kn/dose_0.25/heart_attack_history/seed_50/metrics.json,Existing scientific record; see category index
robustness/interaction,experiments/crta_v3_stage_ladder_v3_lesions_v1/source_feature_colperm/nh2kn/dose_0.25/heart_attack_history/seed_51/metrics.json,Existing scientific record; see category index
robustness/interaction,experiments/crta_v3_stage_ladder_v3_lesions_v1/source_feature_colperm/nh2kn/dose_0.25/heart_attack_history/seed_52/metrics.json,Existing scientific record; see category index
robustness/interaction,experiments/crta_v3_stage_ladder_v3_lesions_v1/source_feature_colperm/nh2kn/dose_0.25/heart_attack_history/seed_53/metrics.json,Existing scientific record; see category index
robustness/interaction,experiments/crta_v3_stage_ladder_v3_lesions_v1/source_feature_colperm/nh2kn/dose_0.25/heart_attack_history/seed_54/metrics.json,Existing scientific record; see category index
robustness/interaction,experiments/crta_v3_stage_ladder_v3_lesions_v1/source_feature_colperm/nh2kn/dose_0.25/heart_attack_history/seed_55/metrics.json,Existing scientific record; see category index
robustness/interaction,experiments/crta_v3_stage_ladder_v3_lesions_v1/source_feature_colperm/nh2kn/dose_0.25/heart_attack_history/seed_56/metrics.json,Existing scientific record; see category index
robustness/interaction,experiments/crta_v3_stage_ladder_v3_lesions_v1/source_feature_colperm/nh2kn/dose_0.25/heart_attack_history/seed_57/metrics.json,Existing scientific record; see category index
robustness/interaction,experiments/crta_v3_stage_ladder_v3_lesions_v1/source_feature_colperm/nh2kn/dose_0.25/heart_attack_history/seed_58/metrics.json,Existing scientific record; see category index
robustness/interaction,experiments/crta_v3_stage_ladder_v3_lesions_v1/source_feature_colperm/nh2kn/dose_0.25/heart_attack_history/seed_59/metrics.json,Existing scientific record; see category index
robustness/interaction,experiments/crta_v3_stage_ladder_v3_lesions_v1/source_feature_colperm/nh2kn/dose_0.25/hypertension_history/seed_50/metrics.json,Existing scientific record; see category index
robustness/interaction,experiments/crta_v3_stage_ladder_v3_lesions_v1/source_feature_colperm/nh2kn/dose_0.25/hypertension_history/seed_51/metrics.json,Existing scientific record; see category index
robustness/interaction,experiments/crta_v3_stage_ladder_v3_lesions_v1/source_feature_colperm/nh2kn/dose_0.25/hypertension_history/seed_52/metrics.json,Existing scientific record; see category index
robustness/interaction,experiments/crta_v3_stage_ladder_v3_lesions_v1/source_feature_colperm/nh2kn/dose_0.25/hypertension_history/seed_53/metrics.json,Existing scientific record; see category index
robustness/interaction,experiments/crta_v3_stage_ladder_v3_lesions_v1/source_feature_colperm/nh2kn/dose_0.25/hypertension_history/seed_54/metrics.json,Existing scientific record; see category index
robustness/interaction,experiments/crta_v3_stage_ladder_v3_lesions_v1/source_feature_colperm/nh2kn/dose_0.25/hypertension_history/seed_55/metrics.json,Existing scientific record; see category index
robustness/interaction,experiments/crta_v3_stage_ladder_v3_lesions_v1/source_feature_colperm/nh2kn/dose_0.25/hypertension_history/seed_56/metrics.json,Existing scientific record; see category index
robustness/interaction,experiments/crta_v3_stage_ladder_v3_lesions_v1/source_feature_colperm/nh2kn/dose_0.25/hypertension_history/seed_57/metrics.json,Existing scientific record; see category index
robustness/interaction,experiments/crta_v3_stage_ladder_v3_lesions_v1/source_feature_colperm/nh2kn/dose_0.25/hypertension_history/seed_58/metrics.json,Existing scientific record; see category index
robustness/interaction,experiments/crta_v3_stage_ladder_v3_lesions_v1/source_feature_colperm/nh2kn/dose_0.25/hypertension_history/seed_59/metrics.json,Existing scientific record; see category index
robustness/interaction,experiments/crta_v3_stage_ladder_v3_lesions_v1/source_feature_colperm/nh2kn/dose_0.25/kidney_disease_history/seed_50/metrics.json,Existing scientific record; see category index
robustness/interaction,experiments/crta_v3_stage_ladder_v3_lesions_v1/source_feature_colperm/nh2kn/dose_0.25/kidney_disease_history/seed_51/metrics.json,Existing scientific record; see category index
robustness/interaction,experiments/crta_v3_stage_ladder_v3_lesions_v1/source_feature_colperm/nh2kn/dose_0.25/kidney_disease_history/seed_52/metrics.json,Existing scientific record; see category index
robustness/interaction,experiments/crta_v3_stage_ladder_v3_lesions_v1/source_feature_colperm/nh2kn/dose_0.25/kidney_disease_history/seed_53/metrics.json,Existing scientific record; see category index
robustness/interaction,experiments/crta_v3_stage_ladder_v3_lesions_v1/source_feature_colperm/nh2kn/dose_0.25/kidney_disease_history/seed_54/metrics.json,Existing scientific record; see category index
robustness/interaction,experiments/crta_v3_stage_ladder_v3_lesions_v1/source_feature_colperm/nh2kn/dose_0.25/kidney_disease_history/seed_55/metrics.json,Existing scientific record; see category index
robustness/interaction,experiments/crta_v3_stage_ladder_v3_lesions_v1/source_feature_colperm/nh2kn/dose_0.25/kidney_disease_history/seed_56/metrics.json,Existing scientific record; see category index
robustness/interaction,experiments/crta_v3_stage_ladder_v3_lesions_v1/source_feature_colperm/nh2kn/dose_0.25/kidney_disease_history/seed_57/metrics.json,Existing scientific record; see category index
robustness/interaction,experiments/crta_v3_stage_ladder_v3_lesions_v1/source_feature_colperm/nh2kn/dose_0.25/kidney_disease_history/seed_58/metrics.json,Existing scientific record; see category index
robustness/interaction,experiments/crta_v3_stage_ladder_v3_lesions_v1/source_feature_colperm/nh2kn/dose_0.25/kidney_disease_history/seed_59/metrics.json,Existing scientific record; see category index
robustness/interaction,experiments/crta_v3_stage_ladder_v3_lesions_v1/source_feature_colperm/nh2kn/dose_0.25/stroke_history/seed_50/metrics.json,Existing scientific record; see category index
robustness/interaction,experiments/crta_v3_stage_ladder_v3_lesions_v1/source_feature_colperm/nh2kn/dose_0.25/stroke_history/seed_51/metrics.json,Existing scientific record; see category index
robustness/interaction,experiments/crta_v3_stage_ladder_v3_lesions_v1/source_feature_colperm/nh2kn/dose_0.25/stroke_history/seed_52/metrics.json,Existing scientific record; see category index
robustness/interaction,experiments/crta_v3_stage_ladder_v3_lesions_v1/source_feature_colperm/nh2kn/dose_0.25/stroke_history/seed_53/metrics.json,Existing scientific record; see category index
robustness/interaction,experiments/crta_v3_stage_ladder_v3_lesions_v1/source_feature_colperm/nh2kn/dose_0.25/stroke_history/seed_54/metrics.json,Existing scientific record; see category index
robustness/interaction,experiments/crta_v3_stage_ladder_v3_lesions_v1/source_feature_colperm/nh2kn/dose_0.25/stroke_history/seed_55/metrics.json,Existing scientific record; see category index
robustness/interaction,experiments/crta_v3_stage_ladder_v3_lesions_v1/source_feature_colperm/nh2kn/dose_0.25/stroke_history/seed_56/metrics.json,Existing scientific record; see category index
robustness/interaction,experiments/crta_v3_stage_ladder_v3_lesions_v1/source_feature_colperm/nh2kn/dose_0.25/stroke_history/seed_57/metrics.json,Existing scientific record; see category index
robustness/interaction,experiments/crta_v3_stage_ladder_v3_lesions_v1/source_feature_colperm/nh2kn/dose_0.25/stroke_history/seed_58/metrics.json,Existing scientific record; see category index
robustness/interaction,experiments/crta_v3_stage_ladder_v3_lesions_v1/source_feature_colperm/nh2kn/dose_0.25/stroke_history/seed_59/metrics.json,Existing scientific record; see category index
robustness/interaction,experiments/crta_v3_stage_ladder_v3_lesions_v1/source_feature_colperm/nh2kn/dose_0.50/LESION_AUDIT_V1.json,Existing scientific record; see category index
robustness/interaction,experiments/crta_v3_stage_ladder_v3_lesions_v1/source_feature_colperm/nh2kn/dose_0.50/angina_history/seed_50/metrics.json,Existing scientific record; see category index
robustness/interaction,experiments/crta_v3_stage_ladder_v3_lesions_v1/source_feature_colperm/nh2kn/dose_0.50/angina_history/seed_51/metrics.json,Existing scientific record; see category index
robustness/interaction,experiments/crta_v3_stage_ladder_v3_lesions_v1/source_feature_colperm/nh2kn/dose_0.50/angina_history/seed_52/metrics.json,Existing scientific record; see category index
robustness/interaction,experiments/crta_v3_stage_ladder_v3_lesions_v1/source_feature_colperm/nh2kn/dose_0.50/angina_history/seed_53/metrics.json,Existing scientific record; see category index
robustness/interaction,experiments/crta_v3_stage_ladder_v3_lesions_v1/source_feature_colperm/nh2kn/dose_0.50/angina_history/seed_54/metrics.json,Existing scientific record; see category index
robustness/interaction,experiments/crta_v3_stage_ladder_v3_lesions_v1/source_feature_colperm/nh2kn/dose_0.50/angina_history/seed_55/metrics.json,Existing scientific record; see category index
robustness/interaction,experiments/crta_v3_stage_ladder_v3_lesions_v1/source_feature_colperm/nh2kn/dose_0.50/angina_history/seed_56/metrics.json,Existing scientific record; see category index
robustness/interaction,experiments/crta_v3_stage_ladder_v3_lesions_v1/source_feature_colperm/nh2kn/dose_0.50/angina_history/seed_57/metrics.json,Existing scientific record; see category index
robustness/interaction,experiments/crta_v3_stage_ladder_v3_lesions_v1/source_feature_colperm/nh2kn/dose_0.50/angina_history/seed_58/metrics.json,Existing scientific record; see category index
robustness/interaction,experiments/crta_v3_stage_ladder_v3_lesions_v1/source_feature_colperm/nh2kn/dose_0.50/angina_history/seed_59/metrics.json,Existing scientific record; see category index
robustness/interaction,experiments/crta_v3_stage_ladder_v3_lesions_v1/source_feature_colperm/nh2kn/dose_0.50/arthritis_history/seed_50/metrics.json,Existing scientific record; see category index
robustness/interaction,experiments/crta_v3_stage_ladder_v3_lesions_v1/source_feature_colperm/nh2kn/dose_0.50/arthritis_history/seed_51/metrics.json,Existing scientific record; see category index
robustness/interaction,experiments/crta_v3_stage_ladder_v3_lesions_v1/source_feature_colperm/nh2kn/dose_0.50/arthritis_history/seed_52/metrics.json,Existing scientific record; see category index
robustness/interaction,experiments/crta_v3_stage_ladder_v3_lesions_v1/source_feature_colperm/nh2kn/dose_0.50/arthritis_history/seed_53/metrics.json,Existing scientific record; see category index
robustness/interaction,experiments/crta_v3_stage_ladder_v3_lesions_v1/source_feature_colperm/nh2kn/dose_0.50/arthritis_history/seed_54/metrics.json,Existing scientific record; see category index
robustness/interaction,experiments/crta_v3_stage_ladder_v3_lesions_v1/source_feature_colperm/nh2kn/dose_0.50/arthritis_history/seed_55/metrics.json,Existing scientific record; see category index
robustness/interaction,experiments/crta_v3_stage_ladder_v3_lesions_v1/source_feature_colperm/nh2kn/dose_0.50/arthritis_history/seed_56/metrics.json,Existing scientific record; see category index
robustness/interaction,experiments/crta_v3_stage_ladder_v3_lesions_v1/source_feature_colperm/nh2kn/dose_0.50/arthritis_history/seed_57/metrics.json,Existing scientific record; see category index
robustness/interaction,experiments/crta_v3_stage_ladder_v3_lesions_v1/source_feature_colperm/nh2kn/dose_0.50/arthritis_history/seed_58/metrics.json,Existing scientific record; see category index
robustness/interaction,experiments/crta_v3_stage_ladder_v3_lesions_v1/source_feature_colperm/nh2kn/dose_0.50/arthritis_history/seed_59/metrics.json,Existing scientific record; see category index
robustness/interaction,experiments/crta_v3_stage_ladder_v3_lesions_v1/source_feature_colperm/nh2kn/dose_0.50/asthma_history/seed_50/metrics.json,Existing scientific record; see category index
robustness/interaction,experiments/crta_v3_stage_ladder_v3_lesions_v1/source_feature_colperm/nh2kn/dose_0.50/asthma_history/seed_51/metrics.json,Existing scientific record; see category index
robustness/interaction,experiments/crta_v3_stage_ladder_v3_lesions_v1/source_feature_colperm/nh2kn/dose_0.50/asthma_history/seed_52/metrics.json,Existing scientific record; see category index
robustness/interaction,experiments/crta_v3_stage_ladder_v3_lesions_v1/source_feature_colperm/nh2kn/dose_0.50/asthma_history/seed_53/metrics.json,Existing scientific record; see category index
robustness/interaction,experiments/crta_v3_stage_ladder_v3_lesions_v1/source_feature_colperm/nh2kn/dose_0.50/asthma_history/seed_54/metrics.json,Existing scientific record; see category index
robustness/interaction,experiments/crta_v3_stage_ladder_v3_lesions_v1/source_feature_colperm/nh2kn/dose_0.50/asthma_history/seed_55/metrics.json,Existing scientific record; see category index
robustness/interaction,experiments/crta_v3_stage_ladder_v3_lesions_v1/source_feature_colperm/nh2kn/dose_0.50/asthma_history/seed_56/metrics.json,Existing scientific record; see category index
robustness/interaction,experiments/crta_v3_stage_ladder_v3_lesions_v1/source_feature_colperm/nh2kn/dose_0.50/asthma_history/seed_57/metrics.json,Existing scientific record; see category index
robustness/interaction,experiments/crta_v3_stage_ladder_v3_lesions_v1/source_feature_colperm/nh2kn/dose_0.50/asthma_history/seed_58/metrics.json,Existing scientific record; see category index
robustness/interaction,experiments/crta_v3_stage_ladder_v3_lesions_v1/source_feature_colperm/nh2kn/dose_0.50/asthma_history/seed_59/metrics.json,Existing scientific record; see category index
robustness/interaction,experiments/crta_v3_stage_ladder_v3_lesions_v1/source_feature_colperm/nh2kn/dose_0.50/cancer_history/seed_50/metrics.json,Existing scientific record; see category index
robustness/interaction,experiments/crta_v3_stage_ladder_v3_lesions_v1/source_feature_colperm/nh2kn/dose_0.50/cancer_history/seed_51/metrics.json,Existing scientific record; see category index
robustness/interaction,experiments/crta_v3_stage_ladder_v3_lesions_v1/source_feature_colperm/nh2kn/dose_0.50/cancer_history/seed_52/metrics.json,Existing scientific record; see category index
robustness/interaction,experiments/crta_v3_stage_ladder_v3_lesions_v1/source_feature_colperm/nh2kn/dose_0.50/cancer_history/seed_53/metrics.json,Existing scientific record; see category index
robustness/interaction,experiments/crta_v3_stage_ladder_v3_lesions_v1/source_feature_colperm/nh2kn/dose_0.50/cancer_history/seed_54/metrics.json,Existing scientific record; see category index
robustness/interaction,experiments/crta_v3_stage_ladder_v3_lesions_v1/source_feature_colperm/nh2kn/dose_0.50/cancer_history/seed_55/metrics.json,Existing scientific record; see category index
robustness/interaction,experiments/crta_v3_stage_ladder_v3_lesions_v1/source_feature_colperm/nh2kn/dose_0.50/cancer_history/seed_56/metrics.json,Existing scientific record; see category index
robustness/interaction,experiments/crta_v3_stage_ladder_v3_lesions_v1/source_feature_colperm/nh2kn/dose_0.50/cancer_history/seed_57/metrics.json,Existing scientific record; see category index
robustness/interaction,experiments/crta_v3_stage_ladder_v3_lesions_v1/source_feature_colperm/nh2kn/dose_0.50/cancer_history/seed_58/metrics.json,Existing scientific record; see category index
robustness/interaction,experiments/crta_v3_stage_ladder_v3_lesions_v1/source_feature_colperm/nh2kn/dose_0.50/cancer_history/seed_59/metrics.json,Existing scientific record; see category index
robustness/interaction,experiments/crta_v3_stage_ladder_v3_lesions_v1/source_feature_colperm/nh2kn/dose_0.50/current_smoking_status/seed_50/metrics.json,Existing scientific record; see category index
robustness/interaction,experiments/crta_v3_stage_ladder_v3_lesions_v1/source_feature_colperm/nh2kn/dose_0.50/current_smoking_status/seed_51/metrics.json,Existing scientific record; see category index
robustness/interaction,experiments/crta_v3_stage_ladder_v3_lesions_v1/source_feature_colperm/nh2kn/dose_0.50/current_smoking_status/seed_52/metrics.json,Existing scientific record; see category index
robustness/interaction,experiments/crta_v3_stage_ladder_v3_lesions_v1/source_feature_colperm/nh2kn/dose_0.50/current_smoking_status/seed_53/metrics.json,Existing scientific record; see category index
robustness/interaction,experiments/crta_v3_stage_ladder_v3_lesions_v1/source_feature_colperm/nh2kn/dose_0.50/current_smoking_status/seed_54/metrics.json,Existing scientific record; see category index
robustness/interaction,experiments/crta_v3_stage_ladder_v3_lesions_v1/source_feature_colperm/nh2kn/dose_0.50/current_smoking_status/seed_55/metrics.json,Existing scientific record; see category index
robustness/interaction,experiments/crta_v3_stage_ladder_v3_lesions_v1/source_feature_colperm/nh2kn/dose_0.50/current_smoking_status/seed_56/metrics.json,Existing scientific record; see category index
robustness/interaction,experiments/crta_v3_stage_ladder_v3_lesions_v1/source_feature_colperm/nh2kn/dose_0.50/current_smoking_status/seed_57/metrics.json,Existing scientific record; see category index
robustness/interaction,experiments/crta_v3_stage_ladder_v3_lesions_v1/source_feature_colperm/nh2kn/dose_0.50/current_smoking_status/seed_58/metrics.json,Existing scientific record; see category index
robustness/interaction,experiments/crta_v3_stage_ladder_v3_lesions_v1/source_feature_colperm/nh2kn/dose_0.50/current_smoking_status/seed_59/metrics.json,Existing scientific record; see category index
robustness/interaction,experiments/crta_v3_stage_ladder_v3_lesions_v1/source_feature_colperm/nh2kn/dose_0.50/diabetes_history/seed_50/metrics.json,Existing scientific record; see category index
robustness/interaction,experiments/crta_v3_stage_ladder_v3_lesions_v1/source_feature_colperm/nh2kn/dose_0.50/diabetes_history/seed_51/metrics.json,Existing scientific record; see category index
robustness/interaction,experiments/crta_v3_stage_ladder_v3_lesions_v1/source_feature_colperm/nh2kn/dose_0.50/diabetes_history/seed_52/metrics.json,Existing scientific record; see category index
robustness/interaction,experiments/crta_v3_stage_ladder_v3_lesions_v1/source_feature_colperm/nh2kn/dose_0.50/diabetes_history/seed_53/metrics.json,Existing scientific record; see category index
robustness/interaction,experiments/crta_v3_stage_ladder_v3_lesions_v1/source_feature_colperm/nh2kn/dose_0.50/diabetes_history/seed_54/metrics.json,Existing scientific record; see category index
robustness/interaction,experiments/crta_v3_stage_ladder_v3_lesions_v1/source_feature_colperm/nh2kn/dose_0.50/diabetes_history/seed_55/metrics.json,Existing scientific record; see category index
robustness/interaction,experiments/crta_v3_stage_ladder_v3_lesions_v1/source_feature_colperm/nh2kn/dose_0.50/diabetes_history/seed_56/metrics.json,Existing scientific record; see category index
robustness/interaction,experiments/crta_v3_stage_ladder_v3_lesions_v1/source_feature_colperm/nh2kn/dose_0.50/diabetes_history/seed_57/metrics.json,Existing scientific record; see category index
robustness/interaction,experiments/crta_v3_stage_ladder_v3_lesions_v1/source_feature_colperm/nh2kn/dose_0.50/diabetes_history/seed_58/metrics.json,Existing scientific record; see category index
robustness/interaction,experiments/crta_v3_stage_ladder_v3_lesions_v1/source_feature_colperm/nh2kn/dose_0.50/diabetes_history/seed_59/metrics.json,Existing scientific record; see category index
robustness/interaction,experiments/crta_v3_stage_ladder_v3_lesions_v1/source_feature_colperm/nh2kn/dose_0.50/heart_attack_history/seed_50/metrics.json,Existing scientific record; see category index
robustness/interaction,experiments/crta_v3_stage_ladder_v3_lesions_v1/source_feature_colperm/nh2kn/dose_0.50/heart_attack_history/seed_51/metrics.json,Existing scientific record; see category index
robustness/interaction,experiments/crta_v3_stage_ladder_v3_lesions_v1/source_feature_colperm/nh2kn/dose_0.50/heart_attack_history/seed_52/metrics.json,Existing scientific record; see category index
robustness/interaction,experiments/crta_v3_stage_ladder_v3_lesions_v1/source_feature_colperm/nh2kn/dose_0.50/heart_attack_history/seed_53/metrics.json,Existing scientific record; see category index
robustness/interaction,experiments/crta_v3_stage_ladder_v3_lesions_v1/source_feature_colperm/nh2kn/dose_0.50/heart_attack_history/seed_54/metrics.json,Existing scientific record; see category index
robustness/interaction,experiments/crta_v3_stage_ladder_v3_lesions_v1/source_feature_colperm/nh2kn/dose_0.50/heart_attack_history/seed_55/metrics.json,Existing scientific record; see category index
robustness/interaction,experiments/crta_v3_stage_ladder_v3_lesions_v1/source_feature_colperm/nh2kn/dose_0.50/heart_attack_history/seed_56/metrics.json,Existing scientific record; see category index
robustness/interaction,experiments/crta_v3_stage_ladder_v3_lesions_v1/source_feature_colperm/nh2kn/dose_0.50/heart_attack_history/seed_57/metrics.json,Existing scientific record; see category index
robustness/interaction,experiments/crta_v3_stage_ladder_v3_lesions_v1/source_feature_colperm/nh2kn/dose_0.50/heart_attack_history/seed_58/metrics.json,Existing scientific record; see category index
robustness/interaction,experiments/crta_v3_stage_ladder_v3_lesions_v1/source_feature_colperm/nh2kn/dose_0.50/heart_attack_history/seed_59/metrics.json,Existing scientific record; see category index
robustness/interaction,experiments/crta_v3_stage_ladder_v3_lesions_v1/source_feature_colperm/nh2kn/dose_0.50/hypertension_history/seed_50/metrics.json,Existing scientific record; see category index
robustness/interaction,experiments/crta_v3_stage_ladder_v3_lesions_v1/source_feature_colperm/nh2kn/dose_0.50/hypertension_history/seed_51/metrics.json,Existing scientific record; see category index
robustness/interaction,experiments/crta_v3_stage_ladder_v3_lesions_v1/source_feature_colperm/nh2kn/dose_0.50/hypertension_history/seed_52/metrics.json,Existing scientific record; see category index
robustness/interaction,experiments/crta_v3_stage_ladder_v3_lesions_v1/source_feature_colperm/nh2kn/dose_0.50/hypertension_history/seed_53/metrics.json,Existing scientific record; see category index
robustness/interaction,experiments/crta_v3_stage_ladder_v3_lesions_v1/source_feature_colperm/nh2kn/dose_0.50/hypertension_history/seed_54/metrics.json,Existing scientific record; see category index
robustness/interaction,experiments/crta_v3_stage_ladder_v3_lesions_v1/source_feature_colperm/nh2kn/dose_0.50/hypertension_history/seed_55/metrics.json,Existing scientific record; see category index
robustness/interaction,experiments/crta_v3_stage_ladder_v3_lesions_v1/source_feature_colperm/nh2kn/dose_0.50/hypertension_history/seed_56/metrics.json,Existing scientific record; see category index
robustness/interaction,experiments/crta_v3_stage_ladder_v3_lesions_v1/source_feature_colperm/nh2kn/dose_0.50/hypertension_history/seed_57/metrics.json,Existing scientific record; see category index
robustness/interaction,experiments/crta_v3_stage_ladder_v3_lesions_v1/source_feature_colperm/nh2kn/dose_0.50/hypertension_history/seed_58/metrics.json,Existing scientific record; see category index
robustness/interaction,experiments/crta_v3_stage_ladder_v3_lesions_v1/source_feature_colperm/nh2kn/dose_0.50/hypertension_history/seed_59/metrics.json,Existing scientific record; see category index
robustness/interaction,experiments/crta_v3_stage_ladder_v3_lesions_v1/source_feature_colperm/nh2kn/dose_0.50/kidney_disease_history/seed_50/metrics.json,Existing scientific record; see category index
robustness/interaction,experiments/crta_v3_stage_ladder_v3_lesions_v1/source_feature_colperm/nh2kn/dose_0.50/kidney_disease_history/seed_51/metrics.json,Existing scientific record; see category index
robustness/interaction,experiments/crta_v3_stage_ladder_v3_lesions_v1/source_feature_colperm/nh2kn/dose_0.50/kidney_disease_history/seed_52/metrics.json,Existing scientific record; see category index
robustness/interaction,experiments/crta_v3_stage_ladder_v3_lesions_v1/source_feature_colperm/nh2kn/dose_0.50/kidney_disease_history/seed_53/metrics.json,Existing scientific record; see category index
robustness/interaction,experiments/crta_v3_stage_ladder_v3_lesions_v1/source_feature_colperm/nh2kn/dose_0.50/kidney_disease_history/seed_54/metrics.json,Existing scientific record; see category index
robustness/interaction,experiments/crta_v3_stage_ladder_v3_lesions_v1/source_feature_colperm/nh2kn/dose_0.50/kidney_disease_history/seed_55/metrics.json,Existing scientific record; see category index
robustness/interaction,experiments/crta_v3_stage_ladder_v3_lesions_v1/source_feature_colperm/nh2kn/dose_0.50/kidney_disease_history/seed_56/metrics.json,Existing scientific record; see category index
robustness/interaction,experiments/crta_v3_stage_ladder_v3_lesions_v1/source_feature_colperm/nh2kn/dose_0.50/kidney_disease_history/seed_57/metrics.json,Existing scientific record; see category index
robustness/interaction,experiments/crta_v3_stage_ladder_v3_lesions_v1/source_feature_colperm/nh2kn/dose_0.50/kidney_disease_history/seed_58/metrics.json,Existing scientific record; see category index
robustness/interaction,experiments/crta_v3_stage_ladder_v3_lesions_v1/source_feature_colperm/nh2kn/dose_0.50/kidney_disease_history/seed_59/metrics.json,Existing scientific record; see category index
robustness/interaction,experiments/crta_v3_stage_ladder_v3_lesions_v1/source_feature_colperm/nh2kn/dose_0.50/stroke_history/seed_50/metrics.json,Existing scientific record; see category index
robustness/interaction,experiments/crta_v3_stage_ladder_v3_lesions_v1/source_feature_colperm/nh2kn/dose_0.50/stroke_history/seed_51/metrics.json,Existing scientific record; see category index
robustness/interaction,experiments/crta_v3_stage_ladder_v3_lesions_v1/source_feature_colperm/nh2kn/dose_0.50/stroke_history/seed_52/metrics.json,Existing scientific record; see category index
robustness/interaction,experiments/crta_v3_stage_ladder_v3_lesions_v1/source_feature_colperm/nh2kn/dose_0.50/stroke_history/seed_53/metrics.json,Existing scientific record; see category index
robustness/interaction,experiments/crta_v3_stage_ladder_v3_lesions_v1/source_feature_colperm/nh2kn/dose_0.50/stroke_history/seed_54/metrics.json,Existing scientific record; see category index
robustness/interaction,experiments/crta_v3_stage_ladder_v3_lesions_v1/source_feature_colperm/nh2kn/dose_0.50/stroke_history/seed_55/metrics.json,Existing scientific record; see category index
robustness/interaction,experiments/crta_v3_stage_ladder_v3_lesions_v1/source_feature_colperm/nh2kn/dose_0.50/stroke_history/seed_56/metrics.json,Existing scientific record; see category index
robustness/interaction,experiments/crta_v3_stage_ladder_v3_lesions_v1/source_feature_colperm/nh2kn/dose_0.50/stroke_history/seed_57/metrics.json,Existing scientific record; see category index
robustness/interaction,experiments/crta_v3_stage_ladder_v3_lesions_v1/source_feature_colperm/nh2kn/dose_0.50/stroke_history/seed_58/metrics.json,Existing scientific record; see category index
robustness/interaction,experiments/crta_v3_stage_ladder_v3_lesions_v1/source_feature_colperm/nh2kn/dose_0.50/stroke_history/seed_59/metrics.json,Existing scientific record; see category index
robustness/interaction,experiments/crta_v3_stage_ladder_v3_lesions_v1/source_feature_colperm/nh2kn/dose_0.75/LESION_AUDIT_V1.json,Existing scientific record; see category index
robustness/interaction,experiments/crta_v3_stage_ladder_v3_lesions_v1/source_feature_colperm/nh2kn/dose_0.75/angina_history/seed_50/metrics.json,Existing scientific record; see category index
robustness/interaction,experiments/crta_v3_stage_ladder_v3_lesions_v1/source_feature_colperm/nh2kn/dose_0.75/angina_history/seed_51/metrics.json,Existing scientific record; see category index
robustness/interaction,experiments/crta_v3_stage_ladder_v3_lesions_v1/source_feature_colperm/nh2kn/dose_0.75/angina_history/seed_52/metrics.json,Existing scientific record; see category index
robustness/interaction,experiments/crta_v3_stage_ladder_v3_lesions_v1/source_feature_colperm/nh2kn/dose_0.75/angina_history/seed_53/metrics.json,Existing scientific record; see category index
robustness/interaction,experiments/crta_v3_stage_ladder_v3_lesions_v1/source_feature_colperm/nh2kn/dose_0.75/angina_history/seed_54/metrics.json,Existing scientific record; see category index
robustness/interaction,experiments/crta_v3_stage_ladder_v3_lesions_v1/source_feature_colperm/nh2kn/dose_0.75/angina_history/seed_55/metrics.json,Existing scientific record; see category index
robustness/interaction,experiments/crta_v3_stage_ladder_v3_lesions_v1/source_feature_colperm/nh2kn/dose_0.75/angina_history/seed_56/metrics.json,Existing scientific record; see category index
robustness/interaction,experiments/crta_v3_stage_ladder_v3_lesions_v1/source_feature_colperm/nh2kn/dose_0.75/angina_history/seed_57/metrics.json,Existing scientific record; see category index
robustness/interaction,experiments/crta_v3_stage_ladder_v3_lesions_v1/source_feature_colperm/nh2kn/dose_0.75/angina_history/seed_58/metrics.json,Existing scientific record; see category index
robustness/interaction,experiments/crta_v3_stage_ladder_v3_lesions_v1/source_feature_colperm/nh2kn/dose_0.75/angina_history/seed_59/metrics.json,Existing scientific record; see category index
robustness/interaction,experiments/crta_v3_stage_ladder_v3_lesions_v1/source_feature_colperm/nh2kn/dose_0.75/arthritis_history/seed_50/metrics.json,Existing scientific record; see category index
robustness/interaction,experiments/crta_v3_stage_ladder_v3_lesions_v1/source_feature_colperm/nh2kn/dose_0.75/arthritis_history/seed_51/metrics.json,Existing scientific record; see category index
robustness/interaction,experiments/crta_v3_stage_ladder_v3_lesions_v1/source_feature_colperm/nh2kn/dose_0.75/arthritis_history/seed_52/metrics.json,Existing scientific record; see category index
robustness/interaction,experiments/crta_v3_stage_ladder_v3_lesions_v1/source_feature_colperm/nh2kn/dose_0.75/arthritis_history/seed_53/metrics.json,Existing scientific record; see category index
robustness/interaction,experiments/crta_v3_stage_ladder_v3_lesions_v1/source_feature_colperm/nh2kn/dose_0.75/arthritis_history/seed_54/metrics.json,Existing scientific record; see category index
robustness/interaction,experiments/crta_v3_stage_ladder_v3_lesions_v1/source_feature_colperm/nh2kn/dose_0.75/arthritis_history/seed_55/metrics.json,Existing scientific record; see category index
robustness/interaction,experiments/crta_v3_stage_ladder_v3_lesions_v1/source_feature_colperm/nh2kn/dose_0.75/arthritis_history/seed_56/metrics.json,Existing scientific record; see category index
robustness/interaction,experiments/crta_v3_stage_ladder_v3_lesions_v1/source_feature_colperm/nh2kn/dose_0.75/arthritis_history/seed_57/metrics.json,Existing scientific record; see category index
robustness/interaction,experiments/crta_v3_stage_ladder_v3_lesions_v1/source_feature_colperm/nh2kn/dose_0.75/arthritis_history/seed_58/metrics.json,Existing scientific record; see category index
robustness/interaction,experiments/crta_v3_stage_ladder_v3_lesions_v1/source_feature_colperm/nh2kn/dose_0.75/arthritis_history/seed_59/metrics.json,Existing scientific record; see category index
robustness/interaction,experiments/crta_v3_stage_ladder_v3_lesions_v1/source_feature_colperm/nh2kn/dose_0.75/asthma_history/seed_50/metrics.json,Existing scientific record; see category index
robustness/interaction,experiments/crta_v3_stage_ladder_v3_lesions_v1/source_feature_colperm/nh2kn/dose_0.75/asthma_history/seed_51/metrics.json,Existing scientific record; see category index
robustness/interaction,experiments/crta_v3_stage_ladder_v3_lesions_v1/source_feature_colperm/nh2kn/dose_0.75/asthma_history/seed_52/metrics.json,Existing scientific record; see category index
robustness/interaction,experiments/crta_v3_stage_ladder_v3_lesions_v1/source_feature_colperm/nh2kn/dose_0.75/asthma_history/seed_53/metrics.json,Existing scientific record; see category index
robustness/interaction,experiments/crta_v3_stage_ladder_v3_lesions_v1/source_feature_colperm/nh2kn/dose_0.75/asthma_history/seed_54/metrics.json,Existing scientific record; see category index
robustness/interaction,experiments/crta_v3_stage_ladder_v3_lesions_v1/source_feature_colperm/nh2kn/dose_0.75/asthma_history/seed_55/metrics.json,Existing scientific record; see category index
robustness/interaction,experiments/crta_v3_stage_ladder_v3_lesions_v1/source_feature_colperm/nh2kn/dose_0.75/asthma_history/seed_56/metrics.json,Existing scientific record; see category index
robustness/interaction,experiments/crta_v3_stage_ladder_v3_lesions_v1/source_feature_colperm/nh2kn/dose_0.75/asthma_history/seed_57/metrics.json,Existing scientific record; see category index
robustness/interaction,experiments/crta_v3_stage_ladder_v3_lesions_v1/source_feature_colperm/nh2kn/dose_0.75/asthma_history/seed_58/metrics.json,Existing scientific record; see category index
robustness/interaction,experiments/crta_v3_stage_ladder_v3_lesions_v1/source_feature_colperm/nh2kn/dose_0.75/asthma_history/seed_59/metrics.json,Existing scientific record; see category index
robustness/interaction,experiments/crta_v3_stage_ladder_v3_lesions_v1/source_feature_colperm/nh2kn/dose_0.75/cancer_history/seed_50/metrics.json,Existing scientific record; see category index
robustness/interaction,experiments/crta_v3_stage_ladder_v3_lesions_v1/source_feature_colperm/nh2kn/dose_0.75/cancer_history/seed_51/metrics.json,Existing scientific record; see category index
robustness/interaction,experiments/crta_v3_stage_ladder_v3_lesions_v1/source_feature_colperm/nh2kn/dose_0.75/cancer_history/seed_52/metrics.json,Existing scientific record; see category index
robustness/interaction,experiments/crta_v3_stage_ladder_v3_lesions_v1/source_feature_colperm/nh2kn/dose_0.75/cancer_history/seed_53/metrics.json,Existing scientific record; see category index
robustness/interaction,experiments/crta_v3_stage_ladder_v3_lesions_v1/source_feature_colperm/nh2kn/dose_0.75/cancer_history/seed_54/metrics.json,Existing scientific record; see category index
robustness/interaction,experiments/crta_v3_stage_ladder_v3_lesions_v1/source_feature_colperm/nh2kn/dose_0.75/cancer_history/seed_55/metrics.json,Existing scientific record; see category index
robustness/interaction,experiments/crta_v3_stage_ladder_v3_lesions_v1/source_feature_colperm/nh2kn/dose_0.75/cancer_history/seed_56/metrics.json,Existing scientific record; see category index
robustness/interaction,experiments/crta_v3_stage_ladder_v3_lesions_v1/source_feature_colperm/nh2kn/dose_0.75/cancer_history/seed_57/metrics.json,Existing scientific record; see category index
robustness/interaction,experiments/crta_v3_stage_ladder_v3_lesions_v1/source_feature_colperm/nh2kn/dose_0.75/cancer_history/seed_58/metrics.json,Existing scientific record; see category index
robustness/interaction,experiments/crta_v3_stage_ladder_v3_lesions_v1/source_feature_colperm/nh2kn/dose_0.75/cancer_history/seed_59/metrics.json,Existing scientific record; see category index
robustness/interaction,experiments/crta_v3_stage_ladder_v3_lesions_v1/source_feature_colperm/nh2kn/dose_0.75/current_smoking_status/seed_50/metrics.json,Existing scientific record; see category index
robustness/interaction,experiments/crta_v3_stage_ladder_v3_lesions_v1/source_feature_colperm/nh2kn/dose_0.75/current_smoking_status/seed_51/metrics.json,Existing scientific record; see category index
robustness/interaction,experiments/crta_v3_stage_ladder_v3_lesions_v1/source_feature_colperm/nh2kn/dose_0.75/current_smoking_status/seed_52/metrics.json,Existing scientific record; see category index
robustness/interaction,experiments/crta_v3_stage_ladder_v3_lesions_v1/source_feature_colperm/nh2kn/dose_0.75/current_smoking_status/seed_53/metrics.json,Existing scientific record; see category index
robustness/interaction,experiments/crta_v3_stage_ladder_v3_lesions_v1/source_feature_colperm/nh2kn/dose_0.75/current_smoking_status/seed_54/metrics.json,Existing scientific record; see category index
robustness/interaction,experiments/crta_v3_stage_ladder_v3_lesions_v1/source_feature_colperm/nh2kn/dose_0.75/current_smoking_status/seed_55/metrics.json,Existing scientific record; see category index
robustness/interaction,experiments/crta_v3_stage_ladder_v3_lesions_v1/source_feature_colperm/nh2kn/dose_0.75/current_smoking_status/seed_56/metrics.json,Existing scientific record; see category index
robustness/interaction,experiments/crta_v3_stage_ladder_v3_lesions_v1/source_feature_colperm/nh2kn/dose_0.75/current_smoking_status/seed_57/metrics.json,Existing scientific record; see category index
robustness/interaction,experiments/crta_v3_stage_ladder_v3_lesions_v1/source_feature_colperm/nh2kn/dose_0.75/current_smoking_status/seed_58/metrics.json,Existing scientific record; see category index
robustness/interaction,experiments/crta_v3_stage_ladder_v3_lesions_v1/source_feature_colperm/nh2kn/dose_0.75/current_smoking_status/seed_59/metrics.json,Existing scientific record; see category index
robustness/interaction,experiments/crta_v3_stage_ladder_v3_lesions_v1/source_feature_colperm/nh2kn/dose_0.75/diabetes_history/seed_50/metrics.json,Existing scientific record; see category index
robustness/interaction,experiments/crta_v3_stage_ladder_v3_lesions_v1/source_feature_colperm/nh2kn/dose_0.75/diabetes_history/seed_51/metrics.json,Existing scientific record; see category index
robustness/interaction,experiments/crta_v3_stage_ladder_v3_lesions_v1/source_feature_colperm/nh2kn/dose_0.75/diabetes_history/seed_52/metrics.json,Existing scientific record; see category index
robustness/interaction,experiments/crta_v3_stage_ladder_v3_lesions_v1/source_feature_colperm/nh2kn/dose_0.75/diabetes_history/seed_53/metrics.json,Existing scientific record; see category index
robustness/interaction,experiments/crta_v3_stage_ladder_v3_lesions_v1/source_feature_colperm/nh2kn/dose_0.75/diabetes_history/seed_54/metrics.json,Existing scientific record; see category index
robustness/interaction,experiments/crta_v3_stage_ladder_v3_lesions_v1/source_feature_colperm/nh2kn/dose_0.75/diabetes_history/seed_55/metrics.json,Existing scientific record; see category index
robustness/interaction,experiments/crta_v3_stage_ladder_v3_lesions_v1/source_feature_colperm/nh2kn/dose_0.75/diabetes_history/seed_56/metrics.json,Existing scientific record; see category index
robustness/interaction,experiments/crta_v3_stage_ladder_v3_lesions_v1/source_feature_colperm/nh2kn/dose_0.75/diabetes_history/seed_57/metrics.json,Existing scientific record; see category index
robustness/interaction,experiments/crta_v3_stage_ladder_v3_lesions_v1/source_feature_colperm/nh2kn/dose_0.75/diabetes_history/seed_58/metrics.json,Existing scientific record; see category index
robustness/interaction,experiments/crta_v3_stage_ladder_v3_lesions_v1/source_feature_colperm/nh2kn/dose_0.75/diabetes_history/seed_59/metrics.json,Existing scientific record; see category index
robustness/interaction,experiments/crta_v3_stage_ladder_v3_lesions_v1/source_feature_colperm/nh2kn/dose_0.75/heart_attack_history/seed_50/metrics.json,Existing scientific record; see category index
robustness/interaction,experiments/crta_v3_stage_ladder_v3_lesions_v1/source_feature_colperm/nh2kn/dose_0.75/heart_attack_history/seed_51/metrics.json,Existing scientific record; see category index
robustness/interaction,experiments/crta_v3_stage_ladder_v3_lesions_v1/source_feature_colperm/nh2kn/dose_0.75/heart_attack_history/seed_52/metrics.json,Existing scientific record; see category index
robustness/interaction,experiments/crta_v3_stage_ladder_v3_lesions_v1/source_feature_colperm/nh2kn/dose_0.75/heart_attack_history/seed_53/metrics.json,Existing scientific record; see category index
robustness/interaction,experiments/crta_v3_stage_ladder_v3_lesions_v1/source_feature_colperm/nh2kn/dose_0.75/heart_attack_history/seed_54/metrics.json,Existing scientific record; see category index
robustness/interaction,experiments/crta_v3_stage_ladder_v3_lesions_v1/source_feature_colperm/nh2kn/dose_0.75/heart_attack_history/seed_55/metrics.json,Existing scientific record; see category index
robustness/interaction,experiments/crta_v3_stage_ladder_v3_lesions_v1/source_feature_colperm/nh2kn/dose_0.75/heart_attack_history/seed_56/metrics.json,Existing scientific record; see category index
robustness/interaction,experiments/crta_v3_stage_ladder_v3_lesions_v1/source_feature_colperm/nh2kn/dose_0.75/heart_attack_history/seed_57/metrics.json,Existing scientific record; see category index
robustness/interaction,experiments/crta_v3_stage_ladder_v3_lesions_v1/source_feature_colperm/nh2kn/dose_0.75/heart_attack_history/seed_58/metrics.json,Existing scientific record; see category index
robustness/interaction,experiments/crta_v3_stage_ladder_v3_lesions_v1/source_feature_colperm/nh2kn/dose_0.75/heart_attack_history/seed_59/metrics.json,Existing scientific record; see category index
robustness/interaction,experiments/crta_v3_stage_ladder_v3_lesions_v1/source_feature_colperm/nh2kn/dose_0.75/hypertension_history/seed_50/metrics.json,Existing scientific record; see category index
robustness/interaction,experiments/crta_v3_stage_ladder_v3_lesions_v1/source_feature_colperm/nh2kn/dose_0.75/hypertension_history/seed_51/metrics.json,Existing scientific record; see category index
robustness/interaction,experiments/crta_v3_stage_ladder_v3_lesions_v1/source_feature_colperm/nh2kn/dose_0.75/hypertension_history/seed_52/metrics.json,Existing scientific record; see category index
robustness/interaction,experiments/crta_v3_stage_ladder_v3_lesions_v1/source_feature_colperm/nh2kn/dose_0.75/hypertension_history/seed_53/metrics.json,Existing scientific record; see category index
robustness/interaction,experiments/crta_v3_stage_ladder_v3_lesions_v1/source_feature_colperm/nh2kn/dose_0.75/hypertension_history/seed_54/metrics.json,Existing scientific record; see category index
robustness/interaction,experiments/crta_v3_stage_ladder_v3_lesions_v1/source_feature_colperm/nh2kn/dose_0.75/hypertension_history/seed_55/metrics.json,Existing scientific record; see category index
robustness/interaction,experiments/crta_v3_stage_ladder_v3_lesions_v1/source_feature_colperm/nh2kn/dose_0.75/hypertension_history/seed_56/metrics.json,Existing scientific record; see category index
robustness/interaction,experiments/crta_v3_stage_ladder_v3_lesions_v1/source_feature_colperm/nh2kn/dose_0.75/hypertension_history/seed_57/metrics.json,Existing scientific record; see category index
robustness/interaction,experiments/crta_v3_stage_ladder_v3_lesions_v1/source_feature_colperm/nh2kn/dose_0.75/hypertension_history/seed_58/metrics.json,Existing scientific record; see category index
robustness/interaction,experiments/crta_v3_stage_ladder_v3_lesions_v1/source_feature_colperm/nh2kn/dose_0.75/hypertension_history/seed_59/metrics.json,Existing scientific record; see category index
robustness/interaction,experiments/crta_v3_stage_ladder_v3_lesions_v1/source_feature_colperm/nh2kn/dose_0.75/kidney_disease_history/seed_50/metrics.json,Existing scientific record; see category index
robustness/interaction,experiments/crta_v3_stage_ladder_v3_lesions_v1/source_feature_colperm/nh2kn/dose_0.75/kidney_disease_history/seed_51/metrics.json,Existing scientific record; see category index
robustness/interaction,experiments/crta_v3_stage_ladder_v3_lesions_v1/source_feature_colperm/nh2kn/dose_0.75/kidney_disease_history/seed_52/metrics.json,Existing scientific record; see category index
robustness/interaction,experiments/crta_v3_stage_ladder_v3_lesions_v1/source_feature_colperm/nh2kn/dose_0.75/kidney_disease_history/seed_53/metrics.json,Existing scientific record; see category index
robustness/interaction,experiments/crta_v3_stage_ladder_v3_lesions_v1/source_feature_colperm/nh2kn/dose_0.75/kidney_disease_history/seed_54/metrics.json,Existing scientific record; see category index
robustness/interaction,experiments/crta_v3_stage_ladder_v3_lesions_v1/source_feature_colperm/nh2kn/dose_0.75/kidney_disease_history/seed_55/metrics.json,Existing scientific record; see category index
robustness/interaction,experiments/crta_v3_stage_ladder_v3_lesions_v1/source_feature_colperm/nh2kn/dose_0.75/kidney_disease_history/seed_56/metrics.json,Existing scientific record; see category index
robustness/interaction,experiments/crta_v3_stage_ladder_v3_lesions_v1/source_feature_colperm/nh2kn/dose_0.75/kidney_disease_history/seed_57/metrics.json,Existing scientific record; see category index
robustness/interaction,experiments/crta_v3_stage_ladder_v3_lesions_v1/source_feature_colperm/nh2kn/dose_0.75/kidney_disease_history/seed_58/metrics.json,Existing scientific record; see category index
robustness/interaction,experiments/crta_v3_stage_ladder_v3_lesions_v1/source_feature_colperm/nh2kn/dose_0.75/kidney_disease_history/seed_59/metrics.json,Existing scientific record; see category index
robustness/interaction,experiments/crta_v3_stage_ladder_v3_lesions_v1/source_feature_colperm/nh2kn/dose_0.75/stroke_history/seed_50/metrics.json,Existing scientific record; see category index
robustness/interaction,experiments/crta_v3_stage_ladder_v3_lesions_v1/source_feature_colperm/nh2kn/dose_0.75/stroke_history/seed_51/metrics.json,Existing scientific record; see category index
robustness/interaction,experiments/crta_v3_stage_ladder_v3_lesions_v1/source_feature_colperm/nh2kn/dose_0.75/stroke_history/seed_52/metrics.json,Existing scientific record; see category index
robustness/interaction,experiments/crta_v3_stage_ladder_v3_lesions_v1/source_feature_colperm/nh2kn/dose_0.75/stroke_history/seed_53/metrics.json,Existing scientific record; see category index
robustness/interaction,experiments/crta_v3_stage_ladder_v3_lesions_v1/source_feature_colperm/nh2kn/dose_0.75/stroke_history/seed_54/metrics.json,Existing scientific record; see category index
robustness/interaction,experiments/crta_v3_stage_ladder_v3_lesions_v1/source_feature_colperm/nh2kn/dose_0.75/stroke_history/seed_55/metrics.json,Existing scientific record; see category index
robustness/interaction,experiments/crta_v3_stage_ladder_v3_lesions_v1/source_feature_colperm/nh2kn/dose_0.75/stroke_history/seed_56/metrics.json,Existing scientific record; see category index
robustness/interaction,experiments/crta_v3_stage_ladder_v3_lesions_v1/source_feature_colperm/nh2kn/dose_0.75/stroke_history/seed_57/metrics.json,Existing scientific record; see category index
robustness/interaction,experiments/crta_v3_stage_ladder_v3_lesions_v1/source_feature_colperm/nh2kn/dose_0.75/stroke_history/seed_58/metrics.json,Existing scientific record; see category index
robustness/interaction,experiments/crta_v3_stage_ladder_v3_lesions_v1/source_feature_colperm/nh2kn/dose_0.75/stroke_history/seed_59/metrics.json,Existing scientific record; see category index
robustness/interaction,experiments/crta_v3_stage_ladder_v3_lesions_v1/source_feature_colperm/nh2kn/dose_1.00/LESION_AUDIT_V1.json,Existing scientific record; see category index
robustness/interaction,experiments/crta_v3_stage_ladder_v3_lesions_v1/source_feature_colperm/nh2kn/dose_1.00/angina_history/seed_50/metrics.json,Existing scientific record; see category index
robustness/interaction,experiments/crta_v3_stage_ladder_v3_lesions_v1/source_feature_colperm/nh2kn/dose_1.00/angina_history/seed_51/metrics.json,Existing scientific record; see category index
robustness/interaction,experiments/crta_v3_stage_ladder_v3_lesions_v1/source_feature_colperm/nh2kn/dose_1.00/angina_history/seed_52/metrics.json,Existing scientific record; see category index
robustness/interaction,experiments/crta_v3_stage_ladder_v3_lesions_v1/source_feature_colperm/nh2kn/dose_1.00/angina_history/seed_53/metrics.json,Existing scientific record; see category index
robustness/interaction,experiments/crta_v3_stage_ladder_v3_lesions_v1/source_feature_colperm/nh2kn/dose_1.00/angina_history/seed_54/metrics.json,Existing scientific record; see category index
robustness/interaction,experiments/crta_v3_stage_ladder_v3_lesions_v1/source_feature_colperm/nh2kn/dose_1.00/angina_history/seed_55/metrics.json,Existing scientific record; see category index
robustness/interaction,experiments/crta_v3_stage_ladder_v3_lesions_v1/source_feature_colperm/nh2kn/dose_1.00/angina_history/seed_56/metrics.json,Existing scientific record; see category index
robustness/interaction,experiments/crta_v3_stage_ladder_v3_lesions_v1/source_feature_colperm/nh2kn/dose_1.00/angina_history/seed_57/metrics.json,Existing scientific record; see category index
robustness/interaction,experiments/crta_v3_stage_ladder_v3_lesions_v1/source_feature_colperm/nh2kn/dose_1.00/angina_history/seed_58/metrics.json,Existing scientific record; see category index
robustness/interaction,experiments/crta_v3_stage_ladder_v3_lesions_v1/source_feature_colperm/nh2kn/dose_1.00/angina_history/seed_59/metrics.json,Existing scientific record; see category index
robustness/interaction,experiments/crta_v3_stage_ladder_v3_lesions_v1/source_feature_colperm/nh2kn/dose_1.00/arthritis_history/seed_50/metrics.json,Existing scientific record; see category index
robustness/interaction,experiments/crta_v3_stage_ladder_v3_lesions_v1/source_feature_colperm/nh2kn/dose_1.00/arthritis_history/seed_51/metrics.json,Existing scientific record; see category index
robustness/interaction,experiments/crta_v3_stage_ladder_v3_lesions_v1/source_feature_colperm/nh2kn/dose_1.00/arthritis_history/seed_52/metrics.json,Existing scientific record; see category index
robustness/interaction,experiments/crta_v3_stage_ladder_v3_lesions_v1/source_feature_colperm/nh2kn/dose_1.00/arthritis_history/seed_53/metrics.json,Existing scientific record; see category index
robustness/interaction,experiments/crta_v3_stage_ladder_v3_lesions_v1/source_feature_colperm/nh2kn/dose_1.00/arthritis_history/seed_54/metrics.json,Existing scientific record; see category index
robustness/interaction,experiments/crta_v3_stage_ladder_v3_lesions_v1/source_feature_colperm/nh2kn/dose_1.00/arthritis_history/seed_55/metrics.json,Existing scientific record; see category index
robustness/interaction,experiments/crta_v3_stage_ladder_v3_lesions_v1/source_feature_colperm/nh2kn/dose_1.00/arthritis_history/seed_56/metrics.json,Existing scientific record; see category index
robustness/interaction,experiments/crta_v3_stage_ladder_v3_lesions_v1/source_feature_colperm/nh2kn/dose_1.00/arthritis_history/seed_57/metrics.json,Existing scientific record; see category index
robustness/interaction,experiments/crta_v3_stage_ladder_v3_lesions_v1/source_feature_colperm/nh2kn/dose_1.00/arthritis_history/seed_58/metrics.json,Existing scientific record; see category index
robustness/interaction,experiments/crta_v3_stage_ladder_v3_lesions_v1/source_feature_colperm/nh2kn/dose_1.00/arthritis_history/seed_59/metrics.json,Existing scientific record; see category index
robustness/interaction,experiments/crta_v3_stage_ladder_v3_lesions_v1/source_feature_colperm/nh2kn/dose_1.00/asthma_history/seed_50/metrics.json,Existing scientific record; see category index
robustness/interaction,experiments/crta_v3_stage_ladder_v3_lesions_v1/source_feature_colperm/nh2kn/dose_1.00/asthma_history/seed_51/metrics.json,Existing scientific record; see category index
robustness/interaction,experiments/crta_v3_stage_ladder_v3_lesions_v1/source_feature_colperm/nh2kn/dose_1.00/asthma_history/seed_52/metrics.json,Existing scientific record; see category index
robustness/interaction,experiments/crta_v3_stage_ladder_v3_lesions_v1/source_feature_colperm/nh2kn/dose_1.00/asthma_history/seed_53/metrics.json,Existing scientific record; see category index
robustness/interaction,experiments/crta_v3_stage_ladder_v3_lesions_v1/source_feature_colperm/nh2kn/dose_1.00/asthma_history/seed_54/metrics.json,Existing scientific record; see category index
robustness/interaction,experiments/crta_v3_stage_ladder_v3_lesions_v1/source_feature_colperm/nh2kn/dose_1.00/asthma_history/seed_55/metrics.json,Existing scientific record; see category index
robustness/interaction,experiments/crta_v3_stage_ladder_v3_lesions_v1/source_feature_colperm/nh2kn/dose_1.00/asthma_history/seed_56/metrics.json,Existing scientific record; see category index
robustness/interaction,experiments/crta_v3_stage_ladder_v3_lesions_v1/source_feature_colperm/nh2kn/dose_1.00/asthma_history/seed_57/metrics.json,Existing scientific record; see category index
robustness/interaction,experiments/crta_v3_stage_ladder_v3_lesions_v1/source_feature_colperm/nh2kn/dose_1.00/asthma_history/seed_58/metrics.json,Existing scientific record; see category index
robustness/interaction,experiments/crta_v3_stage_ladder_v3_lesions_v1/source_feature_colperm/nh2kn/dose_1.00/asthma_history/seed_59/metrics.json,Existing scientific record; see category index
robustness/interaction,experiments/crta_v3_stage_ladder_v3_lesions_v1/source_feature_colperm/nh2kn/dose_1.00/cancer_history/seed_50/metrics.json,Existing scientific record; see category index
robustness/interaction,experiments/crta_v3_stage_ladder_v3_lesions_v1/source_feature_colperm/nh2kn/dose_1.00/cancer_history/seed_51/metrics.json,Existing scientific record; see category index
robustness/interaction,experiments/crta_v3_stage_ladder_v3_lesions_v1/source_feature_colperm/nh2kn/dose_1.00/cancer_history/seed_52/metrics.json,Existing scientific record; see category index
robustness/interaction,experiments/crta_v3_stage_ladder_v3_lesions_v1/source_feature_colperm/nh2kn/dose_1.00/cancer_history/seed_53/metrics.json,Existing scientific record; see category index
robustness/interaction,experiments/crta_v3_stage_ladder_v3_lesions_v1/source_feature_colperm/nh2kn/dose_1.00/cancer_history/seed_54/metrics.json,Existing scientific record; see category index
robustness/interaction,experiments/crta_v3_stage_ladder_v3_lesions_v1/source_feature_colperm/nh2kn/dose_1.00/cancer_history/seed_55/metrics.json,Existing scientific record; see category index
robustness/interaction,experiments/crta_v3_stage_ladder_v3_lesions_v1/source_feature_colperm/nh2kn/dose_1.00/cancer_history/seed_56/metrics.json,Existing scientific record; see category index
robustness/interaction,experiments/crta_v3_stage_ladder_v3_lesions_v1/source_feature_colperm/nh2kn/dose_1.00/cancer_history/seed_57/metrics.json,Existing scientific record; see category index
robustness/interaction,experiments/crta_v3_stage_ladder_v3_lesions_v1/source_feature_colperm/nh2kn/dose_1.00/cancer_history/seed_58/metrics.json,Existing scientific record; see category index
robustness/interaction,experiments/crta_v3_stage_ladder_v3_lesions_v1/source_feature_colperm/nh2kn/dose_1.00/cancer_history/seed_59/metrics.json,Existing scientific record; see category index
robustness/interaction,experiments/crta_v3_stage_ladder_v3_lesions_v1/source_feature_colperm/nh2kn/dose_1.00/current_smoking_status/seed_50/metrics.json,Existing scientific record; see category index
robustness/interaction,experiments/crta_v3_stage_ladder_v3_lesions_v1/source_feature_colperm/nh2kn/dose_1.00/current_smoking_status/seed_51/metrics.json,Existing scientific record; see category index
robustness/interaction,experiments/crta_v3_stage_ladder_v3_lesions_v1/source_feature_colperm/nh2kn/dose_1.00/current_smoking_status/seed_52/metrics.json,Existing scientific record; see category index
robustness/interaction,experiments/crta_v3_stage_ladder_v3_lesions_v1/source_feature_colperm/nh2kn/dose_1.00/current_smoking_status/seed_53/metrics.json,Existing scientific record; see category index
robustness/interaction,experiments/crta_v3_stage_ladder_v3_lesions_v1/source_feature_colperm/nh2kn/dose_1.00/current_smoking_status/seed_54/metrics.json,Existing scientific record; see category index
robustness/interaction,experiments/crta_v3_stage_ladder_v3_lesions_v1/source_feature_colperm/nh2kn/dose_1.00/current_smoking_status/seed_55/metrics.json,Existing scientific record; see category index
robustness/interaction,experiments/crta_v3_stage_ladder_v3_lesions_v1/source_feature_colperm/nh2kn/dose_1.00/current_smoking_status/seed_56/metrics.json,Existing scientific record; see category index
robustness/interaction,experiments/crta_v3_stage_ladder_v3_lesions_v1/source_feature_colperm/nh2kn/dose_1.00/current_smoking_status/seed_57/metrics.json,Existing scientific record; see category index
robustness/interaction,experiments/crta_v3_stage_ladder_v3_lesions_v1/source_feature_colperm/nh2kn/dose_1.00/current_smoking_status/seed_58/metrics.json,Existing scientific record; see category index
robustness/interaction,experiments/crta_v3_stage_ladder_v3_lesions_v1/source_feature_colperm/nh2kn/dose_1.00/current_smoking_status/seed_59/metrics.json,Existing scientific record; see category index
robustness/interaction,experiments/crta_v3_stage_ladder_v3_lesions_v1/source_feature_colperm/nh2kn/dose_1.00/diabetes_history/seed_50/metrics.json,Existing scientific record; see category index
robustness/interaction,experiments/crta_v3_stage_ladder_v3_lesions_v1/source_feature_colperm/nh2kn/dose_1.00/diabetes_history/seed_51/metrics.json,Existing scientific record; see category index
robustness/interaction,experiments/crta_v3_stage_ladder_v3_lesions_v1/source_feature_colperm/nh2kn/dose_1.00/diabetes_history/seed_52/metrics.json,Existing scientific record; see category index
robustness/interaction,experiments/crta_v3_stage_ladder_v3_lesions_v1/source_feature_colperm/nh2kn/dose_1.00/diabetes_history/seed_53/metrics.json,Existing scientific record; see category index
robustness/interaction,experiments/crta_v3_stage_ladder_v3_lesions_v1/source_feature_colperm/nh2kn/dose_1.00/diabetes_history/seed_54/metrics.json,Existing scientific record; see category index
robustness/interaction,experiments/crta_v3_stage_ladder_v3_lesions_v1/source_feature_colperm/nh2kn/dose_1.00/diabetes_history/seed_55/metrics.json,Existing scientific record; see category index
robustness/interaction,experiments/crta_v3_stage_ladder_v3_lesions_v1/source_feature_colperm/nh2kn/dose_1.00/diabetes_history/seed_56/metrics.json,Existing scientific record; see category index
robustness/interaction,experiments/crta_v3_stage_ladder_v3_lesions_v1/source_feature_colperm/nh2kn/dose_1.00/diabetes_history/seed_57/metrics.json,Existing scientific record; see category index
robustness/interaction,experiments/crta_v3_stage_ladder_v3_lesions_v1/source_feature_colperm/nh2kn/dose_1.00/diabetes_history/seed_58/metrics.json,Existing scientific record; see category index
robustness/interaction,experiments/crta_v3_stage_ladder_v3_lesions_v1/source_feature_colperm/nh2kn/dose_1.00/diabetes_history/seed_59/metrics.json,Existing scientific record; see category index
robustness/interaction,experiments/crta_v3_stage_ladder_v3_lesions_v1/source_feature_colperm/nh2kn/dose_1.00/heart_attack_history/seed_50/metrics.json,Existing scientific record; see category index
robustness/interaction,experiments/crta_v3_stage_ladder_v3_lesions_v1/source_feature_colperm/nh2kn/dose_1.00/heart_attack_history/seed_51/metrics.json,Existing scientific record; see category index
robustness/interaction,experiments/crta_v3_stage_ladder_v3_lesions_v1/source_feature_colperm/nh2kn/dose_1.00/heart_attack_history/seed_52/metrics.json,Existing scientific record; see category index
robustness/interaction,experiments/crta_v3_stage_ladder_v3_lesions_v1/source_feature_colperm/nh2kn/dose_1.00/heart_attack_history/seed_53/metrics.json,Existing scientific record; see category index
robustness/interaction,experiments/crta_v3_stage_ladder_v3_lesions_v1/source_feature_colperm/nh2kn/dose_1.00/heart_attack_history/seed_54/metrics.json,Existing scientific record; see category index
robustness/interaction,experiments/crta_v3_stage_ladder_v3_lesions_v1/source_feature_colperm/nh2kn/dose_1.00/heart_attack_history/seed_55/metrics.json,Existing scientific record; see category index
robustness/interaction,experiments/crta_v3_stage_ladder_v3_lesions_v1/source_feature_colperm/nh2kn/dose_1.00/heart_attack_history/seed_56/metrics.json,Existing scientific record; see category index
robustness/interaction,experiments/crta_v3_stage_ladder_v3_lesions_v1/source_feature_colperm/nh2kn/dose_1.00/heart_attack_history/seed_57/metrics.json,Existing scientific record; see category index
robustness/interaction,experiments/crta_v3_stage_ladder_v3_lesions_v1/source_feature_colperm/nh2kn/dose_1.00/heart_attack_history/seed_58/metrics.json,Existing scientific record; see category index
robustness/interaction,experiments/crta_v3_stage_ladder_v3_lesions_v1/source_feature_colperm/nh2kn/dose_1.00/heart_attack_history/seed_59/metrics.json,Existing scientific record; see category index
robustness/interaction,experiments/crta_v3_stage_ladder_v3_lesions_v1/source_feature_colperm/nh2kn/dose_1.00/hypertension_history/seed_50/metrics.json,Existing scientific record; see category index
robustness/interaction,experiments/crta_v3_stage_ladder_v3_lesions_v1/source_feature_colperm/nh2kn/dose_1.00/hypertension_history/seed_51/metrics.json,Existing scientific record; see category index
robustness/interaction,experiments/crta_v3_stage_ladder_v3_lesions_v1/source_feature_colperm/nh2kn/dose_1.00/hypertension_history/seed_52/metrics.json,Existing scientific record; see category index
robustness/interaction,experiments/crta_v3_stage_ladder_v3_lesions_v1/source_feature_colperm/nh2kn/dose_1.00/hypertension_history/seed_53/metrics.json,Existing scientific record; see category index
robustness/interaction,experiments/crta_v3_stage_ladder_v3_lesions_v1/source_feature_colperm/nh2kn/dose_1.00/hypertension_history/seed_54/metrics.json,Existing scientific record; see category index
robustness/interaction,experiments/crta_v3_stage_ladder_v3_lesions_v1/source_feature_colperm/nh2kn/dose_1.00/hypertension_history/seed_55/metrics.json,Existing scientific record; see category index
robustness/interaction,experiments/crta_v3_stage_ladder_v3_lesions_v1/source_feature_colperm/nh2kn/dose_1.00/hypertension_history/seed_56/metrics.json,Existing scientific record; see category index
robustness/interaction,experiments/crta_v3_stage_ladder_v3_lesions_v1/source_feature_colperm/nh2kn/dose_1.00/hypertension_history/seed_57/metrics.json,Existing scientific record; see category index
robustness/interaction,experiments/crta_v3_stage_ladder_v3_lesions_v1/source_feature_colperm/nh2kn/dose_1.00/hypertension_history/seed_58/metrics.json,Existing scientific record; see category index
robustness/interaction,experiments/crta_v3_stage_ladder_v3_lesions_v1/source_feature_colperm/nh2kn/dose_1.00/hypertension_history/seed_59/metrics.json,Existing scientific record; see category index
robustness/interaction,experiments/crta_v3_stage_ladder_v3_lesions_v1/source_feature_colperm/nh2kn/dose_1.00/kidney_disease_history/seed_50/metrics.json,Existing scientific record; see category index
robustness/interaction,experiments/crta_v3_stage_ladder_v3_lesions_v1/source_feature_colperm/nh2kn/dose_1.00/kidney_disease_history/seed_51/metrics.json,Existing scientific record; see category index
robustness/interaction,experiments/crta_v3_stage_ladder_v3_lesions_v1/source_feature_colperm/nh2kn/dose_1.00/kidney_disease_history/seed_52/metrics.json,Existing scientific record; see category index
robustness/interaction,experiments/crta_v3_stage_ladder_v3_lesions_v1/source_feature_colperm/nh2kn/dose_1.00/kidney_disease_history/seed_53/metrics.json,Existing scientific record; see category index
robustness/interaction,experiments/crta_v3_stage_ladder_v3_lesions_v1/source_feature_colperm/nh2kn/dose_1.00/kidney_disease_history/seed_54/metrics.json,Existing scientific record; see category index
robustness/interaction,experiments/crta_v3_stage_ladder_v3_lesions_v1/source_feature_colperm/nh2kn/dose_1.00/kidney_disease_history/seed_55/metrics.json,Existing scientific record; see category index
robustness/interaction,experiments/crta_v3_stage_ladder_v3_lesions_v1/source_feature_colperm/nh2kn/dose_1.00/kidney_disease_history/seed_56/metrics.json,Existing scientific record; see category index
robustness/interaction,experiments/crta_v3_stage_ladder_v3_lesions_v1/source_feature_colperm/nh2kn/dose_1.00/kidney_disease_history/seed_57/metrics.json,Existing scientific record; see category index
robustness/interaction,experiments/crta_v3_stage_ladder_v3_lesions_v1/source_feature_colperm/nh2kn/dose_1.00/kidney_disease_history/seed_58/metrics.json,Existing scientific record; see category index
robustness/interaction,experiments/crta_v3_stage_ladder_v3_lesions_v1/source_feature_colperm/nh2kn/dose_1.00/kidney_disease_history/seed_59/metrics.json,Existing scientific record; see category index
robustness/interaction,experiments/crta_v3_stage_ladder_v3_lesions_v1/source_feature_colperm/nh2kn/dose_1.00/stroke_history/seed_50/metrics.json,Existing scientific record; see category index
robustness/interaction,experiments/crta_v3_stage_ladder_v3_lesions_v1/source_feature_colperm/nh2kn/dose_1.00/stroke_history/seed_51/metrics.json,Existing scientific record; see category index
robustness/interaction,experiments/crta_v3_stage_ladder_v3_lesions_v1/source_feature_colperm/nh2kn/dose_1.00/stroke_history/seed_52/metrics.json,Existing scientific record; see category index
robustness/interaction,experiments/crta_v3_stage_ladder_v3_lesions_v1/source_feature_colperm/nh2kn/dose_1.00/stroke_history/seed_53/metrics.json,Existing scientific record; see category index
robustness/interaction,experiments/crta_v3_stage_ladder_v3_lesions_v1/source_feature_colperm/nh2kn/dose_1.00/stroke_history/seed_54/metrics.json,Existing scientific record; see category index
robustness/interaction,experiments/crta_v3_stage_ladder_v3_lesions_v1/source_feature_colperm/nh2kn/dose_1.00/stroke_history/seed_55/metrics.json,Existing scientific record; see category index
robustness/interaction,experiments/crta_v3_stage_ladder_v3_lesions_v1/source_feature_colperm/nh2kn/dose_1.00/stroke_history/seed_56/metrics.json,Existing scientific record; see category index
robustness/interaction,experiments/crta_v3_stage_ladder_v3_lesions_v1/source_feature_colperm/nh2kn/dose_1.00/stroke_history/seed_57/metrics.json,Existing scientific record; see category index
robustness/interaction,experiments/crta_v3_stage_ladder_v3_lesions_v1/source_feature_colperm/nh2kn/dose_1.00/stroke_history/seed_58/metrics.json,Existing scientific record; see category index
robustness/interaction,experiments/crta_v3_stage_ladder_v3_lesions_v1/source_feature_colperm/nh2kn/dose_1.00/stroke_history/seed_59/metrics.json,Existing scientific record; see category index
robustness/interaction,experiments/crta_v3_stage_ladder_v3_lesions_v1/source_feature_render/SUMMARY_V1.json,Existing scientific record; see category index
robustness/interaction,experiments/crta_v3_stage_ladder_v3_lesions_v1/source_feature_render/kn2nh/dose_0.25/LESION_AUDIT_V1.json,Existing scientific record; see category index
robustness/interaction,experiments/crta_v3_stage_ladder_v3_lesions_v1/source_feature_render/kn2nh/dose_0.25/angina_history/seed_50/metrics.json,Existing scientific record; see category index
robustness/interaction,experiments/crta_v3_stage_ladder_v3_lesions_v1/source_feature_render/kn2nh/dose_0.25/angina_history/seed_51/metrics.json,Existing scientific record; see category index
robustness/interaction,experiments/crta_v3_stage_ladder_v3_lesions_v1/source_feature_render/kn2nh/dose_0.25/angina_history/seed_52/metrics.json,Existing scientific record; see category index
robustness/interaction,experiments/crta_v3_stage_ladder_v3_lesions_v1/source_feature_render/kn2nh/dose_0.25/angina_history/seed_53/metrics.json,Existing scientific record; see category index
robustness/interaction,experiments/crta_v3_stage_ladder_v3_lesions_v1/source_feature_render/kn2nh/dose_0.25/angina_history/seed_54/metrics.json,Existing scientific record; see category index
robustness/interaction,experiments/crta_v3_stage_ladder_v3_lesions_v1/source_feature_render/kn2nh/dose_0.25/angina_history/seed_55/metrics.json,Existing scientific record; see category index
robustness/interaction,experiments/crta_v3_stage_ladder_v3_lesions_v1/source_feature_render/kn2nh/dose_0.25/angina_history/seed_56/metrics.json,Existing scientific record; see category index
robustness/interaction,experiments/crta_v3_stage_ladder_v3_lesions_v1/source_feature_render/kn2nh/dose_0.25/angina_history/seed_57/metrics.json,Existing scientific record; see category index
robustness/interaction,experiments/crta_v3_stage_ladder_v3_lesions_v1/source_feature_render/kn2nh/dose_0.25/angina_history/seed_58/metrics.json,Existing scientific record; see category index
robustness/interaction,experiments/crta_v3_stage_ladder_v3_lesions_v1/source_feature_render/kn2nh/dose_0.25/angina_history/seed_59/metrics.json,Existing scientific record; see category index
robustness/interaction,experiments/crta_v3_stage_ladder_v3_lesions_v1/source_feature_render/kn2nh/dose_0.25/arthritis_history/seed_50/metrics.json,Existing scientific record; see category index
robustness/interaction,experiments/crta_v3_stage_ladder_v3_lesions_v1/source_feature_render/kn2nh/dose_0.25/arthritis_history/seed_51/metrics.json,Existing scientific record; see category index
robustness/interaction,experiments/crta_v3_stage_ladder_v3_lesions_v1/source_feature_render/kn2nh/dose_0.25/arthritis_history/seed_52/metrics.json,Existing scientific record; see category index
robustness/interaction,experiments/crta_v3_stage_ladder_v3_lesions_v1/source_feature_render/kn2nh/dose_0.25/arthritis_history/seed_53/metrics.json,Existing scientific record; see category index
robustness/interaction,experiments/crta_v3_stage_ladder_v3_lesions_v1/source_feature_render/kn2nh/dose_0.25/arthritis_history/seed_54/metrics.json,Existing scientific record; see category index
robustness/interaction,experiments/crta_v3_stage_ladder_v3_lesions_v1/source_feature_render/kn2nh/dose_0.25/arthritis_history/seed_55/metrics.json,Existing scientific record; see category index
robustness/interaction,experiments/crta_v3_stage_ladder_v3_lesions_v1/source_feature_render/kn2nh/dose_0.25/arthritis_history/seed_56/metrics.json,Existing scientific record; see category index
robustness/interaction,experiments/crta_v3_stage_ladder_v3_lesions_v1/source_feature_render/kn2nh/dose_0.25/arthritis_history/seed_57/metrics.json,Existing scientific record; see category index
robustness/interaction,experiments/crta_v3_stage_ladder_v3_lesions_v1/source_feature_render/kn2nh/dose_0.25/arthritis_history/seed_58/metrics.json,Existing scientific record; see category index
robustness/interaction,experiments/crta_v3_stage_ladder_v3_lesions_v1/source_feature_render/kn2nh/dose_0.25/arthritis_history/seed_59/metrics.json,Existing scientific record; see category index
robustness/interaction,experiments/crta_v3_stage_ladder_v3_lesions_v1/source_feature_render/kn2nh/dose_0.25/asthma_history/seed_50/metrics.json,Existing scientific record; see category index
robustness/interaction,experiments/crta_v3_stage_ladder_v3_lesions_v1/source_feature_render/kn2nh/dose_0.25/asthma_history/seed_51/metrics.json,Existing scientific record; see category index
robustness/interaction,experiments/crta_v3_stage_ladder_v3_lesions_v1/source_feature_render/kn2nh/dose_0.25/asthma_history/seed_52/metrics.json,Existing scientific record; see category index
robustness/interaction,experiments/crta_v3_stage_ladder_v3_lesions_v1/source_feature_render/kn2nh/dose_0.25/asthma_history/seed_53/metrics.json,Existing scientific record; see category index
robustness/interaction,experiments/crta_v3_stage_ladder_v3_lesions_v1/source_feature_render/kn2nh/dose_0.25/asthma_history/seed_54/metrics.json,Existing scientific record; see category index
robustness/interaction,experiments/crta_v3_stage_ladder_v3_lesions_v1/source_feature_render/kn2nh/dose_0.25/asthma_history/seed_55/metrics.json,Existing scientific record; see category index
robustness/interaction,experiments/crta_v3_stage_ladder_v3_lesions_v1/source_feature_render/kn2nh/dose_0.25/asthma_history/seed_56/metrics.json,Existing scientific record; see category index
robustness/interaction,experiments/crta_v3_stage_ladder_v3_lesions_v1/source_feature_render/kn2nh/dose_0.25/asthma_history/seed_57/metrics.json,Existing scientific record; see category index
robustness/interaction,experiments/crta_v3_stage_ladder_v3_lesions_v1/source_feature_render/kn2nh/dose_0.25/asthma_history/seed_58/metrics.json,Existing scientific record; see category index
robustness/interaction,experiments/crta_v3_stage_ladder_v3_lesions_v1/source_feature_render/kn2nh/dose_0.25/asthma_history/seed_59/metrics.json,Existing scientific record; see category index
robustness/interaction,experiments/crta_v3_stage_ladder_v3_lesions_v1/source_feature_render/kn2nh/dose_0.25/cancer_history/seed_50/metrics.json,Existing scientific record; see category index
robustness/interaction,experiments/crta_v3_stage_ladder_v3_lesions_v1/source_feature_render/kn2nh/dose_0.25/cancer_history/seed_51/metrics.json,Existing scientific record; see category index
robustness/interaction,experiments/crta_v3_stage_ladder_v3_lesions_v1/source_feature_render/kn2nh/dose_0.25/cancer_history/seed_52/metrics.json,Existing scientific record; see category index
robustness/interaction,experiments/crta_v3_stage_ladder_v3_lesions_v1/source_feature_render/kn2nh/dose_0.25/cancer_history/seed_53/metrics.json,Existing scientific record; see category index
robustness/interaction,experiments/crta_v3_stage_ladder_v3_lesions_v1/source_feature_render/kn2nh/dose_0.25/cancer_history/seed_54/metrics.json,Existing scientific record; see category index
robustness/interaction,experiments/crta_v3_stage_ladder_v3_lesions_v1/source_feature_render/kn2nh/dose_0.25/cancer_history/seed_55/metrics.json,Existing scientific record; see category index
robustness/interaction,experiments/crta_v3_stage_ladder_v3_lesions_v1/source_feature_render/kn2nh/dose_0.25/cancer_history/seed_56/metrics.json,Existing scientific record; see category index
robustness/interaction,experiments/crta_v3_stage_ladder_v3_lesions_v1/source_feature_render/kn2nh/dose_0.25/cancer_history/seed_57/metrics.json,Existing scientific record; see category index
robustness/interaction,experiments/crta_v3_stage_ladder_v3_lesions_v1/source_feature_render/kn2nh/dose_0.25/cancer_history/seed_58/metrics.json,Existing scientific record; see category index
robustness/interaction,experiments/crta_v3_stage_ladder_v3_lesions_v1/source_feature_render/kn2nh/dose_0.25/cancer_history/seed_59/metrics.json,Existing scientific record; see category index
robustness/interaction,experiments/crta_v3_stage_ladder_v3_lesions_v1/source_feature_render/kn2nh/dose_0.25/current_smoking_status/seed_50/metrics.json,Existing scientific record; see category index
robustness/interaction,experiments/crta_v3_stage_ladder_v3_lesions_v1/source_feature_render/kn2nh/dose_0.25/current_smoking_status/seed_51/metrics.json,Existing scientific record; see category index
robustness/interaction,experiments/crta_v3_stage_ladder_v3_lesions_v1/source_feature_render/kn2nh/dose_0.25/current_smoking_status/seed_52/metrics.json,Existing scientific record; see category index
robustness/interaction,experiments/crta_v3_stage_ladder_v3_lesions_v1/source_feature_render/kn2nh/dose_0.25/current_smoking_status/seed_53/metrics.json,Existing scientific record; see category index
robustness/interaction,experiments/crta_v3_stage_ladder_v3_lesions_v1/source_feature_render/kn2nh/dose_0.25/current_smoking_status/seed_54/metrics.json,Existing scientific record; see category index
robustness/interaction,experiments/crta_v3_stage_ladder_v3_lesions_v1/source_feature_render/kn2nh/dose_0.25/current_smoking_status/seed_55/metrics.json,Existing scientific record; see category index
robustness/interaction,experiments/crta_v3_stage_ladder_v3_lesions_v1/source_feature_render/kn2nh/dose_0.25/current_smoking_status/seed_56/metrics.json,Existing scientific record; see category index
robustness/interaction,experiments/crta_v3_stage_ladder_v3_lesions_v1/source_feature_render/kn2nh/dose_0.25/current_smoking_status/seed_57/metrics.json,Existing scientific record; see category index
robustness/interaction,experiments/crta_v3_stage_ladder_v3_lesions_v1/source_feature_render/kn2nh/dose_0.25/current_smoking_status/seed_58/metrics.json,Existing scientific record; see category index
robustness/interaction,experiments/crta_v3_stage_ladder_v3_lesions_v1/source_feature_render/kn2nh/dose_0.25/current_smoking_status/seed_59/metrics.json,Existing scientific record; see category index
robustness/interaction,experiments/crta_v3_stage_ladder_v3_lesions_v1/source_feature_render/kn2nh/dose_0.25/diabetes_history/seed_50/metrics.json,Existing scientific record; see category index
robustness/interaction,experiments/crta_v3_stage_ladder_v3_lesions_v1/source_feature_render/kn2nh/dose_0.25/diabetes_history/seed_51/metrics.json,Existing scientific record; see category index
robustness/interaction,experiments/crta_v3_stage_ladder_v3_lesions_v1/source_feature_render/kn2nh/dose_0.25/diabetes_history/seed_52/metrics.json,Existing scientific record; see category index
robustness/interaction,experiments/crta_v3_stage_ladder_v3_lesions_v1/source_feature_render/kn2nh/dose_0.25/diabetes_history/seed_53/metrics.json,Existing scientific record; see category index
robustness/interaction,experiments/crta_v3_stage_ladder_v3_lesions_v1/source_feature_render/kn2nh/dose_0.25/diabetes_history/seed_54/metrics.json,Existing scientific record; see category index
robustness/interaction,experiments/crta_v3_stage_ladder_v3_lesions_v1/source_feature_render/kn2nh/dose_0.25/diabetes_history/seed_55/metrics.json,Existing scientific record; see category index
robustness/interaction,experiments/crta_v3_stage_ladder_v3_lesions_v1/source_feature_render/kn2nh/dose_0.25/diabetes_history/seed_56/metrics.json,Existing scientific record; see category index
robustness/interaction,experiments/crta_v3_stage_ladder_v3_lesions_v1/source_feature_render/kn2nh/dose_0.25/diabetes_history/seed_57/metrics.json,Existing scientific record; see category index
robustness/interaction,experiments/crta_v3_stage_ladder_v3_lesions_v1/source_feature_render/kn2nh/dose_0.25/diabetes_history/seed_58/metrics.json,Existing scientific record; see category index
robustness/interaction,experiments/crta_v3_stage_ladder_v3_lesions_v1/source_feature_render/kn2nh/dose_0.25/diabetes_history/seed_59/metrics.json,Existing scientific record; see category index
robustness/interaction,experiments/crta_v3_stage_ladder_v3_lesions_v1/source_feature_render/kn2nh/dose_0.25/heart_attack_history/seed_50/metrics.json,Existing scientific record; see category index
robustness/interaction,experiments/crta_v3_stage_ladder_v3_lesions_v1/source_feature_render/kn2nh/dose_0.25/heart_attack_history/seed_51/metrics.json,Existing scientific record; see category index
robustness/interaction,experiments/crta_v3_stage_ladder_v3_lesions_v1/source_feature_render/kn2nh/dose_0.25/heart_attack_history/seed_52/metrics.json,Existing scientific record; see category index
robustness/interaction,experiments/crta_v3_stage_ladder_v3_lesions_v1/source_feature_render/kn2nh/dose_0.25/heart_attack_history/seed_53/metrics.json,Existing scientific record; see category index
robustness/interaction,experiments/crta_v3_stage_ladder_v3_lesions_v1/source_feature_render/kn2nh/dose_0.25/heart_attack_history/seed_54/metrics.json,Existing scientific record; see category index
robustness/interaction,experiments/crta_v3_stage_ladder_v3_lesions_v1/source_feature_render/kn2nh/dose_0.25/heart_attack_history/seed_55/metrics.json,Existing scientific record; see category index
robustness/interaction,experiments/crta_v3_stage_ladder_v3_lesions_v1/source_feature_render/kn2nh/dose_0.25/heart_attack_history/seed_56/metrics.json,Existing scientific record; see category index
robustness/interaction,experiments/crta_v3_stage_ladder_v3_lesions_v1/source_feature_render/kn2nh/dose_0.25/heart_attack_history/seed_57/metrics.json,Existing scientific record; see category index
robustness/interaction,experiments/crta_v3_stage_ladder_v3_lesions_v1/source_feature_render/kn2nh/dose_0.25/heart_attack_history/seed_58/metrics.json,Existing scientific record; see category index
robustness/interaction,experiments/crta_v3_stage_ladder_v3_lesions_v1/source_feature_render/kn2nh/dose_0.25/heart_attack_history/seed_59/metrics.json,Existing scientific record; see category index
robustness/interaction,experiments/crta_v3_stage_ladder_v3_lesions_v1/source_feature_render/kn2nh/dose_0.25/hypertension_history/seed_50/metrics.json,Existing scientific record; see category index
robustness/interaction,experiments/crta_v3_stage_ladder_v3_lesions_v1/source_feature_render/kn2nh/dose_0.25/hypertension_history/seed_51/metrics.json,Existing scientific record; see category index
robustness/interaction,experiments/crta_v3_stage_ladder_v3_lesions_v1/source_feature_render/kn2nh/dose_0.25/hypertension_history/seed_52/metrics.json,Existing scientific record; see category index
robustness/interaction,experiments/crta_v3_stage_ladder_v3_lesions_v1/source_feature_render/kn2nh/dose_0.25/hypertension_history/seed_53/metrics.json,Existing scientific record; see category index
robustness/interaction,experiments/crta_v3_stage_ladder_v3_lesions_v1/source_feature_render/kn2nh/dose_0.25/hypertension_history/seed_54/metrics.json,Existing scientific record; see category index
robustness/interaction,experiments/crta_v3_stage_ladder_v3_lesions_v1/source_feature_render/kn2nh/dose_0.25/hypertension_history/seed_55/metrics.json,Existing scientific record; see category index
robustness/interaction,experiments/crta_v3_stage_ladder_v3_lesions_v1/source_feature_render/kn2nh/dose_0.25/hypertension_history/seed_56/metrics.json,Existing scientific record; see category index
robustness/interaction,experiments/crta_v3_stage_ladder_v3_lesions_v1/source_feature_render/kn2nh/dose_0.25/hypertension_history/seed_57/metrics.json,Existing scientific record; see category index
robustness/interaction,experiments/crta_v3_stage_ladder_v3_lesions_v1/source_feature_render/kn2nh/dose_0.25/hypertension_history/seed_58/metrics.json,Existing scientific record; see category index
robustness/interaction,experiments/crta_v3_stage_ladder_v3_lesions_v1/source_feature_render/kn2nh/dose_0.25/hypertension_history/seed_59/metrics.json,Existing scientific record; see category index
robustness/interaction,experiments/crta_v3_stage_ladder_v3_lesions_v1/source_feature_render/kn2nh/dose_0.25/kidney_disease_history/seed_50/metrics.json,Existing scientific record; see category index
robustness/interaction,experiments/crta_v3_stage_ladder_v3_lesions_v1/source_feature_render/kn2nh/dose_0.25/kidney_disease_history/seed_51/metrics.json,Existing scientific record; see category index
robustness/interaction,experiments/crta_v3_stage_ladder_v3_lesions_v1/source_feature_render/kn2nh/dose_0.25/kidney_disease_history/seed_52/metrics.json,Existing scientific record; see category index
robustness/interaction,experiments/crta_v3_stage_ladder_v3_lesions_v1/source_feature_render/kn2nh/dose_0.25/kidney_disease_history/seed_53/metrics.json,Existing scientific record; see category index
robustness/interaction,experiments/crta_v3_stage_ladder_v3_lesions_v1/source_feature_render/kn2nh/dose_0.25/kidney_disease_history/seed_54/metrics.json,Existing scientific record; see category index
robustness/interaction,experiments/crta_v3_stage_ladder_v3_lesions_v1/source_feature_render/kn2nh/dose_0.25/kidney_disease_history/seed_55/metrics.json,Existing scientific record; see category index
robustness/interaction,experiments/crta_v3_stage_ladder_v3_lesions_v1/source_feature_render/kn2nh/dose_0.25/kidney_disease_history/seed_56/metrics.json,Existing scientific record; see category index
robustness/interaction,experiments/crta_v3_stage_ladder_v3_lesions_v1/source_feature_render/kn2nh/dose_0.25/kidney_disease_history/seed_57/metrics.json,Existing scientific record; see category index
robustness/interaction,experiments/crta_v3_stage_ladder_v3_lesions_v1/source_feature_render/kn2nh/dose_0.25/kidney_disease_history/seed_58/metrics.json,Existing scientific record; see category index
robustness/interaction,experiments/crta_v3_stage_ladder_v3_lesions_v1/source_feature_render/kn2nh/dose_0.25/kidney_disease_history/seed_59/metrics.json,Existing scientific record; see category index
robustness/interaction,experiments/crta_v3_stage_ladder_v3_lesions_v1/source_feature_render/kn2nh/dose_0.25/stroke_history/seed_50/metrics.json,Existing scientific record; see category index
robustness/interaction,experiments/crta_v3_stage_ladder_v3_lesions_v1/source_feature_render/kn2nh/dose_0.25/stroke_history/seed_51/metrics.json,Existing scientific record; see category index
robustness/interaction,experiments/crta_v3_stage_ladder_v3_lesions_v1/source_feature_render/kn2nh/dose_0.25/stroke_history/seed_52/metrics.json,Existing scientific record; see category index
robustness/interaction,experiments/crta_v3_stage_ladder_v3_lesions_v1/source_feature_render/kn2nh/dose_0.25/stroke_history/seed_53/metrics.json,Existing scientific record; see category index
robustness/interaction,experiments/crta_v3_stage_ladder_v3_lesions_v1/source_feature_render/kn2nh/dose_0.25/stroke_history/seed_54/metrics.json,Existing scientific record; see category index
robustness/interaction,experiments/crta_v3_stage_ladder_v3_lesions_v1/source_feature_render/kn2nh/dose_0.25/stroke_history/seed_55/metrics.json,Existing scientific record; see category index
robustness/interaction,experiments/crta_v3_stage_ladder_v3_lesions_v1/source_feature_render/kn2nh/dose_0.25/stroke_history/seed_56/metrics.json,Existing scientific record; see category index
robustness/interaction,experiments/crta_v3_stage_ladder_v3_lesions_v1/source_feature_render/kn2nh/dose_0.25/stroke_history/seed_57/metrics.json,Existing scientific record; see category index
robustness/interaction,experiments/crta_v3_stage_ladder_v3_lesions_v1/source_feature_render/kn2nh/dose_0.25/stroke_history/seed_58/metrics.json,Existing scientific record; see category index
robustness/interaction,experiments/crta_v3_stage_ladder_v3_lesions_v1/source_feature_render/kn2nh/dose_0.25/stroke_history/seed_59/metrics.json,Existing scientific record; see category index
robustness/interaction,experiments/crta_v3_stage_ladder_v3_lesions_v1/source_feature_render/kn2nh/dose_0.50/LESION_AUDIT_V1.json,Existing scientific record; see category index
robustness/interaction,experiments/crta_v3_stage_ladder_v3_lesions_v1/source_feature_render/kn2nh/dose_0.50/angina_history/seed_50/metrics.json,Existing scientific record; see category index
robustness/interaction,experiments/crta_v3_stage_ladder_v3_lesions_v1/source_feature_render/kn2nh/dose_0.50/angina_history/seed_51/metrics.json,Existing scientific record; see category index
robustness/interaction,experiments/crta_v3_stage_ladder_v3_lesions_v1/source_feature_render/kn2nh/dose_0.50/angina_history/seed_52/metrics.json,Existing scientific record; see category index
robustness/interaction,experiments/crta_v3_stage_ladder_v3_lesions_v1/source_feature_render/kn2nh/dose_0.50/angina_history/seed_53/metrics.json,Existing scientific record; see category index
robustness/interaction,experiments/crta_v3_stage_ladder_v3_lesions_v1/source_feature_render/kn2nh/dose_0.50/angina_history/seed_54/metrics.json,Existing scientific record; see category index
robustness/interaction,experiments/crta_v3_stage_ladder_v3_lesions_v1/source_feature_render/kn2nh/dose_0.50/angina_history/seed_55/metrics.json,Existing scientific record; see category index
robustness/interaction,experiments/crta_v3_stage_ladder_v3_lesions_v1/source_feature_render/kn2nh/dose_0.50/angina_history/seed_56/metrics.json,Existing scientific record; see category index
robustness/interaction,experiments/crta_v3_stage_ladder_v3_lesions_v1/source_feature_render/kn2nh/dose_0.50/angina_history/seed_57/metrics.json,Existing scientific record; see category index
robustness/interaction,experiments/crta_v3_stage_ladder_v3_lesions_v1/source_feature_render/kn2nh/dose_0.50/angina_history/seed_58/metrics.json,Existing scientific record; see category index
robustness/interaction,experiments/crta_v3_stage_ladder_v3_lesions_v1/source_feature_render/kn2nh/dose_0.50/angina_history/seed_59/metrics.json,Existing scientific record; see category index
robustness/interaction,experiments/crta_v3_stage_ladder_v3_lesions_v1/source_feature_render/kn2nh/dose_0.50/arthritis_history/seed_50/metrics.json,Existing scientific record; see category index
robustness/interaction,experiments/crta_v3_stage_ladder_v3_lesions_v1/source_feature_render/kn2nh/dose_0.50/arthritis_history/seed_51/metrics.json,Existing scientific record; see category index
robustness/interaction,experiments/crta_v3_stage_ladder_v3_lesions_v1/source_feature_render/kn2nh/dose_0.50/arthritis_history/seed_52/metrics.json,Existing scientific record; see category index
robustness/interaction,experiments/crta_v3_stage_ladder_v3_lesions_v1/source_feature_render/kn2nh/dose_0.50/arthritis_history/seed_53/metrics.json,Existing scientific record; see category index
robustness/interaction,experiments/crta_v3_stage_ladder_v3_lesions_v1/source_feature_render/kn2nh/dose_0.50/arthritis_history/seed_54/metrics.json,Existing scientific record; see category index
robustness/interaction,experiments/crta_v3_stage_ladder_v3_lesions_v1/source_feature_render/kn2nh/dose_0.50/arthritis_history/seed_55/metrics.json,Existing scientific record; see category index
robustness/interaction,experiments/crta_v3_stage_ladder_v3_lesions_v1/source_feature_render/kn2nh/dose_0.50/arthritis_history/seed_56/metrics.json,Existing scientific record; see category index
robustness/interaction,experiments/crta_v3_stage_ladder_v3_lesions_v1/source_feature_render/kn2nh/dose_0.50/arthritis_history/seed_57/metrics.json,Existing scientific record; see category index
robustness/interaction,experiments/crta_v3_stage_ladder_v3_lesions_v1/source_feature_render/kn2nh/dose_0.50/arthritis_history/seed_58/metrics.json,Existing scientific record; see category index
robustness/interaction,experiments/crta_v3_stage_ladder_v3_lesions_v1/source_feature_render/kn2nh/dose_0.50/arthritis_history/seed_59/metrics.json,Existing scientific record; see category index
robustness/interaction,experiments/crta_v3_stage_ladder_v3_lesions_v1/source_feature_render/kn2nh/dose_0.50/asthma_history/seed_50/metrics.json,Existing scientific record; see category index
robustness/interaction,experiments/crta_v3_stage_ladder_v3_lesions_v1/source_feature_render/kn2nh/dose_0.50/asthma_history/seed_51/metrics.json,Existing scientific record; see category index
robustness/interaction,experiments/crta_v3_stage_ladder_v3_lesions_v1/source_feature_render/kn2nh/dose_0.50/asthma_history/seed_52/metrics.json,Existing scientific record; see category index
robustness/interaction,experiments/crta_v3_stage_ladder_v3_lesions_v1/source_feature_render/kn2nh/dose_0.50/asthma_history/seed_53/metrics.json,Existing scientific record; see category index
robustness/interaction,experiments/crta_v3_stage_ladder_v3_lesions_v1/source_feature_render/kn2nh/dose_0.50/asthma_history/seed_54/metrics.json,Existing scientific record; see category index
robustness/interaction,experiments/crta_v3_stage_ladder_v3_lesions_v1/source_feature_render/kn2nh/dose_0.50/asthma_history/seed_55/metrics.json,Existing scientific record; see category index
robustness/interaction,experiments/crta_v3_stage_ladder_v3_lesions_v1/source_feature_render/kn2nh/dose_0.50/asthma_history/seed_56/metrics.json,Existing scientific record; see category index
robustness/interaction,experiments/crta_v3_stage_ladder_v3_lesions_v1/source_feature_render/kn2nh/dose_0.50/asthma_history/seed_57/metrics.json,Existing scientific record; see category index
robustness/interaction,experiments/crta_v3_stage_ladder_v3_lesions_v1/source_feature_render/kn2nh/dose_0.50/asthma_history/seed_58/metrics.json,Existing scientific record; see category index
robustness/interaction,experiments/crta_v3_stage_ladder_v3_lesions_v1/source_feature_render/kn2nh/dose_0.50/asthma_history/seed_59/metrics.json,Existing scientific record; see category index
robustness/interaction,experiments/crta_v3_stage_ladder_v3_lesions_v1/source_feature_render/kn2nh/dose_0.50/cancer_history/seed_50/metrics.json,Existing scientific record; see category index
robustness/interaction,experiments/crta_v3_stage_ladder_v3_lesions_v1/source_feature_render/kn2nh/dose_0.50/cancer_history/seed_51/metrics.json,Existing scientific record; see category index
robustness/interaction,experiments/crta_v3_stage_ladder_v3_lesions_v1/source_feature_render/kn2nh/dose_0.50/cancer_history/seed_52/metrics.json,Existing scientific record; see category index
robustness/interaction,experiments/crta_v3_stage_ladder_v3_lesions_v1/source_feature_render/kn2nh/dose_0.50/cancer_history/seed_53/metrics.json,Existing scientific record; see category index
robustness/interaction,experiments/crta_v3_stage_ladder_v3_lesions_v1/source_feature_render/kn2nh/dose_0.50/cancer_history/seed_54/metrics.json,Existing scientific record; see category index
robustness/interaction,experiments/crta_v3_stage_ladder_v3_lesions_v1/source_feature_render/kn2nh/dose_0.50/cancer_history/seed_55/metrics.json,Existing scientific record; see category index
robustness/interaction,experiments/crta_v3_stage_ladder_v3_lesions_v1/source_feature_render/kn2nh/dose_0.50/cancer_history/seed_56/metrics.json,Existing scientific record; see category index
robustness/interaction,experiments/crta_v3_stage_ladder_v3_lesions_v1/source_feature_render/kn2nh/dose_0.50/cancer_history/seed_57/metrics.json,Existing scientific record; see category index
robustness/interaction,experiments/crta_v3_stage_ladder_v3_lesions_v1/source_feature_render/kn2nh/dose_0.50/cancer_history/seed_58/metrics.json,Existing scientific record; see category index
robustness/interaction,experiments/crta_v3_stage_ladder_v3_lesions_v1/source_feature_render/kn2nh/dose_0.50/cancer_history/seed_59/metrics.json,Existing scientific record; see category index
robustness/interaction,experiments/crta_v3_stage_ladder_v3_lesions_v1/source_feature_render/kn2nh/dose_0.50/current_smoking_status/seed_50/metrics.json,Existing scientific record; see category index
robustness/interaction,experiments/crta_v3_stage_ladder_v3_lesions_v1/source_feature_render/kn2nh/dose_0.50/current_smoking_status/seed_51/metrics.json,Existing scientific record; see category index
robustness/interaction,experiments/crta_v3_stage_ladder_v3_lesions_v1/source_feature_render/kn2nh/dose_0.50/current_smoking_status/seed_52/metrics.json,Existing scientific record; see category index
robustness/interaction,experiments/crta_v3_stage_ladder_v3_lesions_v1/source_feature_render/kn2nh/dose_0.50/current_smoking_status/seed_53/metrics.json,Existing scientific record; see category index
robustness/interaction,experiments/crta_v3_stage_ladder_v3_lesions_v1/source_feature_render/kn2nh/dose_0.50/current_smoking_status/seed_54/metrics.json,Existing scientific record; see category index
robustness/interaction,experiments/crta_v3_stage_ladder_v3_lesions_v1/source_feature_render/kn2nh/dose_0.50/current_smoking_status/seed_55/metrics.json,Existing scientific record; see category index
robustness/interaction,experiments/crta_v3_stage_ladder_v3_lesions_v1/source_feature_render/kn2nh/dose_0.50/current_smoking_status/seed_56/metrics.json,Existing scientific record; see category index
robustness/interaction,experiments/crta_v3_stage_ladder_v3_lesions_v1/source_feature_render/kn2nh/dose_0.50/current_smoking_status/seed_57/metrics.json,Existing scientific record; see category index
robustness/interaction,experiments/crta_v3_stage_ladder_v3_lesions_v1/source_feature_render/kn2nh/dose_0.50/current_smoking_status/seed_58/metrics.json,Existing scientific record; see category index
robustness/interaction,experiments/crta_v3_stage_ladder_v3_lesions_v1/source_feature_render/kn2nh/dose_0.50/current_smoking_status/seed_59/metrics.json,Existing scientific record; see category index
robustness/interaction,experiments/crta_v3_stage_ladder_v3_lesions_v1/source_feature_render/kn2nh/dose_0.50/diabetes_history/seed_50/metrics.json,Existing scientific record; see category index
robustness/interaction,experiments/crta_v3_stage_ladder_v3_lesions_v1/source_feature_render/kn2nh/dose_0.50/diabetes_history/seed_51/metrics.json,Existing scientific record; see category index
robustness/interaction,experiments/crta_v3_stage_ladder_v3_lesions_v1/source_feature_render/kn2nh/dose_0.50/diabetes_history/seed_52/metrics.json,Existing scientific record; see category index
robustness/interaction,experiments/crta_v3_stage_ladder_v3_lesions_v1/source_feature_render/kn2nh/dose_0.50/diabetes_history/seed_53/metrics.json,Existing scientific record; see category index
robustness/interaction,experiments/crta_v3_stage_ladder_v3_lesions_v1/source_feature_render/kn2nh/dose_0.50/diabetes_history/seed_54/metrics.json,Existing scientific record; see category index
robustness/interaction,experiments/crta_v3_stage_ladder_v3_lesions_v1/source_feature_render/kn2nh/dose_0.50/diabetes_history/seed_55/metrics.json,Existing scientific record; see category index
robustness/interaction,experiments/crta_v3_stage_ladder_v3_lesions_v1/source_feature_render/kn2nh/dose_0.50/diabetes_history/seed_56/metrics.json,Existing scientific record; see category index
robustness/interaction,experiments/crta_v3_stage_ladder_v3_lesions_v1/source_feature_render/kn2nh/dose_0.50/diabetes_history/seed_57/metrics.json,Existing scientific record; see category index
robustness/interaction,experiments/crta_v3_stage_ladder_v3_lesions_v1/source_feature_render/kn2nh/dose_0.50/diabetes_history/seed_58/metrics.json,Existing scientific record; see category index
robustness/interaction,experiments/crta_v3_stage_ladder_v3_lesions_v1/source_feature_render/kn2nh/dose_0.50/diabetes_history/seed_59/metrics.json,Existing scientific record; see category index
robustness/interaction,experiments/crta_v3_stage_ladder_v3_lesions_v1/source_feature_render/kn2nh/dose_0.50/heart_attack_history/seed_50/metrics.json,Existing scientific record; see category index
robustness/interaction,experiments/crta_v3_stage_ladder_v3_lesions_v1/source_feature_render/kn2nh/dose_0.50/heart_attack_history/seed_51/metrics.json,Existing scientific record; see category index
robustness/interaction,experiments/crta_v3_stage_ladder_v3_lesions_v1/source_feature_render/kn2nh/dose_0.50/heart_attack_history/seed_52/metrics.json,Existing scientific record; see category index
robustness/interaction,experiments/crta_v3_stage_ladder_v3_lesions_v1/source_feature_render/kn2nh/dose_0.50/heart_attack_history/seed_53/metrics.json,Existing scientific record; see category index
robustness/interaction,experiments/crta_v3_stage_ladder_v3_lesions_v1/source_feature_render/kn2nh/dose_0.50/heart_attack_history/seed_54/metrics.json,Existing scientific record; see category index
robustness/interaction,experiments/crta_v3_stage_ladder_v3_lesions_v1/source_feature_render/kn2nh/dose_0.50/heart_attack_history/seed_55/metrics.json,Existing scientific record; see category index
robustness/interaction,experiments/crta_v3_stage_ladder_v3_lesions_v1/source_feature_render/kn2nh/dose_0.50/heart_attack_history/seed_56/metrics.json,Existing scientific record; see category index
robustness/interaction,experiments/crta_v3_stage_ladder_v3_lesions_v1/source_feature_render/kn2nh/dose_0.50/heart_attack_history/seed_57/metrics.json,Existing scientific record; see category index
robustness/interaction,experiments/crta_v3_stage_ladder_v3_lesions_v1/source_feature_render/kn2nh/dose_0.50/heart_attack_history/seed_58/metrics.json,Existing scientific record; see category index
robustness/interaction,experiments/crta_v3_stage_ladder_v3_lesions_v1/source_feature_render/kn2nh/dose_0.50/heart_attack_history/seed_59/metrics.json,Existing scientific record; see category index
robustness/interaction,experiments/crta_v3_stage_ladder_v3_lesions_v1/source_feature_render/kn2nh/dose_0.50/hypertension_history/seed_50/metrics.json,Existing scientific record; see category index
robustness/interaction,experiments/crta_v3_stage_ladder_v3_lesions_v1/source_feature_render/kn2nh/dose_0.50/hypertension_history/seed_51/metrics.json,Existing scientific record; see category index
robustness/interaction,experiments/crta_v3_stage_ladder_v3_lesions_v1/source_feature_render/kn2nh/dose_0.50/hypertension_history/seed_52/metrics.json,Existing scientific record; see category index
robustness/interaction,experiments/crta_v3_stage_ladder_v3_lesions_v1/source_feature_render/kn2nh/dose_0.50/hypertension_history/seed_53/metrics.json,Existing scientific record; see category index
robustness/interaction,experiments/crta_v3_stage_ladder_v3_lesions_v1/source_feature_render/kn2nh/dose_0.50/hypertension_history/seed_54/metrics.json,Existing scientific record; see category index
robustness/interaction,experiments/crta_v3_stage_ladder_v3_lesions_v1/source_feature_render/kn2nh/dose_0.50/hypertension_history/seed_55/metrics.json,Existing scientific record; see category index
robustness/interaction,experiments/crta_v3_stage_ladder_v3_lesions_v1/source_feature_render/kn2nh/dose_0.50/hypertension_history/seed_56/metrics.json,Existing scientific record; see category index
robustness/interaction,experiments/crta_v3_stage_ladder_v3_lesions_v1/source_feature_render/kn2nh/dose_0.50/hypertension_history/seed_57/metrics.json,Existing scientific record; see category index
robustness/interaction,experiments/crta_v3_stage_ladder_v3_lesions_v1/source_feature_render/kn2nh/dose_0.50/hypertension_history/seed_58/metrics.json,Existing scientific record; see category index
robustness/interaction,experiments/crta_v3_stage_ladder_v3_lesions_v1/source_feature_render/kn2nh/dose_0.50/hypertension_history/seed_59/metrics.json,Existing scientific record; see category index
robustness/interaction,experiments/crta_v3_stage_ladder_v3_lesions_v1/source_feature_render/kn2nh/dose_0.50/kidney_disease_history/seed_50/metrics.json,Existing scientific record; see category index
robustness/interaction,experiments/crta_v3_stage_ladder_v3_lesions_v1/source_feature_render/kn2nh/dose_0.50/kidney_disease_history/seed_51/metrics.json,Existing scientific record; see category index
robustness/interaction,experiments/crta_v3_stage_ladder_v3_lesions_v1/source_feature_render/kn2nh/dose_0.50/kidney_disease_history/seed_52/metrics.json,Existing scientific record; see category index
robustness/interaction,experiments/crta_v3_stage_ladder_v3_lesions_v1/source_feature_render/kn2nh/dose_0.50/kidney_disease_history/seed_53/metrics.json,Existing scientific record; see category index
robustness/interaction,experiments/crta_v3_stage_ladder_v3_lesions_v1/source_feature_render/kn2nh/dose_0.50/kidney_disease_history/seed_54/metrics.json,Existing scientific record; see category index
robustness/interaction,experiments/crta_v3_stage_ladder_v3_lesions_v1/source_feature_render/kn2nh/dose_0.50/kidney_disease_history/seed_55/metrics.json,Existing scientific record; see category index
robustness/interaction,experiments/crta_v3_stage_ladder_v3_lesions_v1/source_feature_render/kn2nh/dose_0.50/kidney_disease_history/seed_56/metrics.json,Existing scientific record; see category index
robustness/interaction,experiments/crta_v3_stage_ladder_v3_lesions_v1/source_feature_render/kn2nh/dose_0.50/kidney_disease_history/seed_57/metrics.json,Existing scientific record; see category index
robustness/interaction,experiments/crta_v3_stage_ladder_v3_lesions_v1/source_feature_render/kn2nh/dose_0.50/kidney_disease_history/seed_58/metrics.json,Existing scientific record; see category index
robustness/interaction,experiments/crta_v3_stage_ladder_v3_lesions_v1/source_feature_render/kn2nh/dose_0.50/kidney_disease_history/seed_59/metrics.json,Existing scientific record; see category index
robustness/interaction,experiments/crta_v3_stage_ladder_v3_lesions_v1/source_feature_render/kn2nh/dose_0.50/stroke_history/seed_50/metrics.json,Existing scientific record; see category index
robustness/interaction,experiments/crta_v3_stage_ladder_v3_lesions_v1/source_feature_render/kn2nh/dose_0.50/stroke_history/seed_51/metrics.json,Existing scientific record; see category index
robustness/interaction,experiments/crta_v3_stage_ladder_v3_lesions_v1/source_feature_render/kn2nh/dose_0.50/stroke_history/seed_52/metrics.json,Existing scientific record; see category index
robustness/interaction,experiments/crta_v3_stage_ladder_v3_lesions_v1/source_feature_render/kn2nh/dose_0.50/stroke_history/seed_53/metrics.json,Existing scientific record; see category index
robustness/interaction,experiments/crta_v3_stage_ladder_v3_lesions_v1/source_feature_render/kn2nh/dose_0.50/stroke_history/seed_54/metrics.json,Existing scientific record; see category index
robustness/interaction,experiments/crta_v3_stage_ladder_v3_lesions_v1/source_feature_render/kn2nh/dose_0.50/stroke_history/seed_55/metrics.json,Existing scientific record; see category index
robustness/interaction,experiments/crta_v3_stage_ladder_v3_lesions_v1/source_feature_render/kn2nh/dose_0.50/stroke_history/seed_56/metrics.json,Existing scientific record; see category index
robustness/interaction,experiments/crta_v3_stage_ladder_v3_lesions_v1/source_feature_render/kn2nh/dose_0.50/stroke_history/seed_57/metrics.json,Existing scientific record; see category index
robustness/interaction,experiments/crta_v3_stage_ladder_v3_lesions_v1/source_feature_render/kn2nh/dose_0.50/stroke_history/seed_58/metrics.json,Existing scientific record; see category index
robustness/interaction,experiments/crta_v3_stage_ladder_v3_lesions_v1/source_feature_render/kn2nh/dose_0.50/stroke_history/seed_59/metrics.json,Existing scientific record; see category index
robustness/interaction,experiments/crta_v3_stage_ladder_v3_lesions_v1/source_feature_render/kn2nh/dose_0.75/LESION_AUDIT_V1.json,Existing scientific record; see category index
robustness/interaction,experiments/crta_v3_stage_ladder_v3_lesions_v1/source_feature_render/kn2nh/dose_0.75/angina_history/seed_50/metrics.json,Existing scientific record; see category index
robustness/interaction,experiments/crta_v3_stage_ladder_v3_lesions_v1/source_feature_render/kn2nh/dose_0.75/angina_history/seed_51/metrics.json,Existing scientific record; see category index
robustness/interaction,experiments/crta_v3_stage_ladder_v3_lesions_v1/source_feature_render/kn2nh/dose_0.75/angina_history/seed_52/metrics.json,Existing scientific record; see category index
robustness/interaction,experiments/crta_v3_stage_ladder_v3_lesions_v1/source_feature_render/kn2nh/dose_0.75/angina_history/seed_53/metrics.json,Existing scientific record; see category index
robustness/interaction,experiments/crta_v3_stage_ladder_v3_lesions_v1/source_feature_render/kn2nh/dose_0.75/angina_history/seed_54/metrics.json,Existing scientific record; see category index
robustness/interaction,experiments/crta_v3_stage_ladder_v3_lesions_v1/source_feature_render/kn2nh/dose_0.75/angina_history/seed_55/metrics.json,Existing scientific record; see category index
robustness/interaction,experiments/crta_v3_stage_ladder_v3_lesions_v1/source_feature_render/kn2nh/dose_0.75/angina_history/seed_56/metrics.json,Existing scientific record; see category index
robustness/interaction,experiments/crta_v3_stage_ladder_v3_lesions_v1/source_feature_render/kn2nh/dose_0.75/angina_history/seed_57/metrics.json,Existing scientific record; see category index
robustness/interaction,experiments/crta_v3_stage_ladder_v3_lesions_v1/source_feature_render/kn2nh/dose_0.75/angina_history/seed_58/metrics.json,Existing scientific record; see category index
robustness/interaction,experiments/crta_v3_stage_ladder_v3_lesions_v1/source_feature_render/kn2nh/dose_0.75/angina_history/seed_59/metrics.json,Existing scientific record; see category index
robustness/interaction,experiments/crta_v3_stage_ladder_v3_lesions_v1/source_feature_render/kn2nh/dose_0.75/arthritis_history/seed_50/metrics.json,Existing scientific record; see category index
robustness/interaction,experiments/crta_v3_stage_ladder_v3_lesions_v1/source_feature_render/kn2nh/dose_0.75/arthritis_history/seed_51/metrics.json,Existing scientific record; see category index
robustness/interaction,experiments/crta_v3_stage_ladder_v3_lesions_v1/source_feature_render/kn2nh/dose_0.75/arthritis_history/seed_52/metrics.json,Existing scientific record; see category index
robustness/interaction,experiments/crta_v3_stage_ladder_v3_lesions_v1/source_feature_render/kn2nh/dose_0.75/arthritis_history/seed_53/metrics.json,Existing scientific record; see category index
robustness/interaction,experiments/crta_v3_stage_ladder_v3_lesions_v1/source_feature_render/kn2nh/dose_0.75/arthritis_history/seed_54/metrics.json,Existing scientific record; see category index
robustness/interaction,experiments/crta_v3_stage_ladder_v3_lesions_v1/source_feature_render/kn2nh/dose_0.75/arthritis_history/seed_55/metrics.json,Existing scientific record; see category index
robustness/interaction,experiments/crta_v3_stage_ladder_v3_lesions_v1/source_feature_render/kn2nh/dose_0.75/arthritis_history/seed_56/metrics.json,Existing scientific record; see category index
robustness/interaction,experiments/crta_v3_stage_ladder_v3_lesions_v1/source_feature_render/kn2nh/dose_0.75/arthritis_history/seed_57/metrics.json,Existing scientific record; see category index
robustness/interaction,experiments/crta_v3_stage_ladder_v3_lesions_v1/source_feature_render/kn2nh/dose_0.75/arthritis_history/seed_58/metrics.json,Existing scientific record; see category index
robustness/interaction,experiments/crta_v3_stage_ladder_v3_lesions_v1/source_feature_render/kn2nh/dose_0.75/arthritis_history/seed_59/metrics.json,Existing scientific record; see category index
robustness/interaction,experiments/crta_v3_stage_ladder_v3_lesions_v1/source_feature_render/kn2nh/dose_0.75/asthma_history/seed_50/metrics.json,Existing scientific record; see category index
robustness/interaction,experiments/crta_v3_stage_ladder_v3_lesions_v1/source_feature_render/kn2nh/dose_0.75/asthma_history/seed_51/metrics.json,Existing scientific record; see category index
robustness/interaction,experiments/crta_v3_stage_ladder_v3_lesions_v1/source_feature_render/kn2nh/dose_0.75/asthma_history/seed_52/metrics.json,Existing scientific record; see category index
robustness/interaction,experiments/crta_v3_stage_ladder_v3_lesions_v1/source_feature_render/kn2nh/dose_0.75/asthma_history/seed_53/metrics.json,Existing scientific record; see category index
robustness/interaction,experiments/crta_v3_stage_ladder_v3_lesions_v1/source_feature_render/kn2nh/dose_0.75/asthma_history/seed_54/metrics.json,Existing scientific record; see category index
robustness/interaction,experiments/crta_v3_stage_ladder_v3_lesions_v1/source_feature_render/kn2nh/dose_0.75/asthma_history/seed_55/metrics.json,Existing scientific record; see category index
robustness/interaction,experiments/crta_v3_stage_ladder_v3_lesions_v1/source_feature_render/kn2nh/dose_0.75/asthma_history/seed_56/metrics.json,Existing scientific record; see category index
robustness/interaction,experiments/crta_v3_stage_ladder_v3_lesions_v1/source_feature_render/kn2nh/dose_0.75/asthma_history/seed_57/metrics.json,Existing scientific record; see category index
robustness/interaction,experiments/crta_v3_stage_ladder_v3_lesions_v1/source_feature_render/kn2nh/dose_0.75/asthma_history/seed_58/metrics.json,Existing scientific record; see category index
robustness/interaction,experiments/crta_v3_stage_ladder_v3_lesions_v1/source_feature_render/kn2nh/dose_0.75/asthma_history/seed_59/metrics.json,Existing scientific record; see category index
robustness/interaction,experiments/crta_v3_stage_ladder_v3_lesions_v1/source_feature_render/kn2nh/dose_0.75/cancer_history/seed_50/metrics.json,Existing scientific record; see category index
robustness/interaction,experiments/crta_v3_stage_ladder_v3_lesions_v1/source_feature_render/kn2nh/dose_0.75/cancer_history/seed_51/metrics.json,Existing scientific record; see category index
robustness/interaction,experiments/crta_v3_stage_ladder_v3_lesions_v1/source_feature_render/kn2nh/dose_0.75/cancer_history/seed_52/metrics.json,Existing scientific record; see category index
robustness/interaction,experiments/crta_v3_stage_ladder_v3_lesions_v1/source_feature_render/kn2nh/dose_0.75/cancer_history/seed_53/metrics.json,Existing scientific record; see category index
robustness/interaction,experiments/crta_v3_stage_ladder_v3_lesions_v1/source_feature_render/kn2nh/dose_0.75/cancer_history/seed_54/metrics.json,Existing scientific record; see category index
robustness/interaction,experiments/crta_v3_stage_ladder_v3_lesions_v1/source_feature_render/kn2nh/dose_0.75/cancer_history/seed_55/metrics.json,Existing scientific record; see category index
robustness/interaction,experiments/crta_v3_stage_ladder_v3_lesions_v1/source_feature_render/kn2nh/dose_0.75/cancer_history/seed_56/metrics.json,Existing scientific record; see category index
robustness/interaction,experiments/crta_v3_stage_ladder_v3_lesions_v1/source_feature_render/kn2nh/dose_0.75/cancer_history/seed_57/metrics.json,Existing scientific record; see category index
robustness/interaction,experiments/crta_v3_stage_ladder_v3_lesions_v1/source_feature_render/kn2nh/dose_0.75/cancer_history/seed_58/metrics.json,Existing scientific record; see category index
robustness/interaction,experiments/crta_v3_stage_ladder_v3_lesions_v1/source_feature_render/kn2nh/dose_0.75/cancer_history/seed_59/metrics.json,Existing scientific record; see category index
robustness/interaction,experiments/crta_v3_stage_ladder_v3_lesions_v1/source_feature_render/kn2nh/dose_0.75/current_smoking_status/seed_50/metrics.json,Existing scientific record; see category index
robustness/interaction,experiments/crta_v3_stage_ladder_v3_lesions_v1/source_feature_render/kn2nh/dose_0.75/current_smoking_status/seed_51/metrics.json,Existing scientific record; see category index
robustness/interaction,experiments/crta_v3_stage_ladder_v3_lesions_v1/source_feature_render/kn2nh/dose_0.75/current_smoking_status/seed_52/metrics.json,Existing scientific record; see category index
robustness/interaction,experiments/crta_v3_stage_ladder_v3_lesions_v1/source_feature_render/kn2nh/dose_0.75/current_smoking_status/seed_53/metrics.json,Existing scientific record; see category index
robustness/interaction,experiments/crta_v3_stage_ladder_v3_lesions_v1/source_feature_render/kn2nh/dose_0.75/current_smoking_status/seed_54/metrics.json,Existing scientific record; see category index
robustness/interaction,experiments/crta_v3_stage_ladder_v3_lesions_v1/source_feature_render/kn2nh/dose_0.75/current_smoking_status/seed_55/metrics.json,Existing scientific record; see category index
robustness/interaction,experiments/crta_v3_stage_ladder_v3_lesions_v1/source_feature_render/kn2nh/dose_0.75/current_smoking_status/seed_56/metrics.json,Existing scientific record; see category index
robustness/interaction,experiments/crta_v3_stage_ladder_v3_lesions_v1/source_feature_render/kn2nh/dose_0.75/current_smoking_status/seed_57/metrics.json,Existing scientific record; see category index
robustness/interaction,experiments/crta_v3_stage_ladder_v3_lesions_v1/source_feature_render/kn2nh/dose_0.75/current_smoking_status/seed_58/metrics.json,Existing scientific record; see category index
robustness/interaction,experiments/crta_v3_stage_ladder_v3_lesions_v1/source_feature_render/kn2nh/dose_0.75/current_smoking_status/seed_59/metrics.json,Existing scientific record; see category index
robustness/interaction,experiments/crta_v3_stage_ladder_v3_lesions_v1/source_feature_render/kn2nh/dose_0.75/diabetes_history/seed_50/metrics.json,Existing scientific record; see category index
robustness/interaction,experiments/crta_v3_stage_ladder_v3_lesions_v1/source_feature_render/kn2nh/dose_0.75/diabetes_history/seed_51/metrics.json,Existing scientific record; see category index
robustness/interaction,experiments/crta_v3_stage_ladder_v3_lesions_v1/source_feature_render/kn2nh/dose_0.75/diabetes_history/seed_52/metrics.json,Existing scientific record; see category index
robustness/interaction,experiments/crta_v3_stage_ladder_v3_lesions_v1/source_feature_render/kn2nh/dose_0.75/diabetes_history/seed_53/metrics.json,Existing scientific record; see category index
robustness/interaction,experiments/crta_v3_stage_ladder_v3_lesions_v1/source_feature_render/kn2nh/dose_0.75/diabetes_history/seed_54/metrics.json,Existing scientific record; see category index
robustness/interaction,experiments/crta_v3_stage_ladder_v3_lesions_v1/source_feature_render/kn2nh/dose_0.75/diabetes_history/seed_55/metrics.json,Existing scientific record; see category index
robustness/interaction,experiments/crta_v3_stage_ladder_v3_lesions_v1/source_feature_render/kn2nh/dose_0.75/diabetes_history/seed_56/metrics.json,Existing scientific record; see category index
robustness/interaction,experiments/crta_v3_stage_ladder_v3_lesions_v1/source_feature_render/kn2nh/dose_0.75/diabetes_history/seed_57/metrics.json,Existing scientific record; see category index
robustness/interaction,experiments/crta_v3_stage_ladder_v3_lesions_v1/source_feature_render/kn2nh/dose_0.75/diabetes_history/seed_58/metrics.json,Existing scientific record; see category index
robustness/interaction,experiments/crta_v3_stage_ladder_v3_lesions_v1/source_feature_render/kn2nh/dose_0.75/diabetes_history/seed_59/metrics.json,Existing scientific record; see category index
robustness/interaction,experiments/crta_v3_stage_ladder_v3_lesions_v1/source_feature_render/kn2nh/dose_0.75/heart_attack_history/seed_50/metrics.json,Existing scientific record; see category index
robustness/interaction,experiments/crta_v3_stage_ladder_v3_lesions_v1/source_feature_render/kn2nh/dose_0.75/heart_attack_history/seed_51/metrics.json,Existing scientific record; see category index
robustness/interaction,experiments/crta_v3_stage_ladder_v3_lesions_v1/source_feature_render/kn2nh/dose_0.75/heart_attack_history/seed_52/metrics.json,Existing scientific record; see category index
robustness/interaction,experiments/crta_v3_stage_ladder_v3_lesions_v1/source_feature_render/kn2nh/dose_0.75/heart_attack_history/seed_53/metrics.json,Existing scientific record; see category index
robustness/interaction,experiments/crta_v3_stage_ladder_v3_lesions_v1/source_feature_render/kn2nh/dose_0.75/heart_attack_history/seed_54/metrics.json,Existing scientific record; see category index
robustness/interaction,experiments/crta_v3_stage_ladder_v3_lesions_v1/source_feature_render/kn2nh/dose_0.75/heart_attack_history/seed_55/metrics.json,Existing scientific record; see category index
robustness/interaction,experiments/crta_v3_stage_ladder_v3_lesions_v1/source_feature_render/kn2nh/dose_0.75/heart_attack_history/seed_56/metrics.json,Existing scientific record; see category index
robustness/interaction,experiments/crta_v3_stage_ladder_v3_lesions_v1/source_feature_render/kn2nh/dose_0.75/heart_attack_history/seed_57/metrics.json,Existing scientific record; see category index
robustness/interaction,experiments/crta_v3_stage_ladder_v3_lesions_v1/source_feature_render/kn2nh/dose_0.75/heart_attack_history/seed_58/metrics.json,Existing scientific record; see category index
robustness/interaction,experiments/crta_v3_stage_ladder_v3_lesions_v1/source_feature_render/kn2nh/dose_0.75/heart_attack_history/seed_59/metrics.json,Existing scientific record; see category index
robustness/interaction,experiments/crta_v3_stage_ladder_v3_lesions_v1/source_feature_render/kn2nh/dose_0.75/hypertension_history/seed_50/metrics.json,Existing scientific record; see category index
robustness/interaction,experiments/crta_v3_stage_ladder_v3_lesions_v1/source_feature_render/kn2nh/dose_0.75/hypertension_history/seed_51/metrics.json,Existing scientific record; see category index
robustness/interaction,experiments/crta_v3_stage_ladder_v3_lesions_v1/source_feature_render/kn2nh/dose_0.75/hypertension_history/seed_52/metrics.json,Existing scientific record; see category index
robustness/interaction,experiments/crta_v3_stage_ladder_v3_lesions_v1/source_feature_render/kn2nh/dose_0.75/hypertension_history/seed_53/metrics.json,Existing scientific record; see category index
robustness/interaction,experiments/crta_v3_stage_ladder_v3_lesions_v1/source_feature_render/kn2nh/dose_0.75/hypertension_history/seed_54/metrics.json,Existing scientific record; see category index
robustness/interaction,experiments/crta_v3_stage_ladder_v3_lesions_v1/source_feature_render/kn2nh/dose_0.75/hypertension_history/seed_55/metrics.json,Existing scientific record; see category index
robustness/interaction,experiments/crta_v3_stage_ladder_v3_lesions_v1/source_feature_render/kn2nh/dose_0.75/hypertension_history/seed_56/metrics.json,Existing scientific record; see category index
robustness/interaction,experiments/crta_v3_stage_ladder_v3_lesions_v1/source_feature_render/kn2nh/dose_0.75/hypertension_history/seed_57/metrics.json,Existing scientific record; see category index
robustness/interaction,experiments/crta_v3_stage_ladder_v3_lesions_v1/source_feature_render/kn2nh/dose_0.75/hypertension_history/seed_58/metrics.json,Existing scientific record; see category index
robustness/interaction,experiments/crta_v3_stage_ladder_v3_lesions_v1/source_feature_render/kn2nh/dose_0.75/hypertension_history/seed_59/metrics.json,Existing scientific record; see category index
robustness/interaction,experiments/crta_v3_stage_ladder_v3_lesions_v1/source_feature_render/kn2nh/dose_0.75/kidney_disease_history/seed_50/metrics.json,Existing scientific record; see category index
robustness/interaction,experiments/crta_v3_stage_ladder_v3_lesions_v1/source_feature_render/kn2nh/dose_0.75/kidney_disease_history/seed_51/metrics.json,Existing scientific record; see category index
robustness/interaction,experiments/crta_v3_stage_ladder_v3_lesions_v1/source_feature_render/kn2nh/dose_0.75/kidney_disease_history/seed_52/metrics.json,Existing scientific record; see category index
robustness/interaction,experiments/crta_v3_stage_ladder_v3_lesions_v1/source_feature_render/kn2nh/dose_0.75/kidney_disease_history/seed_53/metrics.json,Existing scientific record; see category index
robustness/interaction,experiments/crta_v3_stage_ladder_v3_lesions_v1/source_feature_render/kn2nh/dose_0.75/kidney_disease_history/seed_54/metrics.json,Existing scientific record; see category index
robustness/interaction,experiments/crta_v3_stage_ladder_v3_lesions_v1/source_feature_render/kn2nh/dose_0.75/kidney_disease_history/seed_55/metrics.json,Existing scientific record; see category index
robustness/interaction,experiments/crta_v3_stage_ladder_v3_lesions_v1/source_feature_render/kn2nh/dose_0.75/kidney_disease_history/seed_56/metrics.json,Existing scientific record; see category index
robustness/interaction,experiments/crta_v3_stage_ladder_v3_lesions_v1/source_feature_render/kn2nh/dose_0.75/kidney_disease_history/seed_57/metrics.json,Existing scientific record; see category index
robustness/interaction,experiments/crta_v3_stage_ladder_v3_lesions_v1/source_feature_render/kn2nh/dose_0.75/kidney_disease_history/seed_58/metrics.json,Existing scientific record; see category index
robustness/interaction,experiments/crta_v3_stage_ladder_v3_lesions_v1/source_feature_render/kn2nh/dose_0.75/kidney_disease_history/seed_59/metrics.json,Existing scientific record; see category index
robustness/interaction,experiments/crta_v3_stage_ladder_v3_lesions_v1/source_feature_render/kn2nh/dose_0.75/stroke_history/seed_50/metrics.json,Existing scientific record; see category index
robustness/interaction,experiments/crta_v3_stage_ladder_v3_lesions_v1/source_feature_render/kn2nh/dose_0.75/stroke_history/seed_51/metrics.json,Existing scientific record; see category index
robustness/interaction,experiments/crta_v3_stage_ladder_v3_lesions_v1/source_feature_render/kn2nh/dose_0.75/stroke_history/seed_52/metrics.json,Existing scientific record; see category index
robustness/interaction,experiments/crta_v3_stage_ladder_v3_lesions_v1/source_feature_render/kn2nh/dose_0.75/stroke_history/seed_53/metrics.json,Existing scientific record; see category index
robustness/interaction,experiments/crta_v3_stage_ladder_v3_lesions_v1/source_feature_render/kn2nh/dose_0.75/stroke_history/seed_54/metrics.json,Existing scientific record; see category index
robustness/interaction,experiments/crta_v3_stage_ladder_v3_lesions_v1/source_feature_render/kn2nh/dose_0.75/stroke_history/seed_55/metrics.json,Existing scientific record; see category index
robustness/interaction,experiments/crta_v3_stage_ladder_v3_lesions_v1/source_feature_render/kn2nh/dose_0.75/stroke_history/seed_56/metrics.json,Existing scientific record; see category index
robustness/interaction,experiments/crta_v3_stage_ladder_v3_lesions_v1/source_feature_render/kn2nh/dose_0.75/stroke_history/seed_57/metrics.json,Existing scientific record; see category index
robustness/interaction,experiments/crta_v3_stage_ladder_v3_lesions_v1/source_feature_render/kn2nh/dose_0.75/stroke_history/seed_58/metrics.json,Existing scientific record; see category index
robustness/interaction,experiments/crta_v3_stage_ladder_v3_lesions_v1/source_feature_render/kn2nh/dose_0.75/stroke_history/seed_59/metrics.json,Existing scientific record; see category index
robustness/interaction,experiments/crta_v3_stage_ladder_v3_lesions_v1/source_feature_render/kn2nh/dose_1.00/LESION_AUDIT_V1.json,Existing scientific record; see category index
robustness/interaction,experiments/crta_v3_stage_ladder_v3_lesions_v1/source_feature_render/kn2nh/dose_1.00/angina_history/seed_50/metrics.json,Existing scientific record; see category index
robustness/interaction,experiments/crta_v3_stage_ladder_v3_lesions_v1/source_feature_render/kn2nh/dose_1.00/angina_history/seed_51/metrics.json,Existing scientific record; see category index
robustness/interaction,experiments/crta_v3_stage_ladder_v3_lesions_v1/source_feature_render/kn2nh/dose_1.00/angina_history/seed_52/metrics.json,Existing scientific record; see category index
robustness/interaction,experiments/crta_v3_stage_ladder_v3_lesions_v1/source_feature_render/kn2nh/dose_1.00/angina_history/seed_53/metrics.json,Existing scientific record; see category index
robustness/interaction,experiments/crta_v3_stage_ladder_v3_lesions_v1/source_feature_render/kn2nh/dose_1.00/angina_history/seed_54/metrics.json,Existing scientific record; see category index
robustness/interaction,experiments/crta_v3_stage_ladder_v3_lesions_v1/source_feature_render/kn2nh/dose_1.00/angina_history/seed_55/metrics.json,Existing scientific record; see category index
robustness/interaction,experiments/crta_v3_stage_ladder_v3_lesions_v1/source_feature_render/kn2nh/dose_1.00/angina_history/seed_56/metrics.json,Existing scientific record; see category index
robustness/interaction,experiments/crta_v3_stage_ladder_v3_lesions_v1/source_feature_render/kn2nh/dose_1.00/angina_history/seed_57/metrics.json,Existing scientific record; see category index
robustness/interaction,experiments/crta_v3_stage_ladder_v3_lesions_v1/source_feature_render/kn2nh/dose_1.00/angina_history/seed_58/metrics.json,Existing scientific record; see category index
robustness/interaction,experiments/crta_v3_stage_ladder_v3_lesions_v1/source_feature_render/kn2nh/dose_1.00/angina_history/seed_59/metrics.json,Existing scientific record; see category index
robustness/interaction,experiments/crta_v3_stage_ladder_v3_lesions_v1/source_feature_render/kn2nh/dose_1.00/arthritis_history/seed_50/metrics.json,Existing scientific record; see category index
robustness/interaction,experiments/crta_v3_stage_ladder_v3_lesions_v1/source_feature_render/kn2nh/dose_1.00/arthritis_history/seed_51/metrics.json,Existing scientific record; see category index
robustness/interaction,experiments/crta_v3_stage_ladder_v3_lesions_v1/source_feature_render/kn2nh/dose_1.00/arthritis_history/seed_52/metrics.json,Existing scientific record; see category index
robustness/interaction,experiments/crta_v3_stage_ladder_v3_lesions_v1/source_feature_render/kn2nh/dose_1.00/arthritis_history/seed_53/metrics.json,Existing scientific record; see category index
robustness/interaction,experiments/crta_v3_stage_ladder_v3_lesions_v1/source_feature_render/kn2nh/dose_1.00/arthritis_history/seed_54/metrics.json,Existing scientific record; see category index
robustness/interaction,experiments/crta_v3_stage_ladder_v3_lesions_v1/source_feature_render/kn2nh/dose_1.00/arthritis_history/seed_55/metrics.json,Existing scientific record; see category index
robustness/interaction,experiments/crta_v3_stage_ladder_v3_lesions_v1/source_feature_render/kn2nh/dose_1.00/arthritis_history/seed_56/metrics.json,Existing scientific record; see category index
robustness/interaction,experiments/crta_v3_stage_ladder_v3_lesions_v1/source_feature_render/kn2nh/dose_1.00/arthritis_history/seed_57/metrics.json,Existing scientific record; see category index
robustness/interaction,experiments/crta_v3_stage_ladder_v3_lesions_v1/source_feature_render/kn2nh/dose_1.00/arthritis_history/seed_58/metrics.json,Existing scientific record; see category index
robustness/interaction,experiments/crta_v3_stage_ladder_v3_lesions_v1/source_feature_render/kn2nh/dose_1.00/arthritis_history/seed_59/metrics.json,Existing scientific record; see category index
robustness/interaction,experiments/crta_v3_stage_ladder_v3_lesions_v1/source_feature_render/kn2nh/dose_1.00/asthma_history/seed_50/metrics.json,Existing scientific record; see category index
robustness/interaction,experiments/crta_v3_stage_ladder_v3_lesions_v1/source_feature_render/kn2nh/dose_1.00/asthma_history/seed_51/metrics.json,Existing scientific record; see category index
robustness/interaction,experiments/crta_v3_stage_ladder_v3_lesions_v1/source_feature_render/kn2nh/dose_1.00/asthma_history/seed_52/metrics.json,Existing scientific record; see category index
robustness/interaction,experiments/crta_v3_stage_ladder_v3_lesions_v1/source_feature_render/kn2nh/dose_1.00/asthma_history/seed_53/metrics.json,Existing scientific record; see category index
robustness/interaction,experiments/crta_v3_stage_ladder_v3_lesions_v1/source_feature_render/kn2nh/dose_1.00/asthma_history/seed_54/metrics.json,Existing scientific record; see category index
robustness/interaction,experiments/crta_v3_stage_ladder_v3_lesions_v1/source_feature_render/kn2nh/dose_1.00/asthma_history/seed_55/metrics.json,Existing scientific record; see category index
robustness/interaction,experiments/crta_v3_stage_ladder_v3_lesions_v1/source_feature_render/kn2nh/dose_1.00/asthma_history/seed_56/metrics.json,Existing scientific record; see category index
robustness/interaction,experiments/crta_v3_stage_ladder_v3_lesions_v1/source_feature_render/kn2nh/dose_1.00/asthma_history/seed_57/metrics.json,Existing scientific record; see category index
robustness/interaction,experiments/crta_v3_stage_ladder_v3_lesions_v1/source_feature_render/kn2nh/dose_1.00/asthma_history/seed_58/metrics.json,Existing scientific record; see category index
robustness/interaction,experiments/crta_v3_stage_ladder_v3_lesions_v1/source_feature_render/kn2nh/dose_1.00/asthma_history/seed_59/metrics.json,Existing scientific record; see category index
robustness/interaction,experiments/crta_v3_stage_ladder_v3_lesions_v1/source_feature_render/kn2nh/dose_1.00/cancer_history/seed_50/metrics.json,Existing scientific record; see category index
robustness/interaction,experiments/crta_v3_stage_ladder_v3_lesions_v1/source_feature_render/kn2nh/dose_1.00/cancer_history/seed_51/metrics.json,Existing scientific record; see category index
robustness/interaction,experiments/crta_v3_stage_ladder_v3_lesions_v1/source_feature_render/kn2nh/dose_1.00/cancer_history/seed_52/metrics.json,Existing scientific record; see category index
robustness/interaction,experiments/crta_v3_stage_ladder_v3_lesions_v1/source_feature_render/kn2nh/dose_1.00/cancer_history/seed_53/metrics.json,Existing scientific record; see category index
robustness/interaction,experiments/crta_v3_stage_ladder_v3_lesions_v1/source_feature_render/kn2nh/dose_1.00/cancer_history/seed_54/metrics.json,Existing scientific record; see category index
robustness/interaction,experiments/crta_v3_stage_ladder_v3_lesions_v1/source_feature_render/kn2nh/dose_1.00/cancer_history/seed_55/metrics.json,Existing scientific record; see category index
robustness/interaction,experiments/crta_v3_stage_ladder_v3_lesions_v1/source_feature_render/kn2nh/dose_1.00/cancer_history/seed_56/metrics.json,Existing scientific record; see category index
robustness/interaction,experiments/crta_v3_stage_ladder_v3_lesions_v1/source_feature_render/kn2nh/dose_1.00/cancer_history/seed_57/metrics.json,Existing scientific record; see category index
robustness/interaction,experiments/crta_v3_stage_ladder_v3_lesions_v1/source_feature_render/kn2nh/dose_1.00/cancer_history/seed_58/metrics.json,Existing scientific record; see category index
robustness/interaction,experiments/crta_v3_stage_ladder_v3_lesions_v1/source_feature_render/kn2nh/dose_1.00/cancer_history/seed_59/metrics.json,Existing scientific record; see category index
robustness/interaction,experiments/crta_v3_stage_ladder_v3_lesions_v1/source_feature_render/kn2nh/dose_1.00/current_smoking_status/seed_50/metrics.json,Existing scientific record; see category index
robustness/interaction,experiments/crta_v3_stage_ladder_v3_lesions_v1/source_feature_render/kn2nh/dose_1.00/current_smoking_status/seed_51/metrics.json,Existing scientific record; see category index
robustness/interaction,experiments/crta_v3_stage_ladder_v3_lesions_v1/source_feature_render/kn2nh/dose_1.00/current_smoking_status/seed_52/metrics.json,Existing scientific record; see category index
robustness/interaction,experiments/crta_v3_stage_ladder_v3_lesions_v1/source_feature_render/kn2nh/dose_1.00/current_smoking_status/seed_53/metrics.json,Existing scientific record; see category index
robustness/interaction,experiments/crta_v3_stage_ladder_v3_lesions_v1/source_feature_render/kn2nh/dose_1.00/current_smoking_status/seed_54/metrics.json,Existing scientific record; see category index
robustness/interaction,experiments/crta_v3_stage_ladder_v3_lesions_v1/source_feature_render/kn2nh/dose_1.00/current_smoking_status/seed_55/metrics.json,Existing scientific record; see category index
robustness/interaction,experiments/crta_v3_stage_ladder_v3_lesions_v1/source_feature_render/kn2nh/dose_1.00/current_smoking_status/seed_56/metrics.json,Existing scientific record; see category index
robustness/interaction,experiments/crta_v3_stage_ladder_v3_lesions_v1/source_feature_render/kn2nh/dose_1.00/current_smoking_status/seed_57/metrics.json,Existing scientific record; see category index
robustness/interaction,experiments/crta_v3_stage_ladder_v3_lesions_v1/source_feature_render/kn2nh/dose_1.00/current_smoking_status/seed_58/metrics.json,Existing scientific record; see category index
robustness/interaction,experiments/crta_v3_stage_ladder_v3_lesions_v1/source_feature_render/kn2nh/dose_1.00/current_smoking_status/seed_59/metrics.json,Existing scientific record; see category index
robustness/interaction,experiments/crta_v3_stage_ladder_v3_lesions_v1/source_feature_render/kn2nh/dose_1.00/diabetes_history/seed_50/metrics.json,Existing scientific record; see category index
robustness/interaction,experiments/crta_v3_stage_ladder_v3_lesions_v1/source_feature_render/kn2nh/dose_1.00/diabetes_history/seed_51/metrics.json,Existing scientific record; see category index
robustness/interaction,experiments/crta_v3_stage_ladder_v3_lesions_v1/source_feature_render/kn2nh/dose_1.00/diabetes_history/seed_52/metrics.json,Existing scientific record; see category index
robustness/interaction,experiments/crta_v3_stage_ladder_v3_lesions_v1/source_feature_render/kn2nh/dose_1.00/diabetes_history/seed_53/metrics.json,Existing scientific record; see category index
robustness/interaction,experiments/crta_v3_stage_ladder_v3_lesions_v1/source_feature_render/kn2nh/dose_1.00/diabetes_history/seed_54/metrics.json,Existing scientific record; see category index
robustness/interaction,experiments/crta_v3_stage_ladder_v3_lesions_v1/source_feature_render/kn2nh/dose_1.00/diabetes_history/seed_55/metrics.json,Existing scientific record; see category index
robustness/interaction,experiments/crta_v3_stage_ladder_v3_lesions_v1/source_feature_render/kn2nh/dose_1.00/diabetes_history/seed_56/metrics.json,Existing scientific record; see category index
robustness/interaction,experiments/crta_v3_stage_ladder_v3_lesions_v1/source_feature_render/kn2nh/dose_1.00/diabetes_history/seed_57/metrics.json,Existing scientific record; see category index
robustness/interaction,experiments/crta_v3_stage_ladder_v3_lesions_v1/source_feature_render/kn2nh/dose_1.00/diabetes_history/seed_58/metrics.json,Existing scientific record; see category index
robustness/interaction,experiments/crta_v3_stage_ladder_v3_lesions_v1/source_feature_render/kn2nh/dose_1.00/diabetes_history/seed_59/metrics.json,Existing scientific record; see category index
robustness/interaction,experiments/crta_v3_stage_ladder_v3_lesions_v1/source_feature_render/kn2nh/dose_1.00/heart_attack_history/seed_50/metrics.json,Existing scientific record; see category index
robustness/interaction,experiments/crta_v3_stage_ladder_v3_lesions_v1/source_feature_render/kn2nh/dose_1.00/heart_attack_history/seed_51/metrics.json,Existing scientific record; see category index
robustness/interaction,experiments/crta_v3_stage_ladder_v3_lesions_v1/source_feature_render/kn2nh/dose_1.00/heart_attack_history/seed_52/metrics.json,Existing scientific record; see category index
robustness/interaction,experiments/crta_v3_stage_ladder_v3_lesions_v1/source_feature_render/kn2nh/dose_1.00/heart_attack_history/seed_53/metrics.json,Existing scientific record; see category index
robustness/interaction,experiments/crta_v3_stage_ladder_v3_lesions_v1/source_feature_render/kn2nh/dose_1.00/heart_attack_history/seed_54/metrics.json,Existing scientific record; see category index
robustness/interaction,experiments/crta_v3_stage_ladder_v3_lesions_v1/source_feature_render/kn2nh/dose_1.00/heart_attack_history/seed_55/metrics.json,Existing scientific record; see category index
robustness/interaction,experiments/crta_v3_stage_ladder_v3_lesions_v1/source_feature_render/kn2nh/dose_1.00/heart_attack_history/seed_56/metrics.json,Existing scientific record; see category index
robustness/interaction,experiments/crta_v3_stage_ladder_v3_lesions_v1/source_feature_render/kn2nh/dose_1.00/heart_attack_history/seed_57/metrics.json,Existing scientific record; see category index
robustness/interaction,experiments/crta_v3_stage_ladder_v3_lesions_v1/source_feature_render/kn2nh/dose_1.00/heart_attack_history/seed_58/metrics.json,Existing scientific record; see category index
robustness/interaction,experiments/crta_v3_stage_ladder_v3_lesions_v1/source_feature_render/kn2nh/dose_1.00/heart_attack_history/seed_59/metrics.json,Existing scientific record; see category index
robustness/interaction,experiments/crta_v3_stage_ladder_v3_lesions_v1/source_feature_render/kn2nh/dose_1.00/hypertension_history/seed_50/metrics.json,Existing scientific record; see category index
robustness/interaction,experiments/crta_v3_stage_ladder_v3_lesions_v1/source_feature_render/kn2nh/dose_1.00/hypertension_history/seed_51/metrics.json,Existing scientific record; see category index
robustness/interaction,experiments/crta_v3_stage_ladder_v3_lesions_v1/source_feature_render/kn2nh/dose_1.00/hypertension_history/seed_52/metrics.json,Existing scientific record; see category index
robustness/interaction,experiments/crta_v3_stage_ladder_v3_lesions_v1/source_feature_render/kn2nh/dose_1.00/hypertension_history/seed_53/metrics.json,Existing scientific record; see category index
robustness/interaction,experiments/crta_v3_stage_ladder_v3_lesions_v1/source_feature_render/kn2nh/dose_1.00/hypertension_history/seed_54/metrics.json,Existing scientific record; see category index
robustness/interaction,experiments/crta_v3_stage_ladder_v3_lesions_v1/source_feature_render/kn2nh/dose_1.00/hypertension_history/seed_55/metrics.json,Existing scientific record; see category index
robustness/interaction,experiments/crta_v3_stage_ladder_v3_lesions_v1/source_feature_render/kn2nh/dose_1.00/hypertension_history/seed_56/metrics.json,Existing scientific record; see category index
robustness/interaction,experiments/crta_v3_stage_ladder_v3_lesions_v1/source_feature_render/kn2nh/dose_1.00/hypertension_history/seed_57/metrics.json,Existing scientific record; see category index
robustness/interaction,experiments/crta_v3_stage_ladder_v3_lesions_v1/source_feature_render/kn2nh/dose_1.00/hypertension_history/seed_58/metrics.json,Existing scientific record; see category index
robustness/interaction,experiments/crta_v3_stage_ladder_v3_lesions_v1/source_feature_render/kn2nh/dose_1.00/hypertension_history/seed_59/metrics.json,Existing scientific record; see category index
robustness/interaction,experiments/crta_v3_stage_ladder_v3_lesions_v1/source_feature_render/kn2nh/dose_1.00/kidney_disease_history/seed_50/metrics.json,Existing scientific record; see category index
robustness/interaction,experiments/crta_v3_stage_ladder_v3_lesions_v1/source_feature_render/kn2nh/dose_1.00/kidney_disease_history/seed_51/metrics.json,Existing scientific record; see category index
robustness/interaction,experiments/crta_v3_stage_ladder_v3_lesions_v1/source_feature_render/kn2nh/dose_1.00/kidney_disease_history/seed_52/metrics.json,Existing scientific record; see category index
robustness/interaction,experiments/crta_v3_stage_ladder_v3_lesions_v1/source_feature_render/kn2nh/dose_1.00/kidney_disease_history/seed_53/metrics.json,Existing scientific record; see category index
robustness/interaction,experiments/crta_v3_stage_ladder_v3_lesions_v1/source_feature_render/kn2nh/dose_1.00/kidney_disease_history/seed_54/metrics.json,Existing scientific record; see category index
robustness/interaction,experiments/crta_v3_stage_ladder_v3_lesions_v1/source_feature_render/kn2nh/dose_1.00/kidney_disease_history/seed_55/metrics.json,Existing scientific record; see category index
robustness/interaction,experiments/crta_v3_stage_ladder_v3_lesions_v1/source_feature_render/kn2nh/dose_1.00/kidney_disease_history/seed_56/metrics.json,Existing scientific record; see category index
robustness/interaction,experiments/crta_v3_stage_ladder_v3_lesions_v1/source_feature_render/kn2nh/dose_1.00/kidney_disease_history/seed_57/metrics.json,Existing scientific record; see category index
robustness/interaction,experiments/crta_v3_stage_ladder_v3_lesions_v1/source_feature_render/kn2nh/dose_1.00/kidney_disease_history/seed_58/metrics.json,Existing scientific record; see category index
robustness/interaction,experiments/crta_v3_stage_ladder_v3_lesions_v1/source_feature_render/kn2nh/dose_1.00/kidney_disease_history/seed_59/metrics.json,Existing scientific record; see category index
robustness/interaction,experiments/crta_v3_stage_ladder_v3_lesions_v1/source_feature_render/kn2nh/dose_1.00/stroke_history/seed_50/metrics.json,Existing scientific record; see category index
robustness/interaction,experiments/crta_v3_stage_ladder_v3_lesions_v1/source_feature_render/kn2nh/dose_1.00/stroke_history/seed_51/metrics.json,Existing scientific record; see category index
robustness/interaction,experiments/crta_v3_stage_ladder_v3_lesions_v1/source_feature_render/kn2nh/dose_1.00/stroke_history/seed_52/metrics.json,Existing scientific record; see category index
robustness/interaction,experiments/crta_v3_stage_ladder_v3_lesions_v1/source_feature_render/kn2nh/dose_1.00/stroke_history/seed_53/metrics.json,Existing scientific record; see category index
robustness/interaction,experiments/crta_v3_stage_ladder_v3_lesions_v1/source_feature_render/kn2nh/dose_1.00/stroke_history/seed_54/metrics.json,Existing scientific record; see category index
robustness/interaction,experiments/crta_v3_stage_ladder_v3_lesions_v1/source_feature_render/kn2nh/dose_1.00/stroke_history/seed_55/metrics.json,Existing scientific record; see category index
robustness/interaction,experiments/crta_v3_stage_ladder_v3_lesions_v1/source_feature_render/kn2nh/dose_1.00/stroke_history/seed_56/metrics.json,Existing scientific record; see category index
robustness/interaction,experiments/crta_v3_stage_ladder_v3_lesions_v1/source_feature_render/kn2nh/dose_1.00/stroke_history/seed_57/metrics.json,Existing scientific record; see category index
robustness/interaction,experiments/crta_v3_stage_ladder_v3_lesions_v1/source_feature_render/kn2nh/dose_1.00/stroke_history/seed_58/metrics.json,Existing scientific record; see category index
robustness/interaction,experiments/crta_v3_stage_ladder_v3_lesions_v1/source_feature_render/kn2nh/dose_1.00/stroke_history/seed_59/metrics.json,Existing scientific record; see category index
robustness/interaction,experiments/crta_v3_stage_ladder_v3_lesions_v1/source_feature_render/nh2kn/dose_0.25/LESION_AUDIT_V1.json,Existing scientific record; see category index
robustness/interaction,experiments/crta_v3_stage_ladder_v3_lesions_v1/source_feature_render/nh2kn/dose_0.25/angina_history/seed_50/metrics.json,Existing scientific record; see category index
robustness/interaction,experiments/crta_v3_stage_ladder_v3_lesions_v1/source_feature_render/nh2kn/dose_0.25/angina_history/seed_51/metrics.json,Existing scientific record; see category index
robustness/interaction,experiments/crta_v3_stage_ladder_v3_lesions_v1/source_feature_render/nh2kn/dose_0.25/angina_history/seed_52/metrics.json,Existing scientific record; see category index
robustness/interaction,experiments/crta_v3_stage_ladder_v3_lesions_v1/source_feature_render/nh2kn/dose_0.25/angina_history/seed_53/metrics.json,Existing scientific record; see category index
robustness/interaction,experiments/crta_v3_stage_ladder_v3_lesions_v1/source_feature_render/nh2kn/dose_0.25/angina_history/seed_54/metrics.json,Existing scientific record; see category index
robustness/interaction,experiments/crta_v3_stage_ladder_v3_lesions_v1/source_feature_render/nh2kn/dose_0.25/angina_history/seed_55/metrics.json,Existing scientific record; see category index
robustness/interaction,experiments/crta_v3_stage_ladder_v3_lesions_v1/source_feature_render/nh2kn/dose_0.25/angina_history/seed_56/metrics.json,Existing scientific record; see category index
robustness/interaction,experiments/crta_v3_stage_ladder_v3_lesions_v1/source_feature_render/nh2kn/dose_0.25/angina_history/seed_57/metrics.json,Existing scientific record; see category index
robustness/interaction,experiments/crta_v3_stage_ladder_v3_lesions_v1/source_feature_render/nh2kn/dose_0.25/angina_history/seed_58/metrics.json,Existing scientific record; see category index
robustness/interaction,experiments/crta_v3_stage_ladder_v3_lesions_v1/source_feature_render/nh2kn/dose_0.25/angina_history/seed_59/metrics.json,Existing scientific record; see category index
robustness/interaction,experiments/crta_v3_stage_ladder_v3_lesions_v1/source_feature_render/nh2kn/dose_0.25/arthritis_history/seed_50/metrics.json,Existing scientific record; see category index
robustness/interaction,experiments/crta_v3_stage_ladder_v3_lesions_v1/source_feature_render/nh2kn/dose_0.25/arthritis_history/seed_51/metrics.json,Existing scientific record; see category index
robustness/interaction,experiments/crta_v3_stage_ladder_v3_lesions_v1/source_feature_render/nh2kn/dose_0.25/arthritis_history/seed_52/metrics.json,Existing scientific record; see category index
robustness/interaction,experiments/crta_v3_stage_ladder_v3_lesions_v1/source_feature_render/nh2kn/dose_0.25/arthritis_history/seed_53/metrics.json,Existing scientific record; see category index
robustness/interaction,experiments/crta_v3_stage_ladder_v3_lesions_v1/source_feature_render/nh2kn/dose_0.25/arthritis_history/seed_54/metrics.json,Existing scientific record; see category index
robustness/interaction,experiments/crta_v3_stage_ladder_v3_lesions_v1/source_feature_render/nh2kn/dose_0.25/arthritis_history/seed_55/metrics.json,Existing scientific record; see category index
robustness/interaction,experiments/crta_v3_stage_ladder_v3_lesions_v1/source_feature_render/nh2kn/dose_0.25/arthritis_history/seed_56/metrics.json,Existing scientific record; see category index
robustness/interaction,experiments/crta_v3_stage_ladder_v3_lesions_v1/source_feature_render/nh2kn/dose_0.25/arthritis_history/seed_57/metrics.json,Existing scientific record; see category index
robustness/interaction,experiments/crta_v3_stage_ladder_v3_lesions_v1/source_feature_render/nh2kn/dose_0.25/arthritis_history/seed_58/metrics.json,Existing scientific record; see category index
robustness/interaction,experiments/crta_v3_stage_ladder_v3_lesions_v1/source_feature_render/nh2kn/dose_0.25/arthritis_history/seed_59/metrics.json,Existing scientific record; see category index
robustness/interaction,experiments/crta_v3_stage_ladder_v3_lesions_v1/source_feature_render/nh2kn/dose_0.25/asthma_history/seed_50/metrics.json,Existing scientific record; see category index
robustness/interaction,experiments/crta_v3_stage_ladder_v3_lesions_v1/source_feature_render/nh2kn/dose_0.25/asthma_history/seed_51/metrics.json,Existing scientific record; see category index
robustness/interaction,experiments/crta_v3_stage_ladder_v3_lesions_v1/source_feature_render/nh2kn/dose_0.25/asthma_history/seed_52/metrics.json,Existing scientific record; see category index
robustness/interaction,experiments/crta_v3_stage_ladder_v3_lesions_v1/source_feature_render/nh2kn/dose_0.25/asthma_history/seed_53/metrics.json,Existing scientific record; see category index
robustness/interaction,experiments/crta_v3_stage_ladder_v3_lesions_v1/source_feature_render/nh2kn/dose_0.25/asthma_history/seed_54/metrics.json,Existing scientific record; see category index
robustness/interaction,experiments/crta_v3_stage_ladder_v3_lesions_v1/source_feature_render/nh2kn/dose_0.25/asthma_history/seed_55/metrics.json,Existing scientific record; see category index
robustness/interaction,experiments/crta_v3_stage_ladder_v3_lesions_v1/source_feature_render/nh2kn/dose_0.25/asthma_history/seed_56/metrics.json,Existing scientific record; see category index
robustness/interaction,experiments/crta_v3_stage_ladder_v3_lesions_v1/source_feature_render/nh2kn/dose_0.25/asthma_history/seed_57/metrics.json,Existing scientific record; see category index
robustness/interaction,experiments/crta_v3_stage_ladder_v3_lesions_v1/source_feature_render/nh2kn/dose_0.25/asthma_history/seed_58/metrics.json,Existing scientific record; see category index
robustness/interaction,experiments/crta_v3_stage_ladder_v3_lesions_v1/source_feature_render/nh2kn/dose_0.25/asthma_history/seed_59/metrics.json,Existing scientific record; see category index
robustness/interaction,experiments/crta_v3_stage_ladder_v3_lesions_v1/source_feature_render/nh2kn/dose_0.25/cancer_history/seed_50/metrics.json,Existing scientific record; see category index
robustness/interaction,experiments/crta_v3_stage_ladder_v3_lesions_v1/source_feature_render/nh2kn/dose_0.25/cancer_history/seed_51/metrics.json,Existing scientific record; see category index
robustness/interaction,experiments/crta_v3_stage_ladder_v3_lesions_v1/source_feature_render/nh2kn/dose_0.25/cancer_history/seed_52/metrics.json,Existing scientific record; see category index
robustness/interaction,experiments/crta_v3_stage_ladder_v3_lesions_v1/source_feature_render/nh2kn/dose_0.25/cancer_history/seed_53/metrics.json,Existing scientific record; see category index
robustness/interaction,experiments/crta_v3_stage_ladder_v3_lesions_v1/source_feature_render/nh2kn/dose_0.25/cancer_history/seed_54/metrics.json,Existing scientific record; see category index
robustness/interaction,experiments/crta_v3_stage_ladder_v3_lesions_v1/source_feature_render/nh2kn/dose_0.25/cancer_history/seed_55/metrics.json,Existing scientific record; see category index
robustness/interaction,experiments/crta_v3_stage_ladder_v3_lesions_v1/source_feature_render/nh2kn/dose_0.25/cancer_history/seed_56/metrics.json,Existing scientific record; see category index
robustness/interaction,experiments/crta_v3_stage_ladder_v3_lesions_v1/source_feature_render/nh2kn/dose_0.25/cancer_history/seed_57/metrics.json,Existing scientific record; see category index
robustness/interaction,experiments/crta_v3_stage_ladder_v3_lesions_v1/source_feature_render/nh2kn/dose_0.25/cancer_history/seed_58/metrics.json,Existing scientific record; see category index
robustness/interaction,experiments/crta_v3_stage_ladder_v3_lesions_v1/source_feature_render/nh2kn/dose_0.25/cancer_history/seed_59/metrics.json,Existing scientific record; see category index
robustness/interaction,experiments/crta_v3_stage_ladder_v3_lesions_v1/source_feature_render/nh2kn/dose_0.25/current_smoking_status/seed_50/metrics.json,Existing scientific record; see category index
robustness/interaction,experiments/crta_v3_stage_ladder_v3_lesions_v1/source_feature_render/nh2kn/dose_0.25/current_smoking_status/seed_51/metrics.json,Existing scientific record; see category index
robustness/interaction,experiments/crta_v3_stage_ladder_v3_lesions_v1/source_feature_render/nh2kn/dose_0.25/current_smoking_status/seed_52/metrics.json,Existing scientific record; see category index
robustness/interaction,experiments/crta_v3_stage_ladder_v3_lesions_v1/source_feature_render/nh2kn/dose_0.25/current_smoking_status/seed_53/metrics.json,Existing scientific record; see category index
robustness/interaction,experiments/crta_v3_stage_ladder_v3_lesions_v1/source_feature_render/nh2kn/dose_0.25/current_smoking_status/seed_54/metrics.json,Existing scientific record; see category index
robustness/interaction,experiments/crta_v3_stage_ladder_v3_lesions_v1/source_feature_render/nh2kn/dose_0.25/current_smoking_status/seed_55/metrics.json,Existing scientific record; see category index
robustness/interaction,experiments/crta_v3_stage_ladder_v3_lesions_v1/source_feature_render/nh2kn/dose_0.25/current_smoking_status/seed_56/metrics.json,Existing scientific record; see category index
robustness/interaction,experiments/crta_v3_stage_ladder_v3_lesions_v1/source_feature_render/nh2kn/dose_0.25/current_smoking_status/seed_57/metrics.json,Existing scientific record; see category index
robustness/interaction,experiments/crta_v3_stage_ladder_v3_lesions_v1/source_feature_render/nh2kn/dose_0.25/current_smoking_status/seed_58/metrics.json,Existing scientific record; see category index
robustness/interaction,experiments/crta_v3_stage_ladder_v3_lesions_v1/source_feature_render/nh2kn/dose_0.25/current_smoking_status/seed_59/metrics.json,Existing scientific record; see category index
robustness/interaction,experiments/crta_v3_stage_ladder_v3_lesions_v1/source_feature_render/nh2kn/dose_0.25/diabetes_history/seed_50/metrics.json,Existing scientific record; see category index
robustness/interaction,experiments/crta_v3_stage_ladder_v3_lesions_v1/source_feature_render/nh2kn/dose_0.25/diabetes_history/seed_51/metrics.json,Existing scientific record; see category index
robustness/interaction,experiments/crta_v3_stage_ladder_v3_lesions_v1/source_feature_render/nh2kn/dose_0.25/diabetes_history/seed_52/metrics.json,Existing scientific record; see category index
robustness/interaction,experiments/crta_v3_stage_ladder_v3_lesions_v1/source_feature_render/nh2kn/dose_0.25/diabetes_history/seed_53/metrics.json,Existing scientific record; see category index
robustness/interaction,experiments/crta_v3_stage_ladder_v3_lesions_v1/source_feature_render/nh2kn/dose_0.25/diabetes_history/seed_54/metrics.json,Existing scientific record; see category index
robustness/interaction,experiments/crta_v3_stage_ladder_v3_lesions_v1/source_feature_render/nh2kn/dose_0.25/diabetes_history/seed_55/metrics.json,Existing scientific record; see category index
robustness/interaction,experiments/crta_v3_stage_ladder_v3_lesions_v1/source_feature_render/nh2kn/dose_0.25/diabetes_history/seed_56/metrics.json,Existing scientific record; see category index
robustness/interaction,experiments/crta_v3_stage_ladder_v3_lesions_v1/source_feature_render/nh2kn/dose_0.25/diabetes_history/seed_57/metrics.json,Existing scientific record; see category index
robustness/interaction,experiments/crta_v3_stage_ladder_v3_lesions_v1/source_feature_render/nh2kn/dose_0.25/diabetes_history/seed_58/metrics.json,Existing scientific record; see category index
robustness/interaction,experiments/crta_v3_stage_ladder_v3_lesions_v1/source_feature_render/nh2kn/dose_0.25/diabetes_history/seed_59/metrics.json,Existing scientific record; see category index
robustness/interaction,experiments/crta_v3_stage_ladder_v3_lesions_v1/source_feature_render/nh2kn/dose_0.25/heart_attack_history/seed_50/metrics.json,Existing scientific record; see category index
robustness/interaction,experiments/crta_v3_stage_ladder_v3_lesions_v1/source_feature_render/nh2kn/dose_0.25/heart_attack_history/seed_51/metrics.json,Existing scientific record; see category index
robustness/interaction,experiments/crta_v3_stage_ladder_v3_lesions_v1/source_feature_render/nh2kn/dose_0.25/heart_attack_history/seed_52/metrics.json,Existing scientific record; see category index
robustness/interaction,experiments/crta_v3_stage_ladder_v3_lesions_v1/source_feature_render/nh2kn/dose_0.25/heart_attack_history/seed_53/metrics.json,Existing scientific record; see category index
robustness/interaction,experiments/crta_v3_stage_ladder_v3_lesions_v1/source_feature_render/nh2kn/dose_0.25/heart_attack_history/seed_54/metrics.json,Existing scientific record; see category index
robustness/interaction,experiments/crta_v3_stage_ladder_v3_lesions_v1/source_feature_render/nh2kn/dose_0.25/heart_attack_history/seed_55/metrics.json,Existing scientific record; see category index
robustness/interaction,experiments/crta_v3_stage_ladder_v3_lesions_v1/source_feature_render/nh2kn/dose_0.25/heart_attack_history/seed_56/metrics.json,Existing scientific record; see category index
robustness/interaction,experiments/crta_v3_stage_ladder_v3_lesions_v1/source_feature_render/nh2kn/dose_0.25/heart_attack_history/seed_57/metrics.json,Existing scientific record; see category index
robustness/interaction,experiments/crta_v3_stage_ladder_v3_lesions_v1/source_feature_render/nh2kn/dose_0.25/heart_attack_history/seed_58/metrics.json,Existing scientific record; see category index
robustness/interaction,experiments/crta_v3_stage_ladder_v3_lesions_v1/source_feature_render/nh2kn/dose_0.25/heart_attack_history/seed_59/metrics.json,Existing scientific record; see category index
robustness/interaction,experiments/crta_v3_stage_ladder_v3_lesions_v1/source_feature_render/nh2kn/dose_0.25/hypertension_history/seed_50/metrics.json,Existing scientific record; see category index
robustness/interaction,experiments/crta_v3_stage_ladder_v3_lesions_v1/source_feature_render/nh2kn/dose_0.25/hypertension_history/seed_51/metrics.json,Existing scientific record; see category index
robustness/interaction,experiments/crta_v3_stage_ladder_v3_lesions_v1/source_feature_render/nh2kn/dose_0.25/hypertension_history/seed_52/metrics.json,Existing scientific record; see category index
robustness/interaction,experiments/crta_v3_stage_ladder_v3_lesions_v1/source_feature_render/nh2kn/dose_0.25/hypertension_history/seed_53/metrics.json,Existing scientific record; see category index
robustness/interaction,experiments/crta_v3_stage_ladder_v3_lesions_v1/source_feature_render/nh2kn/dose_0.25/hypertension_history/seed_54/metrics.json,Existing scientific record; see category index
robustness/interaction,experiments/crta_v3_stage_ladder_v3_lesions_v1/source_feature_render/nh2kn/dose_0.25/hypertension_history/seed_55/metrics.json,Existing scientific record; see category index
robustness/interaction,experiments/crta_v3_stage_ladder_v3_lesions_v1/source_feature_render/nh2kn/dose_0.25/hypertension_history/seed_56/metrics.json,Existing scientific record; see category index
robustness/interaction,experiments/crta_v3_stage_ladder_v3_lesions_v1/source_feature_render/nh2kn/dose_0.25/hypertension_history/seed_57/metrics.json,Existing scientific record; see category index
robustness/interaction,experiments/crta_v3_stage_ladder_v3_lesions_v1/source_feature_render/nh2kn/dose_0.25/hypertension_history/seed_58/metrics.json,Existing scientific record; see category index
robustness/interaction,experiments/crta_v3_stage_ladder_v3_lesions_v1/source_feature_render/nh2kn/dose_0.25/hypertension_history/seed_59/metrics.json,Existing scientific record; see category index
robustness/interaction,experiments/crta_v3_stage_ladder_v3_lesions_v1/source_feature_render/nh2kn/dose_0.25/kidney_disease_history/seed_50/metrics.json,Existing scientific record; see category index
robustness/interaction,experiments/crta_v3_stage_ladder_v3_lesions_v1/source_feature_render/nh2kn/dose_0.25/kidney_disease_history/seed_51/metrics.json,Existing scientific record; see category index
robustness/interaction,experiments/crta_v3_stage_ladder_v3_lesions_v1/source_feature_render/nh2kn/dose_0.25/kidney_disease_history/seed_52/metrics.json,Existing scientific record; see category index
robustness/interaction,experiments/crta_v3_stage_ladder_v3_lesions_v1/source_feature_render/nh2kn/dose_0.25/kidney_disease_history/seed_53/metrics.json,Existing scientific record; see category index
robustness/interaction,experiments/crta_v3_stage_ladder_v3_lesions_v1/source_feature_render/nh2kn/dose_0.25/kidney_disease_history/seed_54/metrics.json,Existing scientific record; see category index
robustness/interaction,experiments/crta_v3_stage_ladder_v3_lesions_v1/source_feature_render/nh2kn/dose_0.25/kidney_disease_history/seed_55/metrics.json,Existing scientific record; see category index
robustness/interaction,experiments/crta_v3_stage_ladder_v3_lesions_v1/source_feature_render/nh2kn/dose_0.25/kidney_disease_history/seed_56/metrics.json,Existing scientific record; see category index
robustness/interaction,experiments/crta_v3_stage_ladder_v3_lesions_v1/source_feature_render/nh2kn/dose_0.25/kidney_disease_history/seed_57/metrics.json,Existing scientific record; see category index
robustness/interaction,experiments/crta_v3_stage_ladder_v3_lesions_v1/source_feature_render/nh2kn/dose_0.25/kidney_disease_history/seed_58/metrics.json,Existing scientific record; see category index
robustness/interaction,experiments/crta_v3_stage_ladder_v3_lesions_v1/source_feature_render/nh2kn/dose_0.25/kidney_disease_history/seed_59/metrics.json,Existing scientific record; see category index
robustness/interaction,experiments/crta_v3_stage_ladder_v3_lesions_v1/source_feature_render/nh2kn/dose_0.25/stroke_history/seed_50/metrics.json,Existing scientific record; see category index
robustness/interaction,experiments/crta_v3_stage_ladder_v3_lesions_v1/source_feature_render/nh2kn/dose_0.25/stroke_history/seed_51/metrics.json,Existing scientific record; see category index
robustness/interaction,experiments/crta_v3_stage_ladder_v3_lesions_v1/source_feature_render/nh2kn/dose_0.25/stroke_history/seed_52/metrics.json,Existing scientific record; see category index
robustness/interaction,experiments/crta_v3_stage_ladder_v3_lesions_v1/source_feature_render/nh2kn/dose_0.25/stroke_history/seed_53/metrics.json,Existing scientific record; see category index
robustness/interaction,experiments/crta_v3_stage_ladder_v3_lesions_v1/source_feature_render/nh2kn/dose_0.25/stroke_history/seed_54/metrics.json,Existing scientific record; see category index
robustness/interaction,experiments/crta_v3_stage_ladder_v3_lesions_v1/source_feature_render/nh2kn/dose_0.25/stroke_history/seed_55/metrics.json,Existing scientific record; see category index
robustness/interaction,experiments/crta_v3_stage_ladder_v3_lesions_v1/source_feature_render/nh2kn/dose_0.25/stroke_history/seed_56/metrics.json,Existing scientific record; see category index
robustness/interaction,experiments/crta_v3_stage_ladder_v3_lesions_v1/source_feature_render/nh2kn/dose_0.25/stroke_history/seed_57/metrics.json,Existing scientific record; see category index
robustness/interaction,experiments/crta_v3_stage_ladder_v3_lesions_v1/source_feature_render/nh2kn/dose_0.25/stroke_history/seed_58/metrics.json,Existing scientific record; see category index
robustness/interaction,experiments/crta_v3_stage_ladder_v3_lesions_v1/source_feature_render/nh2kn/dose_0.25/stroke_history/seed_59/metrics.json,Existing scientific record; see category index
robustness/interaction,experiments/crta_v3_stage_ladder_v3_lesions_v1/source_feature_render/nh2kn/dose_0.50/LESION_AUDIT_V1.json,Existing scientific record; see category index
robustness/interaction,experiments/crta_v3_stage_ladder_v3_lesions_v1/source_feature_render/nh2kn/dose_0.50/angina_history/seed_50/metrics.json,Existing scientific record; see category index
robustness/interaction,experiments/crta_v3_stage_ladder_v3_lesions_v1/source_feature_render/nh2kn/dose_0.50/angina_history/seed_51/metrics.json,Existing scientific record; see category index
robustness/interaction,experiments/crta_v3_stage_ladder_v3_lesions_v1/source_feature_render/nh2kn/dose_0.50/angina_history/seed_52/metrics.json,Existing scientific record; see category index
robustness/interaction,experiments/crta_v3_stage_ladder_v3_lesions_v1/source_feature_render/nh2kn/dose_0.50/angina_history/seed_53/metrics.json,Existing scientific record; see category index
robustness/interaction,experiments/crta_v3_stage_ladder_v3_lesions_v1/source_feature_render/nh2kn/dose_0.50/angina_history/seed_54/metrics.json,Existing scientific record; see category index
robustness/interaction,experiments/crta_v3_stage_ladder_v3_lesions_v1/source_feature_render/nh2kn/dose_0.50/angina_history/seed_55/metrics.json,Existing scientific record; see category index
robustness/interaction,experiments/crta_v3_stage_ladder_v3_lesions_v1/source_feature_render/nh2kn/dose_0.50/angina_history/seed_56/metrics.json,Existing scientific record; see category index
robustness/interaction,experiments/crta_v3_stage_ladder_v3_lesions_v1/source_feature_render/nh2kn/dose_0.50/angina_history/seed_57/metrics.json,Existing scientific record; see category index
robustness/interaction,experiments/crta_v3_stage_ladder_v3_lesions_v1/source_feature_render/nh2kn/dose_0.50/angina_history/seed_58/metrics.json,Existing scientific record; see category index
robustness/interaction,experiments/crta_v3_stage_ladder_v3_lesions_v1/source_feature_render/nh2kn/dose_0.50/angina_history/seed_59/metrics.json,Existing scientific record; see category index
robustness/interaction,experiments/crta_v3_stage_ladder_v3_lesions_v1/source_feature_render/nh2kn/dose_0.50/arthritis_history/seed_50/metrics.json,Existing scientific record; see category index
robustness/interaction,experiments/crta_v3_stage_ladder_v3_lesions_v1/source_feature_render/nh2kn/dose_0.50/arthritis_history/seed_51/metrics.json,Existing scientific record; see category index
robustness/interaction,experiments/crta_v3_stage_ladder_v3_lesions_v1/source_feature_render/nh2kn/dose_0.50/arthritis_history/seed_52/metrics.json,Existing scientific record; see category index
robustness/interaction,experiments/crta_v3_stage_ladder_v3_lesions_v1/source_feature_render/nh2kn/dose_0.50/arthritis_history/seed_53/metrics.json,Existing scientific record; see category index
robustness/interaction,experiments/crta_v3_stage_ladder_v3_lesions_v1/source_feature_render/nh2kn/dose_0.50/arthritis_history/seed_54/metrics.json,Existing scientific record; see category index
robustness/interaction,experiments/crta_v3_stage_ladder_v3_lesions_v1/source_feature_render/nh2kn/dose_0.50/arthritis_history/seed_55/metrics.json,Existing scientific record; see category index
robustness/interaction,experiments/crta_v3_stage_ladder_v3_lesions_v1/source_feature_render/nh2kn/dose_0.50/arthritis_history/seed_56/metrics.json,Existing scientific record; see category index
robustness/interaction,experiments/crta_v3_stage_ladder_v3_lesions_v1/source_feature_render/nh2kn/dose_0.50/arthritis_history/seed_57/metrics.json,Existing scientific record; see category index
robustness/interaction,experiments/crta_v3_stage_ladder_v3_lesions_v1/source_feature_render/nh2kn/dose_0.50/arthritis_history/seed_58/metrics.json,Existing scientific record; see category index
robustness/interaction,experiments/crta_v3_stage_ladder_v3_lesions_v1/source_feature_render/nh2kn/dose_0.50/arthritis_history/seed_59/metrics.json,Existing scientific record; see category index
robustness/interaction,experiments/crta_v3_stage_ladder_v3_lesions_v1/source_feature_render/nh2kn/dose_0.50/asthma_history/seed_50/metrics.json,Existing scientific record; see category index
robustness/interaction,experiments/crta_v3_stage_ladder_v3_lesions_v1/source_feature_render/nh2kn/dose_0.50/asthma_history/seed_51/metrics.json,Existing scientific record; see category index
robustness/interaction,experiments/crta_v3_stage_ladder_v3_lesions_v1/source_feature_render/nh2kn/dose_0.50/asthma_history/seed_52/metrics.json,Existing scientific record; see category index
robustness/interaction,experiments/crta_v3_stage_ladder_v3_lesions_v1/source_feature_render/nh2kn/dose_0.50/asthma_history/seed_53/metrics.json,Existing scientific record; see category index
robustness/interaction,experiments/crta_v3_stage_ladder_v3_lesions_v1/source_feature_render/nh2kn/dose_0.50/asthma_history/seed_54/metrics.json,Existing scientific record; see category index
robustness/interaction,experiments/crta_v3_stage_ladder_v3_lesions_v1/source_feature_render/nh2kn/dose_0.50/asthma_history/seed_55/metrics.json,Existing scientific record; see category index
robustness/interaction,experiments/crta_v3_stage_ladder_v3_lesions_v1/source_feature_render/nh2kn/dose_0.50/asthma_history/seed_56/metrics.json,Existing scientific record; see category index
robustness/interaction,experiments/crta_v3_stage_ladder_v3_lesions_v1/source_feature_render/nh2kn/dose_0.50/asthma_history/seed_57/metrics.json,Existing scientific record; see category index
robustness/interaction,experiments/crta_v3_stage_ladder_v3_lesions_v1/source_feature_render/nh2kn/dose_0.50/asthma_history/seed_58/metrics.json,Existing scientific record; see category index
robustness/interaction,experiments/crta_v3_stage_ladder_v3_lesions_v1/source_feature_render/nh2kn/dose_0.50/asthma_history/seed_59/metrics.json,Existing scientific record; see category index
robustness/interaction,experiments/crta_v3_stage_ladder_v3_lesions_v1/source_feature_render/nh2kn/dose_0.50/cancer_history/seed_50/metrics.json,Existing scientific record; see category index
robustness/interaction,experiments/crta_v3_stage_ladder_v3_lesions_v1/source_feature_render/nh2kn/dose_0.50/cancer_history/seed_51/metrics.json,Existing scientific record; see category index
robustness/interaction,experiments/crta_v3_stage_ladder_v3_lesions_v1/source_feature_render/nh2kn/dose_0.50/cancer_history/seed_52/metrics.json,Existing scientific record; see category index
robustness/interaction,experiments/crta_v3_stage_ladder_v3_lesions_v1/source_feature_render/nh2kn/dose_0.50/cancer_history/seed_53/metrics.json,Existing scientific record; see category index
robustness/interaction,experiments/crta_v3_stage_ladder_v3_lesions_v1/source_feature_render/nh2kn/dose_0.50/cancer_history/seed_54/metrics.json,Existing scientific record; see category index
robustness/interaction,experiments/crta_v3_stage_ladder_v3_lesions_v1/source_feature_render/nh2kn/dose_0.50/cancer_history/seed_55/metrics.json,Existing scientific record; see category index
robustness/interaction,experiments/crta_v3_stage_ladder_v3_lesions_v1/source_feature_render/nh2kn/dose_0.50/cancer_history/seed_56/metrics.json,Existing scientific record; see category index
robustness/interaction,experiments/crta_v3_stage_ladder_v3_lesions_v1/source_feature_render/nh2kn/dose_0.50/cancer_history/seed_57/metrics.json,Existing scientific record; see category index
robustness/interaction,experiments/crta_v3_stage_ladder_v3_lesions_v1/source_feature_render/nh2kn/dose_0.50/cancer_history/seed_58/metrics.json,Existing scientific record; see category index
robustness/interaction,experiments/crta_v3_stage_ladder_v3_lesions_v1/source_feature_render/nh2kn/dose_0.50/cancer_history/seed_59/metrics.json,Existing scientific record; see category index
robustness/interaction,experiments/crta_v3_stage_ladder_v3_lesions_v1/source_feature_render/nh2kn/dose_0.50/current_smoking_status/seed_50/metrics.json,Existing scientific record; see category index
robustness/interaction,experiments/crta_v3_stage_ladder_v3_lesions_v1/source_feature_render/nh2kn/dose_0.50/current_smoking_status/seed_51/metrics.json,Existing scientific record; see category index
robustness/interaction,experiments/crta_v3_stage_ladder_v3_lesions_v1/source_feature_render/nh2kn/dose_0.50/current_smoking_status/seed_52/metrics.json,Existing scientific record; see category index
robustness/interaction,experiments/crta_v3_stage_ladder_v3_lesions_v1/source_feature_render/nh2kn/dose_0.50/current_smoking_status/seed_53/metrics.json,Existing scientific record; see category index
robustness/interaction,experiments/crta_v3_stage_ladder_v3_lesions_v1/source_feature_render/nh2kn/dose_0.50/current_smoking_status/seed_54/metrics.json,Existing scientific record; see category index
robustness/interaction,experiments/crta_v3_stage_ladder_v3_lesions_v1/source_feature_render/nh2kn/dose_0.50/current_smoking_status/seed_55/metrics.json,Existing scientific record; see category index
robustness/interaction,experiments/crta_v3_stage_ladder_v3_lesions_v1/source_feature_render/nh2kn/dose_0.50/current_smoking_status/seed_56/metrics.json,Existing scientific record; see category index
robustness/interaction,experiments/crta_v3_stage_ladder_v3_lesions_v1/source_feature_render/nh2kn/dose_0.50/current_smoking_status/seed_57/metrics.json,Existing scientific record; see category index
robustness/interaction,experiments/crta_v3_stage_ladder_v3_lesions_v1/source_feature_render/nh2kn/dose_0.50/current_smoking_status/seed_58/metrics.json,Existing scientific record; see category index
robustness/interaction,experiments/crta_v3_stage_ladder_v3_lesions_v1/source_feature_render/nh2kn/dose_0.50/current_smoking_status/seed_59/metrics.json,Existing scientific record; see category index
robustness/interaction,experiments/crta_v3_stage_ladder_v3_lesions_v1/source_feature_render/nh2kn/dose_0.50/diabetes_history/seed_50/metrics.json,Existing scientific record; see category index
robustness/interaction,experiments/crta_v3_stage_ladder_v3_lesions_v1/source_feature_render/nh2kn/dose_0.50/diabetes_history/seed_51/metrics.json,Existing scientific record; see category index
robustness/interaction,experiments/crta_v3_stage_ladder_v3_lesions_v1/source_feature_render/nh2kn/dose_0.50/diabetes_history/seed_52/metrics.json,Existing scientific record; see category index
robustness/interaction,experiments/crta_v3_stage_ladder_v3_lesions_v1/source_feature_render/nh2kn/dose_0.50/diabetes_history/seed_53/metrics.json,Existing scientific record; see category index
robustness/interaction,experiments/crta_v3_stage_ladder_v3_lesions_v1/source_feature_render/nh2kn/dose_0.50/diabetes_history/seed_54/metrics.json,Existing scientific record; see category index
robustness/interaction,experiments/crta_v3_stage_ladder_v3_lesions_v1/source_feature_render/nh2kn/dose_0.50/diabetes_history/seed_55/metrics.json,Existing scientific record; see category index
robustness/interaction,experiments/crta_v3_stage_ladder_v3_lesions_v1/source_feature_render/nh2kn/dose_0.50/diabetes_history/seed_56/metrics.json,Existing scientific record; see category index
robustness/interaction,experiments/crta_v3_stage_ladder_v3_lesions_v1/source_feature_render/nh2kn/dose_0.50/diabetes_history/seed_57/metrics.json,Existing scientific record; see category index
robustness/interaction,experiments/crta_v3_stage_ladder_v3_lesions_v1/source_feature_render/nh2kn/dose_0.50/diabetes_history/seed_58/metrics.json,Existing scientific record; see category index
robustness/interaction,experiments/crta_v3_stage_ladder_v3_lesions_v1/source_feature_render/nh2kn/dose_0.50/diabetes_history/seed_59/metrics.json,Existing scientific record; see category index
robustness/interaction,experiments/crta_v3_stage_ladder_v3_lesions_v1/source_feature_render/nh2kn/dose_0.50/heart_attack_history/seed_50/metrics.json,Existing scientific record; see category index
robustness/interaction,experiments/crta_v3_stage_ladder_v3_lesions_v1/source_feature_render/nh2kn/dose_0.50/heart_attack_history/seed_51/metrics.json,Existing scientific record; see category index
robustness/interaction,experiments/crta_v3_stage_ladder_v3_lesions_v1/source_feature_render/nh2kn/dose_0.50/heart_attack_history/seed_52/metrics.json,Existing scientific record; see category index
robustness/interaction,experiments/crta_v3_stage_ladder_v3_lesions_v1/source_feature_render/nh2kn/dose_0.50/heart_attack_history/seed_53/metrics.json,Existing scientific record; see category index
robustness/interaction,experiments/crta_v3_stage_ladder_v3_lesions_v1/source_feature_render/nh2kn/dose_0.50/heart_attack_history/seed_54/metrics.json,Existing scientific record; see category index
robustness/interaction,experiments/crta_v3_stage_ladder_v3_lesions_v1/source_feature_render/nh2kn/dose_0.50/heart_attack_history/seed_55/metrics.json,Existing scientific record; see category index
robustness/interaction,experiments/crta_v3_stage_ladder_v3_lesions_v1/source_feature_render/nh2kn/dose_0.50/heart_attack_history/seed_56/metrics.json,Existing scientific record; see category index
robustness/interaction,experiments/crta_v3_stage_ladder_v3_lesions_v1/source_feature_render/nh2kn/dose_0.50/heart_attack_history/seed_57/metrics.json,Existing scientific record; see category index
robustness/interaction,experiments/crta_v3_stage_ladder_v3_lesions_v1/source_feature_render/nh2kn/dose_0.50/heart_attack_history/seed_58/metrics.json,Existing scientific record; see category index
robustness/interaction,experiments/crta_v3_stage_ladder_v3_lesions_v1/source_feature_render/nh2kn/dose_0.50/heart_attack_history/seed_59/metrics.json,Existing scientific record; see category index
robustness/interaction,experiments/crta_v3_stage_ladder_v3_lesions_v1/source_feature_render/nh2kn/dose_0.50/hypertension_history/seed_50/metrics.json,Existing scientific record; see category index
robustness/interaction,experiments/crta_v3_stage_ladder_v3_lesions_v1/source_feature_render/nh2kn/dose_0.50/hypertension_history/seed_51/metrics.json,Existing scientific record; see category index
robustness/interaction,experiments/crta_v3_stage_ladder_v3_lesions_v1/source_feature_render/nh2kn/dose_0.50/hypertension_history/seed_52/metrics.json,Existing scientific record; see category index
robustness/interaction,experiments/crta_v3_stage_ladder_v3_lesions_v1/source_feature_render/nh2kn/dose_0.50/hypertension_history/seed_53/metrics.json,Existing scientific record; see category index
robustness/interaction,experiments/crta_v3_stage_ladder_v3_lesions_v1/source_feature_render/nh2kn/dose_0.50/hypertension_history/seed_54/metrics.json,Existing scientific record; see category index
robustness/interaction,experiments/crta_v3_stage_ladder_v3_lesions_v1/source_feature_render/nh2kn/dose_0.50/hypertension_history/seed_55/metrics.json,Existing scientific record; see category index
robustness/interaction,experiments/crta_v3_stage_ladder_v3_lesions_v1/source_feature_render/nh2kn/dose_0.50/hypertension_history/seed_56/metrics.json,Existing scientific record; see category index
robustness/interaction,experiments/crta_v3_stage_ladder_v3_lesions_v1/source_feature_render/nh2kn/dose_0.50/hypertension_history/seed_57/metrics.json,Existing scientific record; see category index
robustness/interaction,experiments/crta_v3_stage_ladder_v3_lesions_v1/source_feature_render/nh2kn/dose_0.50/hypertension_history/seed_58/metrics.json,Existing scientific record; see category index
robustness/interaction,experiments/crta_v3_stage_ladder_v3_lesions_v1/source_feature_render/nh2kn/dose_0.50/hypertension_history/seed_59/metrics.json,Existing scientific record; see category index
robustness/interaction,experiments/crta_v3_stage_ladder_v3_lesions_v1/source_feature_render/nh2kn/dose_0.50/kidney_disease_history/seed_50/metrics.json,Existing scientific record; see category index
robustness/interaction,experiments/crta_v3_stage_ladder_v3_lesions_v1/source_feature_render/nh2kn/dose_0.50/kidney_disease_history/seed_51/metrics.json,Existing scientific record; see category index
robustness/interaction,experiments/crta_v3_stage_ladder_v3_lesions_v1/source_feature_render/nh2kn/dose_0.50/kidney_disease_history/seed_52/metrics.json,Existing scientific record; see category index
robustness/interaction,experiments/crta_v3_stage_ladder_v3_lesions_v1/source_feature_render/nh2kn/dose_0.50/kidney_disease_history/seed_53/metrics.json,Existing scientific record; see category index
robustness/interaction,experiments/crta_v3_stage_ladder_v3_lesions_v1/source_feature_render/nh2kn/dose_0.50/kidney_disease_history/seed_54/metrics.json,Existing scientific record; see category index
robustness/interaction,experiments/crta_v3_stage_ladder_v3_lesions_v1/source_feature_render/nh2kn/dose_0.50/kidney_disease_history/seed_55/metrics.json,Existing scientific record; see category index
robustness/interaction,experiments/crta_v3_stage_ladder_v3_lesions_v1/source_feature_render/nh2kn/dose_0.50/kidney_disease_history/seed_56/metrics.json,Existing scientific record; see category index
robustness/interaction,experiments/crta_v3_stage_ladder_v3_lesions_v1/source_feature_render/nh2kn/dose_0.50/kidney_disease_history/seed_57/metrics.json,Existing scientific record; see category index
robustness/interaction,experiments/crta_v3_stage_ladder_v3_lesions_v1/source_feature_render/nh2kn/dose_0.50/kidney_disease_history/seed_58/metrics.json,Existing scientific record; see category index
robustness/interaction,experiments/crta_v3_stage_ladder_v3_lesions_v1/source_feature_render/nh2kn/dose_0.50/kidney_disease_history/seed_59/metrics.json,Existing scientific record; see category index
robustness/interaction,experiments/crta_v3_stage_ladder_v3_lesions_v1/source_feature_render/nh2kn/dose_0.50/stroke_history/seed_50/metrics.json,Existing scientific record; see category index
robustness/interaction,experiments/crta_v3_stage_ladder_v3_lesions_v1/source_feature_render/nh2kn/dose_0.50/stroke_history/seed_51/metrics.json,Existing scientific record; see category index
robustness/interaction,experiments/crta_v3_stage_ladder_v3_lesions_v1/source_feature_render/nh2kn/dose_0.50/stroke_history/seed_52/metrics.json,Existing scientific record; see category index
robustness/interaction,experiments/crta_v3_stage_ladder_v3_lesions_v1/source_feature_render/nh2kn/dose_0.50/stroke_history/seed_53/metrics.json,Existing scientific record; see category index
robustness/interaction,experiments/crta_v3_stage_ladder_v3_lesions_v1/source_feature_render/nh2kn/dose_0.50/stroke_history/seed_54/metrics.json,Existing scientific record; see category index
robustness/interaction,experiments/crta_v3_stage_ladder_v3_lesions_v1/source_feature_render/nh2kn/dose_0.50/stroke_history/seed_55/metrics.json,Existing scientific record; see category index
robustness/interaction,experiments/crta_v3_stage_ladder_v3_lesions_v1/source_feature_render/nh2kn/dose_0.50/stroke_history/seed_56/metrics.json,Existing scientific record; see category index
robustness/interaction,experiments/crta_v3_stage_ladder_v3_lesions_v1/source_feature_render/nh2kn/dose_0.50/stroke_history/seed_57/metrics.json,Existing scientific record; see category index
robustness/interaction,experiments/crta_v3_stage_ladder_v3_lesions_v1/source_feature_render/nh2kn/dose_0.50/stroke_history/seed_58/metrics.json,Existing scientific record; see category index
robustness/interaction,experiments/crta_v3_stage_ladder_v3_lesions_v1/source_feature_render/nh2kn/dose_0.50/stroke_history/seed_59/metrics.json,Existing scientific record; see category index
robustness/interaction,experiments/crta_v3_stage_ladder_v3_lesions_v1/source_feature_render/nh2kn/dose_0.75/LESION_AUDIT_V1.json,Existing scientific record; see category index
robustness/interaction,experiments/crta_v3_stage_ladder_v3_lesions_v1/source_feature_render/nh2kn/dose_0.75/angina_history/seed_50/metrics.json,Existing scientific record; see category index
robustness/interaction,experiments/crta_v3_stage_ladder_v3_lesions_v1/source_feature_render/nh2kn/dose_0.75/angina_history/seed_51/metrics.json,Existing scientific record; see category index
robustness/interaction,experiments/crta_v3_stage_ladder_v3_lesions_v1/source_feature_render/nh2kn/dose_0.75/angina_history/seed_52/metrics.json,Existing scientific record; see category index
robustness/interaction,experiments/crta_v3_stage_ladder_v3_lesions_v1/source_feature_render/nh2kn/dose_0.75/angina_history/seed_53/metrics.json,Existing scientific record; see category index
robustness/interaction,experiments/crta_v3_stage_ladder_v3_lesions_v1/source_feature_render/nh2kn/dose_0.75/angina_history/seed_54/metrics.json,Existing scientific record; see category index
robustness/interaction,experiments/crta_v3_stage_ladder_v3_lesions_v1/source_feature_render/nh2kn/dose_0.75/angina_history/seed_55/metrics.json,Existing scientific record; see category index
robustness/interaction,experiments/crta_v3_stage_ladder_v3_lesions_v1/source_feature_render/nh2kn/dose_0.75/angina_history/seed_56/metrics.json,Existing scientific record; see category index
robustness/interaction,experiments/crta_v3_stage_ladder_v3_lesions_v1/source_feature_render/nh2kn/dose_0.75/angina_history/seed_57/metrics.json,Existing scientific record; see category index
robustness/interaction,experiments/crta_v3_stage_ladder_v3_lesions_v1/source_feature_render/nh2kn/dose_0.75/angina_history/seed_58/metrics.json,Existing scientific record; see category index
robustness/interaction,experiments/crta_v3_stage_ladder_v3_lesions_v1/source_feature_render/nh2kn/dose_0.75/angina_history/seed_59/metrics.json,Existing scientific record; see category index
robustness/interaction,experiments/crta_v3_stage_ladder_v3_lesions_v1/source_feature_render/nh2kn/dose_0.75/arthritis_history/seed_50/metrics.json,Existing scientific record; see category index
robustness/interaction,experiments/crta_v3_stage_ladder_v3_lesions_v1/source_feature_render/nh2kn/dose_0.75/arthritis_history/seed_51/metrics.json,Existing scientific record; see category index
robustness/interaction,experiments/crta_v3_stage_ladder_v3_lesions_v1/source_feature_render/nh2kn/dose_0.75/arthritis_history/seed_52/metrics.json,Existing scientific record; see category index
robustness/interaction,experiments/crta_v3_stage_ladder_v3_lesions_v1/source_feature_render/nh2kn/dose_0.75/arthritis_history/seed_53/metrics.json,Existing scientific record; see category index
robustness/interaction,experiments/crta_v3_stage_ladder_v3_lesions_v1/source_feature_render/nh2kn/dose_0.75/arthritis_history/seed_54/metrics.json,Existing scientific record; see category index
robustness/interaction,experiments/crta_v3_stage_ladder_v3_lesions_v1/source_feature_render/nh2kn/dose_0.75/arthritis_history/seed_55/metrics.json,Existing scientific record; see category index
robustness/interaction,experiments/crta_v3_stage_ladder_v3_lesions_v1/source_feature_render/nh2kn/dose_0.75/arthritis_history/seed_56/metrics.json,Existing scientific record; see category index
robustness/interaction,experiments/crta_v3_stage_ladder_v3_lesions_v1/source_feature_render/nh2kn/dose_0.75/arthritis_history/seed_57/metrics.json,Existing scientific record; see category index
robustness/interaction,experiments/crta_v3_stage_ladder_v3_lesions_v1/source_feature_render/nh2kn/dose_0.75/arthritis_history/seed_58/metrics.json,Existing scientific record; see category index
robustness/interaction,experiments/crta_v3_stage_ladder_v3_lesions_v1/source_feature_render/nh2kn/dose_0.75/arthritis_history/seed_59/metrics.json,Existing scientific record; see category index
robustness/interaction,experiments/crta_v3_stage_ladder_v3_lesions_v1/source_feature_render/nh2kn/dose_0.75/asthma_history/seed_50/metrics.json,Existing scientific record; see category index
robustness/interaction,experiments/crta_v3_stage_ladder_v3_lesions_v1/source_feature_render/nh2kn/dose_0.75/asthma_history/seed_51/metrics.json,Existing scientific record; see category index
robustness/interaction,experiments/crta_v3_stage_ladder_v3_lesions_v1/source_feature_render/nh2kn/dose_0.75/asthma_history/seed_52/metrics.json,Existing scientific record; see category index
robustness/interaction,experiments/crta_v3_stage_ladder_v3_lesions_v1/source_feature_render/nh2kn/dose_0.75/asthma_history/seed_53/metrics.json,Existing scientific record; see category index
robustness/interaction,experiments/crta_v3_stage_ladder_v3_lesions_v1/source_feature_render/nh2kn/dose_0.75/asthma_history/seed_54/metrics.json,Existing scientific record; see category index
robustness/interaction,experiments/crta_v3_stage_ladder_v3_lesions_v1/source_feature_render/nh2kn/dose_0.75/asthma_history/seed_55/metrics.json,Existing scientific record; see category index
robustness/interaction,experiments/crta_v3_stage_ladder_v3_lesions_v1/source_feature_render/nh2kn/dose_0.75/asthma_history/seed_56/metrics.json,Existing scientific record; see category index
robustness/interaction,experiments/crta_v3_stage_ladder_v3_lesions_v1/source_feature_render/nh2kn/dose_0.75/asthma_history/seed_57/metrics.json,Existing scientific record; see category index
robustness/interaction,experiments/crta_v3_stage_ladder_v3_lesions_v1/source_feature_render/nh2kn/dose_0.75/asthma_history/seed_58/metrics.json,Existing scientific record; see category index
robustness/interaction,experiments/crta_v3_stage_ladder_v3_lesions_v1/source_feature_render/nh2kn/dose_0.75/asthma_history/seed_59/metrics.json,Existing scientific record; see category index
robustness/interaction,experiments/crta_v3_stage_ladder_v3_lesions_v1/source_feature_render/nh2kn/dose_0.75/cancer_history/seed_50/metrics.json,Existing scientific record; see category index
robustness/interaction,experiments/crta_v3_stage_ladder_v3_lesions_v1/source_feature_render/nh2kn/dose_0.75/cancer_history/seed_51/metrics.json,Existing scientific record; see category index
robustness/interaction,experiments/crta_v3_stage_ladder_v3_lesions_v1/source_feature_render/nh2kn/dose_0.75/cancer_history/seed_52/metrics.json,Existing scientific record; see category index
robustness/interaction,experiments/crta_v3_stage_ladder_v3_lesions_v1/source_feature_render/nh2kn/dose_0.75/cancer_history/seed_53/metrics.json,Existing scientific record; see category index
robustness/interaction,experiments/crta_v3_stage_ladder_v3_lesions_v1/source_feature_render/nh2kn/dose_0.75/cancer_history/seed_54/metrics.json,Existing scientific record; see category index
robustness/interaction,experiments/crta_v3_stage_ladder_v3_lesions_v1/source_feature_render/nh2kn/dose_0.75/cancer_history/seed_55/metrics.json,Existing scientific record; see category index
robustness/interaction,experiments/crta_v3_stage_ladder_v3_lesions_v1/source_feature_render/nh2kn/dose_0.75/cancer_history/seed_56/metrics.json,Existing scientific record; see category index
robustness/interaction,experiments/crta_v3_stage_ladder_v3_lesions_v1/source_feature_render/nh2kn/dose_0.75/cancer_history/seed_57/metrics.json,Existing scientific record; see category index
robustness/interaction,experiments/crta_v3_stage_ladder_v3_lesions_v1/source_feature_render/nh2kn/dose_0.75/cancer_history/seed_58/metrics.json,Existing scientific record; see category index
robustness/interaction,experiments/crta_v3_stage_ladder_v3_lesions_v1/source_feature_render/nh2kn/dose_0.75/cancer_history/seed_59/metrics.json,Existing scientific record; see category index
robustness/interaction,experiments/crta_v3_stage_ladder_v3_lesions_v1/source_feature_render/nh2kn/dose_0.75/current_smoking_status/seed_50/metrics.json,Existing scientific record; see category index
robustness/interaction,experiments/crta_v3_stage_ladder_v3_lesions_v1/source_feature_render/nh2kn/dose_0.75/current_smoking_status/seed_51/metrics.json,Existing scientific record; see category index
robustness/interaction,experiments/crta_v3_stage_ladder_v3_lesions_v1/source_feature_render/nh2kn/dose_0.75/current_smoking_status/seed_52/metrics.json,Existing scientific record; see category index
robustness/interaction,experiments/crta_v3_stage_ladder_v3_lesions_v1/source_feature_render/nh2kn/dose_0.75/current_smoking_status/seed_53/metrics.json,Existing scientific record; see category index
robustness/interaction,experiments/crta_v3_stage_ladder_v3_lesions_v1/source_feature_render/nh2kn/dose_0.75/current_smoking_status/seed_54/metrics.json,Existing scientific record; see category index
robustness/interaction,experiments/crta_v3_stage_ladder_v3_lesions_v1/source_feature_render/nh2kn/dose_0.75/current_smoking_status/seed_55/metrics.json,Existing scientific record; see category index
robustness/interaction,experiments/crta_v3_stage_ladder_v3_lesions_v1/source_feature_render/nh2kn/dose_0.75/current_smoking_status/seed_56/metrics.json,Existing scientific record; see category index
robustness/interaction,experiments/crta_v3_stage_ladder_v3_lesions_v1/source_feature_render/nh2kn/dose_0.75/current_smoking_status/seed_57/metrics.json,Existing scientific record; see category index
robustness/interaction,experiments/crta_v3_stage_ladder_v3_lesions_v1/source_feature_render/nh2kn/dose_0.75/current_smoking_status/seed_58/metrics.json,Existing scientific record; see category index
robustness/interaction,experiments/crta_v3_stage_ladder_v3_lesions_v1/source_feature_render/nh2kn/dose_0.75/current_smoking_status/seed_59/metrics.json,Existing scientific record; see category index
robustness/interaction,experiments/crta_v3_stage_ladder_v3_lesions_v1/source_feature_render/nh2kn/dose_0.75/diabetes_history/seed_50/metrics.json,Existing scientific record; see category index
robustness/interaction,experiments/crta_v3_stage_ladder_v3_lesions_v1/source_feature_render/nh2kn/dose_0.75/diabetes_history/seed_51/metrics.json,Existing scientific record; see category index
robustness/interaction,experiments/crta_v3_stage_ladder_v3_lesions_v1/source_feature_render/nh2kn/dose_0.75/diabetes_history/seed_52/metrics.json,Existing scientific record; see category index
robustness/interaction,experiments/crta_v3_stage_ladder_v3_lesions_v1/source_feature_render/nh2kn/dose_0.75/diabetes_history/seed_53/metrics.json,Existing scientific record; see category index
robustness/interaction,experiments/crta_v3_stage_ladder_v3_lesions_v1/source_feature_render/nh2kn/dose_0.75/diabetes_history/seed_54/metrics.json,Existing scientific record; see category index
robustness/interaction,experiments/crta_v3_stage_ladder_v3_lesions_v1/source_feature_render/nh2kn/dose_0.75/diabetes_history/seed_55/metrics.json,Existing scientific record; see category index
robustness/interaction,experiments/crta_v3_stage_ladder_v3_lesions_v1/source_feature_render/nh2kn/dose_0.75/diabetes_history/seed_56/metrics.json,Existing scientific record; see category index
robustness/interaction,experiments/crta_v3_stage_ladder_v3_lesions_v1/source_feature_render/nh2kn/dose_0.75/diabetes_history/seed_57/metrics.json,Existing scientific record; see category index
robustness/interaction,experiments/crta_v3_stage_ladder_v3_lesions_v1/source_feature_render/nh2kn/dose_0.75/diabetes_history/seed_58/metrics.json,Existing scientific record; see category index
robustness/interaction,experiments/crta_v3_stage_ladder_v3_lesions_v1/source_feature_render/nh2kn/dose_0.75/diabetes_history/seed_59/metrics.json,Existing scientific record; see category index
robustness/interaction,experiments/crta_v3_stage_ladder_v3_lesions_v1/source_feature_render/nh2kn/dose_0.75/heart_attack_history/seed_50/metrics.json,Existing scientific record; see category index
robustness/interaction,experiments/crta_v3_stage_ladder_v3_lesions_v1/source_feature_render/nh2kn/dose_0.75/heart_attack_history/seed_51/metrics.json,Existing scientific record; see category index
robustness/interaction,experiments/crta_v3_stage_ladder_v3_lesions_v1/source_feature_render/nh2kn/dose_0.75/heart_attack_history/seed_52/metrics.json,Existing scientific record; see category index
robustness/interaction,experiments/crta_v3_stage_ladder_v3_lesions_v1/source_feature_render/nh2kn/dose_0.75/heart_attack_history/seed_53/metrics.json,Existing scientific record; see category index
robustness/interaction,experiments/crta_v3_stage_ladder_v3_lesions_v1/source_feature_render/nh2kn/dose_0.75/heart_attack_history/seed_54/metrics.json,Existing scientific record; see category index
robustness/interaction,experiments/crta_v3_stage_ladder_v3_lesions_v1/source_feature_render/nh2kn/dose_0.75/heart_attack_history/seed_55/metrics.json,Existing scientific record; see category index
robustness/interaction,experiments/crta_v3_stage_ladder_v3_lesions_v1/source_feature_render/nh2kn/dose_0.75/heart_attack_history/seed_56/metrics.json,Existing scientific record; see category index
robustness/interaction,experiments/crta_v3_stage_ladder_v3_lesions_v1/source_feature_render/nh2kn/dose_0.75/heart_attack_history/seed_57/metrics.json,Existing scientific record; see category index
robustness/interaction,experiments/crta_v3_stage_ladder_v3_lesions_v1/source_feature_render/nh2kn/dose_0.75/heart_attack_history/seed_58/metrics.json,Existing scientific record; see category index
robustness/interaction,experiments/crta_v3_stage_ladder_v3_lesions_v1/source_feature_render/nh2kn/dose_0.75/heart_attack_history/seed_59/metrics.json,Existing scientific record; see category index
robustness/interaction,experiments/crta_v3_stage_ladder_v3_lesions_v1/source_feature_render/nh2kn/dose_0.75/hypertension_history/seed_50/metrics.json,Existing scientific record; see category index
robustness/interaction,experiments/crta_v3_stage_ladder_v3_lesions_v1/source_feature_render/nh2kn/dose_0.75/hypertension_history/seed_51/metrics.json,Existing scientific record; see category index
robustness/interaction,experiments/crta_v3_stage_ladder_v3_lesions_v1/source_feature_render/nh2kn/dose_0.75/hypertension_history/seed_52/metrics.json,Existing scientific record; see category index
robustness/interaction,experiments/crta_v3_stage_ladder_v3_lesions_v1/source_feature_render/nh2kn/dose_0.75/hypertension_history/seed_53/metrics.json,Existing scientific record; see category index
robustness/interaction,experiments/crta_v3_stage_ladder_v3_lesions_v1/source_feature_render/nh2kn/dose_0.75/hypertension_history/seed_54/metrics.json,Existing scientific record; see category index
robustness/interaction,experiments/crta_v3_stage_ladder_v3_lesions_v1/source_feature_render/nh2kn/dose_0.75/hypertension_history/seed_55/metrics.json,Existing scientific record; see category index
robustness/interaction,experiments/crta_v3_stage_ladder_v3_lesions_v1/source_feature_render/nh2kn/dose_0.75/hypertension_history/seed_56/metrics.json,Existing scientific record; see category index
robustness/interaction,experiments/crta_v3_stage_ladder_v3_lesions_v1/source_feature_render/nh2kn/dose_0.75/hypertension_history/seed_57/metrics.json,Existing scientific record; see category index
robustness/interaction,experiments/crta_v3_stage_ladder_v3_lesions_v1/source_feature_render/nh2kn/dose_0.75/hypertension_history/seed_58/metrics.json,Existing scientific record; see category index
robustness/interaction,experiments/crta_v3_stage_ladder_v3_lesions_v1/source_feature_render/nh2kn/dose_0.75/hypertension_history/seed_59/metrics.json,Existing scientific record; see category index
robustness/interaction,experiments/crta_v3_stage_ladder_v3_lesions_v1/source_feature_render/nh2kn/dose_0.75/kidney_disease_history/seed_50/metrics.json,Existing scientific record; see category index
robustness/interaction,experiments/crta_v3_stage_ladder_v3_lesions_v1/source_feature_render/nh2kn/dose_0.75/kidney_disease_history/seed_51/metrics.json,Existing scientific record; see category index
robustness/interaction,experiments/crta_v3_stage_ladder_v3_lesions_v1/source_feature_render/nh2kn/dose_0.75/kidney_disease_history/seed_52/metrics.json,Existing scientific record; see category index
robustness/interaction,experiments/crta_v3_stage_ladder_v3_lesions_v1/source_feature_render/nh2kn/dose_0.75/kidney_disease_history/seed_53/metrics.json,Existing scientific record; see category index
robustness/interaction,experiments/crta_v3_stage_ladder_v3_lesions_v1/source_feature_render/nh2kn/dose_0.75/kidney_disease_history/seed_54/metrics.json,Existing scientific record; see category index
robustness/interaction,experiments/crta_v3_stage_ladder_v3_lesions_v1/source_feature_render/nh2kn/dose_0.75/kidney_disease_history/seed_55/metrics.json,Existing scientific record; see category index
robustness/interaction,experiments/crta_v3_stage_ladder_v3_lesions_v1/source_feature_render/nh2kn/dose_0.75/kidney_disease_history/seed_56/metrics.json,Existing scientific record; see category index
robustness/interaction,experiments/crta_v3_stage_ladder_v3_lesions_v1/source_feature_render/nh2kn/dose_0.75/kidney_disease_history/seed_57/metrics.json,Existing scientific record; see category index
robustness/interaction,experiments/crta_v3_stage_ladder_v3_lesions_v1/source_feature_render/nh2kn/dose_0.75/kidney_disease_history/seed_58/metrics.json,Existing scientific record; see category index
robustness/interaction,experiments/crta_v3_stage_ladder_v3_lesions_v1/source_feature_render/nh2kn/dose_0.75/kidney_disease_history/seed_59/metrics.json,Existing scientific record; see category index
robustness/interaction,experiments/crta_v3_stage_ladder_v3_lesions_v1/source_feature_render/nh2kn/dose_0.75/stroke_history/seed_50/metrics.json,Existing scientific record; see category index
robustness/interaction,experiments/crta_v3_stage_ladder_v3_lesions_v1/source_feature_render/nh2kn/dose_0.75/stroke_history/seed_51/metrics.json,Existing scientific record; see category index
robustness/interaction,experiments/crta_v3_stage_ladder_v3_lesions_v1/source_feature_render/nh2kn/dose_0.75/stroke_history/seed_52/metrics.json,Existing scientific record; see category index
robustness/interaction,experiments/crta_v3_stage_ladder_v3_lesions_v1/source_feature_render/nh2kn/dose_0.75/stroke_history/seed_53/metrics.json,Existing scientific record; see category index
robustness/interaction,experiments/crta_v3_stage_ladder_v3_lesions_v1/source_feature_render/nh2kn/dose_0.75/stroke_history/seed_54/metrics.json,Existing scientific record; see category index
robustness/interaction,experiments/crta_v3_stage_ladder_v3_lesions_v1/source_feature_render/nh2kn/dose_0.75/stroke_history/seed_55/metrics.json,Existing scientific record; see category index
robustness/interaction,experiments/crta_v3_stage_ladder_v3_lesions_v1/source_feature_render/nh2kn/dose_0.75/stroke_history/seed_56/metrics.json,Existing scientific record; see category index
robustness/interaction,experiments/crta_v3_stage_ladder_v3_lesions_v1/source_feature_render/nh2kn/dose_0.75/stroke_history/seed_57/metrics.json,Existing scientific record; see category index
robustness/interaction,experiments/crta_v3_stage_ladder_v3_lesions_v1/source_feature_render/nh2kn/dose_0.75/stroke_history/seed_58/metrics.json,Existing scientific record; see category index
robustness/interaction,experiments/crta_v3_stage_ladder_v3_lesions_v1/source_feature_render/nh2kn/dose_0.75/stroke_history/seed_59/metrics.json,Existing scientific record; see category index
robustness/interaction,experiments/crta_v3_stage_ladder_v3_lesions_v1/source_feature_render/nh2kn/dose_1.00/LESION_AUDIT_V1.json,Existing scientific record; see category index
robustness/interaction,experiments/crta_v3_stage_ladder_v3_lesions_v1/source_feature_render/nh2kn/dose_1.00/angina_history/seed_50/metrics.json,Existing scientific record; see category index
robustness/interaction,experiments/crta_v3_stage_ladder_v3_lesions_v1/source_feature_render/nh2kn/dose_1.00/angina_history/seed_51/metrics.json,Existing scientific record; see category index
robustness/interaction,experiments/crta_v3_stage_ladder_v3_lesions_v1/source_feature_render/nh2kn/dose_1.00/angina_history/seed_52/metrics.json,Existing scientific record; see category index
robustness/interaction,experiments/crta_v3_stage_ladder_v3_lesions_v1/source_feature_render/nh2kn/dose_1.00/angina_history/seed_53/metrics.json,Existing scientific record; see category index
robustness/interaction,experiments/crta_v3_stage_ladder_v3_lesions_v1/source_feature_render/nh2kn/dose_1.00/angina_history/seed_54/metrics.json,Existing scientific record; see category index
robustness/interaction,experiments/crta_v3_stage_ladder_v3_lesions_v1/source_feature_render/nh2kn/dose_1.00/angina_history/seed_55/metrics.json,Existing scientific record; see category index
robustness/interaction,experiments/crta_v3_stage_ladder_v3_lesions_v1/source_feature_render/nh2kn/dose_1.00/angina_history/seed_56/metrics.json,Existing scientific record; see category index
robustness/interaction,experiments/crta_v3_stage_ladder_v3_lesions_v1/source_feature_render/nh2kn/dose_1.00/angina_history/seed_57/metrics.json,Existing scientific record; see category index
robustness/interaction,experiments/crta_v3_stage_ladder_v3_lesions_v1/source_feature_render/nh2kn/dose_1.00/angina_history/seed_58/metrics.json,Existing scientific record; see category index
robustness/interaction,experiments/crta_v3_stage_ladder_v3_lesions_v1/source_feature_render/nh2kn/dose_1.00/angina_history/seed_59/metrics.json,Existing scientific record; see category index
robustness/interaction,experiments/crta_v3_stage_ladder_v3_lesions_v1/source_feature_render/nh2kn/dose_1.00/arthritis_history/seed_50/metrics.json,Existing scientific record; see category index
robustness/interaction,experiments/crta_v3_stage_ladder_v3_lesions_v1/source_feature_render/nh2kn/dose_1.00/arthritis_history/seed_51/metrics.json,Existing scientific record; see category index
robustness/interaction,experiments/crta_v3_stage_ladder_v3_lesions_v1/source_feature_render/nh2kn/dose_1.00/arthritis_history/seed_52/metrics.json,Existing scientific record; see category index
robustness/interaction,experiments/crta_v3_stage_ladder_v3_lesions_v1/source_feature_render/nh2kn/dose_1.00/arthritis_history/seed_53/metrics.json,Existing scientific record; see category index
robustness/interaction,experiments/crta_v3_stage_ladder_v3_lesions_v1/source_feature_render/nh2kn/dose_1.00/arthritis_history/seed_54/metrics.json,Existing scientific record; see category index
robustness/interaction,experiments/crta_v3_stage_ladder_v3_lesions_v1/source_feature_render/nh2kn/dose_1.00/arthritis_history/seed_55/metrics.json,Existing scientific record; see category index
robustness/interaction,experiments/crta_v3_stage_ladder_v3_lesions_v1/source_feature_render/nh2kn/dose_1.00/arthritis_history/seed_56/metrics.json,Existing scientific record; see category index
robustness/interaction,experiments/crta_v3_stage_ladder_v3_lesions_v1/source_feature_render/nh2kn/dose_1.00/arthritis_history/seed_57/metrics.json,Existing scientific record; see category index
robustness/interaction,experiments/crta_v3_stage_ladder_v3_lesions_v1/source_feature_render/nh2kn/dose_1.00/arthritis_history/seed_58/metrics.json,Existing scientific record; see category index
robustness/interaction,experiments/crta_v3_stage_ladder_v3_lesions_v1/source_feature_render/nh2kn/dose_1.00/arthritis_history/seed_59/metrics.json,Existing scientific record; see category index
robustness/interaction,experiments/crta_v3_stage_ladder_v3_lesions_v1/source_feature_render/nh2kn/dose_1.00/asthma_history/seed_50/metrics.json,Existing scientific record; see category index
robustness/interaction,experiments/crta_v3_stage_ladder_v3_lesions_v1/source_feature_render/nh2kn/dose_1.00/asthma_history/seed_51/metrics.json,Existing scientific record; see category index
robustness/interaction,experiments/crta_v3_stage_ladder_v3_lesions_v1/source_feature_render/nh2kn/dose_1.00/asthma_history/seed_52/metrics.json,Existing scientific record; see category index
robustness/interaction,experiments/crta_v3_stage_ladder_v3_lesions_v1/source_feature_render/nh2kn/dose_1.00/asthma_history/seed_53/metrics.json,Existing scientific record; see category index
robustness/interaction,experiments/crta_v3_stage_ladder_v3_lesions_v1/source_feature_render/nh2kn/dose_1.00/asthma_history/seed_54/metrics.json,Existing scientific record; see category index
robustness/interaction,experiments/crta_v3_stage_ladder_v3_lesions_v1/source_feature_render/nh2kn/dose_1.00/asthma_history/seed_55/metrics.json,Existing scientific record; see category index
robustness/interaction,experiments/crta_v3_stage_ladder_v3_lesions_v1/source_feature_render/nh2kn/dose_1.00/asthma_history/seed_56/metrics.json,Existing scientific record; see category index
robustness/interaction,experiments/crta_v3_stage_ladder_v3_lesions_v1/source_feature_render/nh2kn/dose_1.00/asthma_history/seed_57/metrics.json,Existing scientific record; see category index
robustness/interaction,experiments/crta_v3_stage_ladder_v3_lesions_v1/source_feature_render/nh2kn/dose_1.00/asthma_history/seed_58/metrics.json,Existing scientific record; see category index
robustness/interaction,experiments/crta_v3_stage_ladder_v3_lesions_v1/source_feature_render/nh2kn/dose_1.00/asthma_history/seed_59/metrics.json,Existing scientific record; see category index
robustness/interaction,experiments/crta_v3_stage_ladder_v3_lesions_v1/source_feature_render/nh2kn/dose_1.00/cancer_history/seed_50/metrics.json,Existing scientific record; see category index
robustness/interaction,experiments/crta_v3_stage_ladder_v3_lesions_v1/source_feature_render/nh2kn/dose_1.00/cancer_history/seed_51/metrics.json,Existing scientific record; see category index
robustness/interaction,experiments/crta_v3_stage_ladder_v3_lesions_v1/source_feature_render/nh2kn/dose_1.00/cancer_history/seed_52/metrics.json,Existing scientific record; see category index
robustness/interaction,experiments/crta_v3_stage_ladder_v3_lesions_v1/source_feature_render/nh2kn/dose_1.00/cancer_history/seed_53/metrics.json,Existing scientific record; see category index
robustness/interaction,experiments/crta_v3_stage_ladder_v3_lesions_v1/source_feature_render/nh2kn/dose_1.00/cancer_history/seed_54/metrics.json,Existing scientific record; see category index
robustness/interaction,experiments/crta_v3_stage_ladder_v3_lesions_v1/source_feature_render/nh2kn/dose_1.00/cancer_history/seed_55/metrics.json,Existing scientific record; see category index
robustness/interaction,experiments/crta_v3_stage_ladder_v3_lesions_v1/source_feature_render/nh2kn/dose_1.00/cancer_history/seed_56/metrics.json,Existing scientific record; see category index
robustness/interaction,experiments/crta_v3_stage_ladder_v3_lesions_v1/source_feature_render/nh2kn/dose_1.00/cancer_history/seed_57/metrics.json,Existing scientific record; see category index
robustness/interaction,experiments/crta_v3_stage_ladder_v3_lesions_v1/source_feature_render/nh2kn/dose_1.00/cancer_history/seed_58/metrics.json,Existing scientific record; see category index
robustness/interaction,experiments/crta_v3_stage_ladder_v3_lesions_v1/source_feature_render/nh2kn/dose_1.00/cancer_history/seed_59/metrics.json,Existing scientific record; see category index
robustness/interaction,experiments/crta_v3_stage_ladder_v3_lesions_v1/source_feature_render/nh2kn/dose_1.00/current_smoking_status/seed_50/metrics.json,Existing scientific record; see category index
robustness/interaction,experiments/crta_v3_stage_ladder_v3_lesions_v1/source_feature_render/nh2kn/dose_1.00/current_smoking_status/seed_51/metrics.json,Existing scientific record; see category index
robustness/interaction,experiments/crta_v3_stage_ladder_v3_lesions_v1/source_feature_render/nh2kn/dose_1.00/current_smoking_status/seed_52/metrics.json,Existing scientific record; see category index
robustness/interaction,experiments/crta_v3_stage_ladder_v3_lesions_v1/source_feature_render/nh2kn/dose_1.00/current_smoking_status/seed_53/metrics.json,Existing scientific record; see category index
robustness/interaction,experiments/crta_v3_stage_ladder_v3_lesions_v1/source_feature_render/nh2kn/dose_1.00/current_smoking_status/seed_54/metrics.json,Existing scientific record; see category index
robustness/interaction,experiments/crta_v3_stage_ladder_v3_lesions_v1/source_feature_render/nh2kn/dose_1.00/current_smoking_status/seed_55/metrics.json,Existing scientific record; see category index
robustness/interaction,experiments/crta_v3_stage_ladder_v3_lesions_v1/source_feature_render/nh2kn/dose_1.00/current_smoking_status/seed_56/metrics.json,Existing scientific record; see category index
robustness/interaction,experiments/crta_v3_stage_ladder_v3_lesions_v1/source_feature_render/nh2kn/dose_1.00/current_smoking_status/seed_57/metrics.json,Existing scientific record; see category index
robustness/interaction,experiments/crta_v3_stage_ladder_v3_lesions_v1/source_feature_render/nh2kn/dose_1.00/current_smoking_status/seed_58/metrics.json,Existing scientific record; see category index
robustness/interaction,experiments/crta_v3_stage_ladder_v3_lesions_v1/source_feature_render/nh2kn/dose_1.00/current_smoking_status/seed_59/metrics.json,Existing scientific record; see category index
robustness/interaction,experiments/crta_v3_stage_ladder_v3_lesions_v1/source_feature_render/nh2kn/dose_1.00/diabetes_history/seed_50/metrics.json,Existing scientific record; see category index
robustness/interaction,experiments/crta_v3_stage_ladder_v3_lesions_v1/source_feature_render/nh2kn/dose_1.00/diabetes_history/seed_51/metrics.json,Existing scientific record; see category index
robustness/interaction,experiments/crta_v3_stage_ladder_v3_lesions_v1/source_feature_render/nh2kn/dose_1.00/diabetes_history/seed_52/metrics.json,Existing scientific record; see category index
robustness/interaction,experiments/crta_v3_stage_ladder_v3_lesions_v1/source_feature_render/nh2kn/dose_1.00/diabetes_history/seed_53/metrics.json,Existing scientific record; see category index
robustness/interaction,experiments/crta_v3_stage_ladder_v3_lesions_v1/source_feature_render/nh2kn/dose_1.00/diabetes_history/seed_54/metrics.json,Existing scientific record; see category index
robustness/interaction,experiments/crta_v3_stage_ladder_v3_lesions_v1/source_feature_render/nh2kn/dose_1.00/diabetes_history/seed_55/metrics.json,Existing scientific record; see category index
robustness/interaction,experiments/crta_v3_stage_ladder_v3_lesions_v1/source_feature_render/nh2kn/dose_1.00/diabetes_history/seed_56/metrics.json,Existing scientific record; see category index
robustness/interaction,experiments/crta_v3_stage_ladder_v3_lesions_v1/source_feature_render/nh2kn/dose_1.00/diabetes_history/seed_57/metrics.json,Existing scientific record; see category index
robustness/interaction,experiments/crta_v3_stage_ladder_v3_lesions_v1/source_feature_render/nh2kn/dose_1.00/diabetes_history/seed_58/metrics.json,Existing scientific record; see category index
robustness/interaction,experiments/crta_v3_stage_ladder_v3_lesions_v1/source_feature_render/nh2kn/dose_1.00/diabetes_history/seed_59/metrics.json,Existing scientific record; see category index
robustness/interaction,experiments/crta_v3_stage_ladder_v3_lesions_v1/source_feature_render/nh2kn/dose_1.00/heart_attack_history/seed_50/metrics.json,Existing scientific record; see category index
robustness/interaction,experiments/crta_v3_stage_ladder_v3_lesions_v1/source_feature_render/nh2kn/dose_1.00/heart_attack_history/seed_51/metrics.json,Existing scientific record; see category index
robustness/interaction,experiments/crta_v3_stage_ladder_v3_lesions_v1/source_feature_render/nh2kn/dose_1.00/heart_attack_history/seed_52/metrics.json,Existing scientific record; see category index
robustness/interaction,experiments/crta_v3_stage_ladder_v3_lesions_v1/source_feature_render/nh2kn/dose_1.00/heart_attack_history/seed_53/metrics.json,Existing scientific record; see category index
robustness/interaction,experiments/crta_v3_stage_ladder_v3_lesions_v1/source_feature_render/nh2kn/dose_1.00/heart_attack_history/seed_54/metrics.json,Existing scientific record; see category index
robustness/interaction,experiments/crta_v3_stage_ladder_v3_lesions_v1/source_feature_render/nh2kn/dose_1.00/heart_attack_history/seed_55/metrics.json,Existing scientific record; see category index
robustness/interaction,experiments/crta_v3_stage_ladder_v3_lesions_v1/source_feature_render/nh2kn/dose_1.00/heart_attack_history/seed_56/metrics.json,Existing scientific record; see category index
robustness/interaction,experiments/crta_v3_stage_ladder_v3_lesions_v1/source_feature_render/nh2kn/dose_1.00/heart_attack_history/seed_57/metrics.json,Existing scientific record; see category index
robustness/interaction,experiments/crta_v3_stage_ladder_v3_lesions_v1/source_feature_render/nh2kn/dose_1.00/heart_attack_history/seed_58/metrics.json,Existing scientific record; see category index
robustness/interaction,experiments/crta_v3_stage_ladder_v3_lesions_v1/source_feature_render/nh2kn/dose_1.00/heart_attack_history/seed_59/metrics.json,Existing scientific record; see category index
robustness/interaction,experiments/crta_v3_stage_ladder_v3_lesions_v1/source_feature_render/nh2kn/dose_1.00/hypertension_history/seed_50/metrics.json,Existing scientific record; see category index
robustness/interaction,experiments/crta_v3_stage_ladder_v3_lesions_v1/source_feature_render/nh2kn/dose_1.00/hypertension_history/seed_51/metrics.json,Existing scientific record; see category index
robustness/interaction,experiments/crta_v3_stage_ladder_v3_lesions_v1/source_feature_render/nh2kn/dose_1.00/hypertension_history/seed_52/metrics.json,Existing scientific record; see category index
robustness/interaction,experiments/crta_v3_stage_ladder_v3_lesions_v1/source_feature_render/nh2kn/dose_1.00/hypertension_history/seed_53/metrics.json,Existing scientific record; see category index
robustness/interaction,experiments/crta_v3_stage_ladder_v3_lesions_v1/source_feature_render/nh2kn/dose_1.00/hypertension_history/seed_54/metrics.json,Existing scientific record; see category index
robustness/interaction,experiments/crta_v3_stage_ladder_v3_lesions_v1/source_feature_render/nh2kn/dose_1.00/hypertension_history/seed_55/metrics.json,Existing scientific record; see category index
robustness/interaction,experiments/crta_v3_stage_ladder_v3_lesions_v1/source_feature_render/nh2kn/dose_1.00/hypertension_history/seed_56/metrics.json,Existing scientific record; see category index
robustness/interaction,experiments/crta_v3_stage_ladder_v3_lesions_v1/source_feature_render/nh2kn/dose_1.00/hypertension_history/seed_57/metrics.json,Existing scientific record; see category index
robustness/interaction,experiments/crta_v3_stage_ladder_v3_lesions_v1/source_feature_render/nh2kn/dose_1.00/hypertension_history/seed_58/metrics.json,Existing scientific record; see category index
robustness/interaction,experiments/crta_v3_stage_ladder_v3_lesions_v1/source_feature_render/nh2kn/dose_1.00/hypertension_history/seed_59/metrics.json,Existing scientific record; see category index
robustness/interaction,experiments/crta_v3_stage_ladder_v3_lesions_v1/source_feature_render/nh2kn/dose_1.00/kidney_disease_history/seed_50/metrics.json,Existing scientific record; see category index
robustness/interaction,experiments/crta_v3_stage_ladder_v3_lesions_v1/source_feature_render/nh2kn/dose_1.00/kidney_disease_history/seed_51/metrics.json,Existing scientific record; see category index
robustness/interaction,experiments/crta_v3_stage_ladder_v3_lesions_v1/source_feature_render/nh2kn/dose_1.00/kidney_disease_history/seed_52/metrics.json,Existing scientific record; see category index
robustness/interaction,experiments/crta_v3_stage_ladder_v3_lesions_v1/source_feature_render/nh2kn/dose_1.00/kidney_disease_history/seed_53/metrics.json,Existing scientific record; see category index
robustness/interaction,experiments/crta_v3_stage_ladder_v3_lesions_v1/source_feature_render/nh2kn/dose_1.00/kidney_disease_history/seed_54/metrics.json,Existing scientific record; see category index
robustness/interaction,experiments/crta_v3_stage_ladder_v3_lesions_v1/source_feature_render/nh2kn/dose_1.00/kidney_disease_history/seed_55/metrics.json,Existing scientific record; see category index
robustness/interaction,experiments/crta_v3_stage_ladder_v3_lesions_v1/source_feature_render/nh2kn/dose_1.00/kidney_disease_history/seed_56/metrics.json,Existing scientific record; see category index
robustness/interaction,experiments/crta_v3_stage_ladder_v3_lesions_v1/source_feature_render/nh2kn/dose_1.00/kidney_disease_history/seed_57/metrics.json,Existing scientific record; see category index
robustness/interaction,experiments/crta_v3_stage_ladder_v3_lesions_v1/source_feature_render/nh2kn/dose_1.00/kidney_disease_history/seed_58/metrics.json,Existing scientific record; see category index
robustness/interaction,experiments/crta_v3_stage_ladder_v3_lesions_v1/source_feature_render/nh2kn/dose_1.00/kidney_disease_history/seed_59/metrics.json,Existing scientific record; see category index
robustness/interaction,experiments/crta_v3_stage_ladder_v3_lesions_v1/source_feature_render/nh2kn/dose_1.00/stroke_history/seed_50/metrics.json,Existing scientific record; see category index
robustness/interaction,experiments/crta_v3_stage_ladder_v3_lesions_v1/source_feature_render/nh2kn/dose_1.00/stroke_history/seed_51/metrics.json,Existing scientific record; see category index
robustness/interaction,experiments/crta_v3_stage_ladder_v3_lesions_v1/source_feature_render/nh2kn/dose_1.00/stroke_history/seed_52/metrics.json,Existing scientific record; see category index
robustness/interaction,experiments/crta_v3_stage_ladder_v3_lesions_v1/source_feature_render/nh2kn/dose_1.00/stroke_history/seed_53/metrics.json,Existing scientific record; see category index
robustness/interaction,experiments/crta_v3_stage_ladder_v3_lesions_v1/source_feature_render/nh2kn/dose_1.00/stroke_history/seed_54/metrics.json,Existing scientific record; see category index
robustness/interaction,experiments/crta_v3_stage_ladder_v3_lesions_v1/source_feature_render/nh2kn/dose_1.00/stroke_history/seed_55/metrics.json,Existing scientific record; see category index
robustness/interaction,experiments/crta_v3_stage_ladder_v3_lesions_v1/source_feature_render/nh2kn/dose_1.00/stroke_history/seed_56/metrics.json,Existing scientific record; see category index
robustness/interaction,experiments/crta_v3_stage_ladder_v3_lesions_v1/source_feature_render/nh2kn/dose_1.00/stroke_history/seed_57/metrics.json,Existing scientific record; see category index
robustness/interaction,experiments/crta_v3_stage_ladder_v3_lesions_v1/source_feature_render/nh2kn/dose_1.00/stroke_history/seed_58/metrics.json,Existing scientific record; see category index
robustness/interaction,experiments/crta_v3_stage_ladder_v3_lesions_v1/source_feature_render/nh2kn/dose_1.00/stroke_history/seed_59/metrics.json,Existing scientific record; see category index
robustness/interaction,experiments/crta_v3_stage_ladder_v3_lesions_v1/support_label/SUMMARY_V1.json,Existing scientific record; see category index
robustness/interaction,experiments/crta_v3_stage_ladder_v3_lesions_v1/support_label/kn2nh/dose_0.25/LESION_AUDIT_V1.json,Existing scientific record; see category index
robustness/interaction,experiments/crta_v3_stage_ladder_v3_lesions_v1/support_label/kn2nh/dose_0.25/angina_history/seed_50/metrics.json,Existing scientific record; see category index
robustness/interaction,experiments/crta_v3_stage_ladder_v3_lesions_v1/support_label/kn2nh/dose_0.25/angina_history/seed_51/metrics.json,Existing scientific record; see category index
robustness/interaction,experiments/crta_v3_stage_ladder_v3_lesions_v1/support_label/kn2nh/dose_0.25/angina_history/seed_52/metrics.json,Existing scientific record; see category index
robustness/interaction,experiments/crta_v3_stage_ladder_v3_lesions_v1/support_label/kn2nh/dose_0.25/angina_history/seed_53/metrics.json,Existing scientific record; see category index
robustness/interaction,experiments/crta_v3_stage_ladder_v3_lesions_v1/support_label/kn2nh/dose_0.25/angina_history/seed_54/metrics.json,Existing scientific record; see category index
robustness/interaction,experiments/crta_v3_stage_ladder_v3_lesions_v1/support_label/kn2nh/dose_0.25/angina_history/seed_55/metrics.json,Existing scientific record; see category index
robustness/interaction,experiments/crta_v3_stage_ladder_v3_lesions_v1/support_label/kn2nh/dose_0.25/angina_history/seed_56/metrics.json,Existing scientific record; see category index
robustness/interaction,experiments/crta_v3_stage_ladder_v3_lesions_v1/support_label/kn2nh/dose_0.25/angina_history/seed_57/metrics.json,Existing scientific record; see category index
robustness/interaction,experiments/crta_v3_stage_ladder_v3_lesions_v1/support_label/kn2nh/dose_0.25/angina_history/seed_58/metrics.json,Existing scientific record; see category index
robustness/interaction,experiments/crta_v3_stage_ladder_v3_lesions_v1/support_label/kn2nh/dose_0.25/angina_history/seed_59/metrics.json,Existing scientific record; see category index
robustness/interaction,experiments/crta_v3_stage_ladder_v3_lesions_v1/support_label/kn2nh/dose_0.25/arthritis_history/seed_50/metrics.json,Existing scientific record; see category index
robustness/interaction,experiments/crta_v3_stage_ladder_v3_lesions_v1/support_label/kn2nh/dose_0.25/arthritis_history/seed_51/metrics.json,Existing scientific record; see category index
robustness/interaction,experiments/crta_v3_stage_ladder_v3_lesions_v1/support_label/kn2nh/dose_0.25/arthritis_history/seed_52/metrics.json,Existing scientific record; see category index
robustness/interaction,experiments/crta_v3_stage_ladder_v3_lesions_v1/support_label/kn2nh/dose_0.25/arthritis_history/seed_53/metrics.json,Existing scientific record; see category index
robustness/interaction,experiments/crta_v3_stage_ladder_v3_lesions_v1/support_label/kn2nh/dose_0.25/arthritis_history/seed_54/metrics.json,Existing scientific record; see category index
robustness/interaction,experiments/crta_v3_stage_ladder_v3_lesions_v1/support_label/kn2nh/dose_0.25/arthritis_history/seed_55/metrics.json,Existing scientific record; see category index
robustness/interaction,experiments/crta_v3_stage_ladder_v3_lesions_v1/support_label/kn2nh/dose_0.25/arthritis_history/seed_56/metrics.json,Existing scientific record; see category index
robustness/interaction,experiments/crta_v3_stage_ladder_v3_lesions_v1/support_label/kn2nh/dose_0.25/arthritis_history/seed_57/metrics.json,Existing scientific record; see category index
robustness/interaction,experiments/crta_v3_stage_ladder_v3_lesions_v1/support_label/kn2nh/dose_0.25/arthritis_history/seed_58/metrics.json,Existing scientific record; see category index
robustness/interaction,experiments/crta_v3_stage_ladder_v3_lesions_v1/support_label/kn2nh/dose_0.25/arthritis_history/seed_59/metrics.json,Existing scientific record; see category index
robustness/interaction,experiments/crta_v3_stage_ladder_v3_lesions_v1/support_label/kn2nh/dose_0.25/asthma_history/seed_50/metrics.json,Existing scientific record; see category index
robustness/interaction,experiments/crta_v3_stage_ladder_v3_lesions_v1/support_label/kn2nh/dose_0.25/asthma_history/seed_51/metrics.json,Existing scientific record; see category index
robustness/interaction,experiments/crta_v3_stage_ladder_v3_lesions_v1/support_label/kn2nh/dose_0.25/asthma_history/seed_52/metrics.json,Existing scientific record; see category index
robustness/interaction,experiments/crta_v3_stage_ladder_v3_lesions_v1/support_label/kn2nh/dose_0.25/asthma_history/seed_53/metrics.json,Existing scientific record; see category index
robustness/interaction,experiments/crta_v3_stage_ladder_v3_lesions_v1/support_label/kn2nh/dose_0.25/asthma_history/seed_54/metrics.json,Existing scientific record; see category index
robustness/interaction,experiments/crta_v3_stage_ladder_v3_lesions_v1/support_label/kn2nh/dose_0.25/asthma_history/seed_55/metrics.json,Existing scientific record; see category index
robustness/interaction,experiments/crta_v3_stage_ladder_v3_lesions_v1/support_label/kn2nh/dose_0.25/asthma_history/seed_56/metrics.json,Existing scientific record; see category index
robustness/interaction,experiments/crta_v3_stage_ladder_v3_lesions_v1/support_label/kn2nh/dose_0.25/asthma_history/seed_57/metrics.json,Existing scientific record; see category index
robustness/interaction,experiments/crta_v3_stage_ladder_v3_lesions_v1/support_label/kn2nh/dose_0.25/asthma_history/seed_58/metrics.json,Existing scientific record; see category index
robustness/interaction,experiments/crta_v3_stage_ladder_v3_lesions_v1/support_label/kn2nh/dose_0.25/asthma_history/seed_59/metrics.json,Existing scientific record; see category index
robustness/interaction,experiments/crta_v3_stage_ladder_v3_lesions_v1/support_label/kn2nh/dose_0.25/cancer_history/seed_50/metrics.json,Existing scientific record; see category index
robustness/interaction,experiments/crta_v3_stage_ladder_v3_lesions_v1/support_label/kn2nh/dose_0.25/cancer_history/seed_51/metrics.json,Existing scientific record; see category index
robustness/interaction,experiments/crta_v3_stage_ladder_v3_lesions_v1/support_label/kn2nh/dose_0.25/cancer_history/seed_52/metrics.json,Existing scientific record; see category index
robustness/interaction,experiments/crta_v3_stage_ladder_v3_lesions_v1/support_label/kn2nh/dose_0.25/cancer_history/seed_53/metrics.json,Existing scientific record; see category index
robustness/interaction,experiments/crta_v3_stage_ladder_v3_lesions_v1/support_label/kn2nh/dose_0.25/cancer_history/seed_54/metrics.json,Existing scientific record; see category index
robustness/interaction,experiments/crta_v3_stage_ladder_v3_lesions_v1/support_label/kn2nh/dose_0.25/cancer_history/seed_55/metrics.json,Existing scientific record; see category index
robustness/interaction,experiments/crta_v3_stage_ladder_v3_lesions_v1/support_label/kn2nh/dose_0.25/cancer_history/seed_56/metrics.json,Existing scientific record; see category index
robustness/interaction,experiments/crta_v3_stage_ladder_v3_lesions_v1/support_label/kn2nh/dose_0.25/cancer_history/seed_57/metrics.json,Existing scientific record; see category index
robustness/interaction,experiments/crta_v3_stage_ladder_v3_lesions_v1/support_label/kn2nh/dose_0.25/cancer_history/seed_58/metrics.json,Existing scientific record; see category index
robustness/interaction,experiments/crta_v3_stage_ladder_v3_lesions_v1/support_label/kn2nh/dose_0.25/cancer_history/seed_59/metrics.json,Existing scientific record; see category index
robustness/interaction,experiments/crta_v3_stage_ladder_v3_lesions_v1/support_label/kn2nh/dose_0.25/current_smoking_status/seed_50/metrics.json,Existing scientific record; see category index
robustness/interaction,experiments/crta_v3_stage_ladder_v3_lesions_v1/support_label/kn2nh/dose_0.25/current_smoking_status/seed_51/metrics.json,Existing scientific record; see category index
robustness/interaction,experiments/crta_v3_stage_ladder_v3_lesions_v1/support_label/kn2nh/dose_0.25/current_smoking_status/seed_52/metrics.json,Existing scientific record; see category index
robustness/interaction,experiments/crta_v3_stage_ladder_v3_lesions_v1/support_label/kn2nh/dose_0.25/current_smoking_status/seed_53/metrics.json,Existing scientific record; see category index
robustness/interaction,experiments/crta_v3_stage_ladder_v3_lesions_v1/support_label/kn2nh/dose_0.25/current_smoking_status/seed_54/metrics.json,Existing scientific record; see category index
robustness/interaction,experiments/crta_v3_stage_ladder_v3_lesions_v1/support_label/kn2nh/dose_0.25/current_smoking_status/seed_55/metrics.json,Existing scientific record; see category index
robustness/interaction,experiments/crta_v3_stage_ladder_v3_lesions_v1/support_label/kn2nh/dose_0.25/current_smoking_status/seed_56/metrics.json,Existing scientific record; see category index
robustness/interaction,experiments/crta_v3_stage_ladder_v3_lesions_v1/support_label/kn2nh/dose_0.25/current_smoking_status/seed_57/metrics.json,Existing scientific record; see category index
robustness/interaction,experiments/crta_v3_stage_ladder_v3_lesions_v1/support_label/kn2nh/dose_0.25/current_smoking_status/seed_58/metrics.json,Existing scientific record; see category index
robustness/interaction,experiments/crta_v3_stage_ladder_v3_lesions_v1/support_label/kn2nh/dose_0.25/current_smoking_status/seed_59/metrics.json,Existing scientific record; see category index
robustness/interaction,experiments/crta_v3_stage_ladder_v3_lesions_v1/support_label/kn2nh/dose_0.25/diabetes_history/seed_50/metrics.json,Existing scientific record; see category index
robustness/interaction,experiments/crta_v3_stage_ladder_v3_lesions_v1/support_label/kn2nh/dose_0.25/diabetes_history/seed_51/metrics.json,Existing scientific record; see category index
robustness/interaction,experiments/crta_v3_stage_ladder_v3_lesions_v1/support_label/kn2nh/dose_0.25/diabetes_history/seed_52/metrics.json,Existing scientific record; see category index
robustness/interaction,experiments/crta_v3_stage_ladder_v3_lesions_v1/support_label/kn2nh/dose_0.25/diabetes_history/seed_53/metrics.json,Existing scientific record; see category index
robustness/interaction,experiments/crta_v3_stage_ladder_v3_lesions_v1/support_label/kn2nh/dose_0.25/diabetes_history/seed_54/metrics.json,Existing scientific record; see category index
robustness/interaction,experiments/crta_v3_stage_ladder_v3_lesions_v1/support_label/kn2nh/dose_0.25/diabetes_history/seed_55/metrics.json,Existing scientific record; see category index
robustness/interaction,experiments/crta_v3_stage_ladder_v3_lesions_v1/support_label/kn2nh/dose_0.25/diabetes_history/seed_56/metrics.json,Existing scientific record; see category index
robustness/interaction,experiments/crta_v3_stage_ladder_v3_lesions_v1/support_label/kn2nh/dose_0.25/diabetes_history/seed_57/metrics.json,Existing scientific record; see category index
robustness/interaction,experiments/crta_v3_stage_ladder_v3_lesions_v1/support_label/kn2nh/dose_0.25/diabetes_history/seed_58/metrics.json,Existing scientific record; see category index
robustness/interaction,experiments/crta_v3_stage_ladder_v3_lesions_v1/support_label/kn2nh/dose_0.25/diabetes_history/seed_59/metrics.json,Existing scientific record; see category index
robustness/interaction,experiments/crta_v3_stage_ladder_v3_lesions_v1/support_label/kn2nh/dose_0.25/heart_attack_history/seed_50/metrics.json,Existing scientific record; see category index
robustness/interaction,experiments/crta_v3_stage_ladder_v3_lesions_v1/support_label/kn2nh/dose_0.25/heart_attack_history/seed_51/metrics.json,Existing scientific record; see category index
robustness/interaction,experiments/crta_v3_stage_ladder_v3_lesions_v1/support_label/kn2nh/dose_0.25/heart_attack_history/seed_52/metrics.json,Existing scientific record; see category index
robustness/interaction,experiments/crta_v3_stage_ladder_v3_lesions_v1/support_label/kn2nh/dose_0.25/heart_attack_history/seed_53/metrics.json,Existing scientific record; see category index
robustness/interaction,experiments/crta_v3_stage_ladder_v3_lesions_v1/support_label/kn2nh/dose_0.25/heart_attack_history/seed_54/metrics.json,Existing scientific record; see category index
robustness/interaction,experiments/crta_v3_stage_ladder_v3_lesions_v1/support_label/kn2nh/dose_0.25/heart_attack_history/seed_55/metrics.json,Existing scientific record; see category index
robustness/interaction,experiments/crta_v3_stage_ladder_v3_lesions_v1/support_label/kn2nh/dose_0.25/heart_attack_history/seed_56/metrics.json,Existing scientific record; see category index
robustness/interaction,experiments/crta_v3_stage_ladder_v3_lesions_v1/support_label/kn2nh/dose_0.25/heart_attack_history/seed_57/metrics.json,Existing scientific record; see category index
robustness/interaction,experiments/crta_v3_stage_ladder_v3_lesions_v1/support_label/kn2nh/dose_0.25/heart_attack_history/seed_58/metrics.json,Existing scientific record; see category index
robustness/interaction,experiments/crta_v3_stage_ladder_v3_lesions_v1/support_label/kn2nh/dose_0.25/heart_attack_history/seed_59/metrics.json,Existing scientific record; see category index
robustness/interaction,experiments/crta_v3_stage_ladder_v3_lesions_v1/support_label/kn2nh/dose_0.25/hypertension_history/seed_50/metrics.json,Existing scientific record; see category index
robustness/interaction,experiments/crta_v3_stage_ladder_v3_lesions_v1/support_label/kn2nh/dose_0.25/hypertension_history/seed_51/metrics.json,Existing scientific record; see category index
robustness/interaction,experiments/crta_v3_stage_ladder_v3_lesions_v1/support_label/kn2nh/dose_0.25/hypertension_history/seed_52/metrics.json,Existing scientific record; see category index
robustness/interaction,experiments/crta_v3_stage_ladder_v3_lesions_v1/support_label/kn2nh/dose_0.25/hypertension_history/seed_53/metrics.json,Existing scientific record; see category index
robustness/interaction,experiments/crta_v3_stage_ladder_v3_lesions_v1/support_label/kn2nh/dose_0.25/hypertension_history/seed_54/metrics.json,Existing scientific record; see category index
robustness/interaction,experiments/crta_v3_stage_ladder_v3_lesions_v1/support_label/kn2nh/dose_0.25/hypertension_history/seed_55/metrics.json,Existing scientific record; see category index
robustness/interaction,experiments/crta_v3_stage_ladder_v3_lesions_v1/support_label/kn2nh/dose_0.25/hypertension_history/seed_56/metrics.json,Existing scientific record; see category index
robustness/interaction,experiments/crta_v3_stage_ladder_v3_lesions_v1/support_label/kn2nh/dose_0.25/hypertension_history/seed_57/metrics.json,Existing scientific record; see category index
robustness/interaction,experiments/crta_v3_stage_ladder_v3_lesions_v1/support_label/kn2nh/dose_0.25/hypertension_history/seed_58/metrics.json,Existing scientific record; see category index
robustness/interaction,experiments/crta_v3_stage_ladder_v3_lesions_v1/support_label/kn2nh/dose_0.25/hypertension_history/seed_59/metrics.json,Existing scientific record; see category index
robustness/interaction,experiments/crta_v3_stage_ladder_v3_lesions_v1/support_label/kn2nh/dose_0.25/kidney_disease_history/seed_50/metrics.json,Existing scientific record; see category index
robustness/interaction,experiments/crta_v3_stage_ladder_v3_lesions_v1/support_label/kn2nh/dose_0.25/kidney_disease_history/seed_51/metrics.json,Existing scientific record; see category index
robustness/interaction,experiments/crta_v3_stage_ladder_v3_lesions_v1/support_label/kn2nh/dose_0.25/kidney_disease_history/seed_52/metrics.json,Existing scientific record; see category index
robustness/interaction,experiments/crta_v3_stage_ladder_v3_lesions_v1/support_label/kn2nh/dose_0.25/kidney_disease_history/seed_53/metrics.json,Existing scientific record; see category index
robustness/interaction,experiments/crta_v3_stage_ladder_v3_lesions_v1/support_label/kn2nh/dose_0.25/kidney_disease_history/seed_54/metrics.json,Existing scientific record; see category index
robustness/interaction,experiments/crta_v3_stage_ladder_v3_lesions_v1/support_label/kn2nh/dose_0.25/kidney_disease_history/seed_55/metrics.json,Existing scientific record; see category index
robustness/interaction,experiments/crta_v3_stage_ladder_v3_lesions_v1/support_label/kn2nh/dose_0.25/kidney_disease_history/seed_56/metrics.json,Existing scientific record; see category index
robustness/interaction,experiments/crta_v3_stage_ladder_v3_lesions_v1/support_label/kn2nh/dose_0.25/kidney_disease_history/seed_57/metrics.json,Existing scientific record; see category index
robustness/interaction,experiments/crta_v3_stage_ladder_v3_lesions_v1/support_label/kn2nh/dose_0.25/kidney_disease_history/seed_58/metrics.json,Existing scientific record; see category index
robustness/interaction,experiments/crta_v3_stage_ladder_v3_lesions_v1/support_label/kn2nh/dose_0.25/kidney_disease_history/seed_59/metrics.json,Existing scientific record; see category index
robustness/interaction,experiments/crta_v3_stage_ladder_v3_lesions_v1/support_label/kn2nh/dose_0.25/stroke_history/seed_50/metrics.json,Existing scientific record; see category index
robustness/interaction,experiments/crta_v3_stage_ladder_v3_lesions_v1/support_label/kn2nh/dose_0.25/stroke_history/seed_51/metrics.json,Existing scientific record; see category index
robustness/interaction,experiments/crta_v3_stage_ladder_v3_lesions_v1/support_label/kn2nh/dose_0.25/stroke_history/seed_52/metrics.json,Existing scientific record; see category index
robustness/interaction,experiments/crta_v3_stage_ladder_v3_lesions_v1/support_label/kn2nh/dose_0.25/stroke_history/seed_53/metrics.json,Existing scientific record; see category index
robustness/interaction,experiments/crta_v3_stage_ladder_v3_lesions_v1/support_label/kn2nh/dose_0.25/stroke_history/seed_54/metrics.json,Existing scientific record; see category index
robustness/interaction,experiments/crta_v3_stage_ladder_v3_lesions_v1/support_label/kn2nh/dose_0.25/stroke_history/seed_55/metrics.json,Existing scientific record; see category index
robustness/interaction,experiments/crta_v3_stage_ladder_v3_lesions_v1/support_label/kn2nh/dose_0.25/stroke_history/seed_56/metrics.json,Existing scientific record; see category index
robustness/interaction,experiments/crta_v3_stage_ladder_v3_lesions_v1/support_label/kn2nh/dose_0.25/stroke_history/seed_57/metrics.json,Existing scientific record; see category index
robustness/interaction,experiments/crta_v3_stage_ladder_v3_lesions_v1/support_label/kn2nh/dose_0.25/stroke_history/seed_58/metrics.json,Existing scientific record; see category index
robustness/interaction,experiments/crta_v3_stage_ladder_v3_lesions_v1/support_label/kn2nh/dose_0.25/stroke_history/seed_59/metrics.json,Existing scientific record; see category index
robustness/interaction,experiments/crta_v3_stage_ladder_v3_lesions_v1/support_label/kn2nh/dose_0.50/LESION_AUDIT_V1.json,Existing scientific record; see category index
robustness/interaction,experiments/crta_v3_stage_ladder_v3_lesions_v1/support_label/kn2nh/dose_0.50/angina_history/seed_50/metrics.json,Existing scientific record; see category index
robustness/interaction,experiments/crta_v3_stage_ladder_v3_lesions_v1/support_label/kn2nh/dose_0.50/angina_history/seed_51/metrics.json,Existing scientific record; see category index
robustness/interaction,experiments/crta_v3_stage_ladder_v3_lesions_v1/support_label/kn2nh/dose_0.50/angina_history/seed_52/metrics.json,Existing scientific record; see category index
robustness/interaction,experiments/crta_v3_stage_ladder_v3_lesions_v1/support_label/kn2nh/dose_0.50/angina_history/seed_53/metrics.json,Existing scientific record; see category index
robustness/interaction,experiments/crta_v3_stage_ladder_v3_lesions_v1/support_label/kn2nh/dose_0.50/angina_history/seed_54/metrics.json,Existing scientific record; see category index
robustness/interaction,experiments/crta_v3_stage_ladder_v3_lesions_v1/support_label/kn2nh/dose_0.50/angina_history/seed_55/metrics.json,Existing scientific record; see category index
robustness/interaction,experiments/crta_v3_stage_ladder_v3_lesions_v1/support_label/kn2nh/dose_0.50/angina_history/seed_56/metrics.json,Existing scientific record; see category index
robustness/interaction,experiments/crta_v3_stage_ladder_v3_lesions_v1/support_label/kn2nh/dose_0.50/angina_history/seed_57/metrics.json,Existing scientific record; see category index
robustness/interaction,experiments/crta_v3_stage_ladder_v3_lesions_v1/support_label/kn2nh/dose_0.50/angina_history/seed_58/metrics.json,Existing scientific record; see category index
robustness/interaction,experiments/crta_v3_stage_ladder_v3_lesions_v1/support_label/kn2nh/dose_0.50/angina_history/seed_59/metrics.json,Existing scientific record; see category index
robustness/interaction,experiments/crta_v3_stage_ladder_v3_lesions_v1/support_label/kn2nh/dose_0.50/arthritis_history/seed_50/metrics.json,Existing scientific record; see category index
robustness/interaction,experiments/crta_v3_stage_ladder_v3_lesions_v1/support_label/kn2nh/dose_0.50/arthritis_history/seed_51/metrics.json,Existing scientific record; see category index
robustness/interaction,experiments/crta_v3_stage_ladder_v3_lesions_v1/support_label/kn2nh/dose_0.50/arthritis_history/seed_52/metrics.json,Existing scientific record; see category index
robustness/interaction,experiments/crta_v3_stage_ladder_v3_lesions_v1/support_label/kn2nh/dose_0.50/arthritis_history/seed_53/metrics.json,Existing scientific record; see category index
robustness/interaction,experiments/crta_v3_stage_ladder_v3_lesions_v1/support_label/kn2nh/dose_0.50/arthritis_history/seed_54/metrics.json,Existing scientific record; see category index
robustness/interaction,experiments/crta_v3_stage_ladder_v3_lesions_v1/support_label/kn2nh/dose_0.50/arthritis_history/seed_55/metrics.json,Existing scientific record; see category index
robustness/interaction,experiments/crta_v3_stage_ladder_v3_lesions_v1/support_label/kn2nh/dose_0.50/arthritis_history/seed_56/metrics.json,Existing scientific record; see category index
robustness/interaction,experiments/crta_v3_stage_ladder_v3_lesions_v1/support_label/kn2nh/dose_0.50/arthritis_history/seed_57/metrics.json,Existing scientific record; see category index
robustness/interaction,experiments/crta_v3_stage_ladder_v3_lesions_v1/support_label/kn2nh/dose_0.50/arthritis_history/seed_58/metrics.json,Existing scientific record; see category index
robustness/interaction,experiments/crta_v3_stage_ladder_v3_lesions_v1/support_label/kn2nh/dose_0.50/arthritis_history/seed_59/metrics.json,Existing scientific record; see category index
robustness/interaction,experiments/crta_v3_stage_ladder_v3_lesions_v1/support_label/kn2nh/dose_0.50/asthma_history/seed_50/metrics.json,Existing scientific record; see category index
robustness/interaction,experiments/crta_v3_stage_ladder_v3_lesions_v1/support_label/kn2nh/dose_0.50/asthma_history/seed_51/metrics.json,Existing scientific record; see category index
robustness/interaction,experiments/crta_v3_stage_ladder_v3_lesions_v1/support_label/kn2nh/dose_0.50/asthma_history/seed_52/metrics.json,Existing scientific record; see category index
robustness/interaction,experiments/crta_v3_stage_ladder_v3_lesions_v1/support_label/kn2nh/dose_0.50/asthma_history/seed_53/metrics.json,Existing scientific record; see category index
robustness/interaction,experiments/crta_v3_stage_ladder_v3_lesions_v1/support_label/kn2nh/dose_0.50/asthma_history/seed_54/metrics.json,Existing scientific record; see category index
robustness/interaction,experiments/crta_v3_stage_ladder_v3_lesions_v1/support_label/kn2nh/dose_0.50/asthma_history/seed_55/metrics.json,Existing scientific record; see category index
robustness/interaction,experiments/crta_v3_stage_ladder_v3_lesions_v1/support_label/kn2nh/dose_0.50/asthma_history/seed_56/metrics.json,Existing scientific record; see category index
robustness/interaction,experiments/crta_v3_stage_ladder_v3_lesions_v1/support_label/kn2nh/dose_0.50/asthma_history/seed_57/metrics.json,Existing scientific record; see category index
robustness/interaction,experiments/crta_v3_stage_ladder_v3_lesions_v1/support_label/kn2nh/dose_0.50/asthma_history/seed_58/metrics.json,Existing scientific record; see category index
robustness/interaction,experiments/crta_v3_stage_ladder_v3_lesions_v1/support_label/kn2nh/dose_0.50/asthma_history/seed_59/metrics.json,Existing scientific record; see category index
robustness/interaction,experiments/crta_v3_stage_ladder_v3_lesions_v1/support_label/kn2nh/dose_0.50/cancer_history/seed_50/metrics.json,Existing scientific record; see category index
robustness/interaction,experiments/crta_v3_stage_ladder_v3_lesions_v1/support_label/kn2nh/dose_0.50/cancer_history/seed_51/metrics.json,Existing scientific record; see category index
robustness/interaction,experiments/crta_v3_stage_ladder_v3_lesions_v1/support_label/kn2nh/dose_0.50/cancer_history/seed_52/metrics.json,Existing scientific record; see category index
robustness/interaction,experiments/crta_v3_stage_ladder_v3_lesions_v1/support_label/kn2nh/dose_0.50/cancer_history/seed_53/metrics.json,Existing scientific record; see category index
robustness/interaction,experiments/crta_v3_stage_ladder_v3_lesions_v1/support_label/kn2nh/dose_0.50/cancer_history/seed_54/metrics.json,Existing scientific record; see category index
robustness/interaction,experiments/crta_v3_stage_ladder_v3_lesions_v1/support_label/kn2nh/dose_0.50/cancer_history/seed_55/metrics.json,Existing scientific record; see category index
robustness/interaction,experiments/crta_v3_stage_ladder_v3_lesions_v1/support_label/kn2nh/dose_0.50/cancer_history/seed_56/metrics.json,Existing scientific record; see category index
robustness/interaction,experiments/crta_v3_stage_ladder_v3_lesions_v1/support_label/kn2nh/dose_0.50/cancer_history/seed_57/metrics.json,Existing scientific record; see category index
robustness/interaction,experiments/crta_v3_stage_ladder_v3_lesions_v1/support_label/kn2nh/dose_0.50/cancer_history/seed_58/metrics.json,Existing scientific record; see category index
robustness/interaction,experiments/crta_v3_stage_ladder_v3_lesions_v1/support_label/kn2nh/dose_0.50/cancer_history/seed_59/metrics.json,Existing scientific record; see category index
robustness/interaction,experiments/crta_v3_stage_ladder_v3_lesions_v1/support_label/kn2nh/dose_0.50/current_smoking_status/seed_50/metrics.json,Existing scientific record; see category index
robustness/interaction,experiments/crta_v3_stage_ladder_v3_lesions_v1/support_label/kn2nh/dose_0.50/current_smoking_status/seed_51/metrics.json,Existing scientific record; see category index
robustness/interaction,experiments/crta_v3_stage_ladder_v3_lesions_v1/support_label/kn2nh/dose_0.50/current_smoking_status/seed_52/metrics.json,Existing scientific record; see category index
robustness/interaction,experiments/crta_v3_stage_ladder_v3_lesions_v1/support_label/kn2nh/dose_0.50/current_smoking_status/seed_53/metrics.json,Existing scientific record; see category index
robustness/interaction,experiments/crta_v3_stage_ladder_v3_lesions_v1/support_label/kn2nh/dose_0.50/current_smoking_status/seed_54/metrics.json,Existing scientific record; see category index
robustness/interaction,experiments/crta_v3_stage_ladder_v3_lesions_v1/support_label/kn2nh/dose_0.50/current_smoking_status/seed_55/metrics.json,Existing scientific record; see category index
robustness/interaction,experiments/crta_v3_stage_ladder_v3_lesions_v1/support_label/kn2nh/dose_0.50/current_smoking_status/seed_56/metrics.json,Existing scientific record; see category index
robustness/interaction,experiments/crta_v3_stage_ladder_v3_lesions_v1/support_label/kn2nh/dose_0.50/current_smoking_status/seed_57/metrics.json,Existing scientific record; see category index
robustness/interaction,experiments/crta_v3_stage_ladder_v3_lesions_v1/support_label/kn2nh/dose_0.50/current_smoking_status/seed_58/metrics.json,Existing scientific record; see category index
robustness/interaction,experiments/crta_v3_stage_ladder_v3_lesions_v1/support_label/kn2nh/dose_0.50/current_smoking_status/seed_59/metrics.json,Existing scientific record; see category index
robustness/interaction,experiments/crta_v3_stage_ladder_v3_lesions_v1/support_label/kn2nh/dose_0.50/diabetes_history/seed_50/metrics.json,Existing scientific record; see category index
robustness/interaction,experiments/crta_v3_stage_ladder_v3_lesions_v1/support_label/kn2nh/dose_0.50/diabetes_history/seed_51/metrics.json,Existing scientific record; see category index
robustness/interaction,experiments/crta_v3_stage_ladder_v3_lesions_v1/support_label/kn2nh/dose_0.50/diabetes_history/seed_52/metrics.json,Existing scientific record; see category index
robustness/interaction,experiments/crta_v3_stage_ladder_v3_lesions_v1/support_label/kn2nh/dose_0.50/diabetes_history/seed_53/metrics.json,Existing scientific record; see category index
robustness/interaction,experiments/crta_v3_stage_ladder_v3_lesions_v1/support_label/kn2nh/dose_0.50/diabetes_history/seed_54/metrics.json,Existing scientific record; see category index
robustness/interaction,experiments/crta_v3_stage_ladder_v3_lesions_v1/support_label/kn2nh/dose_0.50/diabetes_history/seed_55/metrics.json,Existing scientific record; see category index
robustness/interaction,experiments/crta_v3_stage_ladder_v3_lesions_v1/support_label/kn2nh/dose_0.50/diabetes_history/seed_56/metrics.json,Existing scientific record; see category index
robustness/interaction,experiments/crta_v3_stage_ladder_v3_lesions_v1/support_label/kn2nh/dose_0.50/diabetes_history/seed_57/metrics.json,Existing scientific record; see category index
robustness/interaction,experiments/crta_v3_stage_ladder_v3_lesions_v1/support_label/kn2nh/dose_0.50/diabetes_history/seed_58/metrics.json,Existing scientific record; see category index
robustness/interaction,experiments/crta_v3_stage_ladder_v3_lesions_v1/support_label/kn2nh/dose_0.50/diabetes_history/seed_59/metrics.json,Existing scientific record; see category index
robustness/interaction,experiments/crta_v3_stage_ladder_v3_lesions_v1/support_label/kn2nh/dose_0.50/heart_attack_history/seed_50/metrics.json,Existing scientific record; see category index
robustness/interaction,experiments/crta_v3_stage_ladder_v3_lesions_v1/support_label/kn2nh/dose_0.50/heart_attack_history/seed_51/metrics.json,Existing scientific record; see category index
robustness/interaction,experiments/crta_v3_stage_ladder_v3_lesions_v1/support_label/kn2nh/dose_0.50/heart_attack_history/seed_52/metrics.json,Existing scientific record; see category index
robustness/interaction,experiments/crta_v3_stage_ladder_v3_lesions_v1/support_label/kn2nh/dose_0.50/heart_attack_history/seed_53/metrics.json,Existing scientific record; see category index
robustness/interaction,experiments/crta_v3_stage_ladder_v3_lesions_v1/support_label/kn2nh/dose_0.50/heart_attack_history/seed_54/metrics.json,Existing scientific record; see category index
robustness/interaction,experiments/crta_v3_stage_ladder_v3_lesions_v1/support_label/kn2nh/dose_0.50/heart_attack_history/seed_55/metrics.json,Existing scientific record; see category index
robustness/interaction,experiments/crta_v3_stage_ladder_v3_lesions_v1/support_label/kn2nh/dose_0.50/heart_attack_history/seed_56/metrics.json,Existing scientific record; see category index
robustness/interaction,experiments/crta_v3_stage_ladder_v3_lesions_v1/support_label/kn2nh/dose_0.50/heart_attack_history/seed_57/metrics.json,Existing scientific record; see category index
robustness/interaction,experiments/crta_v3_stage_ladder_v3_lesions_v1/support_label/kn2nh/dose_0.50/heart_attack_history/seed_58/metrics.json,Existing scientific record; see category index
robustness/interaction,experiments/crta_v3_stage_ladder_v3_lesions_v1/support_label/kn2nh/dose_0.50/heart_attack_history/seed_59/metrics.json,Existing scientific record; see category index
robustness/interaction,experiments/crta_v3_stage_ladder_v3_lesions_v1/support_label/kn2nh/dose_0.50/hypertension_history/seed_50/metrics.json,Existing scientific record; see category index
robustness/interaction,experiments/crta_v3_stage_ladder_v3_lesions_v1/support_label/kn2nh/dose_0.50/hypertension_history/seed_51/metrics.json,Existing scientific record; see category index
robustness/interaction,experiments/crta_v3_stage_ladder_v3_lesions_v1/support_label/kn2nh/dose_0.50/hypertension_history/seed_52/metrics.json,Existing scientific record; see category index
robustness/interaction,experiments/crta_v3_stage_ladder_v3_lesions_v1/support_label/kn2nh/dose_0.50/hypertension_history/seed_53/metrics.json,Existing scientific record; see category index
robustness/interaction,experiments/crta_v3_stage_ladder_v3_lesions_v1/support_label/kn2nh/dose_0.50/hypertension_history/seed_54/metrics.json,Existing scientific record; see category index
robustness/interaction,experiments/crta_v3_stage_ladder_v3_lesions_v1/support_label/kn2nh/dose_0.50/hypertension_history/seed_55/metrics.json,Existing scientific record; see category index
robustness/interaction,experiments/crta_v3_stage_ladder_v3_lesions_v1/support_label/kn2nh/dose_0.50/hypertension_history/seed_56/metrics.json,Existing scientific record; see category index
robustness/interaction,experiments/crta_v3_stage_ladder_v3_lesions_v1/support_label/kn2nh/dose_0.50/hypertension_history/seed_57/metrics.json,Existing scientific record; see category index
robustness/interaction,experiments/crta_v3_stage_ladder_v3_lesions_v1/support_label/kn2nh/dose_0.50/hypertension_history/seed_58/metrics.json,Existing scientific record; see category index
robustness/interaction,experiments/crta_v3_stage_ladder_v3_lesions_v1/support_label/kn2nh/dose_0.50/hypertension_history/seed_59/metrics.json,Existing scientific record; see category index
robustness/interaction,experiments/crta_v3_stage_ladder_v3_lesions_v1/support_label/kn2nh/dose_0.50/kidney_disease_history/seed_50/metrics.json,Existing scientific record; see category index
robustness/interaction,experiments/crta_v3_stage_ladder_v3_lesions_v1/support_label/kn2nh/dose_0.50/kidney_disease_history/seed_51/metrics.json,Existing scientific record; see category index
robustness/interaction,experiments/crta_v3_stage_ladder_v3_lesions_v1/support_label/kn2nh/dose_0.50/kidney_disease_history/seed_52/metrics.json,Existing scientific record; see category index
robustness/interaction,experiments/crta_v3_stage_ladder_v3_lesions_v1/support_label/kn2nh/dose_0.50/kidney_disease_history/seed_53/metrics.json,Existing scientific record; see category index
robustness/interaction,experiments/crta_v3_stage_ladder_v3_lesions_v1/support_label/kn2nh/dose_0.50/kidney_disease_history/seed_54/metrics.json,Existing scientific record; see category index
robustness/interaction,experiments/crta_v3_stage_ladder_v3_lesions_v1/support_label/kn2nh/dose_0.50/kidney_disease_history/seed_55/metrics.json,Existing scientific record; see category index
robustness/interaction,experiments/crta_v3_stage_ladder_v3_lesions_v1/support_label/kn2nh/dose_0.50/kidney_disease_history/seed_56/metrics.json,Existing scientific record; see category index
robustness/interaction,experiments/crta_v3_stage_ladder_v3_lesions_v1/support_label/kn2nh/dose_0.50/kidney_disease_history/seed_57/metrics.json,Existing scientific record; see category index
robustness/interaction,experiments/crta_v3_stage_ladder_v3_lesions_v1/support_label/kn2nh/dose_0.50/kidney_disease_history/seed_58/metrics.json,Existing scientific record; see category index
robustness/interaction,experiments/crta_v3_stage_ladder_v3_lesions_v1/support_label/kn2nh/dose_0.50/kidney_disease_history/seed_59/metrics.json,Existing scientific record; see category index
robustness/interaction,experiments/crta_v3_stage_ladder_v3_lesions_v1/support_label/kn2nh/dose_0.50/stroke_history/seed_50/metrics.json,Existing scientific record; see category index
robustness/interaction,experiments/crta_v3_stage_ladder_v3_lesions_v1/support_label/kn2nh/dose_0.50/stroke_history/seed_51/metrics.json,Existing scientific record; see category index
robustness/interaction,experiments/crta_v3_stage_ladder_v3_lesions_v1/support_label/kn2nh/dose_0.50/stroke_history/seed_52/metrics.json,Existing scientific record; see category index
robustness/interaction,experiments/crta_v3_stage_ladder_v3_lesions_v1/support_label/kn2nh/dose_0.50/stroke_history/seed_53/metrics.json,Existing scientific record; see category index
robustness/interaction,experiments/crta_v3_stage_ladder_v3_lesions_v1/support_label/kn2nh/dose_0.50/stroke_history/seed_54/metrics.json,Existing scientific record; see category index
robustness/interaction,experiments/crta_v3_stage_ladder_v3_lesions_v1/support_label/kn2nh/dose_0.50/stroke_history/seed_55/metrics.json,Existing scientific record; see category index
robustness/interaction,experiments/crta_v3_stage_ladder_v3_lesions_v1/support_label/kn2nh/dose_0.50/stroke_history/seed_56/metrics.json,Existing scientific record; see category index
robustness/interaction,experiments/crta_v3_stage_ladder_v3_lesions_v1/support_label/kn2nh/dose_0.50/stroke_history/seed_57/metrics.json,Existing scientific record; see category index
robustness/interaction,experiments/crta_v3_stage_ladder_v3_lesions_v1/support_label/kn2nh/dose_0.50/stroke_history/seed_58/metrics.json,Existing scientific record; see category index
robustness/interaction,experiments/crta_v3_stage_ladder_v3_lesions_v1/support_label/kn2nh/dose_0.50/stroke_history/seed_59/metrics.json,Existing scientific record; see category index
robustness/interaction,experiments/crta_v3_stage_ladder_v3_lesions_v1/support_label/kn2nh/dose_0.75/LESION_AUDIT_V1.json,Existing scientific record; see category index
robustness/interaction,experiments/crta_v3_stage_ladder_v3_lesions_v1/support_label/kn2nh/dose_0.75/angina_history/seed_50/metrics.json,Existing scientific record; see category index
robustness/interaction,experiments/crta_v3_stage_ladder_v3_lesions_v1/support_label/kn2nh/dose_0.75/angina_history/seed_51/metrics.json,Existing scientific record; see category index
robustness/interaction,experiments/crta_v3_stage_ladder_v3_lesions_v1/support_label/kn2nh/dose_0.75/angina_history/seed_52/metrics.json,Existing scientific record; see category index
robustness/interaction,experiments/crta_v3_stage_ladder_v3_lesions_v1/support_label/kn2nh/dose_0.75/angina_history/seed_53/metrics.json,Existing scientific record; see category index
robustness/interaction,experiments/crta_v3_stage_ladder_v3_lesions_v1/support_label/kn2nh/dose_0.75/angina_history/seed_54/metrics.json,Existing scientific record; see category index
robustness/interaction,experiments/crta_v3_stage_ladder_v3_lesions_v1/support_label/kn2nh/dose_0.75/angina_history/seed_55/metrics.json,Existing scientific record; see category index
robustness/interaction,experiments/crta_v3_stage_ladder_v3_lesions_v1/support_label/kn2nh/dose_0.75/angina_history/seed_56/metrics.json,Existing scientific record; see category index
robustness/interaction,experiments/crta_v3_stage_ladder_v3_lesions_v1/support_label/kn2nh/dose_0.75/angina_history/seed_57/metrics.json,Existing scientific record; see category index
robustness/interaction,experiments/crta_v3_stage_ladder_v3_lesions_v1/support_label/kn2nh/dose_0.75/angina_history/seed_58/metrics.json,Existing scientific record; see category index
robustness/interaction,experiments/crta_v3_stage_ladder_v3_lesions_v1/support_label/kn2nh/dose_0.75/angina_history/seed_59/metrics.json,Existing scientific record; see category index
robustness/interaction,experiments/crta_v3_stage_ladder_v3_lesions_v1/support_label/kn2nh/dose_0.75/arthritis_history/seed_50/metrics.json,Existing scientific record; see category index
robustness/interaction,experiments/crta_v3_stage_ladder_v3_lesions_v1/support_label/kn2nh/dose_0.75/arthritis_history/seed_51/metrics.json,Existing scientific record; see category index
robustness/interaction,experiments/crta_v3_stage_ladder_v3_lesions_v1/support_label/kn2nh/dose_0.75/arthritis_history/seed_52/metrics.json,Existing scientific record; see category index
robustness/interaction,experiments/crta_v3_stage_ladder_v3_lesions_v1/support_label/kn2nh/dose_0.75/arthritis_history/seed_53/metrics.json,Existing scientific record; see category index
robustness/interaction,experiments/crta_v3_stage_ladder_v3_lesions_v1/support_label/kn2nh/dose_0.75/arthritis_history/seed_54/metrics.json,Existing scientific record; see category index
robustness/interaction,experiments/crta_v3_stage_ladder_v3_lesions_v1/support_label/kn2nh/dose_0.75/arthritis_history/seed_55/metrics.json,Existing scientific record; see category index
robustness/interaction,experiments/crta_v3_stage_ladder_v3_lesions_v1/support_label/kn2nh/dose_0.75/arthritis_history/seed_56/metrics.json,Existing scientific record; see category index
robustness/interaction,experiments/crta_v3_stage_ladder_v3_lesions_v1/support_label/kn2nh/dose_0.75/arthritis_history/seed_57/metrics.json,Existing scientific record; see category index
robustness/interaction,experiments/crta_v3_stage_ladder_v3_lesions_v1/support_label/kn2nh/dose_0.75/arthritis_history/seed_58/metrics.json,Existing scientific record; see category index
robustness/interaction,experiments/crta_v3_stage_ladder_v3_lesions_v1/support_label/kn2nh/dose_0.75/arthritis_history/seed_59/metrics.json,Existing scientific record; see category index
robustness/interaction,experiments/crta_v3_stage_ladder_v3_lesions_v1/support_label/kn2nh/dose_0.75/asthma_history/seed_50/metrics.json,Existing scientific record; see category index
robustness/interaction,experiments/crta_v3_stage_ladder_v3_lesions_v1/support_label/kn2nh/dose_0.75/asthma_history/seed_51/metrics.json,Existing scientific record; see category index
robustness/interaction,experiments/crta_v3_stage_ladder_v3_lesions_v1/support_label/kn2nh/dose_0.75/asthma_history/seed_52/metrics.json,Existing scientific record; see category index
robustness/interaction,experiments/crta_v3_stage_ladder_v3_lesions_v1/support_label/kn2nh/dose_0.75/asthma_history/seed_53/metrics.json,Existing scientific record; see category index
robustness/interaction,experiments/crta_v3_stage_ladder_v3_lesions_v1/support_label/kn2nh/dose_0.75/asthma_history/seed_54/metrics.json,Existing scientific record; see category index
robustness/interaction,experiments/crta_v3_stage_ladder_v3_lesions_v1/support_label/kn2nh/dose_0.75/asthma_history/seed_55/metrics.json,Existing scientific record; see category index
robustness/interaction,experiments/crta_v3_stage_ladder_v3_lesions_v1/support_label/kn2nh/dose_0.75/asthma_history/seed_56/metrics.json,Existing scientific record; see category index
robustness/interaction,experiments/crta_v3_stage_ladder_v3_lesions_v1/support_label/kn2nh/dose_0.75/asthma_history/seed_57/metrics.json,Existing scientific record; see category index
robustness/interaction,experiments/crta_v3_stage_ladder_v3_lesions_v1/support_label/kn2nh/dose_0.75/asthma_history/seed_58/metrics.json,Existing scientific record; see category index
robustness/interaction,experiments/crta_v3_stage_ladder_v3_lesions_v1/support_label/kn2nh/dose_0.75/asthma_history/seed_59/metrics.json,Existing scientific record; see category index
robustness/interaction,experiments/crta_v3_stage_ladder_v3_lesions_v1/support_label/kn2nh/dose_0.75/cancer_history/seed_50/metrics.json,Existing scientific record; see category index
robustness/interaction,experiments/crta_v3_stage_ladder_v3_lesions_v1/support_label/kn2nh/dose_0.75/cancer_history/seed_51/metrics.json,Existing scientific record; see category index
robustness/interaction,experiments/crta_v3_stage_ladder_v3_lesions_v1/support_label/kn2nh/dose_0.75/cancer_history/seed_52/metrics.json,Existing scientific record; see category index
robustness/interaction,experiments/crta_v3_stage_ladder_v3_lesions_v1/support_label/kn2nh/dose_0.75/cancer_history/seed_53/metrics.json,Existing scientific record; see category index
robustness/interaction,experiments/crta_v3_stage_ladder_v3_lesions_v1/support_label/kn2nh/dose_0.75/cancer_history/seed_54/metrics.json,Existing scientific record; see category index
robustness/interaction,experiments/crta_v3_stage_ladder_v3_lesions_v1/support_label/kn2nh/dose_0.75/cancer_history/seed_55/metrics.json,Existing scientific record; see category index
robustness/interaction,experiments/crta_v3_stage_ladder_v3_lesions_v1/support_label/kn2nh/dose_0.75/cancer_history/seed_56/metrics.json,Existing scientific record; see category index
robustness/interaction,experiments/crta_v3_stage_ladder_v3_lesions_v1/support_label/kn2nh/dose_0.75/cancer_history/seed_57/metrics.json,Existing scientific record; see category index
robustness/interaction,experiments/crta_v3_stage_ladder_v3_lesions_v1/support_label/kn2nh/dose_0.75/cancer_history/seed_58/metrics.json,Existing scientific record; see category index
robustness/interaction,experiments/crta_v3_stage_ladder_v3_lesions_v1/support_label/kn2nh/dose_0.75/cancer_history/seed_59/metrics.json,Existing scientific record; see category index
robustness/interaction,experiments/crta_v3_stage_ladder_v3_lesions_v1/support_label/kn2nh/dose_0.75/current_smoking_status/seed_50/metrics.json,Existing scientific record; see category index
robustness/interaction,experiments/crta_v3_stage_ladder_v3_lesions_v1/support_label/kn2nh/dose_0.75/current_smoking_status/seed_51/metrics.json,Existing scientific record; see category index
robustness/interaction,experiments/crta_v3_stage_ladder_v3_lesions_v1/support_label/kn2nh/dose_0.75/current_smoking_status/seed_52/metrics.json,Existing scientific record; see category index
robustness/interaction,experiments/crta_v3_stage_ladder_v3_lesions_v1/support_label/kn2nh/dose_0.75/current_smoking_status/seed_53/metrics.json,Existing scientific record; see category index
robustness/interaction,experiments/crta_v3_stage_ladder_v3_lesions_v1/support_label/kn2nh/dose_0.75/current_smoking_status/seed_54/metrics.json,Existing scientific record; see category index
robustness/interaction,experiments/crta_v3_stage_ladder_v3_lesions_v1/support_label/kn2nh/dose_0.75/current_smoking_status/seed_55/metrics.json,Existing scientific record; see category index
robustness/interaction,experiments/crta_v3_stage_ladder_v3_lesions_v1/support_label/kn2nh/dose_0.75/current_smoking_status/seed_56/metrics.json,Existing scientific record; see category index
robustness/interaction,experiments/crta_v3_stage_ladder_v3_lesions_v1/support_label/kn2nh/dose_0.75/current_smoking_status/seed_57/metrics.json,Existing scientific record; see category index
robustness/interaction,experiments/crta_v3_stage_ladder_v3_lesions_v1/support_label/kn2nh/dose_0.75/current_smoking_status/seed_58/metrics.json,Existing scientific record; see category index
robustness/interaction,experiments/crta_v3_stage_ladder_v3_lesions_v1/support_label/kn2nh/dose_0.75/current_smoking_status/seed_59/metrics.json,Existing scientific record; see category index
robustness/interaction,experiments/crta_v3_stage_ladder_v3_lesions_v1/support_label/kn2nh/dose_0.75/diabetes_history/seed_50/metrics.json,Existing scientific record; see category index
robustness/interaction,experiments/crta_v3_stage_ladder_v3_lesions_v1/support_label/kn2nh/dose_0.75/diabetes_history/seed_51/metrics.json,Existing scientific record; see category index
robustness/interaction,experiments/crta_v3_stage_ladder_v3_lesions_v1/support_label/kn2nh/dose_0.75/diabetes_history/seed_52/metrics.json,Existing scientific record; see category index
robustness/interaction,experiments/crta_v3_stage_ladder_v3_lesions_v1/support_label/kn2nh/dose_0.75/diabetes_history/seed_53/metrics.json,Existing scientific record; see category index
robustness/interaction,experiments/crta_v3_stage_ladder_v3_lesions_v1/support_label/kn2nh/dose_0.75/diabetes_history/seed_54/metrics.json,Existing scientific record; see category index
robustness/interaction,experiments/crta_v3_stage_ladder_v3_lesions_v1/support_label/kn2nh/dose_0.75/diabetes_history/seed_55/metrics.json,Existing scientific record; see category index
robustness/interaction,experiments/crta_v3_stage_ladder_v3_lesions_v1/support_label/kn2nh/dose_0.75/diabetes_history/seed_56/metrics.json,Existing scientific record; see category index
robustness/interaction,experiments/crta_v3_stage_ladder_v3_lesions_v1/support_label/kn2nh/dose_0.75/diabetes_history/seed_57/metrics.json,Existing scientific record; see category index
robustness/interaction,experiments/crta_v3_stage_ladder_v3_lesions_v1/support_label/kn2nh/dose_0.75/diabetes_history/seed_58/metrics.json,Existing scientific record; see category index
robustness/interaction,experiments/crta_v3_stage_ladder_v3_lesions_v1/support_label/kn2nh/dose_0.75/diabetes_history/seed_59/metrics.json,Existing scientific record; see category index
robustness/interaction,experiments/crta_v3_stage_ladder_v3_lesions_v1/support_label/kn2nh/dose_0.75/heart_attack_history/seed_50/metrics.json,Existing scientific record; see category index
robustness/interaction,experiments/crta_v3_stage_ladder_v3_lesions_v1/support_label/kn2nh/dose_0.75/heart_attack_history/seed_51/metrics.json,Existing scientific record; see category index
robustness/interaction,experiments/crta_v3_stage_ladder_v3_lesions_v1/support_label/kn2nh/dose_0.75/heart_attack_history/seed_52/metrics.json,Existing scientific record; see category index
robustness/interaction,experiments/crta_v3_stage_ladder_v3_lesions_v1/support_label/kn2nh/dose_0.75/heart_attack_history/seed_53/metrics.json,Existing scientific record; see category index
robustness/interaction,experiments/crta_v3_stage_ladder_v3_lesions_v1/support_label/kn2nh/dose_0.75/heart_attack_history/seed_54/metrics.json,Existing scientific record; see category index
robustness/interaction,experiments/crta_v3_stage_ladder_v3_lesions_v1/support_label/kn2nh/dose_0.75/heart_attack_history/seed_55/metrics.json,Existing scientific record; see category index
robustness/interaction,experiments/crta_v3_stage_ladder_v3_lesions_v1/support_label/kn2nh/dose_0.75/heart_attack_history/seed_56/metrics.json,Existing scientific record; see category index
robustness/interaction,experiments/crta_v3_stage_ladder_v3_lesions_v1/support_label/kn2nh/dose_0.75/heart_attack_history/seed_57/metrics.json,Existing scientific record; see category index
robustness/interaction,experiments/crta_v3_stage_ladder_v3_lesions_v1/support_label/kn2nh/dose_0.75/heart_attack_history/seed_58/metrics.json,Existing scientific record; see category index
robustness/interaction,experiments/crta_v3_stage_ladder_v3_lesions_v1/support_label/kn2nh/dose_0.75/heart_attack_history/seed_59/metrics.json,Existing scientific record; see category index
robustness/interaction,experiments/crta_v3_stage_ladder_v3_lesions_v1/support_label/kn2nh/dose_0.75/hypertension_history/seed_50/metrics.json,Existing scientific record; see category index
robustness/interaction,experiments/crta_v3_stage_ladder_v3_lesions_v1/support_label/kn2nh/dose_0.75/hypertension_history/seed_51/metrics.json,Existing scientific record; see category index
robustness/interaction,experiments/crta_v3_stage_ladder_v3_lesions_v1/support_label/kn2nh/dose_0.75/hypertension_history/seed_52/metrics.json,Existing scientific record; see category index
robustness/interaction,experiments/crta_v3_stage_ladder_v3_lesions_v1/support_label/kn2nh/dose_0.75/hypertension_history/seed_53/metrics.json,Existing scientific record; see category index
robustness/interaction,experiments/crta_v3_stage_ladder_v3_lesions_v1/support_label/kn2nh/dose_0.75/hypertension_history/seed_54/metrics.json,Existing scientific record; see category index
robustness/interaction,experiments/crta_v3_stage_ladder_v3_lesions_v1/support_label/kn2nh/dose_0.75/hypertension_history/seed_55/metrics.json,Existing scientific record; see category index
robustness/interaction,experiments/crta_v3_stage_ladder_v3_lesions_v1/support_label/kn2nh/dose_0.75/hypertension_history/seed_56/metrics.json,Existing scientific record; see category index
robustness/interaction,experiments/crta_v3_stage_ladder_v3_lesions_v1/support_label/kn2nh/dose_0.75/hypertension_history/seed_57/metrics.json,Existing scientific record; see category index
robustness/interaction,experiments/crta_v3_stage_ladder_v3_lesions_v1/support_label/kn2nh/dose_0.75/hypertension_history/seed_58/metrics.json,Existing scientific record; see category index
robustness/interaction,experiments/crta_v3_stage_ladder_v3_lesions_v1/support_label/kn2nh/dose_0.75/hypertension_history/seed_59/metrics.json,Existing scientific record; see category index
robustness/interaction,experiments/crta_v3_stage_ladder_v3_lesions_v1/support_label/kn2nh/dose_0.75/kidney_disease_history/seed_50/metrics.json,Existing scientific record; see category index
robustness/interaction,experiments/crta_v3_stage_ladder_v3_lesions_v1/support_label/kn2nh/dose_0.75/kidney_disease_history/seed_51/metrics.json,Existing scientific record; see category index
robustness/interaction,experiments/crta_v3_stage_ladder_v3_lesions_v1/support_label/kn2nh/dose_0.75/kidney_disease_history/seed_52/metrics.json,Existing scientific record; see category index
robustness/interaction,experiments/crta_v3_stage_ladder_v3_lesions_v1/support_label/kn2nh/dose_0.75/kidney_disease_history/seed_53/metrics.json,Existing scientific record; see category index
robustness/interaction,experiments/crta_v3_stage_ladder_v3_lesions_v1/support_label/kn2nh/dose_0.75/kidney_disease_history/seed_54/metrics.json,Existing scientific record; see category index
robustness/interaction,experiments/crta_v3_stage_ladder_v3_lesions_v1/support_label/kn2nh/dose_0.75/kidney_disease_history/seed_55/metrics.json,Existing scientific record; see category index
robustness/interaction,experiments/crta_v3_stage_ladder_v3_lesions_v1/support_label/kn2nh/dose_0.75/kidney_disease_history/seed_56/metrics.json,Existing scientific record; see category index
robustness/interaction,experiments/crta_v3_stage_ladder_v3_lesions_v1/support_label/kn2nh/dose_0.75/kidney_disease_history/seed_57/metrics.json,Existing scientific record; see category index
robustness/interaction,experiments/crta_v3_stage_ladder_v3_lesions_v1/support_label/kn2nh/dose_0.75/kidney_disease_history/seed_58/metrics.json,Existing scientific record; see category index
robustness/interaction,experiments/crta_v3_stage_ladder_v3_lesions_v1/support_label/kn2nh/dose_0.75/kidney_disease_history/seed_59/metrics.json,Existing scientific record; see category index
robustness/interaction,experiments/crta_v3_stage_ladder_v3_lesions_v1/support_label/kn2nh/dose_0.75/stroke_history/seed_50/metrics.json,Existing scientific record; see category index
robustness/interaction,experiments/crta_v3_stage_ladder_v3_lesions_v1/support_label/kn2nh/dose_0.75/stroke_history/seed_51/metrics.json,Existing scientific record; see category index
robustness/interaction,experiments/crta_v3_stage_ladder_v3_lesions_v1/support_label/kn2nh/dose_0.75/stroke_history/seed_52/metrics.json,Existing scientific record; see category index
robustness/interaction,experiments/crta_v3_stage_ladder_v3_lesions_v1/support_label/kn2nh/dose_0.75/stroke_history/seed_53/metrics.json,Existing scientific record; see category index
robustness/interaction,experiments/crta_v3_stage_ladder_v3_lesions_v1/support_label/kn2nh/dose_0.75/stroke_history/seed_54/metrics.json,Existing scientific record; see category index
robustness/interaction,experiments/crta_v3_stage_ladder_v3_lesions_v1/support_label/kn2nh/dose_0.75/stroke_history/seed_55/metrics.json,Existing scientific record; see category index
robustness/interaction,experiments/crta_v3_stage_ladder_v3_lesions_v1/support_label/kn2nh/dose_0.75/stroke_history/seed_56/metrics.json,Existing scientific record; see category index
robustness/interaction,experiments/crta_v3_stage_ladder_v3_lesions_v1/support_label/kn2nh/dose_0.75/stroke_history/seed_57/metrics.json,Existing scientific record; see category index
robustness/interaction,experiments/crta_v3_stage_ladder_v3_lesions_v1/support_label/kn2nh/dose_0.75/stroke_history/seed_58/metrics.json,Existing scientific record; see category index
robustness/interaction,experiments/crta_v3_stage_ladder_v3_lesions_v1/support_label/kn2nh/dose_0.75/stroke_history/seed_59/metrics.json,Existing scientific record; see category index
robustness/interaction,experiments/crta_v3_stage_ladder_v3_lesions_v1/support_label/kn2nh/dose_1.00/LESION_AUDIT_V1.json,Existing scientific record; see category index
robustness/interaction,experiments/crta_v3_stage_ladder_v3_lesions_v1/support_label/kn2nh/dose_1.00/angina_history/seed_50/metrics.json,Existing scientific record; see category index
robustness/interaction,experiments/crta_v3_stage_ladder_v3_lesions_v1/support_label/kn2nh/dose_1.00/angina_history/seed_51/metrics.json,Existing scientific record; see category index
robustness/interaction,experiments/crta_v3_stage_ladder_v3_lesions_v1/support_label/kn2nh/dose_1.00/angina_history/seed_52/metrics.json,Existing scientific record; see category index
robustness/interaction,experiments/crta_v3_stage_ladder_v3_lesions_v1/support_label/kn2nh/dose_1.00/angina_history/seed_53/metrics.json,Existing scientific record; see category index
robustness/interaction,experiments/crta_v3_stage_ladder_v3_lesions_v1/support_label/kn2nh/dose_1.00/angina_history/seed_54/metrics.json,Existing scientific record; see category index
robustness/interaction,experiments/crta_v3_stage_ladder_v3_lesions_v1/support_label/kn2nh/dose_1.00/angina_history/seed_55/metrics.json,Existing scientific record; see category index
robustness/interaction,experiments/crta_v3_stage_ladder_v3_lesions_v1/support_label/kn2nh/dose_1.00/angina_history/seed_56/metrics.json,Existing scientific record; see category index
robustness/interaction,experiments/crta_v3_stage_ladder_v3_lesions_v1/support_label/kn2nh/dose_1.00/angina_history/seed_57/metrics.json,Existing scientific record; see category index
robustness/interaction,experiments/crta_v3_stage_ladder_v3_lesions_v1/support_label/kn2nh/dose_1.00/angina_history/seed_58/metrics.json,Existing scientific record; see category index
robustness/interaction,experiments/crta_v3_stage_ladder_v3_lesions_v1/support_label/kn2nh/dose_1.00/angina_history/seed_59/metrics.json,Existing scientific record; see category index
robustness/interaction,experiments/crta_v3_stage_ladder_v3_lesions_v1/support_label/kn2nh/dose_1.00/arthritis_history/seed_50/metrics.json,Existing scientific record; see category index
robustness/interaction,experiments/crta_v3_stage_ladder_v3_lesions_v1/support_label/kn2nh/dose_1.00/arthritis_history/seed_51/metrics.json,Existing scientific record; see category index
robustness/interaction,experiments/crta_v3_stage_ladder_v3_lesions_v1/support_label/kn2nh/dose_1.00/arthritis_history/seed_52/metrics.json,Existing scientific record; see category index
robustness/interaction,experiments/crta_v3_stage_ladder_v3_lesions_v1/support_label/kn2nh/dose_1.00/arthritis_history/seed_53/metrics.json,Existing scientific record; see category index
robustness/interaction,experiments/crta_v3_stage_ladder_v3_lesions_v1/support_label/kn2nh/dose_1.00/arthritis_history/seed_54/metrics.json,Existing scientific record; see category index
robustness/interaction,experiments/crta_v3_stage_ladder_v3_lesions_v1/support_label/kn2nh/dose_1.00/arthritis_history/seed_55/metrics.json,Existing scientific record; see category index
robustness/interaction,experiments/crta_v3_stage_ladder_v3_lesions_v1/support_label/kn2nh/dose_1.00/arthritis_history/seed_56/metrics.json,Existing scientific record; see category index
robustness/interaction,experiments/crta_v3_stage_ladder_v3_lesions_v1/support_label/kn2nh/dose_1.00/arthritis_history/seed_57/metrics.json,Existing scientific record; see category index
robustness/interaction,experiments/crta_v3_stage_ladder_v3_lesions_v1/support_label/kn2nh/dose_1.00/arthritis_history/seed_58/metrics.json,Existing scientific record; see category index
robustness/interaction,experiments/crta_v3_stage_ladder_v3_lesions_v1/support_label/kn2nh/dose_1.00/arthritis_history/seed_59/metrics.json,Existing scientific record; see category index
robustness/interaction,experiments/crta_v3_stage_ladder_v3_lesions_v1/support_label/kn2nh/dose_1.00/asthma_history/seed_50/metrics.json,Existing scientific record; see category index
robustness/interaction,experiments/crta_v3_stage_ladder_v3_lesions_v1/support_label/kn2nh/dose_1.00/asthma_history/seed_51/metrics.json,Existing scientific record; see category index
robustness/interaction,experiments/crta_v3_stage_ladder_v3_lesions_v1/support_label/kn2nh/dose_1.00/asthma_history/seed_52/metrics.json,Existing scientific record; see category index
robustness/interaction,experiments/crta_v3_stage_ladder_v3_lesions_v1/support_label/kn2nh/dose_1.00/asthma_history/seed_53/metrics.json,Existing scientific record; see category index
robustness/interaction,experiments/crta_v3_stage_ladder_v3_lesions_v1/support_label/kn2nh/dose_1.00/asthma_history/seed_54/metrics.json,Existing scientific record; see category index
robustness/interaction,experiments/crta_v3_stage_ladder_v3_lesions_v1/support_label/kn2nh/dose_1.00/asthma_history/seed_55/metrics.json,Existing scientific record; see category index
robustness/interaction,experiments/crta_v3_stage_ladder_v3_lesions_v1/support_label/kn2nh/dose_1.00/asthma_history/seed_56/metrics.json,Existing scientific record; see category index
robustness/interaction,experiments/crta_v3_stage_ladder_v3_lesions_v1/support_label/kn2nh/dose_1.00/asthma_history/seed_57/metrics.json,Existing scientific record; see category index
robustness/interaction,experiments/crta_v3_stage_ladder_v3_lesions_v1/support_label/kn2nh/dose_1.00/asthma_history/seed_58/metrics.json,Existing scientific record; see category index
robustness/interaction,experiments/crta_v3_stage_ladder_v3_lesions_v1/support_label/kn2nh/dose_1.00/asthma_history/seed_59/metrics.json,Existing scientific record; see category index
robustness/interaction,experiments/crta_v3_stage_ladder_v3_lesions_v1/support_label/kn2nh/dose_1.00/cancer_history/seed_50/metrics.json,Existing scientific record; see category index
robustness/interaction,experiments/crta_v3_stage_ladder_v3_lesions_v1/support_label/kn2nh/dose_1.00/cancer_history/seed_51/metrics.json,Existing scientific record; see category index
robustness/interaction,experiments/crta_v3_stage_ladder_v3_lesions_v1/support_label/kn2nh/dose_1.00/cancer_history/seed_52/metrics.json,Existing scientific record; see category index
robustness/interaction,experiments/crta_v3_stage_ladder_v3_lesions_v1/support_label/kn2nh/dose_1.00/cancer_history/seed_53/metrics.json,Existing scientific record; see category index
robustness/interaction,experiments/crta_v3_stage_ladder_v3_lesions_v1/support_label/kn2nh/dose_1.00/cancer_history/seed_54/metrics.json,Existing scientific record; see category index
robustness/interaction,experiments/crta_v3_stage_ladder_v3_lesions_v1/support_label/kn2nh/dose_1.00/cancer_history/seed_55/metrics.json,Existing scientific record; see category index
robustness/interaction,experiments/crta_v3_stage_ladder_v3_lesions_v1/support_label/kn2nh/dose_1.00/cancer_history/seed_56/metrics.json,Existing scientific record; see category index
robustness/interaction,experiments/crta_v3_stage_ladder_v3_lesions_v1/support_label/kn2nh/dose_1.00/cancer_history/seed_57/metrics.json,Existing scientific record; see category index
robustness/interaction,experiments/crta_v3_stage_ladder_v3_lesions_v1/support_label/kn2nh/dose_1.00/cancer_history/seed_58/metrics.json,Existing scientific record; see category index
robustness/interaction,experiments/crta_v3_stage_ladder_v3_lesions_v1/support_label/kn2nh/dose_1.00/cancer_history/seed_59/metrics.json,Existing scientific record; see category index
robustness/interaction,experiments/crta_v3_stage_ladder_v3_lesions_v1/support_label/kn2nh/dose_1.00/current_smoking_status/seed_50/metrics.json,Existing scientific record; see category index
robustness/interaction,experiments/crta_v3_stage_ladder_v3_lesions_v1/support_label/kn2nh/dose_1.00/current_smoking_status/seed_51/metrics.json,Existing scientific record; see category index
robustness/interaction,experiments/crta_v3_stage_ladder_v3_lesions_v1/support_label/kn2nh/dose_1.00/current_smoking_status/seed_52/metrics.json,Existing scientific record; see category index
robustness/interaction,experiments/crta_v3_stage_ladder_v3_lesions_v1/support_label/kn2nh/dose_1.00/current_smoking_status/seed_53/metrics.json,Existing scientific record; see category index
robustness/interaction,experiments/crta_v3_stage_ladder_v3_lesions_v1/support_label/kn2nh/dose_1.00/current_smoking_status/seed_54/metrics.json,Existing scientific record; see category index
robustness/interaction,experiments/crta_v3_stage_ladder_v3_lesions_v1/support_label/kn2nh/dose_1.00/current_smoking_status/seed_55/metrics.json,Existing scientific record; see category index
robustness/interaction,experiments/crta_v3_stage_ladder_v3_lesions_v1/support_label/kn2nh/dose_1.00/current_smoking_status/seed_56/metrics.json,Existing scientific record; see category index
robustness/interaction,experiments/crta_v3_stage_ladder_v3_lesions_v1/support_label/kn2nh/dose_1.00/current_smoking_status/seed_57/metrics.json,Existing scientific record; see category index
robustness/interaction,experiments/crta_v3_stage_ladder_v3_lesions_v1/support_label/kn2nh/dose_1.00/current_smoking_status/seed_58/metrics.json,Existing scientific record; see category index
robustness/interaction,experiments/crta_v3_stage_ladder_v3_lesions_v1/support_label/kn2nh/dose_1.00/current_smoking_status/seed_59/metrics.json,Existing scientific record; see category index
robustness/interaction,experiments/crta_v3_stage_ladder_v3_lesions_v1/support_label/kn2nh/dose_1.00/diabetes_history/seed_50/metrics.json,Existing scientific record; see category index
robustness/interaction,experiments/crta_v3_stage_ladder_v3_lesions_v1/support_label/kn2nh/dose_1.00/diabetes_history/seed_51/metrics.json,Existing scientific record; see category index
robustness/interaction,experiments/crta_v3_stage_ladder_v3_lesions_v1/support_label/kn2nh/dose_1.00/diabetes_history/seed_52/metrics.json,Existing scientific record; see category index
robustness/interaction,experiments/crta_v3_stage_ladder_v3_lesions_v1/support_label/kn2nh/dose_1.00/diabetes_history/seed_53/metrics.json,Existing scientific record; see category index
robustness/interaction,experiments/crta_v3_stage_ladder_v3_lesions_v1/support_label/kn2nh/dose_1.00/diabetes_history/seed_54/metrics.json,Existing scientific record; see category index
robustness/interaction,experiments/crta_v3_stage_ladder_v3_lesions_v1/support_label/kn2nh/dose_1.00/diabetes_history/seed_55/metrics.json,Existing scientific record; see category index
robustness/interaction,experiments/crta_v3_stage_ladder_v3_lesions_v1/support_label/kn2nh/dose_1.00/diabetes_history/seed_56/metrics.json,Existing scientific record; see category index
robustness/interaction,experiments/crta_v3_stage_ladder_v3_lesions_v1/support_label/kn2nh/dose_1.00/diabetes_history/seed_57/metrics.json,Existing scientific record; see category index
robustness/interaction,experiments/crta_v3_stage_ladder_v3_lesions_v1/support_label/kn2nh/dose_1.00/diabetes_history/seed_58/metrics.json,Existing scientific record; see category index
robustness/interaction,experiments/crta_v3_stage_ladder_v3_lesions_v1/support_label/kn2nh/dose_1.00/diabetes_history/seed_59/metrics.json,Existing scientific record; see category index
robustness/interaction,experiments/crta_v3_stage_ladder_v3_lesions_v1/support_label/kn2nh/dose_1.00/heart_attack_history/seed_50/metrics.json,Existing scientific record; see category index
robustness/interaction,experiments/crta_v3_stage_ladder_v3_lesions_v1/support_label/kn2nh/dose_1.00/heart_attack_history/seed_51/metrics.json,Existing scientific record; see category index
robustness/interaction,experiments/crta_v3_stage_ladder_v3_lesions_v1/support_label/kn2nh/dose_1.00/heart_attack_history/seed_52/metrics.json,Existing scientific record; see category index
robustness/interaction,experiments/crta_v3_stage_ladder_v3_lesions_v1/support_label/kn2nh/dose_1.00/heart_attack_history/seed_53/metrics.json,Existing scientific record; see category index
robustness/interaction,experiments/crta_v3_stage_ladder_v3_lesions_v1/support_label/kn2nh/dose_1.00/heart_attack_history/seed_54/metrics.json,Existing scientific record; see category index
robustness/interaction,experiments/crta_v3_stage_ladder_v3_lesions_v1/support_label/kn2nh/dose_1.00/heart_attack_history/seed_55/metrics.json,Existing scientific record; see category index
robustness/interaction,experiments/crta_v3_stage_ladder_v3_lesions_v1/support_label/kn2nh/dose_1.00/heart_attack_history/seed_56/metrics.json,Existing scientific record; see category index
robustness/interaction,experiments/crta_v3_stage_ladder_v3_lesions_v1/support_label/kn2nh/dose_1.00/heart_attack_history/seed_57/metrics.json,Existing scientific record; see category index
robustness/interaction,experiments/crta_v3_stage_ladder_v3_lesions_v1/support_label/kn2nh/dose_1.00/heart_attack_history/seed_58/metrics.json,Existing scientific record; see category index
robustness/interaction,experiments/crta_v3_stage_ladder_v3_lesions_v1/support_label/kn2nh/dose_1.00/heart_attack_history/seed_59/metrics.json,Existing scientific record; see category index
robustness/interaction,experiments/crta_v3_stage_ladder_v3_lesions_v1/support_label/kn2nh/dose_1.00/hypertension_history/seed_50/metrics.json,Existing scientific record; see category index
robustness/interaction,experiments/crta_v3_stage_ladder_v3_lesions_v1/support_label/kn2nh/dose_1.00/hypertension_history/seed_51/metrics.json,Existing scientific record; see category index
robustness/interaction,experiments/crta_v3_stage_ladder_v3_lesions_v1/support_label/kn2nh/dose_1.00/hypertension_history/seed_52/metrics.json,Existing scientific record; see category index
robustness/interaction,experiments/crta_v3_stage_ladder_v3_lesions_v1/support_label/kn2nh/dose_1.00/hypertension_history/seed_53/metrics.json,Existing scientific record; see category index
robustness/interaction,experiments/crta_v3_stage_ladder_v3_lesions_v1/support_label/kn2nh/dose_1.00/hypertension_history/seed_54/metrics.json,Existing scientific record; see category index
robustness/interaction,experiments/crta_v3_stage_ladder_v3_lesions_v1/support_label/kn2nh/dose_1.00/hypertension_history/seed_55/metrics.json,Existing scientific record; see category index
robustness/interaction,experiments/crta_v3_stage_ladder_v3_lesions_v1/support_label/kn2nh/dose_1.00/hypertension_history/seed_56/metrics.json,Existing scientific record; see category index
robustness/interaction,experiments/crta_v3_stage_ladder_v3_lesions_v1/support_label/kn2nh/dose_1.00/hypertension_history/seed_57/metrics.json,Existing scientific record; see category index
robustness/interaction,experiments/crta_v3_stage_ladder_v3_lesions_v1/support_label/kn2nh/dose_1.00/hypertension_history/seed_58/metrics.json,Existing scientific record; see category index
robustness/interaction,experiments/crta_v3_stage_ladder_v3_lesions_v1/support_label/kn2nh/dose_1.00/hypertension_history/seed_59/metrics.json,Existing scientific record; see category index
robustness/interaction,experiments/crta_v3_stage_ladder_v3_lesions_v1/support_label/kn2nh/dose_1.00/kidney_disease_history/seed_50/metrics.json,Existing scientific record; see category index
robustness/interaction,experiments/crta_v3_stage_ladder_v3_lesions_v1/support_label/kn2nh/dose_1.00/kidney_disease_history/seed_51/metrics.json,Existing scientific record; see category index
robustness/interaction,experiments/crta_v3_stage_ladder_v3_lesions_v1/support_label/kn2nh/dose_1.00/kidney_disease_history/seed_52/metrics.json,Existing scientific record; see category index
robustness/interaction,experiments/crta_v3_stage_ladder_v3_lesions_v1/support_label/kn2nh/dose_1.00/kidney_disease_history/seed_53/metrics.json,Existing scientific record; see category index
robustness/interaction,experiments/crta_v3_stage_ladder_v3_lesions_v1/support_label/kn2nh/dose_1.00/kidney_disease_history/seed_54/metrics.json,Existing scientific record; see category index
robustness/interaction,experiments/crta_v3_stage_ladder_v3_lesions_v1/support_label/kn2nh/dose_1.00/kidney_disease_history/seed_55/metrics.json,Existing scientific record; see category index
robustness/interaction,experiments/crta_v3_stage_ladder_v3_lesions_v1/support_label/kn2nh/dose_1.00/kidney_disease_history/seed_56/metrics.json,Existing scientific record; see category index
robustness/interaction,experiments/crta_v3_stage_ladder_v3_lesions_v1/support_label/kn2nh/dose_1.00/kidney_disease_history/seed_57/metrics.json,Existing scientific record; see category index
robustness/interaction,experiments/crta_v3_stage_ladder_v3_lesions_v1/support_label/kn2nh/dose_1.00/kidney_disease_history/seed_58/metrics.json,Existing scientific record; see category index
robustness/interaction,experiments/crta_v3_stage_ladder_v3_lesions_v1/support_label/kn2nh/dose_1.00/kidney_disease_history/seed_59/metrics.json,Existing scientific record; see category index
robustness/interaction,experiments/crta_v3_stage_ladder_v3_lesions_v1/support_label/kn2nh/dose_1.00/stroke_history/seed_50/metrics.json,Existing scientific record; see category index
robustness/interaction,experiments/crta_v3_stage_ladder_v3_lesions_v1/support_label/kn2nh/dose_1.00/stroke_history/seed_51/metrics.json,Existing scientific record; see category index
robustness/interaction,experiments/crta_v3_stage_ladder_v3_lesions_v1/support_label/kn2nh/dose_1.00/stroke_history/seed_52/metrics.json,Existing scientific record; see category index
robustness/interaction,experiments/crta_v3_stage_ladder_v3_lesions_v1/support_label/kn2nh/dose_1.00/stroke_history/seed_53/metrics.json,Existing scientific record; see category index
robustness/interaction,experiments/crta_v3_stage_ladder_v3_lesions_v1/support_label/kn2nh/dose_1.00/stroke_history/seed_54/metrics.json,Existing scientific record; see category index
robustness/interaction,experiments/crta_v3_stage_ladder_v3_lesions_v1/support_label/kn2nh/dose_1.00/stroke_history/seed_55/metrics.json,Existing scientific record; see category index
robustness/interaction,experiments/crta_v3_stage_ladder_v3_lesions_v1/support_label/kn2nh/dose_1.00/stroke_history/seed_56/metrics.json,Existing scientific record; see category index
robustness/interaction,experiments/crta_v3_stage_ladder_v3_lesions_v1/support_label/kn2nh/dose_1.00/stroke_history/seed_57/metrics.json,Existing scientific record; see category index
robustness/interaction,experiments/crta_v3_stage_ladder_v3_lesions_v1/support_label/kn2nh/dose_1.00/stroke_history/seed_58/metrics.json,Existing scientific record; see category index
robustness/interaction,experiments/crta_v3_stage_ladder_v3_lesions_v1/support_label/kn2nh/dose_1.00/stroke_history/seed_59/metrics.json,Existing scientific record; see category index
robustness/interaction,experiments/crta_v3_stage_ladder_v3_lesions_v1/support_label/nh2kn/dose_0.25/LESION_AUDIT_V1.json,Existing scientific record; see category index
robustness/interaction,experiments/crta_v3_stage_ladder_v3_lesions_v1/support_label/nh2kn/dose_0.25/angina_history/seed_50/metrics.json,Existing scientific record; see category index
robustness/interaction,experiments/crta_v3_stage_ladder_v3_lesions_v1/support_label/nh2kn/dose_0.25/angina_history/seed_51/metrics.json,Existing scientific record; see category index
robustness/interaction,experiments/crta_v3_stage_ladder_v3_lesions_v1/support_label/nh2kn/dose_0.25/angina_history/seed_52/metrics.json,Existing scientific record; see category index
robustness/interaction,experiments/crta_v3_stage_ladder_v3_lesions_v1/support_label/nh2kn/dose_0.25/angina_history/seed_53/metrics.json,Existing scientific record; see category index
robustness/interaction,experiments/crta_v3_stage_ladder_v3_lesions_v1/support_label/nh2kn/dose_0.25/angina_history/seed_54/metrics.json,Existing scientific record; see category index
robustness/interaction,experiments/crta_v3_stage_ladder_v3_lesions_v1/support_label/nh2kn/dose_0.25/angina_history/seed_55/metrics.json,Existing scientific record; see category index
robustness/interaction,experiments/crta_v3_stage_ladder_v3_lesions_v1/support_label/nh2kn/dose_0.25/angina_history/seed_56/metrics.json,Existing scientific record; see category index
robustness/interaction,experiments/crta_v3_stage_ladder_v3_lesions_v1/support_label/nh2kn/dose_0.25/angina_history/seed_57/metrics.json,Existing scientific record; see category index
robustness/interaction,experiments/crta_v3_stage_ladder_v3_lesions_v1/support_label/nh2kn/dose_0.25/angina_history/seed_58/metrics.json,Existing scientific record; see category index
robustness/interaction,experiments/crta_v3_stage_ladder_v3_lesions_v1/support_label/nh2kn/dose_0.25/angina_history/seed_59/metrics.json,Existing scientific record; see category index
robustness/interaction,experiments/crta_v3_stage_ladder_v3_lesions_v1/support_label/nh2kn/dose_0.25/arthritis_history/seed_50/metrics.json,Existing scientific record; see category index
robustness/interaction,experiments/crta_v3_stage_ladder_v3_lesions_v1/support_label/nh2kn/dose_0.25/arthritis_history/seed_51/metrics.json,Existing scientific record; see category index
robustness/interaction,experiments/crta_v3_stage_ladder_v3_lesions_v1/support_label/nh2kn/dose_0.25/arthritis_history/seed_52/metrics.json,Existing scientific record; see category index
robustness/interaction,experiments/crta_v3_stage_ladder_v3_lesions_v1/support_label/nh2kn/dose_0.25/arthritis_history/seed_53/metrics.json,Existing scientific record; see category index
robustness/interaction,experiments/crta_v3_stage_ladder_v3_lesions_v1/support_label/nh2kn/dose_0.25/arthritis_history/seed_54/metrics.json,Existing scientific record; see category index
robustness/interaction,experiments/crta_v3_stage_ladder_v3_lesions_v1/support_label/nh2kn/dose_0.25/arthritis_history/seed_55/metrics.json,Existing scientific record; see category index
robustness/interaction,experiments/crta_v3_stage_ladder_v3_lesions_v1/support_label/nh2kn/dose_0.25/arthritis_history/seed_56/metrics.json,Existing scientific record; see category index
robustness/interaction,experiments/crta_v3_stage_ladder_v3_lesions_v1/support_label/nh2kn/dose_0.25/arthritis_history/seed_57/metrics.json,Existing scientific record; see category index
robustness/interaction,experiments/crta_v3_stage_ladder_v3_lesions_v1/support_label/nh2kn/dose_0.25/arthritis_history/seed_58/metrics.json,Existing scientific record; see category index
robustness/interaction,experiments/crta_v3_stage_ladder_v3_lesions_v1/support_label/nh2kn/dose_0.25/arthritis_history/seed_59/metrics.json,Existing scientific record; see category index
robustness/interaction,experiments/crta_v3_stage_ladder_v3_lesions_v1/support_label/nh2kn/dose_0.25/asthma_history/seed_50/metrics.json,Existing scientific record; see category index
robustness/interaction,experiments/crta_v3_stage_ladder_v3_lesions_v1/support_label/nh2kn/dose_0.25/asthma_history/seed_51/metrics.json,Existing scientific record; see category index
robustness/interaction,experiments/crta_v3_stage_ladder_v3_lesions_v1/support_label/nh2kn/dose_0.25/asthma_history/seed_52/metrics.json,Existing scientific record; see category index
robustness/interaction,experiments/crta_v3_stage_ladder_v3_lesions_v1/support_label/nh2kn/dose_0.25/asthma_history/seed_53/metrics.json,Existing scientific record; see category index
robustness/interaction,experiments/crta_v3_stage_ladder_v3_lesions_v1/support_label/nh2kn/dose_0.25/asthma_history/seed_54/metrics.json,Existing scientific record; see category index
robustness/interaction,experiments/crta_v3_stage_ladder_v3_lesions_v1/support_label/nh2kn/dose_0.25/asthma_history/seed_55/metrics.json,Existing scientific record; see category index
robustness/interaction,experiments/crta_v3_stage_ladder_v3_lesions_v1/support_label/nh2kn/dose_0.25/asthma_history/seed_56/metrics.json,Existing scientific record; see category index
robustness/interaction,experiments/crta_v3_stage_ladder_v3_lesions_v1/support_label/nh2kn/dose_0.25/asthma_history/seed_57/metrics.json,Existing scientific record; see category index
robustness/interaction,experiments/crta_v3_stage_ladder_v3_lesions_v1/support_label/nh2kn/dose_0.25/asthma_history/seed_58/metrics.json,Existing scientific record; see category index
robustness/interaction,experiments/crta_v3_stage_ladder_v3_lesions_v1/support_label/nh2kn/dose_0.25/asthma_history/seed_59/metrics.json,Existing scientific record; see category index
robustness/interaction,experiments/crta_v3_stage_ladder_v3_lesions_v1/support_label/nh2kn/dose_0.25/cancer_history/seed_50/metrics.json,Existing scientific record; see category index
robustness/interaction,experiments/crta_v3_stage_ladder_v3_lesions_v1/support_label/nh2kn/dose_0.25/cancer_history/seed_51/metrics.json,Existing scientific record; see category index
robustness/interaction,experiments/crta_v3_stage_ladder_v3_lesions_v1/support_label/nh2kn/dose_0.25/cancer_history/seed_52/metrics.json,Existing scientific record; see category index
robustness/interaction,experiments/crta_v3_stage_ladder_v3_lesions_v1/support_label/nh2kn/dose_0.25/cancer_history/seed_53/metrics.json,Existing scientific record; see category index
robustness/interaction,experiments/crta_v3_stage_ladder_v3_lesions_v1/support_label/nh2kn/dose_0.25/cancer_history/seed_54/metrics.json,Existing scientific record; see category index
robustness/interaction,experiments/crta_v3_stage_ladder_v3_lesions_v1/support_label/nh2kn/dose_0.25/cancer_history/seed_55/metrics.json,Existing scientific record; see category index
robustness/interaction,experiments/crta_v3_stage_ladder_v3_lesions_v1/support_label/nh2kn/dose_0.25/cancer_history/seed_56/metrics.json,Existing scientific record; see category index
robustness/interaction,experiments/crta_v3_stage_ladder_v3_lesions_v1/support_label/nh2kn/dose_0.25/cancer_history/seed_57/metrics.json,Existing scientific record; see category index
robustness/interaction,experiments/crta_v3_stage_ladder_v3_lesions_v1/support_label/nh2kn/dose_0.25/cancer_history/seed_58/metrics.json,Existing scientific record; see category index
robustness/interaction,experiments/crta_v3_stage_ladder_v3_lesions_v1/support_label/nh2kn/dose_0.25/cancer_history/seed_59/metrics.json,Existing scientific record; see category index
robustness/interaction,experiments/crta_v3_stage_ladder_v3_lesions_v1/support_label/nh2kn/dose_0.25/current_smoking_status/seed_50/metrics.json,Existing scientific record; see category index
robustness/interaction,experiments/crta_v3_stage_ladder_v3_lesions_v1/support_label/nh2kn/dose_0.25/current_smoking_status/seed_51/metrics.json,Existing scientific record; see category index
robustness/interaction,experiments/crta_v3_stage_ladder_v3_lesions_v1/support_label/nh2kn/dose_0.25/current_smoking_status/seed_52/metrics.json,Existing scientific record; see category index
robustness/interaction,experiments/crta_v3_stage_ladder_v3_lesions_v1/support_label/nh2kn/dose_0.25/current_smoking_status/seed_53/metrics.json,Existing scientific record; see category index
robustness/interaction,experiments/crta_v3_stage_ladder_v3_lesions_v1/support_label/nh2kn/dose_0.25/current_smoking_status/seed_54/metrics.json,Existing scientific record; see category index
robustness/interaction,experiments/crta_v3_stage_ladder_v3_lesions_v1/support_label/nh2kn/dose_0.25/current_smoking_status/seed_55/metrics.json,Existing scientific record; see category index
robustness/interaction,experiments/crta_v3_stage_ladder_v3_lesions_v1/support_label/nh2kn/dose_0.25/current_smoking_status/seed_56/metrics.json,Existing scientific record; see category index
robustness/interaction,experiments/crta_v3_stage_ladder_v3_lesions_v1/support_label/nh2kn/dose_0.25/current_smoking_status/seed_57/metrics.json,Existing scientific record; see category index
robustness/interaction,experiments/crta_v3_stage_ladder_v3_lesions_v1/support_label/nh2kn/dose_0.25/current_smoking_status/seed_58/metrics.json,Existing scientific record; see category index
robustness/interaction,experiments/crta_v3_stage_ladder_v3_lesions_v1/support_label/nh2kn/dose_0.25/current_smoking_status/seed_59/metrics.json,Existing scientific record; see category index
robustness/interaction,experiments/crta_v3_stage_ladder_v3_lesions_v1/support_label/nh2kn/dose_0.25/diabetes_history/seed_50/metrics.json,Existing scientific record; see category index
robustness/interaction,experiments/crta_v3_stage_ladder_v3_lesions_v1/support_label/nh2kn/dose_0.25/diabetes_history/seed_51/metrics.json,Existing scientific record; see category index
robustness/interaction,experiments/crta_v3_stage_ladder_v3_lesions_v1/support_label/nh2kn/dose_0.25/diabetes_history/seed_52/metrics.json,Existing scientific record; see category index
robustness/interaction,experiments/crta_v3_stage_ladder_v3_lesions_v1/support_label/nh2kn/dose_0.25/diabetes_history/seed_53/metrics.json,Existing scientific record; see category index
robustness/interaction,experiments/crta_v3_stage_ladder_v3_lesions_v1/support_label/nh2kn/dose_0.25/diabetes_history/seed_54/metrics.json,Existing scientific record; see category index
robustness/interaction,experiments/crta_v3_stage_ladder_v3_lesions_v1/support_label/nh2kn/dose_0.25/diabetes_history/seed_55/metrics.json,Existing scientific record; see category index
robustness/interaction,experiments/crta_v3_stage_ladder_v3_lesions_v1/support_label/nh2kn/dose_0.25/diabetes_history/seed_56/metrics.json,Existing scientific record; see category index
robustness/interaction,experiments/crta_v3_stage_ladder_v3_lesions_v1/support_label/nh2kn/dose_0.25/diabetes_history/seed_57/metrics.json,Existing scientific record; see category index
robustness/interaction,experiments/crta_v3_stage_ladder_v3_lesions_v1/support_label/nh2kn/dose_0.25/diabetes_history/seed_58/metrics.json,Existing scientific record; see category index
robustness/interaction,experiments/crta_v3_stage_ladder_v3_lesions_v1/support_label/nh2kn/dose_0.25/diabetes_history/seed_59/metrics.json,Existing scientific record; see category index
robustness/interaction,experiments/crta_v3_stage_ladder_v3_lesions_v1/support_label/nh2kn/dose_0.25/heart_attack_history/seed_50/metrics.json,Existing scientific record; see category index
robustness/interaction,experiments/crta_v3_stage_ladder_v3_lesions_v1/support_label/nh2kn/dose_0.25/heart_attack_history/seed_51/metrics.json,Existing scientific record; see category index
robustness/interaction,experiments/crta_v3_stage_ladder_v3_lesions_v1/support_label/nh2kn/dose_0.25/heart_attack_history/seed_52/metrics.json,Existing scientific record; see category index
robustness/interaction,experiments/crta_v3_stage_ladder_v3_lesions_v1/support_label/nh2kn/dose_0.25/heart_attack_history/seed_53/metrics.json,Existing scientific record; see category index
robustness/interaction,experiments/crta_v3_stage_ladder_v3_lesions_v1/support_label/nh2kn/dose_0.25/heart_attack_history/seed_54/metrics.json,Existing scientific record; see category index
robustness/interaction,experiments/crta_v3_stage_ladder_v3_lesions_v1/support_label/nh2kn/dose_0.25/heart_attack_history/seed_55/metrics.json,Existing scientific record; see category index
robustness/interaction,experiments/crta_v3_stage_ladder_v3_lesions_v1/support_label/nh2kn/dose_0.25/heart_attack_history/seed_56/metrics.json,Existing scientific record; see category index
robustness/interaction,experiments/crta_v3_stage_ladder_v3_lesions_v1/support_label/nh2kn/dose_0.25/heart_attack_history/seed_57/metrics.json,Existing scientific record; see category index
robustness/interaction,experiments/crta_v3_stage_ladder_v3_lesions_v1/support_label/nh2kn/dose_0.25/heart_attack_history/seed_58/metrics.json,Existing scientific record; see category index
robustness/interaction,experiments/crta_v3_stage_ladder_v3_lesions_v1/support_label/nh2kn/dose_0.25/heart_attack_history/seed_59/metrics.json,Existing scientific record; see category index
robustness/interaction,experiments/crta_v3_stage_ladder_v3_lesions_v1/support_label/nh2kn/dose_0.25/hypertension_history/seed_50/metrics.json,Existing scientific record; see category index
robustness/interaction,experiments/crta_v3_stage_ladder_v3_lesions_v1/support_label/nh2kn/dose_0.25/hypertension_history/seed_51/metrics.json,Existing scientific record; see category index
robustness/interaction,experiments/crta_v3_stage_ladder_v3_lesions_v1/support_label/nh2kn/dose_0.25/hypertension_history/seed_52/metrics.json,Existing scientific record; see category index
robustness/interaction,experiments/crta_v3_stage_ladder_v3_lesions_v1/support_label/nh2kn/dose_0.25/hypertension_history/seed_53/metrics.json,Existing scientific record; see category index
robustness/interaction,experiments/crta_v3_stage_ladder_v3_lesions_v1/support_label/nh2kn/dose_0.25/hypertension_history/seed_54/metrics.json,Existing scientific record; see category index
robustness/interaction,experiments/crta_v3_stage_ladder_v3_lesions_v1/support_label/nh2kn/dose_0.25/hypertension_history/seed_55/metrics.json,Existing scientific record; see category index
robustness/interaction,experiments/crta_v3_stage_ladder_v3_lesions_v1/support_label/nh2kn/dose_0.25/hypertension_history/seed_56/metrics.json,Existing scientific record; see category index
robustness/interaction,experiments/crta_v3_stage_ladder_v3_lesions_v1/support_label/nh2kn/dose_0.25/hypertension_history/seed_57/metrics.json,Existing scientific record; see category index
robustness/interaction,experiments/crta_v3_stage_ladder_v3_lesions_v1/support_label/nh2kn/dose_0.25/hypertension_history/seed_58/metrics.json,Existing scientific record; see category index
robustness/interaction,experiments/crta_v3_stage_ladder_v3_lesions_v1/support_label/nh2kn/dose_0.25/hypertension_history/seed_59/metrics.json,Existing scientific record; see category index
robustness/interaction,experiments/crta_v3_stage_ladder_v3_lesions_v1/support_label/nh2kn/dose_0.25/kidney_disease_history/seed_50/metrics.json,Existing scientific record; see category index
robustness/interaction,experiments/crta_v3_stage_ladder_v3_lesions_v1/support_label/nh2kn/dose_0.25/kidney_disease_history/seed_51/metrics.json,Existing scientific record; see category index
robustness/interaction,experiments/crta_v3_stage_ladder_v3_lesions_v1/support_label/nh2kn/dose_0.25/kidney_disease_history/seed_52/metrics.json,Existing scientific record; see category index
robustness/interaction,experiments/crta_v3_stage_ladder_v3_lesions_v1/support_label/nh2kn/dose_0.25/kidney_disease_history/seed_53/metrics.json,Existing scientific record; see category index
robustness/interaction,experiments/crta_v3_stage_ladder_v3_lesions_v1/support_label/nh2kn/dose_0.25/kidney_disease_history/seed_54/metrics.json,Existing scientific record; see category index
robustness/interaction,experiments/crta_v3_stage_ladder_v3_lesions_v1/support_label/nh2kn/dose_0.25/kidney_disease_history/seed_55/metrics.json,Existing scientific record; see category index
robustness/interaction,experiments/crta_v3_stage_ladder_v3_lesions_v1/support_label/nh2kn/dose_0.25/kidney_disease_history/seed_56/metrics.json,Existing scientific record; see category index
robustness/interaction,experiments/crta_v3_stage_ladder_v3_lesions_v1/support_label/nh2kn/dose_0.25/kidney_disease_history/seed_57/metrics.json,Existing scientific record; see category index
robustness/interaction,experiments/crta_v3_stage_ladder_v3_lesions_v1/support_label/nh2kn/dose_0.25/kidney_disease_history/seed_58/metrics.json,Existing scientific record; see category index
robustness/interaction,experiments/crta_v3_stage_ladder_v3_lesions_v1/support_label/nh2kn/dose_0.25/kidney_disease_history/seed_59/metrics.json,Existing scientific record; see category index
robustness/interaction,experiments/crta_v3_stage_ladder_v3_lesions_v1/support_label/nh2kn/dose_0.25/stroke_history/seed_50/metrics.json,Existing scientific record; see category index
robustness/interaction,experiments/crta_v3_stage_ladder_v3_lesions_v1/support_label/nh2kn/dose_0.25/stroke_history/seed_51/metrics.json,Existing scientific record; see category index
robustness/interaction,experiments/crta_v3_stage_ladder_v3_lesions_v1/support_label/nh2kn/dose_0.25/stroke_history/seed_52/metrics.json,Existing scientific record; see category index
robustness/interaction,experiments/crta_v3_stage_ladder_v3_lesions_v1/support_label/nh2kn/dose_0.25/stroke_history/seed_53/metrics.json,Existing scientific record; see category index
robustness/interaction,experiments/crta_v3_stage_ladder_v3_lesions_v1/support_label/nh2kn/dose_0.25/stroke_history/seed_54/metrics.json,Existing scientific record; see category index
robustness/interaction,experiments/crta_v3_stage_ladder_v3_lesions_v1/support_label/nh2kn/dose_0.25/stroke_history/seed_55/metrics.json,Existing scientific record; see category index
robustness/interaction,experiments/crta_v3_stage_ladder_v3_lesions_v1/support_label/nh2kn/dose_0.25/stroke_history/seed_56/metrics.json,Existing scientific record; see category index
robustness/interaction,experiments/crta_v3_stage_ladder_v3_lesions_v1/support_label/nh2kn/dose_0.25/stroke_history/seed_57/metrics.json,Existing scientific record; see category index
robustness/interaction,experiments/crta_v3_stage_ladder_v3_lesions_v1/support_label/nh2kn/dose_0.25/stroke_history/seed_58/metrics.json,Existing scientific record; see category index
robustness/interaction,experiments/crta_v3_stage_ladder_v3_lesions_v1/support_label/nh2kn/dose_0.25/stroke_history/seed_59/metrics.json,Existing scientific record; see category index
robustness/interaction,experiments/crta_v3_stage_ladder_v3_lesions_v1/support_label/nh2kn/dose_0.50/LESION_AUDIT_V1.json,Existing scientific record; see category index
robustness/interaction,experiments/crta_v3_stage_ladder_v3_lesions_v1/support_label/nh2kn/dose_0.50/angina_history/seed_50/metrics.json,Existing scientific record; see category index
robustness/interaction,experiments/crta_v3_stage_ladder_v3_lesions_v1/support_label/nh2kn/dose_0.50/angina_history/seed_51/metrics.json,Existing scientific record; see category index
robustness/interaction,experiments/crta_v3_stage_ladder_v3_lesions_v1/support_label/nh2kn/dose_0.50/angina_history/seed_52/metrics.json,Existing scientific record; see category index
robustness/interaction,experiments/crta_v3_stage_ladder_v3_lesions_v1/support_label/nh2kn/dose_0.50/angina_history/seed_53/metrics.json,Existing scientific record; see category index
robustness/interaction,experiments/crta_v3_stage_ladder_v3_lesions_v1/support_label/nh2kn/dose_0.50/angina_history/seed_54/metrics.json,Existing scientific record; see category index
robustness/interaction,experiments/crta_v3_stage_ladder_v3_lesions_v1/support_label/nh2kn/dose_0.50/angina_history/seed_55/metrics.json,Existing scientific record; see category index
robustness/interaction,experiments/crta_v3_stage_ladder_v3_lesions_v1/support_label/nh2kn/dose_0.50/angina_history/seed_56/metrics.json,Existing scientific record; see category index
robustness/interaction,experiments/crta_v3_stage_ladder_v3_lesions_v1/support_label/nh2kn/dose_0.50/angina_history/seed_57/metrics.json,Existing scientific record; see category index
robustness/interaction,experiments/crta_v3_stage_ladder_v3_lesions_v1/support_label/nh2kn/dose_0.50/angina_history/seed_58/metrics.json,Existing scientific record; see category index
robustness/interaction,experiments/crta_v3_stage_ladder_v3_lesions_v1/support_label/nh2kn/dose_0.50/angina_history/seed_59/metrics.json,Existing scientific record; see category index
robustness/interaction,experiments/crta_v3_stage_ladder_v3_lesions_v1/support_label/nh2kn/dose_0.50/arthritis_history/seed_50/metrics.json,Existing scientific record; see category index
robustness/interaction,experiments/crta_v3_stage_ladder_v3_lesions_v1/support_label/nh2kn/dose_0.50/arthritis_history/seed_51/metrics.json,Existing scientific record; see category index
robustness/interaction,experiments/crta_v3_stage_ladder_v3_lesions_v1/support_label/nh2kn/dose_0.50/arthritis_history/seed_52/metrics.json,Existing scientific record; see category index
robustness/interaction,experiments/crta_v3_stage_ladder_v3_lesions_v1/support_label/nh2kn/dose_0.50/arthritis_history/seed_53/metrics.json,Existing scientific record; see category index
robustness/interaction,experiments/crta_v3_stage_ladder_v3_lesions_v1/support_label/nh2kn/dose_0.50/arthritis_history/seed_54/metrics.json,Existing scientific record; see category index
robustness/interaction,experiments/crta_v3_stage_ladder_v3_lesions_v1/support_label/nh2kn/dose_0.50/arthritis_history/seed_55/metrics.json,Existing scientific record; see category index
robustness/interaction,experiments/crta_v3_stage_ladder_v3_lesions_v1/support_label/nh2kn/dose_0.50/arthritis_history/seed_56/metrics.json,Existing scientific record; see category index
robustness/interaction,experiments/crta_v3_stage_ladder_v3_lesions_v1/support_label/nh2kn/dose_0.50/arthritis_history/seed_57/metrics.json,Existing scientific record; see category index
robustness/interaction,experiments/crta_v3_stage_ladder_v3_lesions_v1/support_label/nh2kn/dose_0.50/arthritis_history/seed_58/metrics.json,Existing scientific record; see category index
robustness/interaction,experiments/crta_v3_stage_ladder_v3_lesions_v1/support_label/nh2kn/dose_0.50/arthritis_history/seed_59/metrics.json,Existing scientific record; see category index
robustness/interaction,experiments/crta_v3_stage_ladder_v3_lesions_v1/support_label/nh2kn/dose_0.50/asthma_history/seed_50/metrics.json,Existing scientific record; see category index
robustness/interaction,experiments/crta_v3_stage_ladder_v3_lesions_v1/support_label/nh2kn/dose_0.50/asthma_history/seed_51/metrics.json,Existing scientific record; see category index
robustness/interaction,experiments/crta_v3_stage_ladder_v3_lesions_v1/support_label/nh2kn/dose_0.50/asthma_history/seed_52/metrics.json,Existing scientific record; see category index
robustness/interaction,experiments/crta_v3_stage_ladder_v3_lesions_v1/support_label/nh2kn/dose_0.50/asthma_history/seed_53/metrics.json,Existing scientific record; see category index
robustness/interaction,experiments/crta_v3_stage_ladder_v3_lesions_v1/support_label/nh2kn/dose_0.50/asthma_history/seed_54/metrics.json,Existing scientific record; see category index
robustness/interaction,experiments/crta_v3_stage_ladder_v3_lesions_v1/support_label/nh2kn/dose_0.50/asthma_history/seed_55/metrics.json,Existing scientific record; see category index
robustness/interaction,experiments/crta_v3_stage_ladder_v3_lesions_v1/support_label/nh2kn/dose_0.50/asthma_history/seed_56/metrics.json,Existing scientific record; see category index
robustness/interaction,experiments/crta_v3_stage_ladder_v3_lesions_v1/support_label/nh2kn/dose_0.50/asthma_history/seed_57/metrics.json,Existing scientific record; see category index
robustness/interaction,experiments/crta_v3_stage_ladder_v3_lesions_v1/support_label/nh2kn/dose_0.50/asthma_history/seed_58/metrics.json,Existing scientific record; see category index
robustness/interaction,experiments/crta_v3_stage_ladder_v3_lesions_v1/support_label/nh2kn/dose_0.50/asthma_history/seed_59/metrics.json,Existing scientific record; see category index
robustness/interaction,experiments/crta_v3_stage_ladder_v3_lesions_v1/support_label/nh2kn/dose_0.50/cancer_history/seed_50/metrics.json,Existing scientific record; see category index
robustness/interaction,experiments/crta_v3_stage_ladder_v3_lesions_v1/support_label/nh2kn/dose_0.50/cancer_history/seed_51/metrics.json,Existing scientific record; see category index
robustness/interaction,experiments/crta_v3_stage_ladder_v3_lesions_v1/support_label/nh2kn/dose_0.50/cancer_history/seed_52/metrics.json,Existing scientific record; see category index
robustness/interaction,experiments/crta_v3_stage_ladder_v3_lesions_v1/support_label/nh2kn/dose_0.50/cancer_history/seed_53/metrics.json,Existing scientific record; see category index
robustness/interaction,experiments/crta_v3_stage_ladder_v3_lesions_v1/support_label/nh2kn/dose_0.50/cancer_history/seed_54/metrics.json,Existing scientific record; see category index
robustness/interaction,experiments/crta_v3_stage_ladder_v3_lesions_v1/support_label/nh2kn/dose_0.50/cancer_history/seed_55/metrics.json,Existing scientific record; see category index
robustness/interaction,experiments/crta_v3_stage_ladder_v3_lesions_v1/support_label/nh2kn/dose_0.50/cancer_history/seed_56/metrics.json,Existing scientific record; see category index
robustness/interaction,experiments/crta_v3_stage_ladder_v3_lesions_v1/support_label/nh2kn/dose_0.50/cancer_history/seed_57/metrics.json,Existing scientific record; see category index
robustness/interaction,experiments/crta_v3_stage_ladder_v3_lesions_v1/support_label/nh2kn/dose_0.50/cancer_history/seed_58/metrics.json,Existing scientific record; see category index
robustness/interaction,experiments/crta_v3_stage_ladder_v3_lesions_v1/support_label/nh2kn/dose_0.50/cancer_history/seed_59/metrics.json,Existing scientific record; see category index
robustness/interaction,experiments/crta_v3_stage_ladder_v3_lesions_v1/support_label/nh2kn/dose_0.50/current_smoking_status/seed_50/metrics.json,Existing scientific record; see category index
robustness/interaction,experiments/crta_v3_stage_ladder_v3_lesions_v1/support_label/nh2kn/dose_0.50/current_smoking_status/seed_51/metrics.json,Existing scientific record; see category index
robustness/interaction,experiments/crta_v3_stage_ladder_v3_lesions_v1/support_label/nh2kn/dose_0.50/current_smoking_status/seed_52/metrics.json,Existing scientific record; see category index
robustness/interaction,experiments/crta_v3_stage_ladder_v3_lesions_v1/support_label/nh2kn/dose_0.50/current_smoking_status/seed_53/metrics.json,Existing scientific record; see category index
robustness/interaction,experiments/crta_v3_stage_ladder_v3_lesions_v1/support_label/nh2kn/dose_0.50/current_smoking_status/seed_54/metrics.json,Existing scientific record; see category index
robustness/interaction,experiments/crta_v3_stage_ladder_v3_lesions_v1/support_label/nh2kn/dose_0.50/current_smoking_status/seed_55/metrics.json,Existing scientific record; see category index
robustness/interaction,experiments/crta_v3_stage_ladder_v3_lesions_v1/support_label/nh2kn/dose_0.50/current_smoking_status/seed_56/metrics.json,Existing scientific record; see category index
robustness/interaction,experiments/crta_v3_stage_ladder_v3_lesions_v1/support_label/nh2kn/dose_0.50/current_smoking_status/seed_57/metrics.json,Existing scientific record; see category index
robustness/interaction,experiments/crta_v3_stage_ladder_v3_lesions_v1/support_label/nh2kn/dose_0.50/current_smoking_status/seed_58/metrics.json,Existing scientific record; see category index
robustness/interaction,experiments/crta_v3_stage_ladder_v3_lesions_v1/support_label/nh2kn/dose_0.50/current_smoking_status/seed_59/metrics.json,Existing scientific record; see category index
robustness/interaction,experiments/crta_v3_stage_ladder_v3_lesions_v1/support_label/nh2kn/dose_0.50/diabetes_history/seed_50/metrics.json,Existing scientific record; see category index
robustness/interaction,experiments/crta_v3_stage_ladder_v3_lesions_v1/support_label/nh2kn/dose_0.50/diabetes_history/seed_51/metrics.json,Existing scientific record; see category index
robustness/interaction,experiments/crta_v3_stage_ladder_v3_lesions_v1/support_label/nh2kn/dose_0.50/diabetes_history/seed_52/metrics.json,Existing scientific record; see category index
robustness/interaction,experiments/crta_v3_stage_ladder_v3_lesions_v1/support_label/nh2kn/dose_0.50/diabetes_history/seed_53/metrics.json,Existing scientific record; see category index
robustness/interaction,experiments/crta_v3_stage_ladder_v3_lesions_v1/support_label/nh2kn/dose_0.50/diabetes_history/seed_54/metrics.json,Existing scientific record; see category index
robustness/interaction,experiments/crta_v3_stage_ladder_v3_lesions_v1/support_label/nh2kn/dose_0.50/diabetes_history/seed_55/metrics.json,Existing scientific record; see category index
robustness/interaction,experiments/crta_v3_stage_ladder_v3_lesions_v1/support_label/nh2kn/dose_0.50/diabetes_history/seed_56/metrics.json,Existing scientific record; see category index
robustness/interaction,experiments/crta_v3_stage_ladder_v3_lesions_v1/support_label/nh2kn/dose_0.50/diabetes_history/seed_57/metrics.json,Existing scientific record; see category index
robustness/interaction,experiments/crta_v3_stage_ladder_v3_lesions_v1/support_label/nh2kn/dose_0.50/diabetes_history/seed_58/metrics.json,Existing scientific record; see category index
robustness/interaction,experiments/crta_v3_stage_ladder_v3_lesions_v1/support_label/nh2kn/dose_0.50/diabetes_history/seed_59/metrics.json,Existing scientific record; see category index
robustness/interaction,experiments/crta_v3_stage_ladder_v3_lesions_v1/support_label/nh2kn/dose_0.50/heart_attack_history/seed_50/metrics.json,Existing scientific record; see category index
robustness/interaction,experiments/crta_v3_stage_ladder_v3_lesions_v1/support_label/nh2kn/dose_0.50/heart_attack_history/seed_51/metrics.json,Existing scientific record; see category index
robustness/interaction,experiments/crta_v3_stage_ladder_v3_lesions_v1/support_label/nh2kn/dose_0.50/heart_attack_history/seed_52/metrics.json,Existing scientific record; see category index
robustness/interaction,experiments/crta_v3_stage_ladder_v3_lesions_v1/support_label/nh2kn/dose_0.50/heart_attack_history/seed_53/metrics.json,Existing scientific record; see category index
robustness/interaction,experiments/crta_v3_stage_ladder_v3_lesions_v1/support_label/nh2kn/dose_0.50/heart_attack_history/seed_54/metrics.json,Existing scientific record; see category index
robustness/interaction,experiments/crta_v3_stage_ladder_v3_lesions_v1/support_label/nh2kn/dose_0.50/heart_attack_history/seed_55/metrics.json,Existing scientific record; see category index
robustness/interaction,experiments/crta_v3_stage_ladder_v3_lesions_v1/support_label/nh2kn/dose_0.50/heart_attack_history/seed_56/metrics.json,Existing scientific record; see category index
robustness/interaction,experiments/crta_v3_stage_ladder_v3_lesions_v1/support_label/nh2kn/dose_0.50/heart_attack_history/seed_57/metrics.json,Existing scientific record; see category index
robustness/interaction,experiments/crta_v3_stage_ladder_v3_lesions_v1/support_label/nh2kn/dose_0.50/heart_attack_history/seed_58/metrics.json,Existing scientific record; see category index
robustness/interaction,experiments/crta_v3_stage_ladder_v3_lesions_v1/support_label/nh2kn/dose_0.50/heart_attack_history/seed_59/metrics.json,Existing scientific record; see category index
robustness/interaction,experiments/crta_v3_stage_ladder_v3_lesions_v1/support_label/nh2kn/dose_0.50/hypertension_history/seed_50/metrics.json,Existing scientific record; see category index
robustness/interaction,experiments/crta_v3_stage_ladder_v3_lesions_v1/support_label/nh2kn/dose_0.50/hypertension_history/seed_51/metrics.json,Existing scientific record; see category index
robustness/interaction,experiments/crta_v3_stage_ladder_v3_lesions_v1/support_label/nh2kn/dose_0.50/hypertension_history/seed_52/metrics.json,Existing scientific record; see category index
robustness/interaction,experiments/crta_v3_stage_ladder_v3_lesions_v1/support_label/nh2kn/dose_0.50/hypertension_history/seed_53/metrics.json,Existing scientific record; see category index
robustness/interaction,experiments/crta_v3_stage_ladder_v3_lesions_v1/support_label/nh2kn/dose_0.50/hypertension_history/seed_54/metrics.json,Existing scientific record; see category index
robustness/interaction,experiments/crta_v3_stage_ladder_v3_lesions_v1/support_label/nh2kn/dose_0.50/hypertension_history/seed_55/metrics.json,Existing scientific record; see category index
robustness/interaction,experiments/crta_v3_stage_ladder_v3_lesions_v1/support_label/nh2kn/dose_0.50/hypertension_history/seed_56/metrics.json,Existing scientific record; see category index
robustness/interaction,experiments/crta_v3_stage_ladder_v3_lesions_v1/support_label/nh2kn/dose_0.50/hypertension_history/seed_57/metrics.json,Existing scientific record; see category index
robustness/interaction,experiments/crta_v3_stage_ladder_v3_lesions_v1/support_label/nh2kn/dose_0.50/hypertension_history/seed_58/metrics.json,Existing scientific record; see category index
robustness/interaction,experiments/crta_v3_stage_ladder_v3_lesions_v1/support_label/nh2kn/dose_0.50/hypertension_history/seed_59/metrics.json,Existing scientific record; see category index
robustness/interaction,experiments/crta_v3_stage_ladder_v3_lesions_v1/support_label/nh2kn/dose_0.50/kidney_disease_history/seed_50/metrics.json,Existing scientific record; see category index
robustness/interaction,experiments/crta_v3_stage_ladder_v3_lesions_v1/support_label/nh2kn/dose_0.50/kidney_disease_history/seed_51/metrics.json,Existing scientific record; see category index
robustness/interaction,experiments/crta_v3_stage_ladder_v3_lesions_v1/support_label/nh2kn/dose_0.50/kidney_disease_history/seed_52/metrics.json,Existing scientific record; see category index
robustness/interaction,experiments/crta_v3_stage_ladder_v3_lesions_v1/support_label/nh2kn/dose_0.50/kidney_disease_history/seed_53/metrics.json,Existing scientific record; see category index
robustness/interaction,experiments/crta_v3_stage_ladder_v3_lesions_v1/support_label/nh2kn/dose_0.50/kidney_disease_history/seed_54/metrics.json,Existing scientific record; see category index
robustness/interaction,experiments/crta_v3_stage_ladder_v3_lesions_v1/support_label/nh2kn/dose_0.50/kidney_disease_history/seed_55/metrics.json,Existing scientific record; see category index
robustness/interaction,experiments/crta_v3_stage_ladder_v3_lesions_v1/support_label/nh2kn/dose_0.50/kidney_disease_history/seed_56/metrics.json,Existing scientific record; see category index
robustness/interaction,experiments/crta_v3_stage_ladder_v3_lesions_v1/support_label/nh2kn/dose_0.50/kidney_disease_history/seed_57/metrics.json,Existing scientific record; see category index
robustness/interaction,experiments/crta_v3_stage_ladder_v3_lesions_v1/support_label/nh2kn/dose_0.50/kidney_disease_history/seed_58/metrics.json,Existing scientific record; see category index
robustness/interaction,experiments/crta_v3_stage_ladder_v3_lesions_v1/support_label/nh2kn/dose_0.50/kidney_disease_history/seed_59/metrics.json,Existing scientific record; see category index
robustness/interaction,experiments/crta_v3_stage_ladder_v3_lesions_v1/support_label/nh2kn/dose_0.50/stroke_history/seed_50/metrics.json,Existing scientific record; see category index
robustness/interaction,experiments/crta_v3_stage_ladder_v3_lesions_v1/support_label/nh2kn/dose_0.50/stroke_history/seed_51/metrics.json,Existing scientific record; see category index
robustness/interaction,experiments/crta_v3_stage_ladder_v3_lesions_v1/support_label/nh2kn/dose_0.50/stroke_history/seed_52/metrics.json,Existing scientific record; see category index
robustness/interaction,experiments/crta_v3_stage_ladder_v3_lesions_v1/support_label/nh2kn/dose_0.50/stroke_history/seed_53/metrics.json,Existing scientific record; see category index
robustness/interaction,experiments/crta_v3_stage_ladder_v3_lesions_v1/support_label/nh2kn/dose_0.50/stroke_history/seed_54/metrics.json,Existing scientific record; see category index
robustness/interaction,experiments/crta_v3_stage_ladder_v3_lesions_v1/support_label/nh2kn/dose_0.50/stroke_history/seed_55/metrics.json,Existing scientific record; see category index
robustness/interaction,experiments/crta_v3_stage_ladder_v3_lesions_v1/support_label/nh2kn/dose_0.50/stroke_history/seed_56/metrics.json,Existing scientific record; see category index
robustness/interaction,experiments/crta_v3_stage_ladder_v3_lesions_v1/support_label/nh2kn/dose_0.50/stroke_history/seed_57/metrics.json,Existing scientific record; see category index
robustness/interaction,experiments/crta_v3_stage_ladder_v3_lesions_v1/support_label/nh2kn/dose_0.50/stroke_history/seed_58/metrics.json,Existing scientific record; see category index
robustness/interaction,experiments/crta_v3_stage_ladder_v3_lesions_v1/support_label/nh2kn/dose_0.50/stroke_history/seed_59/metrics.json,Existing scientific record; see category index
robustness/interaction,experiments/crta_v3_stage_ladder_v3_lesions_v1/support_label/nh2kn/dose_0.75/LESION_AUDIT_V1.json,Existing scientific record; see category index
robustness/interaction,experiments/crta_v3_stage_ladder_v3_lesions_v1/support_label/nh2kn/dose_0.75/angina_history/seed_50/metrics.json,Existing scientific record; see category index
robustness/interaction,experiments/crta_v3_stage_ladder_v3_lesions_v1/support_label/nh2kn/dose_0.75/angina_history/seed_51/metrics.json,Existing scientific record; see category index
robustness/interaction,experiments/crta_v3_stage_ladder_v3_lesions_v1/support_label/nh2kn/dose_0.75/angina_history/seed_52/metrics.json,Existing scientific record; see category index
robustness/interaction,experiments/crta_v3_stage_ladder_v3_lesions_v1/support_label/nh2kn/dose_0.75/angina_history/seed_53/metrics.json,Existing scientific record; see category index
robustness/interaction,experiments/crta_v3_stage_ladder_v3_lesions_v1/support_label/nh2kn/dose_0.75/angina_history/seed_54/metrics.json,Existing scientific record; see category index
robustness/interaction,experiments/crta_v3_stage_ladder_v3_lesions_v1/support_label/nh2kn/dose_0.75/angina_history/seed_55/metrics.json,Existing scientific record; see category index
robustness/interaction,experiments/crta_v3_stage_ladder_v3_lesions_v1/support_label/nh2kn/dose_0.75/angina_history/seed_56/metrics.json,Existing scientific record; see category index
robustness/interaction,experiments/crta_v3_stage_ladder_v3_lesions_v1/support_label/nh2kn/dose_0.75/angina_history/seed_57/metrics.json,Existing scientific record; see category index
robustness/interaction,experiments/crta_v3_stage_ladder_v3_lesions_v1/support_label/nh2kn/dose_0.75/angina_history/seed_58/metrics.json,Existing scientific record; see category index
robustness/interaction,experiments/crta_v3_stage_ladder_v3_lesions_v1/support_label/nh2kn/dose_0.75/angina_history/seed_59/metrics.json,Existing scientific record; see category index
robustness/interaction,experiments/crta_v3_stage_ladder_v3_lesions_v1/support_label/nh2kn/dose_0.75/arthritis_history/seed_50/metrics.json,Existing scientific record; see category index
robustness/interaction,experiments/crta_v3_stage_ladder_v3_lesions_v1/support_label/nh2kn/dose_0.75/arthritis_history/seed_51/metrics.json,Existing scientific record; see category index
robustness/interaction,experiments/crta_v3_stage_ladder_v3_lesions_v1/support_label/nh2kn/dose_0.75/arthritis_history/seed_52/metrics.json,Existing scientific record; see category index
robustness/interaction,experiments/crta_v3_stage_ladder_v3_lesions_v1/support_label/nh2kn/dose_0.75/arthritis_history/seed_53/metrics.json,Existing scientific record; see category index
robustness/interaction,experiments/crta_v3_stage_ladder_v3_lesions_v1/support_label/nh2kn/dose_0.75/arthritis_history/seed_54/metrics.json,Existing scientific record; see category index
robustness/interaction,experiments/crta_v3_stage_ladder_v3_lesions_v1/support_label/nh2kn/dose_0.75/arthritis_history/seed_55/metrics.json,Existing scientific record; see category index
robustness/interaction,experiments/crta_v3_stage_ladder_v3_lesions_v1/support_label/nh2kn/dose_0.75/arthritis_history/seed_56/metrics.json,Existing scientific record; see category index
robustness/interaction,experiments/crta_v3_stage_ladder_v3_lesions_v1/support_label/nh2kn/dose_0.75/arthritis_history/seed_57/metrics.json,Existing scientific record; see category index
robustness/interaction,experiments/crta_v3_stage_ladder_v3_lesions_v1/support_label/nh2kn/dose_0.75/arthritis_history/seed_58/metrics.json,Existing scientific record; see category index
robustness/interaction,experiments/crta_v3_stage_ladder_v3_lesions_v1/support_label/nh2kn/dose_0.75/arthritis_history/seed_59/metrics.json,Existing scientific record; see category index
robustness/interaction,experiments/crta_v3_stage_ladder_v3_lesions_v1/support_label/nh2kn/dose_0.75/asthma_history/seed_50/metrics.json,Existing scientific record; see category index
robustness/interaction,experiments/crta_v3_stage_ladder_v3_lesions_v1/support_label/nh2kn/dose_0.75/asthma_history/seed_51/metrics.json,Existing scientific record; see category index
robustness/interaction,experiments/crta_v3_stage_ladder_v3_lesions_v1/support_label/nh2kn/dose_0.75/asthma_history/seed_52/metrics.json,Existing scientific record; see category index
robustness/interaction,experiments/crta_v3_stage_ladder_v3_lesions_v1/support_label/nh2kn/dose_0.75/asthma_history/seed_53/metrics.json,Existing scientific record; see category index
robustness/interaction,experiments/crta_v3_stage_ladder_v3_lesions_v1/support_label/nh2kn/dose_0.75/asthma_history/seed_54/metrics.json,Existing scientific record; see category index
robustness/interaction,experiments/crta_v3_stage_ladder_v3_lesions_v1/support_label/nh2kn/dose_0.75/asthma_history/seed_55/metrics.json,Existing scientific record; see category index
robustness/interaction,experiments/crta_v3_stage_ladder_v3_lesions_v1/support_label/nh2kn/dose_0.75/asthma_history/seed_56/metrics.json,Existing scientific record; see category index
robustness/interaction,experiments/crta_v3_stage_ladder_v3_lesions_v1/support_label/nh2kn/dose_0.75/asthma_history/seed_57/metrics.json,Existing scientific record; see category index
robustness/interaction,experiments/crta_v3_stage_ladder_v3_lesions_v1/support_label/nh2kn/dose_0.75/asthma_history/seed_58/metrics.json,Existing scientific record; see category index
robustness/interaction,experiments/crta_v3_stage_ladder_v3_lesions_v1/support_label/nh2kn/dose_0.75/asthma_history/seed_59/metrics.json,Existing scientific record; see category index
robustness/interaction,experiments/crta_v3_stage_ladder_v3_lesions_v1/support_label/nh2kn/dose_0.75/cancer_history/seed_50/metrics.json,Existing scientific record; see category index
robustness/interaction,experiments/crta_v3_stage_ladder_v3_lesions_v1/support_label/nh2kn/dose_0.75/cancer_history/seed_51/metrics.json,Existing scientific record; see category index
robustness/interaction,experiments/crta_v3_stage_ladder_v3_lesions_v1/support_label/nh2kn/dose_0.75/cancer_history/seed_52/metrics.json,Existing scientific record; see category index
robustness/interaction,experiments/crta_v3_stage_ladder_v3_lesions_v1/support_label/nh2kn/dose_0.75/cancer_history/seed_53/metrics.json,Existing scientific record; see category index
robustness/interaction,experiments/crta_v3_stage_ladder_v3_lesions_v1/support_label/nh2kn/dose_0.75/cancer_history/seed_54/metrics.json,Existing scientific record; see category index
robustness/interaction,experiments/crta_v3_stage_ladder_v3_lesions_v1/support_label/nh2kn/dose_0.75/cancer_history/seed_55/metrics.json,Existing scientific record; see category index
robustness/interaction,experiments/crta_v3_stage_ladder_v3_lesions_v1/support_label/nh2kn/dose_0.75/cancer_history/seed_56/metrics.json,Existing scientific record; see category index
robustness/interaction,experiments/crta_v3_stage_ladder_v3_lesions_v1/support_label/nh2kn/dose_0.75/cancer_history/seed_57/metrics.json,Existing scientific record; see category index
robustness/interaction,experiments/crta_v3_stage_ladder_v3_lesions_v1/support_label/nh2kn/dose_0.75/cancer_history/seed_58/metrics.json,Existing scientific record; see category index
robustness/interaction,experiments/crta_v3_stage_ladder_v3_lesions_v1/support_label/nh2kn/dose_0.75/cancer_history/seed_59/metrics.json,Existing scientific record; see category index
robustness/interaction,experiments/crta_v3_stage_ladder_v3_lesions_v1/support_label/nh2kn/dose_0.75/current_smoking_status/seed_50/metrics.json,Existing scientific record; see category index
robustness/interaction,experiments/crta_v3_stage_ladder_v3_lesions_v1/support_label/nh2kn/dose_0.75/current_smoking_status/seed_51/metrics.json,Existing scientific record; see category index
robustness/interaction,experiments/crta_v3_stage_ladder_v3_lesions_v1/support_label/nh2kn/dose_0.75/current_smoking_status/seed_52/metrics.json,Existing scientific record; see category index
robustness/interaction,experiments/crta_v3_stage_ladder_v3_lesions_v1/support_label/nh2kn/dose_0.75/current_smoking_status/seed_53/metrics.json,Existing scientific record; see category index
robustness/interaction,experiments/crta_v3_stage_ladder_v3_lesions_v1/support_label/nh2kn/dose_0.75/current_smoking_status/seed_54/metrics.json,Existing scientific record; see category index
robustness/interaction,experiments/crta_v3_stage_ladder_v3_lesions_v1/support_label/nh2kn/dose_0.75/current_smoking_status/seed_55/metrics.json,Existing scientific record; see category index
robustness/interaction,experiments/crta_v3_stage_ladder_v3_lesions_v1/support_label/nh2kn/dose_0.75/current_smoking_status/seed_56/metrics.json,Existing scientific record; see category index
robustness/interaction,experiments/crta_v3_stage_ladder_v3_lesions_v1/support_label/nh2kn/dose_0.75/current_smoking_status/seed_57/metrics.json,Existing scientific record; see category index
robustness/interaction,experiments/crta_v3_stage_ladder_v3_lesions_v1/support_label/nh2kn/dose_0.75/current_smoking_status/seed_58/metrics.json,Existing scientific record; see category index
robustness/interaction,experiments/crta_v3_stage_ladder_v3_lesions_v1/support_label/nh2kn/dose_0.75/current_smoking_status/seed_59/metrics.json,Existing scientific record; see category index
robustness/interaction,experiments/crta_v3_stage_ladder_v3_lesions_v1/support_label/nh2kn/dose_0.75/diabetes_history/seed_50/metrics.json,Existing scientific record; see category index
robustness/interaction,experiments/crta_v3_stage_ladder_v3_lesions_v1/support_label/nh2kn/dose_0.75/diabetes_history/seed_51/metrics.json,Existing scientific record; see category index
robustness/interaction,experiments/crta_v3_stage_ladder_v3_lesions_v1/support_label/nh2kn/dose_0.75/diabetes_history/seed_52/metrics.json,Existing scientific record; see category index
robustness/interaction,experiments/crta_v3_stage_ladder_v3_lesions_v1/support_label/nh2kn/dose_0.75/diabetes_history/seed_53/metrics.json,Existing scientific record; see category index
robustness/interaction,experiments/crta_v3_stage_ladder_v3_lesions_v1/support_label/nh2kn/dose_0.75/diabetes_history/seed_54/metrics.json,Existing scientific record; see category index
robustness/interaction,experiments/crta_v3_stage_ladder_v3_lesions_v1/support_label/nh2kn/dose_0.75/diabetes_history/seed_55/metrics.json,Existing scientific record; see category index
robustness/interaction,experiments/crta_v3_stage_ladder_v3_lesions_v1/support_label/nh2kn/dose_0.75/diabetes_history/seed_56/metrics.json,Existing scientific record; see category index
robustness/interaction,experiments/crta_v3_stage_ladder_v3_lesions_v1/support_label/nh2kn/dose_0.75/diabetes_history/seed_57/metrics.json,Existing scientific record; see category index
robustness/interaction,experiments/crta_v3_stage_ladder_v3_lesions_v1/support_label/nh2kn/dose_0.75/diabetes_history/seed_58/metrics.json,Existing scientific record; see category index
robustness/interaction,experiments/crta_v3_stage_ladder_v3_lesions_v1/support_label/nh2kn/dose_0.75/diabetes_history/seed_59/metrics.json,Existing scientific record; see category index
robustness/interaction,experiments/crta_v3_stage_ladder_v3_lesions_v1/support_label/nh2kn/dose_0.75/heart_attack_history/seed_50/metrics.json,Existing scientific record; see category index
robustness/interaction,experiments/crta_v3_stage_ladder_v3_lesions_v1/support_label/nh2kn/dose_0.75/heart_attack_history/seed_51/metrics.json,Existing scientific record; see category index
robustness/interaction,experiments/crta_v3_stage_ladder_v3_lesions_v1/support_label/nh2kn/dose_0.75/heart_attack_history/seed_52/metrics.json,Existing scientific record; see category index
robustness/interaction,experiments/crta_v3_stage_ladder_v3_lesions_v1/support_label/nh2kn/dose_0.75/heart_attack_history/seed_53/metrics.json,Existing scientific record; see category index
robustness/interaction,experiments/crta_v3_stage_ladder_v3_lesions_v1/support_label/nh2kn/dose_0.75/heart_attack_history/seed_54/metrics.json,Existing scientific record; see category index
robustness/interaction,experiments/crta_v3_stage_ladder_v3_lesions_v1/support_label/nh2kn/dose_0.75/heart_attack_history/seed_55/metrics.json,Existing scientific record; see category index
robustness/interaction,experiments/crta_v3_stage_ladder_v3_lesions_v1/support_label/nh2kn/dose_0.75/heart_attack_history/seed_56/metrics.json,Existing scientific record; see category index
robustness/interaction,experiments/crta_v3_stage_ladder_v3_lesions_v1/support_label/nh2kn/dose_0.75/heart_attack_history/seed_57/metrics.json,Existing scientific record; see category index
robustness/interaction,experiments/crta_v3_stage_ladder_v3_lesions_v1/support_label/nh2kn/dose_0.75/heart_attack_history/seed_58/metrics.json,Existing scientific record; see category index
robustness/interaction,experiments/crta_v3_stage_ladder_v3_lesions_v1/support_label/nh2kn/dose_0.75/heart_attack_history/seed_59/metrics.json,Existing scientific record; see category index
robustness/interaction,experiments/crta_v3_stage_ladder_v3_lesions_v1/support_label/nh2kn/dose_0.75/hypertension_history/seed_50/metrics.json,Existing scientific record; see category index
robustness/interaction,experiments/crta_v3_stage_ladder_v3_lesions_v1/support_label/nh2kn/dose_0.75/hypertension_history/seed_51/metrics.json,Existing scientific record; see category index
robustness/interaction,experiments/crta_v3_stage_ladder_v3_lesions_v1/support_label/nh2kn/dose_0.75/hypertension_history/seed_52/metrics.json,Existing scientific record; see category index
robustness/interaction,experiments/crta_v3_stage_ladder_v3_lesions_v1/support_label/nh2kn/dose_0.75/hypertension_history/seed_53/metrics.json,Existing scientific record; see category index
robustness/interaction,experiments/crta_v3_stage_ladder_v3_lesions_v1/support_label/nh2kn/dose_0.75/hypertension_history/seed_54/metrics.json,Existing scientific record; see category index
robustness/interaction,experiments/crta_v3_stage_ladder_v3_lesions_v1/support_label/nh2kn/dose_0.75/hypertension_history/seed_55/metrics.json,Existing scientific record; see category index
robustness/interaction,experiments/crta_v3_stage_ladder_v3_lesions_v1/support_label/nh2kn/dose_0.75/hypertension_history/seed_56/metrics.json,Existing scientific record; see category index
robustness/interaction,experiments/crta_v3_stage_ladder_v3_lesions_v1/support_label/nh2kn/dose_0.75/hypertension_history/seed_57/metrics.json,Existing scientific record; see category index
robustness/interaction,experiments/crta_v3_stage_ladder_v3_lesions_v1/support_label/nh2kn/dose_0.75/hypertension_history/seed_58/metrics.json,Existing scientific record; see category index
robustness/interaction,experiments/crta_v3_stage_ladder_v3_lesions_v1/support_label/nh2kn/dose_0.75/hypertension_history/seed_59/metrics.json,Existing scientific record; see category index
robustness/interaction,experiments/crta_v3_stage_ladder_v3_lesions_v1/support_label/nh2kn/dose_0.75/kidney_disease_history/seed_50/metrics.json,Existing scientific record; see category index
robustness/interaction,experiments/crta_v3_stage_ladder_v3_lesions_v1/support_label/nh2kn/dose_0.75/kidney_disease_history/seed_51/metrics.json,Existing scientific record; see category index
robustness/interaction,experiments/crta_v3_stage_ladder_v3_lesions_v1/support_label/nh2kn/dose_0.75/kidney_disease_history/seed_52/metrics.json,Existing scientific record; see category index
robustness/interaction,experiments/crta_v3_stage_ladder_v3_lesions_v1/support_label/nh2kn/dose_0.75/kidney_disease_history/seed_53/metrics.json,Existing scientific record; see category index
robustness/interaction,experiments/crta_v3_stage_ladder_v3_lesions_v1/support_label/nh2kn/dose_0.75/kidney_disease_history/seed_54/metrics.json,Existing scientific record; see category index
robustness/interaction,experiments/crta_v3_stage_ladder_v3_lesions_v1/support_label/nh2kn/dose_0.75/kidney_disease_history/seed_55/metrics.json,Existing scientific record; see category index
robustness/interaction,experiments/crta_v3_stage_ladder_v3_lesions_v1/support_label/nh2kn/dose_0.75/kidney_disease_history/seed_56/metrics.json,Existing scientific record; see category index
robustness/interaction,experiments/crta_v3_stage_ladder_v3_lesions_v1/support_label/nh2kn/dose_0.75/kidney_disease_history/seed_57/metrics.json,Existing scientific record; see category index
robustness/interaction,experiments/crta_v3_stage_ladder_v3_lesions_v1/support_label/nh2kn/dose_0.75/kidney_disease_history/seed_58/metrics.json,Existing scientific record; see category index
robustness/interaction,experiments/crta_v3_stage_ladder_v3_lesions_v1/support_label/nh2kn/dose_0.75/kidney_disease_history/seed_59/metrics.json,Existing scientific record; see category index
robustness/interaction,experiments/crta_v3_stage_ladder_v3_lesions_v1/support_label/nh2kn/dose_0.75/stroke_history/seed_50/metrics.json,Existing scientific record; see category index
robustness/interaction,experiments/crta_v3_stage_ladder_v3_lesions_v1/support_label/nh2kn/dose_0.75/stroke_history/seed_51/metrics.json,Existing scientific record; see category index
robustness/interaction,experiments/crta_v3_stage_ladder_v3_lesions_v1/support_label/nh2kn/dose_0.75/stroke_history/seed_52/metrics.json,Existing scientific record; see category index
robustness/interaction,experiments/crta_v3_stage_ladder_v3_lesions_v1/support_label/nh2kn/dose_0.75/stroke_history/seed_53/metrics.json,Existing scientific record; see category index
robustness/interaction,experiments/crta_v3_stage_ladder_v3_lesions_v1/support_label/nh2kn/dose_0.75/stroke_history/seed_54/metrics.json,Existing scientific record; see category index
robustness/interaction,experiments/crta_v3_stage_ladder_v3_lesions_v1/support_label/nh2kn/dose_0.75/stroke_history/seed_55/metrics.json,Existing scientific record; see category index
robustness/interaction,experiments/crta_v3_stage_ladder_v3_lesions_v1/support_label/nh2kn/dose_0.75/stroke_history/seed_56/metrics.json,Existing scientific record; see category index
robustness/interaction,experiments/crta_v3_stage_ladder_v3_lesions_v1/support_label/nh2kn/dose_0.75/stroke_history/seed_57/metrics.json,Existing scientific record; see category index
robustness/interaction,experiments/crta_v3_stage_ladder_v3_lesions_v1/support_label/nh2kn/dose_0.75/stroke_history/seed_58/metrics.json,Existing scientific record; see category index
robustness/interaction,experiments/crta_v3_stage_ladder_v3_lesions_v1/support_label/nh2kn/dose_0.75/stroke_history/seed_59/metrics.json,Existing scientific record; see category index
robustness/interaction,experiments/crta_v3_stage_ladder_v3_lesions_v1/support_label/nh2kn/dose_1.00/LESION_AUDIT_V1.json,Existing scientific record; see category index
robustness/interaction,experiments/crta_v3_stage_ladder_v3_lesions_v1/support_label/nh2kn/dose_1.00/angina_history/seed_50/metrics.json,Existing scientific record; see category index
robustness/interaction,experiments/crta_v3_stage_ladder_v3_lesions_v1/support_label/nh2kn/dose_1.00/angina_history/seed_51/metrics.json,Existing scientific record; see category index
robustness/interaction,experiments/crta_v3_stage_ladder_v3_lesions_v1/support_label/nh2kn/dose_1.00/angina_history/seed_52/metrics.json,Existing scientific record; see category index
robustness/interaction,experiments/crta_v3_stage_ladder_v3_lesions_v1/support_label/nh2kn/dose_1.00/angina_history/seed_53/metrics.json,Existing scientific record; see category index
robustness/interaction,experiments/crta_v3_stage_ladder_v3_lesions_v1/support_label/nh2kn/dose_1.00/angina_history/seed_54/metrics.json,Existing scientific record; see category index
robustness/interaction,experiments/crta_v3_stage_ladder_v3_lesions_v1/support_label/nh2kn/dose_1.00/angina_history/seed_55/metrics.json,Existing scientific record; see category index
robustness/interaction,experiments/crta_v3_stage_ladder_v3_lesions_v1/support_label/nh2kn/dose_1.00/angina_history/seed_56/metrics.json,Existing scientific record; see category index
robustness/interaction,experiments/crta_v3_stage_ladder_v3_lesions_v1/support_label/nh2kn/dose_1.00/angina_history/seed_57/metrics.json,Existing scientific record; see category index
robustness/interaction,experiments/crta_v3_stage_ladder_v3_lesions_v1/support_label/nh2kn/dose_1.00/angina_history/seed_58/metrics.json,Existing scientific record; see category index
robustness/interaction,experiments/crta_v3_stage_ladder_v3_lesions_v1/support_label/nh2kn/dose_1.00/angina_history/seed_59/metrics.json,Existing scientific record; see category index
robustness/interaction,experiments/crta_v3_stage_ladder_v3_lesions_v1/support_label/nh2kn/dose_1.00/arthritis_history/seed_50/metrics.json,Existing scientific record; see category index
robustness/interaction,experiments/crta_v3_stage_ladder_v3_lesions_v1/support_label/nh2kn/dose_1.00/arthritis_history/seed_51/metrics.json,Existing scientific record; see category index
robustness/interaction,experiments/crta_v3_stage_ladder_v3_lesions_v1/support_label/nh2kn/dose_1.00/arthritis_history/seed_52/metrics.json,Existing scientific record; see category index
robustness/interaction,experiments/crta_v3_stage_ladder_v3_lesions_v1/support_label/nh2kn/dose_1.00/arthritis_history/seed_53/metrics.json,Existing scientific record; see category index
robustness/interaction,experiments/crta_v3_stage_ladder_v3_lesions_v1/support_label/nh2kn/dose_1.00/arthritis_history/seed_54/metrics.json,Existing scientific record; see category index
robustness/interaction,experiments/crta_v3_stage_ladder_v3_lesions_v1/support_label/nh2kn/dose_1.00/arthritis_history/seed_55/metrics.json,Existing scientific record; see category index
robustness/interaction,experiments/crta_v3_stage_ladder_v3_lesions_v1/support_label/nh2kn/dose_1.00/arthritis_history/seed_56/metrics.json,Existing scientific record; see category index
robustness/interaction,experiments/crta_v3_stage_ladder_v3_lesions_v1/support_label/nh2kn/dose_1.00/arthritis_history/seed_57/metrics.json,Existing scientific record; see category index
robustness/interaction,experiments/crta_v3_stage_ladder_v3_lesions_v1/support_label/nh2kn/dose_1.00/arthritis_history/seed_58/metrics.json,Existing scientific record; see category index
robustness/interaction,experiments/crta_v3_stage_ladder_v3_lesions_v1/support_label/nh2kn/dose_1.00/arthritis_history/seed_59/metrics.json,Existing scientific record; see category index
robustness/interaction,experiments/crta_v3_stage_ladder_v3_lesions_v1/support_label/nh2kn/dose_1.00/asthma_history/seed_50/metrics.json,Existing scientific record; see category index
robustness/interaction,experiments/crta_v3_stage_ladder_v3_lesions_v1/support_label/nh2kn/dose_1.00/asthma_history/seed_51/metrics.json,Existing scientific record; see category index
robustness/interaction,experiments/crta_v3_stage_ladder_v3_lesions_v1/support_label/nh2kn/dose_1.00/asthma_history/seed_52/metrics.json,Existing scientific record; see category index
robustness/interaction,experiments/crta_v3_stage_ladder_v3_lesions_v1/support_label/nh2kn/dose_1.00/asthma_history/seed_53/metrics.json,Existing scientific record; see category index
robustness/interaction,experiments/crta_v3_stage_ladder_v3_lesions_v1/support_label/nh2kn/dose_1.00/asthma_history/seed_54/metrics.json,Existing scientific record; see category index
robustness/interaction,experiments/crta_v3_stage_ladder_v3_lesions_v1/support_label/nh2kn/dose_1.00/asthma_history/seed_55/metrics.json,Existing scientific record; see category index
robustness/interaction,experiments/crta_v3_stage_ladder_v3_lesions_v1/support_label/nh2kn/dose_1.00/asthma_history/seed_56/metrics.json,Existing scientific record; see category index
robustness/interaction,experiments/crta_v3_stage_ladder_v3_lesions_v1/support_label/nh2kn/dose_1.00/asthma_history/seed_57/metrics.json,Existing scientific record; see category index
robustness/interaction,experiments/crta_v3_stage_ladder_v3_lesions_v1/support_label/nh2kn/dose_1.00/asthma_history/seed_58/metrics.json,Existing scientific record; see category index
robustness/interaction,experiments/crta_v3_stage_ladder_v3_lesions_v1/support_label/nh2kn/dose_1.00/asthma_history/seed_59/metrics.json,Existing scientific record; see category index
robustness/interaction,experiments/crta_v3_stage_ladder_v3_lesions_v1/support_label/nh2kn/dose_1.00/cancer_history/seed_50/metrics.json,Existing scientific record; see category index
robustness/interaction,experiments/crta_v3_stage_ladder_v3_lesions_v1/support_label/nh2kn/dose_1.00/cancer_history/seed_51/metrics.json,Existing scientific record; see category index
robustness/interaction,experiments/crta_v3_stage_ladder_v3_lesions_v1/support_label/nh2kn/dose_1.00/cancer_history/seed_52/metrics.json,Existing scientific record; see category index
robustness/interaction,experiments/crta_v3_stage_ladder_v3_lesions_v1/support_label/nh2kn/dose_1.00/cancer_history/seed_53/metrics.json,Existing scientific record; see category index
robustness/interaction,experiments/crta_v3_stage_ladder_v3_lesions_v1/support_label/nh2kn/dose_1.00/cancer_history/seed_54/metrics.json,Existing scientific record; see category index
robustness/interaction,experiments/crta_v3_stage_ladder_v3_lesions_v1/support_label/nh2kn/dose_1.00/cancer_history/seed_55/metrics.json,Existing scientific record; see category index
robustness/interaction,experiments/crta_v3_stage_ladder_v3_lesions_v1/support_label/nh2kn/dose_1.00/cancer_history/seed_56/metrics.json,Existing scientific record; see category index
robustness/interaction,experiments/crta_v3_stage_ladder_v3_lesions_v1/support_label/nh2kn/dose_1.00/cancer_history/seed_57/metrics.json,Existing scientific record; see category index
robustness/interaction,experiments/crta_v3_stage_ladder_v3_lesions_v1/support_label/nh2kn/dose_1.00/cancer_history/seed_58/metrics.json,Existing scientific record; see category index
robustness/interaction,experiments/crta_v3_stage_ladder_v3_lesions_v1/support_label/nh2kn/dose_1.00/cancer_history/seed_59/metrics.json,Existing scientific record; see category index
robustness/interaction,experiments/crta_v3_stage_ladder_v3_lesions_v1/support_label/nh2kn/dose_1.00/current_smoking_status/seed_50/metrics.json,Existing scientific record; see category index
robustness/interaction,experiments/crta_v3_stage_ladder_v3_lesions_v1/support_label/nh2kn/dose_1.00/current_smoking_status/seed_51/metrics.json,Existing scientific record; see category index
robustness/interaction,experiments/crta_v3_stage_ladder_v3_lesions_v1/support_label/nh2kn/dose_1.00/current_smoking_status/seed_52/metrics.json,Existing scientific record; see category index
robustness/interaction,experiments/crta_v3_stage_ladder_v3_lesions_v1/support_label/nh2kn/dose_1.00/current_smoking_status/seed_53/metrics.json,Existing scientific record; see category index
robustness/interaction,experiments/crta_v3_stage_ladder_v3_lesions_v1/support_label/nh2kn/dose_1.00/current_smoking_status/seed_54/metrics.json,Existing scientific record; see category index
robustness/interaction,experiments/crta_v3_stage_ladder_v3_lesions_v1/support_label/nh2kn/dose_1.00/current_smoking_status/seed_55/metrics.json,Existing scientific record; see category index
robustness/interaction,experiments/crta_v3_stage_ladder_v3_lesions_v1/support_label/nh2kn/dose_1.00/current_smoking_status/seed_56/metrics.json,Existing scientific record; see category index
robustness/interaction,experiments/crta_v3_stage_ladder_v3_lesions_v1/support_label/nh2kn/dose_1.00/current_smoking_status/seed_57/metrics.json,Existing scientific record; see category index
robustness/interaction,experiments/crta_v3_stage_ladder_v3_lesions_v1/support_label/nh2kn/dose_1.00/current_smoking_status/seed_58/metrics.json,Existing scientific record; see category index
robustness/interaction,experiments/crta_v3_stage_ladder_v3_lesions_v1/support_label/nh2kn/dose_1.00/current_smoking_status/seed_59/metrics.json,Existing scientific record; see category index
robustness/interaction,experiments/crta_v3_stage_ladder_v3_lesions_v1/support_label/nh2kn/dose_1.00/diabetes_history/seed_50/metrics.json,Existing scientific record; see category index
robustness/interaction,experiments/crta_v3_stage_ladder_v3_lesions_v1/support_label/nh2kn/dose_1.00/diabetes_history/seed_51/metrics.json,Existing scientific record; see category index
robustness/interaction,experiments/crta_v3_stage_ladder_v3_lesions_v1/support_label/nh2kn/dose_1.00/diabetes_history/seed_52/metrics.json,Existing scientific record; see category index
robustness/interaction,experiments/crta_v3_stage_ladder_v3_lesions_v1/support_label/nh2kn/dose_1.00/diabetes_history/seed_53/metrics.json,Existing scientific record; see category index
robustness/interaction,experiments/crta_v3_stage_ladder_v3_lesions_v1/support_label/nh2kn/dose_1.00/diabetes_history/seed_54/metrics.json,Existing scientific record; see category index
robustness/interaction,experiments/crta_v3_stage_ladder_v3_lesions_v1/support_label/nh2kn/dose_1.00/diabetes_history/seed_55/metrics.json,Existing scientific record; see category index
robustness/interaction,experiments/crta_v3_stage_ladder_v3_lesions_v1/support_label/nh2kn/dose_1.00/diabetes_history/seed_56/metrics.json,Existing scientific record; see category index
robustness/interaction,experiments/crta_v3_stage_ladder_v3_lesions_v1/support_label/nh2kn/dose_1.00/diabetes_history/seed_57/metrics.json,Existing scientific record; see category index
robustness/interaction,experiments/crta_v3_stage_ladder_v3_lesions_v1/support_label/nh2kn/dose_1.00/diabetes_history/seed_58/metrics.json,Existing scientific record; see category index
robustness/interaction,experiments/crta_v3_stage_ladder_v3_lesions_v1/support_label/nh2kn/dose_1.00/diabetes_history/seed_59/metrics.json,Existing scientific record; see category index
robustness/interaction,experiments/crta_v3_stage_ladder_v3_lesions_v1/support_label/nh2kn/dose_1.00/heart_attack_history/seed_50/metrics.json,Existing scientific record; see category index
robustness/interaction,experiments/crta_v3_stage_ladder_v3_lesions_v1/support_label/nh2kn/dose_1.00/heart_attack_history/seed_51/metrics.json,Existing scientific record; see category index
robustness/interaction,experiments/crta_v3_stage_ladder_v3_lesions_v1/support_label/nh2kn/dose_1.00/heart_attack_history/seed_52/metrics.json,Existing scientific record; see category index
robustness/interaction,experiments/crta_v3_stage_ladder_v3_lesions_v1/support_label/nh2kn/dose_1.00/heart_attack_history/seed_53/metrics.json,Existing scientific record; see category index
robustness/interaction,experiments/crta_v3_stage_ladder_v3_lesions_v1/support_label/nh2kn/dose_1.00/heart_attack_history/seed_54/metrics.json,Existing scientific record; see category index
robustness/interaction,experiments/crta_v3_stage_ladder_v3_lesions_v1/support_label/nh2kn/dose_1.00/heart_attack_history/seed_55/metrics.json,Existing scientific record; see category index
robustness/interaction,experiments/crta_v3_stage_ladder_v3_lesions_v1/support_label/nh2kn/dose_1.00/heart_attack_history/seed_56/metrics.json,Existing scientific record; see category index
robustness/interaction,experiments/crta_v3_stage_ladder_v3_lesions_v1/support_label/nh2kn/dose_1.00/heart_attack_history/seed_57/metrics.json,Existing scientific record; see category index
robustness/interaction,experiments/crta_v3_stage_ladder_v3_lesions_v1/support_label/nh2kn/dose_1.00/heart_attack_history/seed_58/metrics.json,Existing scientific record; see category index
robustness/interaction,experiments/crta_v3_stage_ladder_v3_lesions_v1/support_label/nh2kn/dose_1.00/heart_attack_history/seed_59/metrics.json,Existing scientific record; see category index
robustness/interaction,experiments/crta_v3_stage_ladder_v3_lesions_v1/support_label/nh2kn/dose_1.00/hypertension_history/seed_50/metrics.json,Existing scientific record; see category index
robustness/interaction,experiments/crta_v3_stage_ladder_v3_lesions_v1/support_label/nh2kn/dose_1.00/hypertension_history/seed_51/metrics.json,Existing scientific record; see category index
robustness/interaction,experiments/crta_v3_stage_ladder_v3_lesions_v1/support_label/nh2kn/dose_1.00/hypertension_history/seed_52/metrics.json,Existing scientific record; see category index
robustness/interaction,experiments/crta_v3_stage_ladder_v3_lesions_v1/support_label/nh2kn/dose_1.00/hypertension_history/seed_53/metrics.json,Existing scientific record; see category index
robustness/interaction,experiments/crta_v3_stage_ladder_v3_lesions_v1/support_label/nh2kn/dose_1.00/hypertension_history/seed_54/metrics.json,Existing scientific record; see category index
robustness/interaction,experiments/crta_v3_stage_ladder_v3_lesions_v1/support_label/nh2kn/dose_1.00/hypertension_history/seed_55/metrics.json,Existing scientific record; see category index
robustness/interaction,experiments/crta_v3_stage_ladder_v3_lesions_v1/support_label/nh2kn/dose_1.00/hypertension_history/seed_56/metrics.json,Existing scientific record; see category index
robustness/interaction,experiments/crta_v3_stage_ladder_v3_lesions_v1/support_label/nh2kn/dose_1.00/hypertension_history/seed_57/metrics.json,Existing scientific record; see category index
robustness/interaction,experiments/crta_v3_stage_ladder_v3_lesions_v1/support_label/nh2kn/dose_1.00/hypertension_history/seed_58/metrics.json,Existing scientific record; see category index
robustness/interaction,experiments/crta_v3_stage_ladder_v3_lesions_v1/support_label/nh2kn/dose_1.00/hypertension_history/seed_59/metrics.json,Existing scientific record; see category index
robustness/interaction,experiments/crta_v3_stage_ladder_v3_lesions_v1/support_label/nh2kn/dose_1.00/kidney_disease_history/seed_50/metrics.json,Existing scientific record; see category index
robustness/interaction,experiments/crta_v3_stage_ladder_v3_lesions_v1/support_label/nh2kn/dose_1.00/kidney_disease_history/seed_51/metrics.json,Existing scientific record; see category index
robustness/interaction,experiments/crta_v3_stage_ladder_v3_lesions_v1/support_label/nh2kn/dose_1.00/kidney_disease_history/seed_52/metrics.json,Existing scientific record; see category index
robustness/interaction,experiments/crta_v3_stage_ladder_v3_lesions_v1/support_label/nh2kn/dose_1.00/kidney_disease_history/seed_53/metrics.json,Existing scientific record; see category index
robustness/interaction,experiments/crta_v3_stage_ladder_v3_lesions_v1/support_label/nh2kn/dose_1.00/kidney_disease_history/seed_54/metrics.json,Existing scientific record; see category index
robustness/interaction,experiments/crta_v3_stage_ladder_v3_lesions_v1/support_label/nh2kn/dose_1.00/kidney_disease_history/seed_55/metrics.json,Existing scientific record; see category index
robustness/interaction,experiments/crta_v3_stage_ladder_v3_lesions_v1/support_label/nh2kn/dose_1.00/kidney_disease_history/seed_56/metrics.json,Existing scientific record; see category index
robustness/interaction,experiments/crta_v3_stage_ladder_v3_lesions_v1/support_label/nh2kn/dose_1.00/kidney_disease_history/seed_57/metrics.json,Existing scientific record; see category index
robustness/interaction,experiments/crta_v3_stage_ladder_v3_lesions_v1/support_label/nh2kn/dose_1.00/kidney_disease_history/seed_58/metrics.json,Existing scientific record; see category index
robustness/interaction,experiments/crta_v3_stage_ladder_v3_lesions_v1/support_label/nh2kn/dose_1.00/kidney_disease_history/seed_59/metrics.json,Existing scientific record; see category index
robustness/interaction,experiments/crta_v3_stage_ladder_v3_lesions_v1/support_label/nh2kn/dose_1.00/stroke_history/seed_50/metrics.json,Existing scientific record; see category index
robustness/interaction,experiments/crta_v3_stage_ladder_v3_lesions_v1/support_label/nh2kn/dose_1.00/stroke_history/seed_51/metrics.json,Existing scientific record; see category index
robustness/interaction,experiments/crta_v3_stage_ladder_v3_lesions_v1/support_label/nh2kn/dose_1.00/stroke_history/seed_52/metrics.json,Existing scientific record; see category index
robustness/interaction,experiments/crta_v3_stage_ladder_v3_lesions_v1/support_label/nh2kn/dose_1.00/stroke_history/seed_53/metrics.json,Existing scientific record; see category index
robustness/interaction,experiments/crta_v3_stage_ladder_v3_lesions_v1/support_label/nh2kn/dose_1.00/stroke_history/seed_54/metrics.json,Existing scientific record; see category index
robustness/interaction,experiments/crta_v3_stage_ladder_v3_lesions_v1/support_label/nh2kn/dose_1.00/stroke_history/seed_55/metrics.json,Existing scientific record; see category index
robustness/interaction,experiments/crta_v3_stage_ladder_v3_lesions_v1/support_label/nh2kn/dose_1.00/stroke_history/seed_56/metrics.json,Existing scientific record; see category index
robustness/interaction,experiments/crta_v3_stage_ladder_v3_lesions_v1/support_label/nh2kn/dose_1.00/stroke_history/seed_57/metrics.json,Existing scientific record; see category index
robustness/interaction,experiments/crta_v3_stage_ladder_v3_lesions_v1/support_label/nh2kn/dose_1.00/stroke_history/seed_58/metrics.json,Existing scientific record; see category index
robustness/interaction,experiments/crta_v3_stage_ladder_v3_lesions_v1/support_label/nh2kn/dose_1.00/stroke_history/seed_59/metrics.json,Existing scientific record; see category index
robustness/interaction,experiments/crta_v3_stage_source_informativeness_ladder_v1/REFIT_VERIFICATION_V1.json,Existing scientific record; see category index
robustness/interaction,experiments/crta_v3_stage_source_informativeness_ladder_v1/REFIT_VERIFICATION_V1_part1.json,Existing scientific record; see category index
robustness/interaction,experiments/crta_v3_stage_source_informativeness_ladder_v1/SUMMARY_V1.json,Existing scientific record; see category index
robustness/interaction,experiments/crta_v3_stage_source_informativeness_ladder_v1/kn2nh/alpha_0.25/PERMUTATION_AUDIT_V1.json,Existing scientific record; see category index
robustness/interaction,experiments/crta_v3_stage_source_informativeness_ladder_v1/kn2nh/alpha_0.25/angina_history/seed_50/metrics.json,Existing scientific record; see category index
robustness/interaction,experiments/crta_v3_stage_source_informativeness_ladder_v1/kn2nh/alpha_0.25/angina_history/seed_51/metrics.json,Existing scientific record; see category index
robustness/interaction,experiments/crta_v3_stage_source_informativeness_ladder_v1/kn2nh/alpha_0.25/angina_history/seed_52/metrics.json,Existing scientific record; see category index
robustness/interaction,experiments/crta_v3_stage_source_informativeness_ladder_v1/kn2nh/alpha_0.25/angina_history/seed_53/metrics.json,Existing scientific record; see category index
robustness/interaction,experiments/crta_v3_stage_source_informativeness_ladder_v1/kn2nh/alpha_0.25/angina_history/seed_54/metrics.json,Existing scientific record; see category index
robustness/interaction,experiments/crta_v3_stage_source_informativeness_ladder_v1/kn2nh/alpha_0.25/angina_history/seed_55/metrics.json,Existing scientific record; see category index
robustness/interaction,experiments/crta_v3_stage_source_informativeness_ladder_v1/kn2nh/alpha_0.25/angina_history/seed_56/metrics.json,Existing scientific record; see category index
robustness/interaction,experiments/crta_v3_stage_source_informativeness_ladder_v1/kn2nh/alpha_0.25/angina_history/seed_57/metrics.json,Existing scientific record; see category index
robustness/interaction,experiments/crta_v3_stage_source_informativeness_ladder_v1/kn2nh/alpha_0.25/angina_history/seed_58/metrics.json,Existing scientific record; see category index
robustness/interaction,experiments/crta_v3_stage_source_informativeness_ladder_v1/kn2nh/alpha_0.25/angina_history/seed_59/metrics.json,Existing scientific record; see category index
robustness/interaction,experiments/crta_v3_stage_source_informativeness_ladder_v1/kn2nh/alpha_0.25/arthritis_history/seed_50/metrics.json,Existing scientific record; see category index
robustness/interaction,experiments/crta_v3_stage_source_informativeness_ladder_v1/kn2nh/alpha_0.25/arthritis_history/seed_51/metrics.json,Existing scientific record; see category index
robustness/interaction,experiments/crta_v3_stage_source_informativeness_ladder_v1/kn2nh/alpha_0.25/arthritis_history/seed_52/metrics.json,Existing scientific record; see category index
robustness/interaction,experiments/crta_v3_stage_source_informativeness_ladder_v1/kn2nh/alpha_0.25/arthritis_history/seed_53/metrics.json,Existing scientific record; see category index
robustness/interaction,experiments/crta_v3_stage_source_informativeness_ladder_v1/kn2nh/alpha_0.25/arthritis_history/seed_54/metrics.json,Existing scientific record; see category index
robustness/interaction,experiments/crta_v3_stage_source_informativeness_ladder_v1/kn2nh/alpha_0.25/arthritis_history/seed_55/metrics.json,Existing scientific record; see category index
robustness/interaction,experiments/crta_v3_stage_source_informativeness_ladder_v1/kn2nh/alpha_0.25/arthritis_history/seed_56/metrics.json,Existing scientific record; see category index
robustness/interaction,experiments/crta_v3_stage_source_informativeness_ladder_v1/kn2nh/alpha_0.25/arthritis_history/seed_57/metrics.json,Existing scientific record; see category index
robustness/interaction,experiments/crta_v3_stage_source_informativeness_ladder_v1/kn2nh/alpha_0.25/arthritis_history/seed_58/metrics.json,Existing scientific record; see category index
robustness/interaction,experiments/crta_v3_stage_source_informativeness_ladder_v1/kn2nh/alpha_0.25/arthritis_history/seed_59/metrics.json,Existing scientific record; see category index
robustness/interaction,experiments/crta_v3_stage_source_informativeness_ladder_v1/kn2nh/alpha_0.25/asthma_history/seed_50/metrics.json,Existing scientific record; see category index
robustness/interaction,experiments/crta_v3_stage_source_informativeness_ladder_v1/kn2nh/alpha_0.25/asthma_history/seed_51/metrics.json,Existing scientific record; see category index
robustness/interaction,experiments/crta_v3_stage_source_informativeness_ladder_v1/kn2nh/alpha_0.25/asthma_history/seed_52/metrics.json,Existing scientific record; see category index
robustness/interaction,experiments/crta_v3_stage_source_informativeness_ladder_v1/kn2nh/alpha_0.25/asthma_history/seed_53/metrics.json,Existing scientific record; see category index
robustness/interaction,experiments/crta_v3_stage_source_informativeness_ladder_v1/kn2nh/alpha_0.25/asthma_history/seed_54/metrics.json,Existing scientific record; see category index
robustness/interaction,experiments/crta_v3_stage_source_informativeness_ladder_v1/kn2nh/alpha_0.25/asthma_history/seed_55/metrics.json,Existing scientific record; see category index
robustness/interaction,experiments/crta_v3_stage_source_informativeness_ladder_v1/kn2nh/alpha_0.25/asthma_history/seed_56/metrics.json,Existing scientific record; see category index
robustness/interaction,experiments/crta_v3_stage_source_informativeness_ladder_v1/kn2nh/alpha_0.25/asthma_history/seed_57/metrics.json,Existing scientific record; see category index
robustness/interaction,experiments/crta_v3_stage_source_informativeness_ladder_v1/kn2nh/alpha_0.25/asthma_history/seed_58/metrics.json,Existing scientific record; see category index
robustness/interaction,experiments/crta_v3_stage_source_informativeness_ladder_v1/kn2nh/alpha_0.25/asthma_history/seed_59/metrics.json,Existing scientific record; see category index
robustness/interaction,experiments/crta_v3_stage_source_informativeness_ladder_v1/kn2nh/alpha_0.25/cancer_history/seed_50/metrics.json,Existing scientific record; see category index
robustness/interaction,experiments/crta_v3_stage_source_informativeness_ladder_v1/kn2nh/alpha_0.25/cancer_history/seed_51/metrics.json,Existing scientific record; see category index
robustness/interaction,experiments/crta_v3_stage_source_informativeness_ladder_v1/kn2nh/alpha_0.25/cancer_history/seed_52/metrics.json,Existing scientific record; see category index
robustness/interaction,experiments/crta_v3_stage_source_informativeness_ladder_v1/kn2nh/alpha_0.25/cancer_history/seed_53/metrics.json,Existing scientific record; see category index
robustness/interaction,experiments/crta_v3_stage_source_informativeness_ladder_v1/kn2nh/alpha_0.25/cancer_history/seed_54/metrics.json,Existing scientific record; see category index
robustness/interaction,experiments/crta_v3_stage_source_informativeness_ladder_v1/kn2nh/alpha_0.25/cancer_history/seed_55/metrics.json,Existing scientific record; see category index
robustness/interaction,experiments/crta_v3_stage_source_informativeness_ladder_v1/kn2nh/alpha_0.25/cancer_history/seed_56/metrics.json,Existing scientific record; see category index
robustness/interaction,experiments/crta_v3_stage_source_informativeness_ladder_v1/kn2nh/alpha_0.25/cancer_history/seed_57/metrics.json,Existing scientific record; see category index
robustness/interaction,experiments/crta_v3_stage_source_informativeness_ladder_v1/kn2nh/alpha_0.25/cancer_history/seed_58/metrics.json,Existing scientific record; see category index
robustness/interaction,experiments/crta_v3_stage_source_informativeness_ladder_v1/kn2nh/alpha_0.25/cancer_history/seed_59/metrics.json,Existing scientific record; see category index
robustness/interaction,experiments/crta_v3_stage_source_informativeness_ladder_v1/kn2nh/alpha_0.25/current_smoking_status/seed_50/metrics.json,Existing scientific record; see category index
robustness/interaction,experiments/crta_v3_stage_source_informativeness_ladder_v1/kn2nh/alpha_0.25/current_smoking_status/seed_51/metrics.json,Existing scientific record; see category index
robustness/interaction,experiments/crta_v3_stage_source_informativeness_ladder_v1/kn2nh/alpha_0.25/current_smoking_status/seed_52/metrics.json,Existing scientific record; see category index
robustness/interaction,experiments/crta_v3_stage_source_informativeness_ladder_v1/kn2nh/alpha_0.25/current_smoking_status/seed_53/metrics.json,Existing scientific record; see category index
robustness/interaction,experiments/crta_v3_stage_source_informativeness_ladder_v1/kn2nh/alpha_0.25/current_smoking_status/seed_54/metrics.json,Existing scientific record; see category index
robustness/interaction,experiments/crta_v3_stage_source_informativeness_ladder_v1/kn2nh/alpha_0.25/current_smoking_status/seed_55/metrics.json,Existing scientific record; see category index
robustness/interaction,experiments/crta_v3_stage_source_informativeness_ladder_v1/kn2nh/alpha_0.25/current_smoking_status/seed_56/metrics.json,Existing scientific record; see category index
robustness/interaction,experiments/crta_v3_stage_source_informativeness_ladder_v1/kn2nh/alpha_0.25/current_smoking_status/seed_57/metrics.json,Existing scientific record; see category index
robustness/interaction,experiments/crta_v3_stage_source_informativeness_ladder_v1/kn2nh/alpha_0.25/current_smoking_status/seed_58/metrics.json,Existing scientific record; see category index
robustness/interaction,experiments/crta_v3_stage_source_informativeness_ladder_v1/kn2nh/alpha_0.25/current_smoking_status/seed_59/metrics.json,Existing scientific record; see category index
robustness/interaction,experiments/crta_v3_stage_source_informativeness_ladder_v1/kn2nh/alpha_0.25/diabetes_history/seed_50/metrics.json,Existing scientific record; see category index
robustness/interaction,experiments/crta_v3_stage_source_informativeness_ladder_v1/kn2nh/alpha_0.25/diabetes_history/seed_51/metrics.json,Existing scientific record; see category index
robustness/interaction,experiments/crta_v3_stage_source_informativeness_ladder_v1/kn2nh/alpha_0.25/diabetes_history/seed_52/metrics.json,Existing scientific record; see category index
robustness/interaction,experiments/crta_v3_stage_source_informativeness_ladder_v1/kn2nh/alpha_0.25/diabetes_history/seed_53/metrics.json,Existing scientific record; see category index
robustness/interaction,experiments/crta_v3_stage_source_informativeness_ladder_v1/kn2nh/alpha_0.25/diabetes_history/seed_54/metrics.json,Existing scientific record; see category index
robustness/interaction,experiments/crta_v3_stage_source_informativeness_ladder_v1/kn2nh/alpha_0.25/diabetes_history/seed_55/metrics.json,Existing scientific record; see category index
robustness/interaction,experiments/crta_v3_stage_source_informativeness_ladder_v1/kn2nh/alpha_0.25/diabetes_history/seed_56/metrics.json,Existing scientific record; see category index
robustness/interaction,experiments/crta_v3_stage_source_informativeness_ladder_v1/kn2nh/alpha_0.25/diabetes_history/seed_57/metrics.json,Existing scientific record; see category index
robustness/interaction,experiments/crta_v3_stage_source_informativeness_ladder_v1/kn2nh/alpha_0.25/diabetes_history/seed_58/metrics.json,Existing scientific record; see category index
robustness/interaction,experiments/crta_v3_stage_source_informativeness_ladder_v1/kn2nh/alpha_0.25/diabetes_history/seed_59/metrics.json,Existing scientific record; see category index
robustness/interaction,experiments/crta_v3_stage_source_informativeness_ladder_v1/kn2nh/alpha_0.25/heart_attack_history/seed_50/metrics.json,Existing scientific record; see category index
robustness/interaction,experiments/crta_v3_stage_source_informativeness_ladder_v1/kn2nh/alpha_0.25/heart_attack_history/seed_51/metrics.json,Existing scientific record; see category index
robustness/interaction,experiments/crta_v3_stage_source_informativeness_ladder_v1/kn2nh/alpha_0.25/heart_attack_history/seed_52/metrics.json,Existing scientific record; see category index
robustness/interaction,experiments/crta_v3_stage_source_informativeness_ladder_v1/kn2nh/alpha_0.25/heart_attack_history/seed_53/metrics.json,Existing scientific record; see category index
robustness/interaction,experiments/crta_v3_stage_source_informativeness_ladder_v1/kn2nh/alpha_0.25/heart_attack_history/seed_54/metrics.json,Existing scientific record; see category index
robustness/interaction,experiments/crta_v3_stage_source_informativeness_ladder_v1/kn2nh/alpha_0.25/heart_attack_history/seed_55/metrics.json,Existing scientific record; see category index
robustness/interaction,experiments/crta_v3_stage_source_informativeness_ladder_v1/kn2nh/alpha_0.25/heart_attack_history/seed_56/metrics.json,Existing scientific record; see category index
robustness/interaction,experiments/crta_v3_stage_source_informativeness_ladder_v1/kn2nh/alpha_0.25/heart_attack_history/seed_57/metrics.json,Existing scientific record; see category index
robustness/interaction,experiments/crta_v3_stage_source_informativeness_ladder_v1/kn2nh/alpha_0.25/heart_attack_history/seed_58/metrics.json,Existing scientific record; see category index
robustness/interaction,experiments/crta_v3_stage_source_informativeness_ladder_v1/kn2nh/alpha_0.25/heart_attack_history/seed_59/metrics.json,Existing scientific record; see category index
robustness/interaction,experiments/crta_v3_stage_source_informativeness_ladder_v1/kn2nh/alpha_0.25/hypertension_history/seed_50/metrics.json,Existing scientific record; see category index
robustness/interaction,experiments/crta_v3_stage_source_informativeness_ladder_v1/kn2nh/alpha_0.25/hypertension_history/seed_51/metrics.json,Existing scientific record; see category index
robustness/interaction,experiments/crta_v3_stage_source_informativeness_ladder_v1/kn2nh/alpha_0.25/hypertension_history/seed_52/metrics.json,Existing scientific record; see category index
robustness/interaction,experiments/crta_v3_stage_source_informativeness_ladder_v1/kn2nh/alpha_0.25/hypertension_history/seed_53/metrics.json,Existing scientific record; see category index
robustness/interaction,experiments/crta_v3_stage_source_informativeness_ladder_v1/kn2nh/alpha_0.25/hypertension_history/seed_54/metrics.json,Existing scientific record; see category index
robustness/interaction,experiments/crta_v3_stage_source_informativeness_ladder_v1/kn2nh/alpha_0.25/hypertension_history/seed_55/metrics.json,Existing scientific record; see category index
robustness/interaction,experiments/crta_v3_stage_source_informativeness_ladder_v1/kn2nh/alpha_0.25/hypertension_history/seed_56/metrics.json,Existing scientific record; see category index
robustness/interaction,experiments/crta_v3_stage_source_informativeness_ladder_v1/kn2nh/alpha_0.25/hypertension_history/seed_57/metrics.json,Existing scientific record; see category index
robustness/interaction,experiments/crta_v3_stage_source_informativeness_ladder_v1/kn2nh/alpha_0.25/hypertension_history/seed_58/metrics.json,Existing scientific record; see category index
robustness/interaction,experiments/crta_v3_stage_source_informativeness_ladder_v1/kn2nh/alpha_0.25/hypertension_history/seed_59/metrics.json,Existing scientific record; see category index
robustness/interaction,experiments/crta_v3_stage_source_informativeness_ladder_v1/kn2nh/alpha_0.25/kidney_disease_history/seed_50/metrics.json,Existing scientific record; see category index
robustness/interaction,experiments/crta_v3_stage_source_informativeness_ladder_v1/kn2nh/alpha_0.25/kidney_disease_history/seed_51/metrics.json,Existing scientific record; see category index
robustness/interaction,experiments/crta_v3_stage_source_informativeness_ladder_v1/kn2nh/alpha_0.25/kidney_disease_history/seed_52/metrics.json,Existing scientific record; see category index
robustness/interaction,experiments/crta_v3_stage_source_informativeness_ladder_v1/kn2nh/alpha_0.25/kidney_disease_history/seed_53/metrics.json,Existing scientific record; see category index
robustness/interaction,experiments/crta_v3_stage_source_informativeness_ladder_v1/kn2nh/alpha_0.25/kidney_disease_history/seed_54/metrics.json,Existing scientific record; see category index
robustness/interaction,experiments/crta_v3_stage_source_informativeness_ladder_v1/kn2nh/alpha_0.25/kidney_disease_history/seed_55/metrics.json,Existing scientific record; see category index
robustness/interaction,experiments/crta_v3_stage_source_informativeness_ladder_v1/kn2nh/alpha_0.25/kidney_disease_history/seed_56/metrics.json,Existing scientific record; see category index
robustness/interaction,experiments/crta_v3_stage_source_informativeness_ladder_v1/kn2nh/alpha_0.25/kidney_disease_history/seed_57/metrics.json,Existing scientific record; see category index
robustness/interaction,experiments/crta_v3_stage_source_informativeness_ladder_v1/kn2nh/alpha_0.25/kidney_disease_history/seed_58/metrics.json,Existing scientific record; see category index
robustness/interaction,experiments/crta_v3_stage_source_informativeness_ladder_v1/kn2nh/alpha_0.25/kidney_disease_history/seed_59/metrics.json,Existing scientific record; see category index
robustness/interaction,experiments/crta_v3_stage_source_informativeness_ladder_v1/kn2nh/alpha_0.25/stroke_history/seed_50/metrics.json,Existing scientific record; see category index
robustness/interaction,experiments/crta_v3_stage_source_informativeness_ladder_v1/kn2nh/alpha_0.25/stroke_history/seed_51/metrics.json,Existing scientific record; see category index
robustness/interaction,experiments/crta_v3_stage_source_informativeness_ladder_v1/kn2nh/alpha_0.25/stroke_history/seed_52/metrics.json,Existing scientific record; see category index
robustness/interaction,experiments/crta_v3_stage_source_informativeness_ladder_v1/kn2nh/alpha_0.25/stroke_history/seed_53/metrics.json,Existing scientific record; see category index
robustness/interaction,experiments/crta_v3_stage_source_informativeness_ladder_v1/kn2nh/alpha_0.25/stroke_history/seed_54/metrics.json,Existing scientific record; see category index
robustness/interaction,experiments/crta_v3_stage_source_informativeness_ladder_v1/kn2nh/alpha_0.25/stroke_history/seed_55/metrics.json,Existing scientific record; see category index
robustness/interaction,experiments/crta_v3_stage_source_informativeness_ladder_v1/kn2nh/alpha_0.25/stroke_history/seed_56/metrics.json,Existing scientific record; see category index
robustness/interaction,experiments/crta_v3_stage_source_informativeness_ladder_v1/kn2nh/alpha_0.25/stroke_history/seed_57/metrics.json,Existing scientific record; see category index
robustness/interaction,experiments/crta_v3_stage_source_informativeness_ladder_v1/kn2nh/alpha_0.25/stroke_history/seed_58/metrics.json,Existing scientific record; see category index
robustness/interaction,experiments/crta_v3_stage_source_informativeness_ladder_v1/kn2nh/alpha_0.25/stroke_history/seed_59/metrics.json,Existing scientific record; see category index
robustness/interaction,experiments/crta_v3_stage_source_informativeness_ladder_v1/kn2nh/alpha_0.50/PERMUTATION_AUDIT_V1.json,Existing scientific record; see category index
robustness/interaction,experiments/crta_v3_stage_source_informativeness_ladder_v1/kn2nh/alpha_0.50/angina_history/seed_50/metrics.json,Existing scientific record; see category index
robustness/interaction,experiments/crta_v3_stage_source_informativeness_ladder_v1/kn2nh/alpha_0.50/angina_history/seed_51/metrics.json,Existing scientific record; see category index
robustness/interaction,experiments/crta_v3_stage_source_informativeness_ladder_v1/kn2nh/alpha_0.50/angina_history/seed_52/metrics.json,Existing scientific record; see category index
robustness/interaction,experiments/crta_v3_stage_source_informativeness_ladder_v1/kn2nh/alpha_0.50/angina_history/seed_53/metrics.json,Existing scientific record; see category index
robustness/interaction,experiments/crta_v3_stage_source_informativeness_ladder_v1/kn2nh/alpha_0.50/angina_history/seed_54/metrics.json,Existing scientific record; see category index
robustness/interaction,experiments/crta_v3_stage_source_informativeness_ladder_v1/kn2nh/alpha_0.50/angina_history/seed_55/metrics.json,Existing scientific record; see category index
robustness/interaction,experiments/crta_v3_stage_source_informativeness_ladder_v1/kn2nh/alpha_0.50/angina_history/seed_56/metrics.json,Existing scientific record; see category index
robustness/interaction,experiments/crta_v3_stage_source_informativeness_ladder_v1/kn2nh/alpha_0.50/angina_history/seed_57/metrics.json,Existing scientific record; see category index
robustness/interaction,experiments/crta_v3_stage_source_informativeness_ladder_v1/kn2nh/alpha_0.50/angina_history/seed_58/metrics.json,Existing scientific record; see category index
robustness/interaction,experiments/crta_v3_stage_source_informativeness_ladder_v1/kn2nh/alpha_0.50/angina_history/seed_59/metrics.json,Existing scientific record; see category index
robustness/interaction,experiments/crta_v3_stage_source_informativeness_ladder_v1/kn2nh/alpha_0.50/arthritis_history/seed_50/metrics.json,Existing scientific record; see category index
robustness/interaction,experiments/crta_v3_stage_source_informativeness_ladder_v1/kn2nh/alpha_0.50/arthritis_history/seed_51/metrics.json,Existing scientific record; see category index
robustness/interaction,experiments/crta_v3_stage_source_informativeness_ladder_v1/kn2nh/alpha_0.50/arthritis_history/seed_52/metrics.json,Existing scientific record; see category index
robustness/interaction,experiments/crta_v3_stage_source_informativeness_ladder_v1/kn2nh/alpha_0.50/arthritis_history/seed_53/metrics.json,Existing scientific record; see category index
robustness/interaction,experiments/crta_v3_stage_source_informativeness_ladder_v1/kn2nh/alpha_0.50/arthritis_history/seed_54/metrics.json,Existing scientific record; see category index
robustness/interaction,experiments/crta_v3_stage_source_informativeness_ladder_v1/kn2nh/alpha_0.50/arthritis_history/seed_55/metrics.json,Existing scientific record; see category index
robustness/interaction,experiments/crta_v3_stage_source_informativeness_ladder_v1/kn2nh/alpha_0.50/arthritis_history/seed_56/metrics.json,Existing scientific record; see category index
robustness/interaction,experiments/crta_v3_stage_source_informativeness_ladder_v1/kn2nh/alpha_0.50/arthritis_history/seed_57/metrics.json,Existing scientific record; see category index
robustness/interaction,experiments/crta_v3_stage_source_informativeness_ladder_v1/kn2nh/alpha_0.50/arthritis_history/seed_58/metrics.json,Existing scientific record; see category index
robustness/interaction,experiments/crta_v3_stage_source_informativeness_ladder_v1/kn2nh/alpha_0.50/arthritis_history/seed_59/metrics.json,Existing scientific record; see category index
robustness/interaction,experiments/crta_v3_stage_source_informativeness_ladder_v1/kn2nh/alpha_0.50/asthma_history/seed_50/metrics.json,Existing scientific record; see category index
robustness/interaction,experiments/crta_v3_stage_source_informativeness_ladder_v1/kn2nh/alpha_0.50/asthma_history/seed_51/metrics.json,Existing scientific record; see category index
robustness/interaction,experiments/crta_v3_stage_source_informativeness_ladder_v1/kn2nh/alpha_0.50/asthma_history/seed_52/metrics.json,Existing scientific record; see category index
robustness/interaction,experiments/crta_v3_stage_source_informativeness_ladder_v1/kn2nh/alpha_0.50/asthma_history/seed_53/metrics.json,Existing scientific record; see category index
robustness/interaction,experiments/crta_v3_stage_source_informativeness_ladder_v1/kn2nh/alpha_0.50/asthma_history/seed_54/metrics.json,Existing scientific record; see category index
robustness/interaction,experiments/crta_v3_stage_source_informativeness_ladder_v1/kn2nh/alpha_0.50/asthma_history/seed_55/metrics.json,Existing scientific record; see category index
robustness/interaction,experiments/crta_v3_stage_source_informativeness_ladder_v1/kn2nh/alpha_0.50/asthma_history/seed_56/metrics.json,Existing scientific record; see category index
robustness/interaction,experiments/crta_v3_stage_source_informativeness_ladder_v1/kn2nh/alpha_0.50/asthma_history/seed_57/metrics.json,Existing scientific record; see category index
robustness/interaction,experiments/crta_v3_stage_source_informativeness_ladder_v1/kn2nh/alpha_0.50/asthma_history/seed_58/metrics.json,Existing scientific record; see category index
robustness/interaction,experiments/crta_v3_stage_source_informativeness_ladder_v1/kn2nh/alpha_0.50/asthma_history/seed_59/metrics.json,Existing scientific record; see category index
robustness/interaction,experiments/crta_v3_stage_source_informativeness_ladder_v1/kn2nh/alpha_0.50/cancer_history/seed_50/metrics.json,Existing scientific record; see category index
robustness/interaction,experiments/crta_v3_stage_source_informativeness_ladder_v1/kn2nh/alpha_0.50/cancer_history/seed_51/metrics.json,Existing scientific record; see category index
robustness/interaction,experiments/crta_v3_stage_source_informativeness_ladder_v1/kn2nh/alpha_0.50/cancer_history/seed_52/metrics.json,Existing scientific record; see category index
robustness/interaction,experiments/crta_v3_stage_source_informativeness_ladder_v1/kn2nh/alpha_0.50/cancer_history/seed_53/metrics.json,Existing scientific record; see category index
robustness/interaction,experiments/crta_v3_stage_source_informativeness_ladder_v1/kn2nh/alpha_0.50/cancer_history/seed_54/metrics.json,Existing scientific record; see category index
robustness/interaction,experiments/crta_v3_stage_source_informativeness_ladder_v1/kn2nh/alpha_0.50/cancer_history/seed_55/metrics.json,Existing scientific record; see category index
robustness/interaction,experiments/crta_v3_stage_source_informativeness_ladder_v1/kn2nh/alpha_0.50/cancer_history/seed_56/metrics.json,Existing scientific record; see category index
robustness/interaction,experiments/crta_v3_stage_source_informativeness_ladder_v1/kn2nh/alpha_0.50/cancer_history/seed_57/metrics.json,Existing scientific record; see category index
robustness/interaction,experiments/crta_v3_stage_source_informativeness_ladder_v1/kn2nh/alpha_0.50/cancer_history/seed_58/metrics.json,Existing scientific record; see category index
robustness/interaction,experiments/crta_v3_stage_source_informativeness_ladder_v1/kn2nh/alpha_0.50/cancer_history/seed_59/metrics.json,Existing scientific record; see category index
robustness/interaction,experiments/crta_v3_stage_source_informativeness_ladder_v1/kn2nh/alpha_0.50/current_smoking_status/seed_50/metrics.json,Existing scientific record; see category index
robustness/interaction,experiments/crta_v3_stage_source_informativeness_ladder_v1/kn2nh/alpha_0.50/current_smoking_status/seed_51/metrics.json,Existing scientific record; see category index
robustness/interaction,experiments/crta_v3_stage_source_informativeness_ladder_v1/kn2nh/alpha_0.50/current_smoking_status/seed_52/metrics.json,Existing scientific record; see category index
robustness/interaction,experiments/crta_v3_stage_source_informativeness_ladder_v1/kn2nh/alpha_0.50/current_smoking_status/seed_53/metrics.json,Existing scientific record; see category index
robustness/interaction,experiments/crta_v3_stage_source_informativeness_ladder_v1/kn2nh/alpha_0.50/current_smoking_status/seed_54/metrics.json,Existing scientific record; see category index
robustness/interaction,experiments/crta_v3_stage_source_informativeness_ladder_v1/kn2nh/alpha_0.50/current_smoking_status/seed_55/metrics.json,Existing scientific record; see category index
robustness/interaction,experiments/crta_v3_stage_source_informativeness_ladder_v1/kn2nh/alpha_0.50/current_smoking_status/seed_56/metrics.json,Existing scientific record; see category index
robustness/interaction,experiments/crta_v3_stage_source_informativeness_ladder_v1/kn2nh/alpha_0.50/current_smoking_status/seed_57/metrics.json,Existing scientific record; see category index
robustness/interaction,experiments/crta_v3_stage_source_informativeness_ladder_v1/kn2nh/alpha_0.50/current_smoking_status/seed_58/metrics.json,Existing scientific record; see category index
robustness/interaction,experiments/crta_v3_stage_source_informativeness_ladder_v1/kn2nh/alpha_0.50/current_smoking_status/seed_59/metrics.json,Existing scientific record; see category index
robustness/interaction,experiments/crta_v3_stage_source_informativeness_ladder_v1/kn2nh/alpha_0.50/diabetes_history/seed_50/metrics.json,Existing scientific record; see category index
robustness/interaction,experiments/crta_v3_stage_source_informativeness_ladder_v1/kn2nh/alpha_0.50/diabetes_history/seed_51/metrics.json,Existing scientific record; see category index
robustness/interaction,experiments/crta_v3_stage_source_informativeness_ladder_v1/kn2nh/alpha_0.50/diabetes_history/seed_52/metrics.json,Existing scientific record; see category index
robustness/interaction,experiments/crta_v3_stage_source_informativeness_ladder_v1/kn2nh/alpha_0.50/diabetes_history/seed_53/metrics.json,Existing scientific record; see category index
robustness/interaction,experiments/crta_v3_stage_source_informativeness_ladder_v1/kn2nh/alpha_0.50/diabetes_history/seed_54/metrics.json,Existing scientific record; see category index
robustness/interaction,experiments/crta_v3_stage_source_informativeness_ladder_v1/kn2nh/alpha_0.50/diabetes_history/seed_55/metrics.json,Existing scientific record; see category index
robustness/interaction,experiments/crta_v3_stage_source_informativeness_ladder_v1/kn2nh/alpha_0.50/diabetes_history/seed_56/metrics.json,Existing scientific record; see category index
robustness/interaction,experiments/crta_v3_stage_source_informativeness_ladder_v1/kn2nh/alpha_0.50/diabetes_history/seed_57/metrics.json,Existing scientific record; see category index
robustness/interaction,experiments/crta_v3_stage_source_informativeness_ladder_v1/kn2nh/alpha_0.50/diabetes_history/seed_58/metrics.json,Existing scientific record; see category index
robustness/interaction,experiments/crta_v3_stage_source_informativeness_ladder_v1/kn2nh/alpha_0.50/diabetes_history/seed_59/metrics.json,Existing scientific record; see category index
robustness/interaction,experiments/crta_v3_stage_source_informativeness_ladder_v1/kn2nh/alpha_0.50/heart_attack_history/seed_50/metrics.json,Existing scientific record; see category index
robustness/interaction,experiments/crta_v3_stage_source_informativeness_ladder_v1/kn2nh/alpha_0.50/heart_attack_history/seed_51/metrics.json,Existing scientific record; see category index
robustness/interaction,experiments/crta_v3_stage_source_informativeness_ladder_v1/kn2nh/alpha_0.50/heart_attack_history/seed_52/metrics.json,Existing scientific record; see category index
robustness/interaction,experiments/crta_v3_stage_source_informativeness_ladder_v1/kn2nh/alpha_0.50/heart_attack_history/seed_53/metrics.json,Existing scientific record; see category index
robustness/interaction,experiments/crta_v3_stage_source_informativeness_ladder_v1/kn2nh/alpha_0.50/heart_attack_history/seed_54/metrics.json,Existing scientific record; see category index
robustness/interaction,experiments/crta_v3_stage_source_informativeness_ladder_v1/kn2nh/alpha_0.50/heart_attack_history/seed_55/metrics.json,Existing scientific record; see category index
robustness/interaction,experiments/crta_v3_stage_source_informativeness_ladder_v1/kn2nh/alpha_0.50/heart_attack_history/seed_56/metrics.json,Existing scientific record; see category index
robustness/interaction,experiments/crta_v3_stage_source_informativeness_ladder_v1/kn2nh/alpha_0.50/heart_attack_history/seed_57/metrics.json,Existing scientific record; see category index
robustness/interaction,experiments/crta_v3_stage_source_informativeness_ladder_v1/kn2nh/alpha_0.50/heart_attack_history/seed_58/metrics.json,Existing scientific record; see category index
robustness/interaction,experiments/crta_v3_stage_source_informativeness_ladder_v1/kn2nh/alpha_0.50/heart_attack_history/seed_59/metrics.json,Existing scientific record; see category index
robustness/interaction,experiments/crta_v3_stage_source_informativeness_ladder_v1/kn2nh/alpha_0.50/hypertension_history/seed_50/metrics.json,Existing scientific record; see category index
robustness/interaction,experiments/crta_v3_stage_source_informativeness_ladder_v1/kn2nh/alpha_0.50/hypertension_history/seed_51/metrics.json,Existing scientific record; see category index
robustness/interaction,experiments/crta_v3_stage_source_informativeness_ladder_v1/kn2nh/alpha_0.50/hypertension_history/seed_52/metrics.json,Existing scientific record; see category index
robustness/interaction,experiments/crta_v3_stage_source_informativeness_ladder_v1/kn2nh/alpha_0.50/hypertension_history/seed_53/metrics.json,Existing scientific record; see category index
robustness/interaction,experiments/crta_v3_stage_source_informativeness_ladder_v1/kn2nh/alpha_0.50/hypertension_history/seed_54/metrics.json,Existing scientific record; see category index
robustness/interaction,experiments/crta_v3_stage_source_informativeness_ladder_v1/kn2nh/alpha_0.50/hypertension_history/seed_55/metrics.json,Existing scientific record; see category index
robustness/interaction,experiments/crta_v3_stage_source_informativeness_ladder_v1/kn2nh/alpha_0.50/hypertension_history/seed_56/metrics.json,Existing scientific record; see category index
robustness/interaction,experiments/crta_v3_stage_source_informativeness_ladder_v1/kn2nh/alpha_0.50/hypertension_history/seed_57/metrics.json,Existing scientific record; see category index
robustness/interaction,experiments/crta_v3_stage_source_informativeness_ladder_v1/kn2nh/alpha_0.50/hypertension_history/seed_58/metrics.json,Existing scientific record; see category index
robustness/interaction,experiments/crta_v3_stage_source_informativeness_ladder_v1/kn2nh/alpha_0.50/hypertension_history/seed_59/metrics.json,Existing scientific record; see category index
robustness/interaction,experiments/crta_v3_stage_source_informativeness_ladder_v1/kn2nh/alpha_0.50/kidney_disease_history/seed_50/metrics.json,Existing scientific record; see category index
robustness/interaction,experiments/crta_v3_stage_source_informativeness_ladder_v1/kn2nh/alpha_0.50/kidney_disease_history/seed_51/metrics.json,Existing scientific record; see category index
robustness/interaction,experiments/crta_v3_stage_source_informativeness_ladder_v1/kn2nh/alpha_0.50/kidney_disease_history/seed_52/metrics.json,Existing scientific record; see category index
robustness/interaction,experiments/crta_v3_stage_source_informativeness_ladder_v1/kn2nh/alpha_0.50/kidney_disease_history/seed_53/metrics.json,Existing scientific record; see category index
robustness/interaction,experiments/crta_v3_stage_source_informativeness_ladder_v1/kn2nh/alpha_0.50/kidney_disease_history/seed_54/metrics.json,Existing scientific record; see category index
robustness/interaction,experiments/crta_v3_stage_source_informativeness_ladder_v1/kn2nh/alpha_0.50/kidney_disease_history/seed_55/metrics.json,Existing scientific record; see category index
robustness/interaction,experiments/crta_v3_stage_source_informativeness_ladder_v1/kn2nh/alpha_0.50/kidney_disease_history/seed_56/metrics.json,Existing scientific record; see category index
robustness/interaction,experiments/crta_v3_stage_source_informativeness_ladder_v1/kn2nh/alpha_0.50/kidney_disease_history/seed_57/metrics.json,Existing scientific record; see category index
robustness/interaction,experiments/crta_v3_stage_source_informativeness_ladder_v1/kn2nh/alpha_0.50/kidney_disease_history/seed_58/metrics.json,Existing scientific record; see category index
robustness/interaction,experiments/crta_v3_stage_source_informativeness_ladder_v1/kn2nh/alpha_0.50/kidney_disease_history/seed_59/metrics.json,Existing scientific record; see category index
robustness/interaction,experiments/crta_v3_stage_source_informativeness_ladder_v1/kn2nh/alpha_0.50/stroke_history/seed_50/metrics.json,Existing scientific record; see category index
robustness/interaction,experiments/crta_v3_stage_source_informativeness_ladder_v1/kn2nh/alpha_0.50/stroke_history/seed_51/metrics.json,Existing scientific record; see category index
robustness/interaction,experiments/crta_v3_stage_source_informativeness_ladder_v1/kn2nh/alpha_0.50/stroke_history/seed_52/metrics.json,Existing scientific record; see category index
robustness/interaction,experiments/crta_v3_stage_source_informativeness_ladder_v1/kn2nh/alpha_0.50/stroke_history/seed_53/metrics.json,Existing scientific record; see category index
robustness/interaction,experiments/crta_v3_stage_source_informativeness_ladder_v1/kn2nh/alpha_0.50/stroke_history/seed_54/metrics.json,Existing scientific record; see category index
robustness/interaction,experiments/crta_v3_stage_source_informativeness_ladder_v1/kn2nh/alpha_0.50/stroke_history/seed_55/metrics.json,Existing scientific record; see category index
robustness/interaction,experiments/crta_v3_stage_source_informativeness_ladder_v1/kn2nh/alpha_0.50/stroke_history/seed_56/metrics.json,Existing scientific record; see category index
robustness/interaction,experiments/crta_v3_stage_source_informativeness_ladder_v1/kn2nh/alpha_0.50/stroke_history/seed_57/metrics.json,Existing scientific record; see category index
robustness/interaction,experiments/crta_v3_stage_source_informativeness_ladder_v1/kn2nh/alpha_0.50/stroke_history/seed_58/metrics.json,Existing scientific record; see category index
robustness/interaction,experiments/crta_v3_stage_source_informativeness_ladder_v1/kn2nh/alpha_0.50/stroke_history/seed_59/metrics.json,Existing scientific record; see category index
robustness/interaction,experiments/crta_v3_stage_source_informativeness_ladder_v1/kn2nh/alpha_0.75/PERMUTATION_AUDIT_V1.json,Existing scientific record; see category index
robustness/interaction,experiments/crta_v3_stage_source_informativeness_ladder_v1/kn2nh/alpha_0.75/angina_history/seed_50/metrics.json,Existing scientific record; see category index
robustness/interaction,experiments/crta_v3_stage_source_informativeness_ladder_v1/kn2nh/alpha_0.75/angina_history/seed_51/metrics.json,Existing scientific record; see category index
robustness/interaction,experiments/crta_v3_stage_source_informativeness_ladder_v1/kn2nh/alpha_0.75/angina_history/seed_52/metrics.json,Existing scientific record; see category index
robustness/interaction,experiments/crta_v3_stage_source_informativeness_ladder_v1/kn2nh/alpha_0.75/angina_history/seed_53/metrics.json,Existing scientific record; see category index
robustness/interaction,experiments/crta_v3_stage_source_informativeness_ladder_v1/kn2nh/alpha_0.75/angina_history/seed_54/metrics.json,Existing scientific record; see category index
robustness/interaction,experiments/crta_v3_stage_source_informativeness_ladder_v1/kn2nh/alpha_0.75/angina_history/seed_55/metrics.json,Existing scientific record; see category index
robustness/interaction,experiments/crta_v3_stage_source_informativeness_ladder_v1/kn2nh/alpha_0.75/angina_history/seed_56/metrics.json,Existing scientific record; see category index
robustness/interaction,experiments/crta_v3_stage_source_informativeness_ladder_v1/kn2nh/alpha_0.75/angina_history/seed_57/metrics.json,Existing scientific record; see category index
robustness/interaction,experiments/crta_v3_stage_source_informativeness_ladder_v1/kn2nh/alpha_0.75/angina_history/seed_58/metrics.json,Existing scientific record; see category index
robustness/interaction,experiments/crta_v3_stage_source_informativeness_ladder_v1/kn2nh/alpha_0.75/angina_history/seed_59/metrics.json,Existing scientific record; see category index
robustness/interaction,experiments/crta_v3_stage_source_informativeness_ladder_v1/kn2nh/alpha_0.75/arthritis_history/seed_50/metrics.json,Existing scientific record; see category index
robustness/interaction,experiments/crta_v3_stage_source_informativeness_ladder_v1/kn2nh/alpha_0.75/arthritis_history/seed_51/metrics.json,Existing scientific record; see category index
robustness/interaction,experiments/crta_v3_stage_source_informativeness_ladder_v1/kn2nh/alpha_0.75/arthritis_history/seed_52/metrics.json,Existing scientific record; see category index
robustness/interaction,experiments/crta_v3_stage_source_informativeness_ladder_v1/kn2nh/alpha_0.75/arthritis_history/seed_53/metrics.json,Existing scientific record; see category index
robustness/interaction,experiments/crta_v3_stage_source_informativeness_ladder_v1/kn2nh/alpha_0.75/arthritis_history/seed_54/metrics.json,Existing scientific record; see category index
robustness/interaction,experiments/crta_v3_stage_source_informativeness_ladder_v1/kn2nh/alpha_0.75/arthritis_history/seed_55/metrics.json,Existing scientific record; see category index
robustness/interaction,experiments/crta_v3_stage_source_informativeness_ladder_v1/kn2nh/alpha_0.75/arthritis_history/seed_56/metrics.json,Existing scientific record; see category index
robustness/interaction,experiments/crta_v3_stage_source_informativeness_ladder_v1/kn2nh/alpha_0.75/arthritis_history/seed_57/metrics.json,Existing scientific record; see category index
robustness/interaction,experiments/crta_v3_stage_source_informativeness_ladder_v1/kn2nh/alpha_0.75/arthritis_history/seed_58/metrics.json,Existing scientific record; see category index
robustness/interaction,experiments/crta_v3_stage_source_informativeness_ladder_v1/kn2nh/alpha_0.75/arthritis_history/seed_59/metrics.json,Existing scientific record; see category index
robustness/interaction,experiments/crta_v3_stage_source_informativeness_ladder_v1/kn2nh/alpha_0.75/asthma_history/seed_50/metrics.json,Existing scientific record; see category index
robustness/interaction,experiments/crta_v3_stage_source_informativeness_ladder_v1/kn2nh/alpha_0.75/asthma_history/seed_51/metrics.json,Existing scientific record; see category index
robustness/interaction,experiments/crta_v3_stage_source_informativeness_ladder_v1/kn2nh/alpha_0.75/asthma_history/seed_52/metrics.json,Existing scientific record; see category index
robustness/interaction,experiments/crta_v3_stage_source_informativeness_ladder_v1/kn2nh/alpha_0.75/asthma_history/seed_53/metrics.json,Existing scientific record; see category index
robustness/interaction,experiments/crta_v3_stage_source_informativeness_ladder_v1/kn2nh/alpha_0.75/asthma_history/seed_54/metrics.json,Existing scientific record; see category index
robustness/interaction,experiments/crta_v3_stage_source_informativeness_ladder_v1/kn2nh/alpha_0.75/asthma_history/seed_55/metrics.json,Existing scientific record; see category index
robustness/interaction,experiments/crta_v3_stage_source_informativeness_ladder_v1/kn2nh/alpha_0.75/asthma_history/seed_56/metrics.json,Existing scientific record; see category index
robustness/interaction,experiments/crta_v3_stage_source_informativeness_ladder_v1/kn2nh/alpha_0.75/asthma_history/seed_57/metrics.json,Existing scientific record; see category index
robustness/interaction,experiments/crta_v3_stage_source_informativeness_ladder_v1/kn2nh/alpha_0.75/asthma_history/seed_58/metrics.json,Existing scientific record; see category index
robustness/interaction,experiments/crta_v3_stage_source_informativeness_ladder_v1/kn2nh/alpha_0.75/asthma_history/seed_59/metrics.json,Existing scientific record; see category index
robustness/interaction,experiments/crta_v3_stage_source_informativeness_ladder_v1/kn2nh/alpha_0.75/cancer_history/seed_50/metrics.json,Existing scientific record; see category index
robustness/interaction,experiments/crta_v3_stage_source_informativeness_ladder_v1/kn2nh/alpha_0.75/cancer_history/seed_51/metrics.json,Existing scientific record; see category index
robustness/interaction,experiments/crta_v3_stage_source_informativeness_ladder_v1/kn2nh/alpha_0.75/cancer_history/seed_52/metrics.json,Existing scientific record; see category index
robustness/interaction,experiments/crta_v3_stage_source_informativeness_ladder_v1/kn2nh/alpha_0.75/cancer_history/seed_53/metrics.json,Existing scientific record; see category index
robustness/interaction,experiments/crta_v3_stage_source_informativeness_ladder_v1/kn2nh/alpha_0.75/cancer_history/seed_54/metrics.json,Existing scientific record; see category index
robustness/interaction,experiments/crta_v3_stage_source_informativeness_ladder_v1/kn2nh/alpha_0.75/cancer_history/seed_55/metrics.json,Existing scientific record; see category index
robustness/interaction,experiments/crta_v3_stage_source_informativeness_ladder_v1/kn2nh/alpha_0.75/cancer_history/seed_56/metrics.json,Existing scientific record; see category index
robustness/interaction,experiments/crta_v3_stage_source_informativeness_ladder_v1/kn2nh/alpha_0.75/cancer_history/seed_57/metrics.json,Existing scientific record; see category index
robustness/interaction,experiments/crta_v3_stage_source_informativeness_ladder_v1/kn2nh/alpha_0.75/cancer_history/seed_58/metrics.json,Existing scientific record; see category index
robustness/interaction,experiments/crta_v3_stage_source_informativeness_ladder_v1/kn2nh/alpha_0.75/cancer_history/seed_59/metrics.json,Existing scientific record; see category index
robustness/interaction,experiments/crta_v3_stage_source_informativeness_ladder_v1/kn2nh/alpha_0.75/current_smoking_status/seed_50/metrics.json,Existing scientific record; see category index
robustness/interaction,experiments/crta_v3_stage_source_informativeness_ladder_v1/kn2nh/alpha_0.75/current_smoking_status/seed_51/metrics.json,Existing scientific record; see category index
robustness/interaction,experiments/crta_v3_stage_source_informativeness_ladder_v1/kn2nh/alpha_0.75/current_smoking_status/seed_52/metrics.json,Existing scientific record; see category index
robustness/interaction,experiments/crta_v3_stage_source_informativeness_ladder_v1/kn2nh/alpha_0.75/current_smoking_status/seed_53/metrics.json,Existing scientific record; see category index
robustness/interaction,experiments/crta_v3_stage_source_informativeness_ladder_v1/kn2nh/alpha_0.75/current_smoking_status/seed_54/metrics.json,Existing scientific record; see category index
robustness/interaction,experiments/crta_v3_stage_source_informativeness_ladder_v1/kn2nh/alpha_0.75/current_smoking_status/seed_55/metrics.json,Existing scientific record; see category index
robustness/interaction,experiments/crta_v3_stage_source_informativeness_ladder_v1/kn2nh/alpha_0.75/current_smoking_status/seed_56/metrics.json,Existing scientific record; see category index
robustness/interaction,experiments/crta_v3_stage_source_informativeness_ladder_v1/kn2nh/alpha_0.75/current_smoking_status/seed_57/metrics.json,Existing scientific record; see category index
robustness/interaction,experiments/crta_v3_stage_source_informativeness_ladder_v1/kn2nh/alpha_0.75/current_smoking_status/seed_58/metrics.json,Existing scientific record; see category index
robustness/interaction,experiments/crta_v3_stage_source_informativeness_ladder_v1/kn2nh/alpha_0.75/current_smoking_status/seed_59/metrics.json,Existing scientific record; see category index
robustness/interaction,experiments/crta_v3_stage_source_informativeness_ladder_v1/kn2nh/alpha_0.75/diabetes_history/seed_50/metrics.json,Existing scientific record; see category index
robustness/interaction,experiments/crta_v3_stage_source_informativeness_ladder_v1/kn2nh/alpha_0.75/diabetes_history/seed_51/metrics.json,Existing scientific record; see category index
robustness/interaction,experiments/crta_v3_stage_source_informativeness_ladder_v1/kn2nh/alpha_0.75/diabetes_history/seed_52/metrics.json,Existing scientific record; see category index
robustness/interaction,experiments/crta_v3_stage_source_informativeness_ladder_v1/kn2nh/alpha_0.75/diabetes_history/seed_53/metrics.json,Existing scientific record; see category index
robustness/interaction,experiments/crta_v3_stage_source_informativeness_ladder_v1/kn2nh/alpha_0.75/diabetes_history/seed_54/metrics.json,Existing scientific record; see category index
robustness/interaction,experiments/crta_v3_stage_source_informativeness_ladder_v1/kn2nh/alpha_0.75/diabetes_history/seed_55/metrics.json,Existing scientific record; see category index
robustness/interaction,experiments/crta_v3_stage_source_informativeness_ladder_v1/kn2nh/alpha_0.75/diabetes_history/seed_56/metrics.json,Existing scientific record; see category index
robustness/interaction,experiments/crta_v3_stage_source_informativeness_ladder_v1/kn2nh/alpha_0.75/diabetes_history/seed_57/metrics.json,Existing scientific record; see category index
robustness/interaction,experiments/crta_v3_stage_source_informativeness_ladder_v1/kn2nh/alpha_0.75/diabetes_history/seed_58/metrics.json,Existing scientific record; see category index
robustness/interaction,experiments/crta_v3_stage_source_informativeness_ladder_v1/kn2nh/alpha_0.75/diabetes_history/seed_59/metrics.json,Existing scientific record; see category index
robustness/interaction,experiments/crta_v3_stage_source_informativeness_ladder_v1/kn2nh/alpha_0.75/heart_attack_history/seed_50/metrics.json,Existing scientific record; see category index
robustness/interaction,experiments/crta_v3_stage_source_informativeness_ladder_v1/kn2nh/alpha_0.75/heart_attack_history/seed_51/metrics.json,Existing scientific record; see category index
robustness/interaction,experiments/crta_v3_stage_source_informativeness_ladder_v1/kn2nh/alpha_0.75/heart_attack_history/seed_52/metrics.json,Existing scientific record; see category index
robustness/interaction,experiments/crta_v3_stage_source_informativeness_ladder_v1/kn2nh/alpha_0.75/heart_attack_history/seed_53/metrics.json,Existing scientific record; see category index
robustness/interaction,experiments/crta_v3_stage_source_informativeness_ladder_v1/kn2nh/alpha_0.75/heart_attack_history/seed_54/metrics.json,Existing scientific record; see category index
robustness/interaction,experiments/crta_v3_stage_source_informativeness_ladder_v1/kn2nh/alpha_0.75/heart_attack_history/seed_55/metrics.json,Existing scientific record; see category index
robustness/interaction,experiments/crta_v3_stage_source_informativeness_ladder_v1/kn2nh/alpha_0.75/heart_attack_history/seed_56/metrics.json,Existing scientific record; see category index
robustness/interaction,experiments/crta_v3_stage_source_informativeness_ladder_v1/kn2nh/alpha_0.75/heart_attack_history/seed_57/metrics.json,Existing scientific record; see category index
robustness/interaction,experiments/crta_v3_stage_source_informativeness_ladder_v1/kn2nh/alpha_0.75/heart_attack_history/seed_58/metrics.json,Existing scientific record; see category index
robustness/interaction,experiments/crta_v3_stage_source_informativeness_ladder_v1/kn2nh/alpha_0.75/heart_attack_history/seed_59/metrics.json,Existing scientific record; see category index
robustness/interaction,experiments/crta_v3_stage_source_informativeness_ladder_v1/kn2nh/alpha_0.75/hypertension_history/seed_50/metrics.json,Existing scientific record; see category index
robustness/interaction,experiments/crta_v3_stage_source_informativeness_ladder_v1/kn2nh/alpha_0.75/hypertension_history/seed_51/metrics.json,Existing scientific record; see category index
robustness/interaction,experiments/crta_v3_stage_source_informativeness_ladder_v1/kn2nh/alpha_0.75/hypertension_history/seed_52/metrics.json,Existing scientific record; see category index
robustness/interaction,experiments/crta_v3_stage_source_informativeness_ladder_v1/kn2nh/alpha_0.75/hypertension_history/seed_53/metrics.json,Existing scientific record; see category index
robustness/interaction,experiments/crta_v3_stage_source_informativeness_ladder_v1/kn2nh/alpha_0.75/hypertension_history/seed_54/metrics.json,Existing scientific record; see category index
robustness/interaction,experiments/crta_v3_stage_source_informativeness_ladder_v1/kn2nh/alpha_0.75/hypertension_history/seed_55/metrics.json,Existing scientific record; see category index
robustness/interaction,experiments/crta_v3_stage_source_informativeness_ladder_v1/kn2nh/alpha_0.75/hypertension_history/seed_56/metrics.json,Existing scientific record; see category index
robustness/interaction,experiments/crta_v3_stage_source_informativeness_ladder_v1/kn2nh/alpha_0.75/hypertension_history/seed_57/metrics.json,Existing scientific record; see category index
robustness/interaction,experiments/crta_v3_stage_source_informativeness_ladder_v1/kn2nh/alpha_0.75/hypertension_history/seed_58/metrics.json,Existing scientific record; see category index
robustness/interaction,experiments/crta_v3_stage_source_informativeness_ladder_v1/kn2nh/alpha_0.75/hypertension_history/seed_59/metrics.json,Existing scientific record; see category index
robustness/interaction,experiments/crta_v3_stage_source_informativeness_ladder_v1/kn2nh/alpha_0.75/kidney_disease_history/seed_50/metrics.json,Existing scientific record; see category index
robustness/interaction,experiments/crta_v3_stage_source_informativeness_ladder_v1/kn2nh/alpha_0.75/kidney_disease_history/seed_51/metrics.json,Existing scientific record; see category index
robustness/interaction,experiments/crta_v3_stage_source_informativeness_ladder_v1/kn2nh/alpha_0.75/kidney_disease_history/seed_52/metrics.json,Existing scientific record; see category index
robustness/interaction,experiments/crta_v3_stage_source_informativeness_ladder_v1/kn2nh/alpha_0.75/kidney_disease_history/seed_53/metrics.json,Existing scientific record; see category index
robustness/interaction,experiments/crta_v3_stage_source_informativeness_ladder_v1/kn2nh/alpha_0.75/kidney_disease_history/seed_54/metrics.json,Existing scientific record; see category index
robustness/interaction,experiments/crta_v3_stage_source_informativeness_ladder_v1/kn2nh/alpha_0.75/kidney_disease_history/seed_55/metrics.json,Existing scientific record; see category index
robustness/interaction,experiments/crta_v3_stage_source_informativeness_ladder_v1/kn2nh/alpha_0.75/kidney_disease_history/seed_56/metrics.json,Existing scientific record; see category index
robustness/interaction,experiments/crta_v3_stage_source_informativeness_ladder_v1/kn2nh/alpha_0.75/kidney_disease_history/seed_57/metrics.json,Existing scientific record; see category index
robustness/interaction,experiments/crta_v3_stage_source_informativeness_ladder_v1/kn2nh/alpha_0.75/kidney_disease_history/seed_58/metrics.json,Existing scientific record; see category index
robustness/interaction,experiments/crta_v3_stage_source_informativeness_ladder_v1/kn2nh/alpha_0.75/kidney_disease_history/seed_59/metrics.json,Existing scientific record; see category index
robustness/interaction,experiments/crta_v3_stage_source_informativeness_ladder_v1/kn2nh/alpha_0.75/stroke_history/seed_50/metrics.json,Existing scientific record; see category index
robustness/interaction,experiments/crta_v3_stage_source_informativeness_ladder_v1/kn2nh/alpha_0.75/stroke_history/seed_51/metrics.json,Existing scientific record; see category index
robustness/interaction,experiments/crta_v3_stage_source_informativeness_ladder_v1/kn2nh/alpha_0.75/stroke_history/seed_52/metrics.json,Existing scientific record; see category index
robustness/interaction,experiments/crta_v3_stage_source_informativeness_ladder_v1/kn2nh/alpha_0.75/stroke_history/seed_53/metrics.json,Existing scientific record; see category index
robustness/interaction,experiments/crta_v3_stage_source_informativeness_ladder_v1/kn2nh/alpha_0.75/stroke_history/seed_54/metrics.json,Existing scientific record; see category index
robustness/interaction,experiments/crta_v3_stage_source_informativeness_ladder_v1/kn2nh/alpha_0.75/stroke_history/seed_55/metrics.json,Existing scientific record; see category index
robustness/interaction,experiments/crta_v3_stage_source_informativeness_ladder_v1/kn2nh/alpha_0.75/stroke_history/seed_56/metrics.json,Existing scientific record; see category index
robustness/interaction,experiments/crta_v3_stage_source_informativeness_ladder_v1/kn2nh/alpha_0.75/stroke_history/seed_57/metrics.json,Existing scientific record; see category index
robustness/interaction,experiments/crta_v3_stage_source_informativeness_ladder_v1/kn2nh/alpha_0.75/stroke_history/seed_58/metrics.json,Existing scientific record; see category index
robustness/interaction,experiments/crta_v3_stage_source_informativeness_ladder_v1/kn2nh/alpha_0.75/stroke_history/seed_59/metrics.json,Existing scientific record; see category index
robustness/interaction,experiments/crta_v3_stage_source_informativeness_ladder_v1/kn2nh/alpha_1.00/PERMUTATION_AUDIT_V1.json,Existing scientific record; see category index
robustness/interaction,experiments/crta_v3_stage_source_informativeness_ladder_v1/kn2nh/alpha_1.00/angina_history/seed_50/metrics.json,Existing scientific record; see category index
robustness/interaction,experiments/crta_v3_stage_source_informativeness_ladder_v1/kn2nh/alpha_1.00/angina_history/seed_51/metrics.json,Existing scientific record; see category index
robustness/interaction,experiments/crta_v3_stage_source_informativeness_ladder_v1/kn2nh/alpha_1.00/angina_history/seed_52/metrics.json,Existing scientific record; see category index
robustness/interaction,experiments/crta_v3_stage_source_informativeness_ladder_v1/kn2nh/alpha_1.00/angina_history/seed_53/metrics.json,Existing scientific record; see category index
robustness/interaction,experiments/crta_v3_stage_source_informativeness_ladder_v1/kn2nh/alpha_1.00/angina_history/seed_54/metrics.json,Existing scientific record; see category index
robustness/interaction,experiments/crta_v3_stage_source_informativeness_ladder_v1/kn2nh/alpha_1.00/angina_history/seed_55/metrics.json,Existing scientific record; see category index
robustness/interaction,experiments/crta_v3_stage_source_informativeness_ladder_v1/kn2nh/alpha_1.00/angina_history/seed_56/metrics.json,Existing scientific record; see category index
robustness/interaction,experiments/crta_v3_stage_source_informativeness_ladder_v1/kn2nh/alpha_1.00/angina_history/seed_57/metrics.json,Existing scientific record; see category index
robustness/interaction,experiments/crta_v3_stage_source_informativeness_ladder_v1/kn2nh/alpha_1.00/angina_history/seed_58/metrics.json,Existing scientific record; see category index
robustness/interaction,experiments/crta_v3_stage_source_informativeness_ladder_v1/kn2nh/alpha_1.00/angina_history/seed_59/metrics.json,Existing scientific record; see category index
robustness/interaction,experiments/crta_v3_stage_source_informativeness_ladder_v1/kn2nh/alpha_1.00/arthritis_history/seed_50/metrics.json,Existing scientific record; see category index
robustness/interaction,experiments/crta_v3_stage_source_informativeness_ladder_v1/kn2nh/alpha_1.00/arthritis_history/seed_51/metrics.json,Existing scientific record; see category index
robustness/interaction,experiments/crta_v3_stage_source_informativeness_ladder_v1/kn2nh/alpha_1.00/arthritis_history/seed_52/metrics.json,Existing scientific record; see category index
robustness/interaction,experiments/crta_v3_stage_source_informativeness_ladder_v1/kn2nh/alpha_1.00/arthritis_history/seed_53/metrics.json,Existing scientific record; see category index
robustness/interaction,experiments/crta_v3_stage_source_informativeness_ladder_v1/kn2nh/alpha_1.00/arthritis_history/seed_54/metrics.json,Existing scientific record; see category index
robustness/interaction,experiments/crta_v3_stage_source_informativeness_ladder_v1/kn2nh/alpha_1.00/arthritis_history/seed_55/metrics.json,Existing scientific record; see category index
robustness/interaction,experiments/crta_v3_stage_source_informativeness_ladder_v1/kn2nh/alpha_1.00/arthritis_history/seed_56/metrics.json,Existing scientific record; see category index
robustness/interaction,experiments/crta_v3_stage_source_informativeness_ladder_v1/kn2nh/alpha_1.00/arthritis_history/seed_57/metrics.json,Existing scientific record; see category index
robustness/interaction,experiments/crta_v3_stage_source_informativeness_ladder_v1/kn2nh/alpha_1.00/arthritis_history/seed_58/metrics.json,Existing scientific record; see category index
robustness/interaction,experiments/crta_v3_stage_source_informativeness_ladder_v1/kn2nh/alpha_1.00/arthritis_history/seed_59/metrics.json,Existing scientific record; see category index
robustness/interaction,experiments/crta_v3_stage_source_informativeness_ladder_v1/kn2nh/alpha_1.00/asthma_history/seed_50/metrics.json,Existing scientific record; see category index
robustness/interaction,experiments/crta_v3_stage_source_informativeness_ladder_v1/kn2nh/alpha_1.00/asthma_history/seed_51/metrics.json,Existing scientific record; see category index
robustness/interaction,experiments/crta_v3_stage_source_informativeness_ladder_v1/kn2nh/alpha_1.00/asthma_history/seed_52/metrics.json,Existing scientific record; see category index
robustness/interaction,experiments/crta_v3_stage_source_informativeness_ladder_v1/kn2nh/alpha_1.00/asthma_history/seed_53/metrics.json,Existing scientific record; see category index
robustness/interaction,experiments/crta_v3_stage_source_informativeness_ladder_v1/kn2nh/alpha_1.00/asthma_history/seed_54/metrics.json,Existing scientific record; see category index
robustness/interaction,experiments/crta_v3_stage_source_informativeness_ladder_v1/kn2nh/alpha_1.00/asthma_history/seed_55/metrics.json,Existing scientific record; see category index
robustness/interaction,experiments/crta_v3_stage_source_informativeness_ladder_v1/kn2nh/alpha_1.00/asthma_history/seed_56/metrics.json,Existing scientific record; see category index
robustness/interaction,experiments/crta_v3_stage_source_informativeness_ladder_v1/kn2nh/alpha_1.00/asthma_history/seed_57/metrics.json,Existing scientific record; see category index
robustness/interaction,experiments/crta_v3_stage_source_informativeness_ladder_v1/kn2nh/alpha_1.00/asthma_history/seed_58/metrics.json,Existing scientific record; see category index
robustness/interaction,experiments/crta_v3_stage_source_informativeness_ladder_v1/kn2nh/alpha_1.00/asthma_history/seed_59/metrics.json,Existing scientific record; see category index
robustness/interaction,experiments/crta_v3_stage_source_informativeness_ladder_v1/kn2nh/alpha_1.00/cancer_history/seed_50/metrics.json,Existing scientific record; see category index
robustness/interaction,experiments/crta_v3_stage_source_informativeness_ladder_v1/kn2nh/alpha_1.00/cancer_history/seed_51/metrics.json,Existing scientific record; see category index
robustness/interaction,experiments/crta_v3_stage_source_informativeness_ladder_v1/kn2nh/alpha_1.00/cancer_history/seed_52/metrics.json,Existing scientific record; see category index
robustness/interaction,experiments/crta_v3_stage_source_informativeness_ladder_v1/kn2nh/alpha_1.00/cancer_history/seed_53/metrics.json,Existing scientific record; see category index
robustness/interaction,experiments/crta_v3_stage_source_informativeness_ladder_v1/kn2nh/alpha_1.00/cancer_history/seed_54/metrics.json,Existing scientific record; see category index
robustness/interaction,experiments/crta_v3_stage_source_informativeness_ladder_v1/kn2nh/alpha_1.00/cancer_history/seed_55/metrics.json,Existing scientific record; see category index
robustness/interaction,experiments/crta_v3_stage_source_informativeness_ladder_v1/kn2nh/alpha_1.00/cancer_history/seed_56/metrics.json,Existing scientific record; see category index
robustness/interaction,experiments/crta_v3_stage_source_informativeness_ladder_v1/kn2nh/alpha_1.00/cancer_history/seed_57/metrics.json,Existing scientific record; see category index
robustness/interaction,experiments/crta_v3_stage_source_informativeness_ladder_v1/kn2nh/alpha_1.00/cancer_history/seed_58/metrics.json,Existing scientific record; see category index
robustness/interaction,experiments/crta_v3_stage_source_informativeness_ladder_v1/kn2nh/alpha_1.00/cancer_history/seed_59/metrics.json,Existing scientific record; see category index
robustness/interaction,experiments/crta_v3_stage_source_informativeness_ladder_v1/kn2nh/alpha_1.00/current_smoking_status/seed_50/metrics.json,Existing scientific record; see category index
robustness/interaction,experiments/crta_v3_stage_source_informativeness_ladder_v1/kn2nh/alpha_1.00/current_smoking_status/seed_51/metrics.json,Existing scientific record; see category index
robustness/interaction,experiments/crta_v3_stage_source_informativeness_ladder_v1/kn2nh/alpha_1.00/current_smoking_status/seed_52/metrics.json,Existing scientific record; see category index
robustness/interaction,experiments/crta_v3_stage_source_informativeness_ladder_v1/kn2nh/alpha_1.00/current_smoking_status/seed_53/metrics.json,Existing scientific record; see category index
robustness/interaction,experiments/crta_v3_stage_source_informativeness_ladder_v1/kn2nh/alpha_1.00/current_smoking_status/seed_54/metrics.json,Existing scientific record; see category index
robustness/interaction,experiments/crta_v3_stage_source_informativeness_ladder_v1/kn2nh/alpha_1.00/current_smoking_status/seed_55/metrics.json,Existing scientific record; see category index
robustness/interaction,experiments/crta_v3_stage_source_informativeness_ladder_v1/kn2nh/alpha_1.00/current_smoking_status/seed_56/metrics.json,Existing scientific record; see category index
robustness/interaction,experiments/crta_v3_stage_source_informativeness_ladder_v1/kn2nh/alpha_1.00/current_smoking_status/seed_57/metrics.json,Existing scientific record; see category index
robustness/interaction,experiments/crta_v3_stage_source_informativeness_ladder_v1/kn2nh/alpha_1.00/current_smoking_status/seed_58/metrics.json,Existing scientific record; see category index
robustness/interaction,experiments/crta_v3_stage_source_informativeness_ladder_v1/kn2nh/alpha_1.00/current_smoking_status/seed_59/metrics.json,Existing scientific record; see category index
robustness/interaction,experiments/crta_v3_stage_source_informativeness_ladder_v1/kn2nh/alpha_1.00/diabetes_history/seed_50/metrics.json,Existing scientific record; see category index
robustness/interaction,experiments/crta_v3_stage_source_informativeness_ladder_v1/kn2nh/alpha_1.00/diabetes_history/seed_51/metrics.json,Existing scientific record; see category index
robustness/interaction,experiments/crta_v3_stage_source_informativeness_ladder_v1/kn2nh/alpha_1.00/diabetes_history/seed_52/metrics.json,Existing scientific record; see category index
robustness/interaction,experiments/crta_v3_stage_source_informativeness_ladder_v1/kn2nh/alpha_1.00/diabetes_history/seed_53/metrics.json,Existing scientific record; see category index
robustness/interaction,experiments/crta_v3_stage_source_informativeness_ladder_v1/kn2nh/alpha_1.00/diabetes_history/seed_54/metrics.json,Existing scientific record; see category index
robustness/interaction,experiments/crta_v3_stage_source_informativeness_ladder_v1/kn2nh/alpha_1.00/diabetes_history/seed_55/metrics.json,Existing scientific record; see category index
robustness/interaction,experiments/crta_v3_stage_source_informativeness_ladder_v1/kn2nh/alpha_1.00/diabetes_history/seed_56/metrics.json,Existing scientific record; see category index
robustness/interaction,experiments/crta_v3_stage_source_informativeness_ladder_v1/kn2nh/alpha_1.00/diabetes_history/seed_57/metrics.json,Existing scientific record; see category index
robustness/interaction,experiments/crta_v3_stage_source_informativeness_ladder_v1/kn2nh/alpha_1.00/diabetes_history/seed_58/metrics.json,Existing scientific record; see category index
robustness/interaction,experiments/crta_v3_stage_source_informativeness_ladder_v1/kn2nh/alpha_1.00/diabetes_history/seed_59/metrics.json,Existing scientific record; see category index
robustness/interaction,experiments/crta_v3_stage_source_informativeness_ladder_v1/kn2nh/alpha_1.00/heart_attack_history/seed_50/metrics.json,Existing scientific record; see category index
robustness/interaction,experiments/crta_v3_stage_source_informativeness_ladder_v1/kn2nh/alpha_1.00/heart_attack_history/seed_51/metrics.json,Existing scientific record; see category index
robustness/interaction,experiments/crta_v3_stage_source_informativeness_ladder_v1/kn2nh/alpha_1.00/heart_attack_history/seed_52/metrics.json,Existing scientific record; see category index
robustness/interaction,experiments/crta_v3_stage_source_informativeness_ladder_v1/kn2nh/alpha_1.00/heart_attack_history/seed_53/metrics.json,Existing scientific record; see category index
robustness/interaction,experiments/crta_v3_stage_source_informativeness_ladder_v1/kn2nh/alpha_1.00/heart_attack_history/seed_54/metrics.json,Existing scientific record; see category index
robustness/interaction,experiments/crta_v3_stage_source_informativeness_ladder_v1/kn2nh/alpha_1.00/heart_attack_history/seed_55/metrics.json,Existing scientific record; see category index
robustness/interaction,experiments/crta_v3_stage_source_informativeness_ladder_v1/kn2nh/alpha_1.00/heart_attack_history/seed_56/metrics.json,Existing scientific record; see category index
robustness/interaction,experiments/crta_v3_stage_source_informativeness_ladder_v1/kn2nh/alpha_1.00/heart_attack_history/seed_57/metrics.json,Existing scientific record; see category index
robustness/interaction,experiments/crta_v3_stage_source_informativeness_ladder_v1/kn2nh/alpha_1.00/heart_attack_history/seed_58/metrics.json,Existing scientific record; see category index
robustness/interaction,experiments/crta_v3_stage_source_informativeness_ladder_v1/kn2nh/alpha_1.00/heart_attack_history/seed_59/metrics.json,Existing scientific record; see category index
robustness/interaction,experiments/crta_v3_stage_source_informativeness_ladder_v1/kn2nh/alpha_1.00/hypertension_history/seed_50/metrics.json,Existing scientific record; see category index
robustness/interaction,experiments/crta_v3_stage_source_informativeness_ladder_v1/kn2nh/alpha_1.00/hypertension_history/seed_51/metrics.json,Existing scientific record; see category index
robustness/interaction,experiments/crta_v3_stage_source_informativeness_ladder_v1/kn2nh/alpha_1.00/hypertension_history/seed_52/metrics.json,Existing scientific record; see category index
robustness/interaction,experiments/crta_v3_stage_source_informativeness_ladder_v1/kn2nh/alpha_1.00/hypertension_history/seed_53/metrics.json,Existing scientific record; see category index
robustness/interaction,experiments/crta_v3_stage_source_informativeness_ladder_v1/kn2nh/alpha_1.00/hypertension_history/seed_54/metrics.json,Existing scientific record; see category index
robustness/interaction,experiments/crta_v3_stage_source_informativeness_ladder_v1/kn2nh/alpha_1.00/hypertension_history/seed_55/metrics.json,Existing scientific record; see category index
robustness/interaction,experiments/crta_v3_stage_source_informativeness_ladder_v1/kn2nh/alpha_1.00/hypertension_history/seed_56/metrics.json,Existing scientific record; see category index
robustness/interaction,experiments/crta_v3_stage_source_informativeness_ladder_v1/kn2nh/alpha_1.00/hypertension_history/seed_57/metrics.json,Existing scientific record; see category index
robustness/interaction,experiments/crta_v3_stage_source_informativeness_ladder_v1/kn2nh/alpha_1.00/hypertension_history/seed_58/metrics.json,Existing scientific record; see category index
robustness/interaction,experiments/crta_v3_stage_source_informativeness_ladder_v1/kn2nh/alpha_1.00/hypertension_history/seed_59/metrics.json,Existing scientific record; see category index
robustness/interaction,experiments/crta_v3_stage_source_informativeness_ladder_v1/kn2nh/alpha_1.00/kidney_disease_history/seed_50/metrics.json,Existing scientific record; see category index
robustness/interaction,experiments/crta_v3_stage_source_informativeness_ladder_v1/kn2nh/alpha_1.00/kidney_disease_history/seed_51/metrics.json,Existing scientific record; see category index
robustness/interaction,experiments/crta_v3_stage_source_informativeness_ladder_v1/kn2nh/alpha_1.00/kidney_disease_history/seed_52/metrics.json,Existing scientific record; see category index
robustness/interaction,experiments/crta_v3_stage_source_informativeness_ladder_v1/kn2nh/alpha_1.00/kidney_disease_history/seed_53/metrics.json,Existing scientific record; see category index
robustness/interaction,experiments/crta_v3_stage_source_informativeness_ladder_v1/kn2nh/alpha_1.00/kidney_disease_history/seed_54/metrics.json,Existing scientific record; see category index
robustness/interaction,experiments/crta_v3_stage_source_informativeness_ladder_v1/kn2nh/alpha_1.00/kidney_disease_history/seed_55/metrics.json,Existing scientific record; see category index
robustness/interaction,experiments/crta_v3_stage_source_informativeness_ladder_v1/kn2nh/alpha_1.00/kidney_disease_history/seed_56/metrics.json,Existing scientific record; see category index
robustness/interaction,experiments/crta_v3_stage_source_informativeness_ladder_v1/kn2nh/alpha_1.00/kidney_disease_history/seed_57/metrics.json,Existing scientific record; see category index
robustness/interaction,experiments/crta_v3_stage_source_informativeness_ladder_v1/kn2nh/alpha_1.00/kidney_disease_history/seed_58/metrics.json,Existing scientific record; see category index
robustness/interaction,experiments/crta_v3_stage_source_informativeness_ladder_v1/kn2nh/alpha_1.00/kidney_disease_history/seed_59/metrics.json,Existing scientific record; see category index
robustness/interaction,experiments/crta_v3_stage_source_informativeness_ladder_v1/kn2nh/alpha_1.00/stroke_history/seed_50/metrics.json,Existing scientific record; see category index
robustness/interaction,experiments/crta_v3_stage_source_informativeness_ladder_v1/kn2nh/alpha_1.00/stroke_history/seed_51/metrics.json,Existing scientific record; see category index
robustness/interaction,experiments/crta_v3_stage_source_informativeness_ladder_v1/kn2nh/alpha_1.00/stroke_history/seed_52/metrics.json,Existing scientific record; see category index
robustness/interaction,experiments/crta_v3_stage_source_informativeness_ladder_v1/kn2nh/alpha_1.00/stroke_history/seed_53/metrics.json,Existing scientific record; see category index
robustness/interaction,experiments/crta_v3_stage_source_informativeness_ladder_v1/kn2nh/alpha_1.00/stroke_history/seed_54/metrics.json,Existing scientific record; see category index
robustness/interaction,experiments/crta_v3_stage_source_informativeness_ladder_v1/kn2nh/alpha_1.00/stroke_history/seed_55/metrics.json,Existing scientific record; see category index
robustness/interaction,experiments/crta_v3_stage_source_informativeness_ladder_v1/kn2nh/alpha_1.00/stroke_history/seed_56/metrics.json,Existing scientific record; see category index
robustness/interaction,experiments/crta_v3_stage_source_informativeness_ladder_v1/kn2nh/alpha_1.00/stroke_history/seed_57/metrics.json,Existing scientific record; see category index
robustness/interaction,experiments/crta_v3_stage_source_informativeness_ladder_v1/kn2nh/alpha_1.00/stroke_history/seed_58/metrics.json,Existing scientific record; see category index
robustness/interaction,experiments/crta_v3_stage_source_informativeness_ladder_v1/kn2nh/alpha_1.00/stroke_history/seed_59/metrics.json,Existing scientific record; see category index
robustness/interaction,experiments/crta_v3_stage_source_informativeness_ladder_v1/nh2kn/alpha_0.25/PERMUTATION_AUDIT_V1.json,Existing scientific record; see category index
robustness/interaction,experiments/crta_v3_stage_source_informativeness_ladder_v1/nh2kn/alpha_0.25/angina_history/seed_50/metrics.json,Existing scientific record; see category index
robustness/interaction,experiments/crta_v3_stage_source_informativeness_ladder_v1/nh2kn/alpha_0.25/angina_history/seed_51/metrics.json,Existing scientific record; see category index
robustness/interaction,experiments/crta_v3_stage_source_informativeness_ladder_v1/nh2kn/alpha_0.25/angina_history/seed_52/metrics.json,Existing scientific record; see category index
robustness/interaction,experiments/crta_v3_stage_source_informativeness_ladder_v1/nh2kn/alpha_0.25/angina_history/seed_53/metrics.json,Existing scientific record; see category index
robustness/interaction,experiments/crta_v3_stage_source_informativeness_ladder_v1/nh2kn/alpha_0.25/angina_history/seed_54/metrics.json,Existing scientific record; see category index
robustness/interaction,experiments/crta_v3_stage_source_informativeness_ladder_v1/nh2kn/alpha_0.25/angina_history/seed_55/metrics.json,Existing scientific record; see category index
robustness/interaction,experiments/crta_v3_stage_source_informativeness_ladder_v1/nh2kn/alpha_0.25/angina_history/seed_56/metrics.json,Existing scientific record; see category index
robustness/interaction,experiments/crta_v3_stage_source_informativeness_ladder_v1/nh2kn/alpha_0.25/angina_history/seed_57/metrics.json,Existing scientific record; see category index
robustness/interaction,experiments/crta_v3_stage_source_informativeness_ladder_v1/nh2kn/alpha_0.25/angina_history/seed_58/metrics.json,Existing scientific record; see category index
robustness/interaction,experiments/crta_v3_stage_source_informativeness_ladder_v1/nh2kn/alpha_0.25/angina_history/seed_59/metrics.json,Existing scientific record; see category index
robustness/interaction,experiments/crta_v3_stage_source_informativeness_ladder_v1/nh2kn/alpha_0.25/arthritis_history/seed_50/metrics.json,Existing scientific record; see category index
robustness/interaction,experiments/crta_v3_stage_source_informativeness_ladder_v1/nh2kn/alpha_0.25/arthritis_history/seed_51/metrics.json,Existing scientific record; see category index
robustness/interaction,experiments/crta_v3_stage_source_informativeness_ladder_v1/nh2kn/alpha_0.25/arthritis_history/seed_52/metrics.json,Existing scientific record; see category index
robustness/interaction,experiments/crta_v3_stage_source_informativeness_ladder_v1/nh2kn/alpha_0.25/arthritis_history/seed_53/metrics.json,Existing scientific record; see category index
robustness/interaction,experiments/crta_v3_stage_source_informativeness_ladder_v1/nh2kn/alpha_0.25/arthritis_history/seed_54/metrics.json,Existing scientific record; see category index
robustness/interaction,experiments/crta_v3_stage_source_informativeness_ladder_v1/nh2kn/alpha_0.25/arthritis_history/seed_55/metrics.json,Existing scientific record; see category index
robustness/interaction,experiments/crta_v3_stage_source_informativeness_ladder_v1/nh2kn/alpha_0.25/arthritis_history/seed_56/metrics.json,Existing scientific record; see category index
robustness/interaction,experiments/crta_v3_stage_source_informativeness_ladder_v1/nh2kn/alpha_0.25/arthritis_history/seed_57/metrics.json,Existing scientific record; see category index
robustness/interaction,experiments/crta_v3_stage_source_informativeness_ladder_v1/nh2kn/alpha_0.25/arthritis_history/seed_58/metrics.json,Existing scientific record; see category index
robustness/interaction,experiments/crta_v3_stage_source_informativeness_ladder_v1/nh2kn/alpha_0.25/arthritis_history/seed_59/metrics.json,Existing scientific record; see category index
robustness/interaction,experiments/crta_v3_stage_source_informativeness_ladder_v1/nh2kn/alpha_0.25/asthma_history/seed_50/metrics.json,Existing scientific record; see category index
robustness/interaction,experiments/crta_v3_stage_source_informativeness_ladder_v1/nh2kn/alpha_0.25/asthma_history/seed_51/metrics.json,Existing scientific record; see category index
robustness/interaction,experiments/crta_v3_stage_source_informativeness_ladder_v1/nh2kn/alpha_0.25/asthma_history/seed_52/metrics.json,Existing scientific record; see category index
robustness/interaction,experiments/crta_v3_stage_source_informativeness_ladder_v1/nh2kn/alpha_0.25/asthma_history/seed_53/metrics.json,Existing scientific record; see category index
robustness/interaction,experiments/crta_v3_stage_source_informativeness_ladder_v1/nh2kn/alpha_0.25/asthma_history/seed_54/metrics.json,Existing scientific record; see category index
robustness/interaction,experiments/crta_v3_stage_source_informativeness_ladder_v1/nh2kn/alpha_0.25/asthma_history/seed_55/metrics.json,Existing scientific record; see category index
robustness/interaction,experiments/crta_v3_stage_source_informativeness_ladder_v1/nh2kn/alpha_0.25/asthma_history/seed_56/metrics.json,Existing scientific record; see category index
robustness/interaction,experiments/crta_v3_stage_source_informativeness_ladder_v1/nh2kn/alpha_0.25/asthma_history/seed_57/metrics.json,Existing scientific record; see category index
robustness/interaction,experiments/crta_v3_stage_source_informativeness_ladder_v1/nh2kn/alpha_0.25/asthma_history/seed_58/metrics.json,Existing scientific record; see category index
robustness/interaction,experiments/crta_v3_stage_source_informativeness_ladder_v1/nh2kn/alpha_0.25/asthma_history/seed_59/metrics.json,Existing scientific record; see category index
robustness/interaction,experiments/crta_v3_stage_source_informativeness_ladder_v1/nh2kn/alpha_0.25/cancer_history/seed_50/metrics.json,Existing scientific record; see category index
robustness/interaction,experiments/crta_v3_stage_source_informativeness_ladder_v1/nh2kn/alpha_0.25/cancer_history/seed_51/metrics.json,Existing scientific record; see category index
robustness/interaction,experiments/crta_v3_stage_source_informativeness_ladder_v1/nh2kn/alpha_0.25/cancer_history/seed_52/metrics.json,Existing scientific record; see category index
robustness/interaction,experiments/crta_v3_stage_source_informativeness_ladder_v1/nh2kn/alpha_0.25/cancer_history/seed_53/metrics.json,Existing scientific record; see category index
robustness/interaction,experiments/crta_v3_stage_source_informativeness_ladder_v1/nh2kn/alpha_0.25/cancer_history/seed_54/metrics.json,Existing scientific record; see category index
robustness/interaction,experiments/crta_v3_stage_source_informativeness_ladder_v1/nh2kn/alpha_0.25/cancer_history/seed_55/metrics.json,Existing scientific record; see category index
robustness/interaction,experiments/crta_v3_stage_source_informativeness_ladder_v1/nh2kn/alpha_0.25/cancer_history/seed_56/metrics.json,Existing scientific record; see category index
robustness/interaction,experiments/crta_v3_stage_source_informativeness_ladder_v1/nh2kn/alpha_0.25/cancer_history/seed_57/metrics.json,Existing scientific record; see category index
robustness/interaction,experiments/crta_v3_stage_source_informativeness_ladder_v1/nh2kn/alpha_0.25/cancer_history/seed_58/metrics.json,Existing scientific record; see category index
robustness/interaction,experiments/crta_v3_stage_source_informativeness_ladder_v1/nh2kn/alpha_0.25/cancer_history/seed_59/metrics.json,Existing scientific record; see category index
robustness/interaction,experiments/crta_v3_stage_source_informativeness_ladder_v1/nh2kn/alpha_0.25/current_smoking_status/seed_50/metrics.json,Existing scientific record; see category index
robustness/interaction,experiments/crta_v3_stage_source_informativeness_ladder_v1/nh2kn/alpha_0.25/current_smoking_status/seed_51/metrics.json,Existing scientific record; see category index
robustness/interaction,experiments/crta_v3_stage_source_informativeness_ladder_v1/nh2kn/alpha_0.25/current_smoking_status/seed_52/metrics.json,Existing scientific record; see category index
robustness/interaction,experiments/crta_v3_stage_source_informativeness_ladder_v1/nh2kn/alpha_0.25/current_smoking_status/seed_53/metrics.json,Existing scientific record; see category index
robustness/interaction,experiments/crta_v3_stage_source_informativeness_ladder_v1/nh2kn/alpha_0.25/current_smoking_status/seed_54/metrics.json,Existing scientific record; see category index
robustness/interaction,experiments/crta_v3_stage_source_informativeness_ladder_v1/nh2kn/alpha_0.25/current_smoking_status/seed_55/metrics.json,Existing scientific record; see category index
robustness/interaction,experiments/crta_v3_stage_source_informativeness_ladder_v1/nh2kn/alpha_0.25/current_smoking_status/seed_56/metrics.json,Existing scientific record; see category index
robustness/interaction,experiments/crta_v3_stage_source_informativeness_ladder_v1/nh2kn/alpha_0.25/current_smoking_status/seed_57/metrics.json,Existing scientific record; see category index
robustness/interaction,experiments/crta_v3_stage_source_informativeness_ladder_v1/nh2kn/alpha_0.25/current_smoking_status/seed_58/metrics.json,Existing scientific record; see category index
robustness/interaction,experiments/crta_v3_stage_source_informativeness_ladder_v1/nh2kn/alpha_0.25/current_smoking_status/seed_59/metrics.json,Existing scientific record; see category index
robustness/interaction,experiments/crta_v3_stage_source_informativeness_ladder_v1/nh2kn/alpha_0.25/diabetes_history/seed_50/metrics.json,Existing scientific record; see category index
robustness/interaction,experiments/crta_v3_stage_source_informativeness_ladder_v1/nh2kn/alpha_0.25/diabetes_history/seed_51/metrics.json,Existing scientific record; see category index
robustness/interaction,experiments/crta_v3_stage_source_informativeness_ladder_v1/nh2kn/alpha_0.25/diabetes_history/seed_52/metrics.json,Existing scientific record; see category index
robustness/interaction,experiments/crta_v3_stage_source_informativeness_ladder_v1/nh2kn/alpha_0.25/diabetes_history/seed_53/metrics.json,Existing scientific record; see category index
robustness/interaction,experiments/crta_v3_stage_source_informativeness_ladder_v1/nh2kn/alpha_0.25/diabetes_history/seed_54/metrics.json,Existing scientific record; see category index
robustness/interaction,experiments/crta_v3_stage_source_informativeness_ladder_v1/nh2kn/alpha_0.25/diabetes_history/seed_55/metrics.json,Existing scientific record; see category index
robustness/interaction,experiments/crta_v3_stage_source_informativeness_ladder_v1/nh2kn/alpha_0.25/diabetes_history/seed_56/metrics.json,Existing scientific record; see category index
robustness/interaction,experiments/crta_v3_stage_source_informativeness_ladder_v1/nh2kn/alpha_0.25/diabetes_history/seed_57/metrics.json,Existing scientific record; see category index
robustness/interaction,experiments/crta_v3_stage_source_informativeness_ladder_v1/nh2kn/alpha_0.25/diabetes_history/seed_58/metrics.json,Existing scientific record; see category index
robustness/interaction,experiments/crta_v3_stage_source_informativeness_ladder_v1/nh2kn/alpha_0.25/diabetes_history/seed_59/metrics.json,Existing scientific record; see category index
robustness/interaction,experiments/crta_v3_stage_source_informativeness_ladder_v1/nh2kn/alpha_0.25/heart_attack_history/seed_50/metrics.json,Existing scientific record; see category index
robustness/interaction,experiments/crta_v3_stage_source_informativeness_ladder_v1/nh2kn/alpha_0.25/heart_attack_history/seed_51/metrics.json,Existing scientific record; see category index
robustness/interaction,experiments/crta_v3_stage_source_informativeness_ladder_v1/nh2kn/alpha_0.25/heart_attack_history/seed_52/metrics.json,Existing scientific record; see category index
robustness/interaction,experiments/crta_v3_stage_source_informativeness_ladder_v1/nh2kn/alpha_0.25/heart_attack_history/seed_53/metrics.json,Existing scientific record; see category index
robustness/interaction,experiments/crta_v3_stage_source_informativeness_ladder_v1/nh2kn/alpha_0.25/heart_attack_history/seed_54/metrics.json,Existing scientific record; see category index
robustness/interaction,experiments/crta_v3_stage_source_informativeness_ladder_v1/nh2kn/alpha_0.25/heart_attack_history/seed_55/metrics.json,Existing scientific record; see category index
robustness/interaction,experiments/crta_v3_stage_source_informativeness_ladder_v1/nh2kn/alpha_0.25/heart_attack_history/seed_56/metrics.json,Existing scientific record; see category index
robustness/interaction,experiments/crta_v3_stage_source_informativeness_ladder_v1/nh2kn/alpha_0.25/heart_attack_history/seed_57/metrics.json,Existing scientific record; see category index
robustness/interaction,experiments/crta_v3_stage_source_informativeness_ladder_v1/nh2kn/alpha_0.25/heart_attack_history/seed_58/metrics.json,Existing scientific record; see category index
robustness/interaction,experiments/crta_v3_stage_source_informativeness_ladder_v1/nh2kn/alpha_0.25/heart_attack_history/seed_59/metrics.json,Existing scientific record; see category index
robustness/interaction,experiments/crta_v3_stage_source_informativeness_ladder_v1/nh2kn/alpha_0.25/hypertension_history/seed_50/metrics.json,Existing scientific record; see category index
robustness/interaction,experiments/crta_v3_stage_source_informativeness_ladder_v1/nh2kn/alpha_0.25/hypertension_history/seed_51/metrics.json,Existing scientific record; see category index
robustness/interaction,experiments/crta_v3_stage_source_informativeness_ladder_v1/nh2kn/alpha_0.25/hypertension_history/seed_52/metrics.json,Existing scientific record; see category index
robustness/interaction,experiments/crta_v3_stage_source_informativeness_ladder_v1/nh2kn/alpha_0.25/hypertension_history/seed_53/metrics.json,Existing scientific record; see category index
robustness/interaction,experiments/crta_v3_stage_source_informativeness_ladder_v1/nh2kn/alpha_0.25/hypertension_history/seed_54/metrics.json,Existing scientific record; see category index
robustness/interaction,experiments/crta_v3_stage_source_informativeness_ladder_v1/nh2kn/alpha_0.25/hypertension_history/seed_55/metrics.json,Existing scientific record; see category index
robustness/interaction,experiments/crta_v3_stage_source_informativeness_ladder_v1/nh2kn/alpha_0.25/hypertension_history/seed_56/metrics.json,Existing scientific record; see category index
robustness/interaction,experiments/crta_v3_stage_source_informativeness_ladder_v1/nh2kn/alpha_0.25/hypertension_history/seed_57/metrics.json,Existing scientific record; see category index
robustness/interaction,experiments/crta_v3_stage_source_informativeness_ladder_v1/nh2kn/alpha_0.25/hypertension_history/seed_58/metrics.json,Existing scientific record; see category index
robustness/interaction,experiments/crta_v3_stage_source_informativeness_ladder_v1/nh2kn/alpha_0.25/hypertension_history/seed_59/metrics.json,Existing scientific record; see category index
robustness/interaction,experiments/crta_v3_stage_source_informativeness_ladder_v1/nh2kn/alpha_0.25/kidney_disease_history/seed_50/metrics.json,Existing scientific record; see category index
robustness/interaction,experiments/crta_v3_stage_source_informativeness_ladder_v1/nh2kn/alpha_0.25/kidney_disease_history/seed_51/metrics.json,Existing scientific record; see category index
robustness/interaction,experiments/crta_v3_stage_source_informativeness_ladder_v1/nh2kn/alpha_0.25/kidney_disease_history/seed_52/metrics.json,Existing scientific record; see category index
robustness/interaction,experiments/crta_v3_stage_source_informativeness_ladder_v1/nh2kn/alpha_0.25/kidney_disease_history/seed_53/metrics.json,Existing scientific record; see category index
robustness/interaction,experiments/crta_v3_stage_source_informativeness_ladder_v1/nh2kn/alpha_0.25/kidney_disease_history/seed_54/metrics.json,Existing scientific record; see category index
robustness/interaction,experiments/crta_v3_stage_source_informativeness_ladder_v1/nh2kn/alpha_0.25/kidney_disease_history/seed_55/metrics.json,Existing scientific record; see category index
robustness/interaction,experiments/crta_v3_stage_source_informativeness_ladder_v1/nh2kn/alpha_0.25/kidney_disease_history/seed_56/metrics.json,Existing scientific record; see category index
robustness/interaction,experiments/crta_v3_stage_source_informativeness_ladder_v1/nh2kn/alpha_0.25/kidney_disease_history/seed_57/metrics.json,Existing scientific record; see category index
robustness/interaction,experiments/crta_v3_stage_source_informativeness_ladder_v1/nh2kn/alpha_0.25/kidney_disease_history/seed_58/metrics.json,Existing scientific record; see category index
robustness/interaction,experiments/crta_v3_stage_source_informativeness_ladder_v1/nh2kn/alpha_0.25/kidney_disease_history/seed_59/metrics.json,Existing scientific record; see category index
robustness/interaction,experiments/crta_v3_stage_source_informativeness_ladder_v1/nh2kn/alpha_0.25/stroke_history/seed_50/metrics.json,Existing scientific record; see category index
robustness/interaction,experiments/crta_v3_stage_source_informativeness_ladder_v1/nh2kn/alpha_0.25/stroke_history/seed_51/metrics.json,Existing scientific record; see category index
robustness/interaction,experiments/crta_v3_stage_source_informativeness_ladder_v1/nh2kn/alpha_0.25/stroke_history/seed_52/metrics.json,Existing scientific record; see category index
robustness/interaction,experiments/crta_v3_stage_source_informativeness_ladder_v1/nh2kn/alpha_0.25/stroke_history/seed_53/metrics.json,Existing scientific record; see category index
robustness/interaction,experiments/crta_v3_stage_source_informativeness_ladder_v1/nh2kn/alpha_0.25/stroke_history/seed_54/metrics.json,Existing scientific record; see category index
robustness/interaction,experiments/crta_v3_stage_source_informativeness_ladder_v1/nh2kn/alpha_0.25/stroke_history/seed_55/metrics.json,Existing scientific record; see category index
robustness/interaction,experiments/crta_v3_stage_source_informativeness_ladder_v1/nh2kn/alpha_0.25/stroke_history/seed_56/metrics.json,Existing scientific record; see category index
robustness/interaction,experiments/crta_v3_stage_source_informativeness_ladder_v1/nh2kn/alpha_0.25/stroke_history/seed_57/metrics.json,Existing scientific record; see category index
robustness/interaction,experiments/crta_v3_stage_source_informativeness_ladder_v1/nh2kn/alpha_0.25/stroke_history/seed_58/metrics.json,Existing scientific record; see category index
robustness/interaction,experiments/crta_v3_stage_source_informativeness_ladder_v1/nh2kn/alpha_0.25/stroke_history/seed_59/metrics.json,Existing scientific record; see category index
robustness/interaction,experiments/crta_v3_stage_source_informativeness_ladder_v1/nh2kn/alpha_0.50/PERMUTATION_AUDIT_V1.json,Existing scientific record; see category index
robustness/interaction,experiments/crta_v3_stage_source_informativeness_ladder_v1/nh2kn/alpha_0.50/angina_history/seed_50/metrics.json,Existing scientific record; see category index
robustness/interaction,experiments/crta_v3_stage_source_informativeness_ladder_v1/nh2kn/alpha_0.50/angina_history/seed_51/metrics.json,Existing scientific record; see category index
robustness/interaction,experiments/crta_v3_stage_source_informativeness_ladder_v1/nh2kn/alpha_0.50/angina_history/seed_52/metrics.json,Existing scientific record; see category index
robustness/interaction,experiments/crta_v3_stage_source_informativeness_ladder_v1/nh2kn/alpha_0.50/angina_history/seed_53/metrics.json,Existing scientific record; see category index
robustness/interaction,experiments/crta_v3_stage_source_informativeness_ladder_v1/nh2kn/alpha_0.50/angina_history/seed_54/metrics.json,Existing scientific record; see category index
robustness/interaction,experiments/crta_v3_stage_source_informativeness_ladder_v1/nh2kn/alpha_0.50/angina_history/seed_55/metrics.json,Existing scientific record; see category index
robustness/interaction,experiments/crta_v3_stage_source_informativeness_ladder_v1/nh2kn/alpha_0.50/angina_history/seed_56/metrics.json,Existing scientific record; see category index
robustness/interaction,experiments/crta_v3_stage_source_informativeness_ladder_v1/nh2kn/alpha_0.50/angina_history/seed_57/metrics.json,Existing scientific record; see category index
robustness/interaction,experiments/crta_v3_stage_source_informativeness_ladder_v1/nh2kn/alpha_0.50/angina_history/seed_58/metrics.json,Existing scientific record; see category index
robustness/interaction,experiments/crta_v3_stage_source_informativeness_ladder_v1/nh2kn/alpha_0.50/angina_history/seed_59/metrics.json,Existing scientific record; see category index
robustness/interaction,experiments/crta_v3_stage_source_informativeness_ladder_v1/nh2kn/alpha_0.50/arthritis_history/seed_50/metrics.json,Existing scientific record; see category index
robustness/interaction,experiments/crta_v3_stage_source_informativeness_ladder_v1/nh2kn/alpha_0.50/arthritis_history/seed_51/metrics.json,Existing scientific record; see category index
robustness/interaction,experiments/crta_v3_stage_source_informativeness_ladder_v1/nh2kn/alpha_0.50/arthritis_history/seed_52/metrics.json,Existing scientific record; see category index
robustness/interaction,experiments/crta_v3_stage_source_informativeness_ladder_v1/nh2kn/alpha_0.50/arthritis_history/seed_53/metrics.json,Existing scientific record; see category index
robustness/interaction,experiments/crta_v3_stage_source_informativeness_ladder_v1/nh2kn/alpha_0.50/arthritis_history/seed_54/metrics.json,Existing scientific record; see category index
robustness/interaction,experiments/crta_v3_stage_source_informativeness_ladder_v1/nh2kn/alpha_0.50/arthritis_history/seed_55/metrics.json,Existing scientific record; see category index
robustness/interaction,experiments/crta_v3_stage_source_informativeness_ladder_v1/nh2kn/alpha_0.50/arthritis_history/seed_56/metrics.json,Existing scientific record; see category index
robustness/interaction,experiments/crta_v3_stage_source_informativeness_ladder_v1/nh2kn/alpha_0.50/arthritis_history/seed_57/metrics.json,Existing scientific record; see category index
robustness/interaction,experiments/crta_v3_stage_source_informativeness_ladder_v1/nh2kn/alpha_0.50/arthritis_history/seed_58/metrics.json,Existing scientific record; see category index
robustness/interaction,experiments/crta_v3_stage_source_informativeness_ladder_v1/nh2kn/alpha_0.50/arthritis_history/seed_59/metrics.json,Existing scientific record; see category index
robustness/interaction,experiments/crta_v3_stage_source_informativeness_ladder_v1/nh2kn/alpha_0.50/asthma_history/seed_50/metrics.json,Existing scientific record; see category index
robustness/interaction,experiments/crta_v3_stage_source_informativeness_ladder_v1/nh2kn/alpha_0.50/asthma_history/seed_51/metrics.json,Existing scientific record; see category index
robustness/interaction,experiments/crta_v3_stage_source_informativeness_ladder_v1/nh2kn/alpha_0.50/asthma_history/seed_52/metrics.json,Existing scientific record; see category index
robustness/interaction,experiments/crta_v3_stage_source_informativeness_ladder_v1/nh2kn/alpha_0.50/asthma_history/seed_53/metrics.json,Existing scientific record; see category index
robustness/interaction,experiments/crta_v3_stage_source_informativeness_ladder_v1/nh2kn/alpha_0.50/asthma_history/seed_54/metrics.json,Existing scientific record; see category index
robustness/interaction,experiments/crta_v3_stage_source_informativeness_ladder_v1/nh2kn/alpha_0.50/asthma_history/seed_55/metrics.json,Existing scientific record; see category index
robustness/interaction,experiments/crta_v3_stage_source_informativeness_ladder_v1/nh2kn/alpha_0.50/asthma_history/seed_56/metrics.json,Existing scientific record; see category index
robustness/interaction,experiments/crta_v3_stage_source_informativeness_ladder_v1/nh2kn/alpha_0.50/asthma_history/seed_57/metrics.json,Existing scientific record; see category index
robustness/interaction,experiments/crta_v3_stage_source_informativeness_ladder_v1/nh2kn/alpha_0.50/asthma_history/seed_58/metrics.json,Existing scientific record; see category index
robustness/interaction,experiments/crta_v3_stage_source_informativeness_ladder_v1/nh2kn/alpha_0.50/asthma_history/seed_59/metrics.json,Existing scientific record; see category index
robustness/interaction,experiments/crta_v3_stage_source_informativeness_ladder_v1/nh2kn/alpha_0.50/cancer_history/seed_50/metrics.json,Existing scientific record; see category index
robustness/interaction,experiments/crta_v3_stage_source_informativeness_ladder_v1/nh2kn/alpha_0.50/cancer_history/seed_51/metrics.json,Existing scientific record; see category index
robustness/interaction,experiments/crta_v3_stage_source_informativeness_ladder_v1/nh2kn/alpha_0.50/cancer_history/seed_52/metrics.json,Existing scientific record; see category index
robustness/interaction,experiments/crta_v3_stage_source_informativeness_ladder_v1/nh2kn/alpha_0.50/cancer_history/seed_53/metrics.json,Existing scientific record; see category index
robustness/interaction,experiments/crta_v3_stage_source_informativeness_ladder_v1/nh2kn/alpha_0.50/cancer_history/seed_54/metrics.json,Existing scientific record; see category index
robustness/interaction,experiments/crta_v3_stage_source_informativeness_ladder_v1/nh2kn/alpha_0.50/cancer_history/seed_55/metrics.json,Existing scientific record; see category index
robustness/interaction,experiments/crta_v3_stage_source_informativeness_ladder_v1/nh2kn/alpha_0.50/cancer_history/seed_56/metrics.json,Existing scientific record; see category index
robustness/interaction,experiments/crta_v3_stage_source_informativeness_ladder_v1/nh2kn/alpha_0.50/cancer_history/seed_57/metrics.json,Existing scientific record; see category index
robustness/interaction,experiments/crta_v3_stage_source_informativeness_ladder_v1/nh2kn/alpha_0.50/cancer_history/seed_58/metrics.json,Existing scientific record; see category index
robustness/interaction,experiments/crta_v3_stage_source_informativeness_ladder_v1/nh2kn/alpha_0.50/cancer_history/seed_59/metrics.json,Existing scientific record; see category index
robustness/interaction,experiments/crta_v3_stage_source_informativeness_ladder_v1/nh2kn/alpha_0.50/current_smoking_status/seed_50/metrics.json,Existing scientific record; see category index
robustness/interaction,experiments/crta_v3_stage_source_informativeness_ladder_v1/nh2kn/alpha_0.50/current_smoking_status/seed_51/metrics.json,Existing scientific record; see category index
robustness/interaction,experiments/crta_v3_stage_source_informativeness_ladder_v1/nh2kn/alpha_0.50/current_smoking_status/seed_52/metrics.json,Existing scientific record; see category index
robustness/interaction,experiments/crta_v3_stage_source_informativeness_ladder_v1/nh2kn/alpha_0.50/current_smoking_status/seed_53/metrics.json,Existing scientific record; see category index
robustness/interaction,experiments/crta_v3_stage_source_informativeness_ladder_v1/nh2kn/alpha_0.50/current_smoking_status/seed_54/metrics.json,Existing scientific record; see category index
robustness/interaction,experiments/crta_v3_stage_source_informativeness_ladder_v1/nh2kn/alpha_0.50/current_smoking_status/seed_55/metrics.json,Existing scientific record; see category index
robustness/interaction,experiments/crta_v3_stage_source_informativeness_ladder_v1/nh2kn/alpha_0.50/current_smoking_status/seed_56/metrics.json,Existing scientific record; see category index
robustness/interaction,experiments/crta_v3_stage_source_informativeness_ladder_v1/nh2kn/alpha_0.50/current_smoking_status/seed_57/metrics.json,Existing scientific record; see category index
robustness/interaction,experiments/crta_v3_stage_source_informativeness_ladder_v1/nh2kn/alpha_0.50/current_smoking_status/seed_58/metrics.json,Existing scientific record; see category index
robustness/interaction,experiments/crta_v3_stage_source_informativeness_ladder_v1/nh2kn/alpha_0.50/current_smoking_status/seed_59/metrics.json,Existing scientific record; see category index
robustness/interaction,experiments/crta_v3_stage_source_informativeness_ladder_v1/nh2kn/alpha_0.50/diabetes_history/seed_50/metrics.json,Existing scientific record; see category index
robustness/interaction,experiments/crta_v3_stage_source_informativeness_ladder_v1/nh2kn/alpha_0.50/diabetes_history/seed_51/metrics.json,Existing scientific record; see category index
robustness/interaction,experiments/crta_v3_stage_source_informativeness_ladder_v1/nh2kn/alpha_0.50/diabetes_history/seed_52/metrics.json,Existing scientific record; see category index
robustness/interaction,experiments/crta_v3_stage_source_informativeness_ladder_v1/nh2kn/alpha_0.50/diabetes_history/seed_53/metrics.json,Existing scientific record; see category index
robustness/interaction,experiments/crta_v3_stage_source_informativeness_ladder_v1/nh2kn/alpha_0.50/diabetes_history/seed_54/metrics.json,Existing scientific record; see category index
robustness/interaction,experiments/crta_v3_stage_source_informativeness_ladder_v1/nh2kn/alpha_0.50/diabetes_history/seed_55/metrics.json,Existing scientific record; see category index
robustness/interaction,experiments/crta_v3_stage_source_informativeness_ladder_v1/nh2kn/alpha_0.50/diabetes_history/seed_56/metrics.json,Existing scientific record; see category index
robustness/interaction,experiments/crta_v3_stage_source_informativeness_ladder_v1/nh2kn/alpha_0.50/diabetes_history/seed_57/metrics.json,Existing scientific record; see category index
robustness/interaction,experiments/crta_v3_stage_source_informativeness_ladder_v1/nh2kn/alpha_0.50/diabetes_history/seed_58/metrics.json,Existing scientific record; see category index
robustness/interaction,experiments/crta_v3_stage_source_informativeness_ladder_v1/nh2kn/alpha_0.50/diabetes_history/seed_59/metrics.json,Existing scientific record; see category index
robustness/interaction,experiments/crta_v3_stage_source_informativeness_ladder_v1/nh2kn/alpha_0.50/heart_attack_history/seed_50/metrics.json,Existing scientific record; see category index
robustness/interaction,experiments/crta_v3_stage_source_informativeness_ladder_v1/nh2kn/alpha_0.50/heart_attack_history/seed_51/metrics.json,Existing scientific record; see category index
robustness/interaction,experiments/crta_v3_stage_source_informativeness_ladder_v1/nh2kn/alpha_0.50/heart_attack_history/seed_52/metrics.json,Existing scientific record; see category index
robustness/interaction,experiments/crta_v3_stage_source_informativeness_ladder_v1/nh2kn/alpha_0.50/heart_attack_history/seed_53/metrics.json,Existing scientific record; see category index
robustness/interaction,experiments/crta_v3_stage_source_informativeness_ladder_v1/nh2kn/alpha_0.50/heart_attack_history/seed_54/metrics.json,Existing scientific record; see category index
robustness/interaction,experiments/crta_v3_stage_source_informativeness_ladder_v1/nh2kn/alpha_0.50/heart_attack_history/seed_55/metrics.json,Existing scientific record; see category index
robustness/interaction,experiments/crta_v3_stage_source_informativeness_ladder_v1/nh2kn/alpha_0.50/heart_attack_history/seed_56/metrics.json,Existing scientific record; see category index
robustness/interaction,experiments/crta_v3_stage_source_informativeness_ladder_v1/nh2kn/alpha_0.50/heart_attack_history/seed_57/metrics.json,Existing scientific record; see category index
robustness/interaction,experiments/crta_v3_stage_source_informativeness_ladder_v1/nh2kn/alpha_0.50/heart_attack_history/seed_58/metrics.json,Existing scientific record; see category index
robustness/interaction,experiments/crta_v3_stage_source_informativeness_ladder_v1/nh2kn/alpha_0.50/heart_attack_history/seed_59/metrics.json,Existing scientific record; see category index
robustness/interaction,experiments/crta_v3_stage_source_informativeness_ladder_v1/nh2kn/alpha_0.50/hypertension_history/seed_50/metrics.json,Existing scientific record; see category index
robustness/interaction,experiments/crta_v3_stage_source_informativeness_ladder_v1/nh2kn/alpha_0.50/hypertension_history/seed_51/metrics.json,Existing scientific record; see category index
robustness/interaction,experiments/crta_v3_stage_source_informativeness_ladder_v1/nh2kn/alpha_0.50/hypertension_history/seed_52/metrics.json,Existing scientific record; see category index
robustness/interaction,experiments/crta_v3_stage_source_informativeness_ladder_v1/nh2kn/alpha_0.50/hypertension_history/seed_53/metrics.json,Existing scientific record; see category index
robustness/interaction,experiments/crta_v3_stage_source_informativeness_ladder_v1/nh2kn/alpha_0.50/hypertension_history/seed_54/metrics.json,Existing scientific record; see category index
robustness/interaction,experiments/crta_v3_stage_source_informativeness_ladder_v1/nh2kn/alpha_0.50/hypertension_history/seed_55/metrics.json,Existing scientific record; see category index
robustness/interaction,experiments/crta_v3_stage_source_informativeness_ladder_v1/nh2kn/alpha_0.50/hypertension_history/seed_56/metrics.json,Existing scientific record; see category index
robustness/interaction,experiments/crta_v3_stage_source_informativeness_ladder_v1/nh2kn/alpha_0.50/hypertension_history/seed_57/metrics.json,Existing scientific record; see category index
robustness/interaction,experiments/crta_v3_stage_source_informativeness_ladder_v1/nh2kn/alpha_0.50/hypertension_history/seed_58/metrics.json,Existing scientific record; see category index
robustness/interaction,experiments/crta_v3_stage_source_informativeness_ladder_v1/nh2kn/alpha_0.50/hypertension_history/seed_59/metrics.json,Existing scientific record; see category index
robustness/interaction,experiments/crta_v3_stage_source_informativeness_ladder_v1/nh2kn/alpha_0.50/kidney_disease_history/seed_50/metrics.json,Existing scientific record; see category index
robustness/interaction,experiments/crta_v3_stage_source_informativeness_ladder_v1/nh2kn/alpha_0.50/kidney_disease_history/seed_51/metrics.json,Existing scientific record; see category index
robustness/interaction,experiments/crta_v3_stage_source_informativeness_ladder_v1/nh2kn/alpha_0.50/kidney_disease_history/seed_52/metrics.json,Existing scientific record; see category index
robustness/interaction,experiments/crta_v3_stage_source_informativeness_ladder_v1/nh2kn/alpha_0.50/kidney_disease_history/seed_53/metrics.json,Existing scientific record; see category index
robustness/interaction,experiments/crta_v3_stage_source_informativeness_ladder_v1/nh2kn/alpha_0.50/kidney_disease_history/seed_54/metrics.json,Existing scientific record; see category index
robustness/interaction,experiments/crta_v3_stage_source_informativeness_ladder_v1/nh2kn/alpha_0.50/kidney_disease_history/seed_55/metrics.json,Existing scientific record; see category index
robustness/interaction,experiments/crta_v3_stage_source_informativeness_ladder_v1/nh2kn/alpha_0.50/kidney_disease_history/seed_56/metrics.json,Existing scientific record; see category index
robustness/interaction,experiments/crta_v3_stage_source_informativeness_ladder_v1/nh2kn/alpha_0.50/kidney_disease_history/seed_57/metrics.json,Existing scientific record; see category index
robustness/interaction,experiments/crta_v3_stage_source_informativeness_ladder_v1/nh2kn/alpha_0.50/kidney_disease_history/seed_58/metrics.json,Existing scientific record; see category index
robustness/interaction,experiments/crta_v3_stage_source_informativeness_ladder_v1/nh2kn/alpha_0.50/kidney_disease_history/seed_59/metrics.json,Existing scientific record; see category index
robustness/interaction,experiments/crta_v3_stage_source_informativeness_ladder_v1/nh2kn/alpha_0.50/stroke_history/seed_50/metrics.json,Existing scientific record; see category index
robustness/interaction,experiments/crta_v3_stage_source_informativeness_ladder_v1/nh2kn/alpha_0.50/stroke_history/seed_51/metrics.json,Existing scientific record; see category index
robustness/interaction,experiments/crta_v3_stage_source_informativeness_ladder_v1/nh2kn/alpha_0.50/stroke_history/seed_52/metrics.json,Existing scientific record; see category index
robustness/interaction,experiments/crta_v3_stage_source_informativeness_ladder_v1/nh2kn/alpha_0.50/stroke_history/seed_53/metrics.json,Existing scientific record; see category index
robustness/interaction,experiments/crta_v3_stage_source_informativeness_ladder_v1/nh2kn/alpha_0.50/stroke_history/seed_54/metrics.json,Existing scientific record; see category index
robustness/interaction,experiments/crta_v3_stage_source_informativeness_ladder_v1/nh2kn/alpha_0.50/stroke_history/seed_55/metrics.json,Existing scientific record; see category index
robustness/interaction,experiments/crta_v3_stage_source_informativeness_ladder_v1/nh2kn/alpha_0.50/stroke_history/seed_56/metrics.json,Existing scientific record; see category index
robustness/interaction,experiments/crta_v3_stage_source_informativeness_ladder_v1/nh2kn/alpha_0.50/stroke_history/seed_57/metrics.json,Existing scientific record; see category index
robustness/interaction,experiments/crta_v3_stage_source_informativeness_ladder_v1/nh2kn/alpha_0.50/stroke_history/seed_58/metrics.json,Existing scientific record; see category index
robustness/interaction,experiments/crta_v3_stage_source_informativeness_ladder_v1/nh2kn/alpha_0.50/stroke_history/seed_59/metrics.json,Existing scientific record; see category index
robustness/interaction,experiments/crta_v3_stage_source_informativeness_ladder_v1/nh2kn/alpha_0.75/PERMUTATION_AUDIT_V1.json,Existing scientific record; see category index
robustness/interaction,experiments/crta_v3_stage_source_informativeness_ladder_v1/nh2kn/alpha_0.75/angina_history/seed_50/metrics.json,Existing scientific record; see category index
robustness/interaction,experiments/crta_v3_stage_source_informativeness_ladder_v1/nh2kn/alpha_0.75/angina_history/seed_51/metrics.json,Existing scientific record; see category index
robustness/interaction,experiments/crta_v3_stage_source_informativeness_ladder_v1/nh2kn/alpha_0.75/angina_history/seed_52/metrics.json,Existing scientific record; see category index
robustness/interaction,experiments/crta_v3_stage_source_informativeness_ladder_v1/nh2kn/alpha_0.75/angina_history/seed_53/metrics.json,Existing scientific record; see category index
robustness/interaction,experiments/crta_v3_stage_source_informativeness_ladder_v1/nh2kn/alpha_0.75/angina_history/seed_54/metrics.json,Existing scientific record; see category index
robustness/interaction,experiments/crta_v3_stage_source_informativeness_ladder_v1/nh2kn/alpha_0.75/angina_history/seed_55/metrics.json,Existing scientific record; see category index
robustness/interaction,experiments/crta_v3_stage_source_informativeness_ladder_v1/nh2kn/alpha_0.75/angina_history/seed_56/metrics.json,Existing scientific record; see category index
robustness/interaction,experiments/crta_v3_stage_source_informativeness_ladder_v1/nh2kn/alpha_0.75/angina_history/seed_57/metrics.json,Existing scientific record; see category index
robustness/interaction,experiments/crta_v3_stage_source_informativeness_ladder_v1/nh2kn/alpha_0.75/angina_history/seed_58/metrics.json,Existing scientific record; see category index
robustness/interaction,experiments/crta_v3_stage_source_informativeness_ladder_v1/nh2kn/alpha_0.75/angina_history/seed_59/metrics.json,Existing scientific record; see category index
robustness/interaction,experiments/crta_v3_stage_source_informativeness_ladder_v1/nh2kn/alpha_0.75/arthritis_history/seed_50/metrics.json,Existing scientific record; see category index
robustness/interaction,experiments/crta_v3_stage_source_informativeness_ladder_v1/nh2kn/alpha_0.75/arthritis_history/seed_51/metrics.json,Existing scientific record; see category index
robustness/interaction,experiments/crta_v3_stage_source_informativeness_ladder_v1/nh2kn/alpha_0.75/arthritis_history/seed_52/metrics.json,Existing scientific record; see category index
robustness/interaction,experiments/crta_v3_stage_source_informativeness_ladder_v1/nh2kn/alpha_0.75/arthritis_history/seed_53/metrics.json,Existing scientific record; see category index
robustness/interaction,experiments/crta_v3_stage_source_informativeness_ladder_v1/nh2kn/alpha_0.75/arthritis_history/seed_54/metrics.json,Existing scientific record; see category index
robustness/interaction,experiments/crta_v3_stage_source_informativeness_ladder_v1/nh2kn/alpha_0.75/arthritis_history/seed_55/metrics.json,Existing scientific record; see category index
robustness/interaction,experiments/crta_v3_stage_source_informativeness_ladder_v1/nh2kn/alpha_0.75/arthritis_history/seed_56/metrics.json,Existing scientific record; see category index
robustness/interaction,experiments/crta_v3_stage_source_informativeness_ladder_v1/nh2kn/alpha_0.75/arthritis_history/seed_57/metrics.json,Existing scientific record; see category index
robustness/interaction,experiments/crta_v3_stage_source_informativeness_ladder_v1/nh2kn/alpha_0.75/arthritis_history/seed_58/metrics.json,Existing scientific record; see category index
robustness/interaction,experiments/crta_v3_stage_source_informativeness_ladder_v1/nh2kn/alpha_0.75/arthritis_history/seed_59/metrics.json,Existing scientific record; see category index
robustness/interaction,experiments/crta_v3_stage_source_informativeness_ladder_v1/nh2kn/alpha_0.75/asthma_history/seed_50/metrics.json,Existing scientific record; see category index
robustness/interaction,experiments/crta_v3_stage_source_informativeness_ladder_v1/nh2kn/alpha_0.75/asthma_history/seed_51/metrics.json,Existing scientific record; see category index
robustness/interaction,experiments/crta_v3_stage_source_informativeness_ladder_v1/nh2kn/alpha_0.75/asthma_history/seed_52/metrics.json,Existing scientific record; see category index
robustness/interaction,experiments/crta_v3_stage_source_informativeness_ladder_v1/nh2kn/alpha_0.75/asthma_history/seed_53/metrics.json,Existing scientific record; see category index
robustness/interaction,experiments/crta_v3_stage_source_informativeness_ladder_v1/nh2kn/alpha_0.75/asthma_history/seed_54/metrics.json,Existing scientific record; see category index
robustness/interaction,experiments/crta_v3_stage_source_informativeness_ladder_v1/nh2kn/alpha_0.75/asthma_history/seed_55/metrics.json,Existing scientific record; see category index
robustness/interaction,experiments/crta_v3_stage_source_informativeness_ladder_v1/nh2kn/alpha_0.75/asthma_history/seed_56/metrics.json,Existing scientific record; see category index
robustness/interaction,experiments/crta_v3_stage_source_informativeness_ladder_v1/nh2kn/alpha_0.75/asthma_history/seed_57/metrics.json,Existing scientific record; see category index
robustness/interaction,experiments/crta_v3_stage_source_informativeness_ladder_v1/nh2kn/alpha_0.75/asthma_history/seed_58/metrics.json,Existing scientific record; see category index
robustness/interaction,experiments/crta_v3_stage_source_informativeness_ladder_v1/nh2kn/alpha_0.75/asthma_history/seed_59/metrics.json,Existing scientific record; see category index
robustness/interaction,experiments/crta_v3_stage_source_informativeness_ladder_v1/nh2kn/alpha_0.75/cancer_history/seed_50/metrics.json,Existing scientific record; see category index
robustness/interaction,experiments/crta_v3_stage_source_informativeness_ladder_v1/nh2kn/alpha_0.75/cancer_history/seed_51/metrics.json,Existing scientific record; see category index
robustness/interaction,experiments/crta_v3_stage_source_informativeness_ladder_v1/nh2kn/alpha_0.75/cancer_history/seed_52/metrics.json,Existing scientific record; see category index
robustness/interaction,experiments/crta_v3_stage_source_informativeness_ladder_v1/nh2kn/alpha_0.75/cancer_history/seed_53/metrics.json,Existing scientific record; see category index
robustness/interaction,experiments/crta_v3_stage_source_informativeness_ladder_v1/nh2kn/alpha_0.75/cancer_history/seed_54/metrics.json,Existing scientific record; see category index
robustness/interaction,experiments/crta_v3_stage_source_informativeness_ladder_v1/nh2kn/alpha_0.75/cancer_history/seed_55/metrics.json,Existing scientific record; see category index
robustness/interaction,experiments/crta_v3_stage_source_informativeness_ladder_v1/nh2kn/alpha_0.75/cancer_history/seed_56/metrics.json,Existing scientific record; see category index
robustness/interaction,experiments/crta_v3_stage_source_informativeness_ladder_v1/nh2kn/alpha_0.75/cancer_history/seed_57/metrics.json,Existing scientific record; see category index
robustness/interaction,experiments/crta_v3_stage_source_informativeness_ladder_v1/nh2kn/alpha_0.75/cancer_history/seed_58/metrics.json,Existing scientific record; see category index
robustness/interaction,experiments/crta_v3_stage_source_informativeness_ladder_v1/nh2kn/alpha_0.75/cancer_history/seed_59/metrics.json,Existing scientific record; see category index
robustness/interaction,experiments/crta_v3_stage_source_informativeness_ladder_v1/nh2kn/alpha_0.75/current_smoking_status/seed_50/metrics.json,Existing scientific record; see category index
robustness/interaction,experiments/crta_v3_stage_source_informativeness_ladder_v1/nh2kn/alpha_0.75/current_smoking_status/seed_51/metrics.json,Existing scientific record; see category index
robustness/interaction,experiments/crta_v3_stage_source_informativeness_ladder_v1/nh2kn/alpha_0.75/current_smoking_status/seed_52/metrics.json,Existing scientific record; see category index
robustness/interaction,experiments/crta_v3_stage_source_informativeness_ladder_v1/nh2kn/alpha_0.75/current_smoking_status/seed_53/metrics.json,Existing scientific record; see category index
robustness/interaction,experiments/crta_v3_stage_source_informativeness_ladder_v1/nh2kn/alpha_0.75/current_smoking_status/seed_54/metrics.json,Existing scientific record; see category index
robustness/interaction,experiments/crta_v3_stage_source_informativeness_ladder_v1/nh2kn/alpha_0.75/current_smoking_status/seed_55/metrics.json,Existing scientific record; see category index
robustness/interaction,experiments/crta_v3_stage_source_informativeness_ladder_v1/nh2kn/alpha_0.75/current_smoking_status/seed_56/metrics.json,Existing scientific record; see category index
robustness/interaction,experiments/crta_v3_stage_source_informativeness_ladder_v1/nh2kn/alpha_0.75/current_smoking_status/seed_57/metrics.json,Existing scientific record; see category index
robustness/interaction,experiments/crta_v3_stage_source_informativeness_ladder_v1/nh2kn/alpha_0.75/current_smoking_status/seed_58/metrics.json,Existing scientific record; see category index
robustness/interaction,experiments/crta_v3_stage_source_informativeness_ladder_v1/nh2kn/alpha_0.75/current_smoking_status/seed_59/metrics.json,Existing scientific record; see category index
robustness/interaction,experiments/crta_v3_stage_source_informativeness_ladder_v1/nh2kn/alpha_0.75/diabetes_history/seed_50/metrics.json,Existing scientific record; see category index
robustness/interaction,experiments/crta_v3_stage_source_informativeness_ladder_v1/nh2kn/alpha_0.75/diabetes_history/seed_51/metrics.json,Existing scientific record; see category index
robustness/interaction,experiments/crta_v3_stage_source_informativeness_ladder_v1/nh2kn/alpha_0.75/diabetes_history/seed_52/metrics.json,Existing scientific record; see category index
robustness/interaction,experiments/crta_v3_stage_source_informativeness_ladder_v1/nh2kn/alpha_0.75/diabetes_history/seed_53/metrics.json,Existing scientific record; see category index
robustness/interaction,experiments/crta_v3_stage_source_informativeness_ladder_v1/nh2kn/alpha_0.75/diabetes_history/seed_54/metrics.json,Existing scientific record; see category index
robustness/interaction,experiments/crta_v3_stage_source_informativeness_ladder_v1/nh2kn/alpha_0.75/diabetes_history/seed_55/metrics.json,Existing scientific record; see category index
robustness/interaction,experiments/crta_v3_stage_source_informativeness_ladder_v1/nh2kn/alpha_0.75/diabetes_history/seed_56/metrics.json,Existing scientific record; see category index
robustness/interaction,experiments/crta_v3_stage_source_informativeness_ladder_v1/nh2kn/alpha_0.75/diabetes_history/seed_57/metrics.json,Existing scientific record; see category index
robustness/interaction,experiments/crta_v3_stage_source_informativeness_ladder_v1/nh2kn/alpha_0.75/diabetes_history/seed_58/metrics.json,Existing scientific record; see category index
robustness/interaction,experiments/crta_v3_stage_source_informativeness_ladder_v1/nh2kn/alpha_0.75/diabetes_history/seed_59/metrics.json,Existing scientific record; see category index
robustness/interaction,experiments/crta_v3_stage_source_informativeness_ladder_v1/nh2kn/alpha_0.75/heart_attack_history/seed_50/metrics.json,Existing scientific record; see category index
robustness/interaction,experiments/crta_v3_stage_source_informativeness_ladder_v1/nh2kn/alpha_0.75/heart_attack_history/seed_51/metrics.json,Existing scientific record; see category index
robustness/interaction,experiments/crta_v3_stage_source_informativeness_ladder_v1/nh2kn/alpha_0.75/heart_attack_history/seed_52/metrics.json,Existing scientific record; see category index
robustness/interaction,experiments/crta_v3_stage_source_informativeness_ladder_v1/nh2kn/alpha_0.75/heart_attack_history/seed_53/metrics.json,Existing scientific record; see category index
robustness/interaction,experiments/crta_v3_stage_source_informativeness_ladder_v1/nh2kn/alpha_0.75/heart_attack_history/seed_54/metrics.json,Existing scientific record; see category index
robustness/interaction,experiments/crta_v3_stage_source_informativeness_ladder_v1/nh2kn/alpha_0.75/heart_attack_history/seed_55/metrics.json,Existing scientific record; see category index
robustness/interaction,experiments/crta_v3_stage_source_informativeness_ladder_v1/nh2kn/alpha_0.75/heart_attack_history/seed_56/metrics.json,Existing scientific record; see category index
robustness/interaction,experiments/crta_v3_stage_source_informativeness_ladder_v1/nh2kn/alpha_0.75/heart_attack_history/seed_57/metrics.json,Existing scientific record; see category index
robustness/interaction,experiments/crta_v3_stage_source_informativeness_ladder_v1/nh2kn/alpha_0.75/heart_attack_history/seed_58/metrics.json,Existing scientific record; see category index
robustness/interaction,experiments/crta_v3_stage_source_informativeness_ladder_v1/nh2kn/alpha_0.75/heart_attack_history/seed_59/metrics.json,Existing scientific record; see category index
robustness/interaction,experiments/crta_v3_stage_source_informativeness_ladder_v1/nh2kn/alpha_0.75/hypertension_history/seed_50/metrics.json,Existing scientific record; see category index
robustness/interaction,experiments/crta_v3_stage_source_informativeness_ladder_v1/nh2kn/alpha_0.75/hypertension_history/seed_51/metrics.json,Existing scientific record; see category index
robustness/interaction,experiments/crta_v3_stage_source_informativeness_ladder_v1/nh2kn/alpha_0.75/hypertension_history/seed_52/metrics.json,Existing scientific record; see category index
robustness/interaction,experiments/crta_v3_stage_source_informativeness_ladder_v1/nh2kn/alpha_0.75/hypertension_history/seed_53/metrics.json,Existing scientific record; see category index
robustness/interaction,experiments/crta_v3_stage_source_informativeness_ladder_v1/nh2kn/alpha_0.75/hypertension_history/seed_54/metrics.json,Existing scientific record; see category index
robustness/interaction,experiments/crta_v3_stage_source_informativeness_ladder_v1/nh2kn/alpha_0.75/hypertension_history/seed_55/metrics.json,Existing scientific record; see category index
robustness/interaction,experiments/crta_v3_stage_source_informativeness_ladder_v1/nh2kn/alpha_0.75/hypertension_history/seed_56/metrics.json,Existing scientific record; see category index
robustness/interaction,experiments/crta_v3_stage_source_informativeness_ladder_v1/nh2kn/alpha_0.75/hypertension_history/seed_57/metrics.json,Existing scientific record; see category index
robustness/interaction,experiments/crta_v3_stage_source_informativeness_ladder_v1/nh2kn/alpha_0.75/hypertension_history/seed_58/metrics.json,Existing scientific record; see category index
robustness/interaction,experiments/crta_v3_stage_source_informativeness_ladder_v1/nh2kn/alpha_0.75/hypertension_history/seed_59/metrics.json,Existing scientific record; see category index
robustness/interaction,experiments/crta_v3_stage_source_informativeness_ladder_v1/nh2kn/alpha_0.75/kidney_disease_history/seed_50/metrics.json,Existing scientific record; see category index
robustness/interaction,experiments/crta_v3_stage_source_informativeness_ladder_v1/nh2kn/alpha_0.75/kidney_disease_history/seed_51/metrics.json,Existing scientific record; see category index
robustness/interaction,experiments/crta_v3_stage_source_informativeness_ladder_v1/nh2kn/alpha_0.75/kidney_disease_history/seed_52/metrics.json,Existing scientific record; see category index
robustness/interaction,experiments/crta_v3_stage_source_informativeness_ladder_v1/nh2kn/alpha_0.75/kidney_disease_history/seed_53/metrics.json,Existing scientific record; see category index
robustness/interaction,experiments/crta_v3_stage_source_informativeness_ladder_v1/nh2kn/alpha_0.75/kidney_disease_history/seed_54/metrics.json,Existing scientific record; see category index
robustness/interaction,experiments/crta_v3_stage_source_informativeness_ladder_v1/nh2kn/alpha_0.75/kidney_disease_history/seed_55/metrics.json,Existing scientific record; see category index
robustness/interaction,experiments/crta_v3_stage_source_informativeness_ladder_v1/nh2kn/alpha_0.75/kidney_disease_history/seed_56/metrics.json,Existing scientific record; see category index
robustness/interaction,experiments/crta_v3_stage_source_informativeness_ladder_v1/nh2kn/alpha_0.75/kidney_disease_history/seed_57/metrics.json,Existing scientific record; see category index
robustness/interaction,experiments/crta_v3_stage_source_informativeness_ladder_v1/nh2kn/alpha_0.75/kidney_disease_history/seed_58/metrics.json,Existing scientific record; see category index
robustness/interaction,experiments/crta_v3_stage_source_informativeness_ladder_v1/nh2kn/alpha_0.75/kidney_disease_history/seed_59/metrics.json,Existing scientific record; see category index
robustness/interaction,experiments/crta_v3_stage_source_informativeness_ladder_v1/nh2kn/alpha_0.75/stroke_history/seed_50/metrics.json,Existing scientific record; see category index
robustness/interaction,experiments/crta_v3_stage_source_informativeness_ladder_v1/nh2kn/alpha_0.75/stroke_history/seed_51/metrics.json,Existing scientific record; see category index
robustness/interaction,experiments/crta_v3_stage_source_informativeness_ladder_v1/nh2kn/alpha_0.75/stroke_history/seed_52/metrics.json,Existing scientific record; see category index
robustness/interaction,experiments/crta_v3_stage_source_informativeness_ladder_v1/nh2kn/alpha_0.75/stroke_history/seed_53/metrics.json,Existing scientific record; see category index
robustness/interaction,experiments/crta_v3_stage_source_informativeness_ladder_v1/nh2kn/alpha_0.75/stroke_history/seed_54/metrics.json,Existing scientific record; see category index
robustness/interaction,experiments/crta_v3_stage_source_informativeness_ladder_v1/nh2kn/alpha_0.75/stroke_history/seed_55/metrics.json,Existing scientific record; see category index
robustness/interaction,experiments/crta_v3_stage_source_informativeness_ladder_v1/nh2kn/alpha_0.75/stroke_history/seed_56/metrics.json,Existing scientific record; see category index
robustness/interaction,experiments/crta_v3_stage_source_informativeness_ladder_v1/nh2kn/alpha_0.75/stroke_history/seed_57/metrics.json,Existing scientific record; see category index
robustness/interaction,experiments/crta_v3_stage_source_informativeness_ladder_v1/nh2kn/alpha_0.75/stroke_history/seed_58/metrics.json,Existing scientific record; see category index
robustness/interaction,experiments/crta_v3_stage_source_informativeness_ladder_v1/nh2kn/alpha_0.75/stroke_history/seed_59/metrics.json,Existing scientific record; see category index
robustness/interaction,experiments/crta_v3_stage_source_informativeness_ladder_v1/nh2kn/alpha_1.00/PERMUTATION_AUDIT_V1.json,Existing scientific record; see category index
robustness/interaction,experiments/crta_v3_stage_source_informativeness_ladder_v1/nh2kn/alpha_1.00/angina_history/seed_50/metrics.json,Existing scientific record; see category index
robustness/interaction,experiments/crta_v3_stage_source_informativeness_ladder_v1/nh2kn/alpha_1.00/angina_history/seed_51/metrics.json,Existing scientific record; see category index
robustness/interaction,experiments/crta_v3_stage_source_informativeness_ladder_v1/nh2kn/alpha_1.00/angina_history/seed_52/metrics.json,Existing scientific record; see category index
robustness/interaction,experiments/crta_v3_stage_source_informativeness_ladder_v1/nh2kn/alpha_1.00/angina_history/seed_53/metrics.json,Existing scientific record; see category index
robustness/interaction,experiments/crta_v3_stage_source_informativeness_ladder_v1/nh2kn/alpha_1.00/angina_history/seed_54/metrics.json,Existing scientific record; see category index
robustness/interaction,experiments/crta_v3_stage_source_informativeness_ladder_v1/nh2kn/alpha_1.00/angina_history/seed_55/metrics.json,Existing scientific record; see category index
robustness/interaction,experiments/crta_v3_stage_source_informativeness_ladder_v1/nh2kn/alpha_1.00/angina_history/seed_56/metrics.json,Existing scientific record; see category index
robustness/interaction,experiments/crta_v3_stage_source_informativeness_ladder_v1/nh2kn/alpha_1.00/angina_history/seed_57/metrics.json,Existing scientific record; see category index
robustness/interaction,experiments/crta_v3_stage_source_informativeness_ladder_v1/nh2kn/alpha_1.00/angina_history/seed_58/metrics.json,Existing scientific record; see category index
robustness/interaction,experiments/crta_v3_stage_source_informativeness_ladder_v1/nh2kn/alpha_1.00/angina_history/seed_59/metrics.json,Existing scientific record; see category index
robustness/interaction,experiments/crta_v3_stage_source_informativeness_ladder_v1/nh2kn/alpha_1.00/arthritis_history/seed_50/metrics.json,Existing scientific record; see category index
robustness/interaction,experiments/crta_v3_stage_source_informativeness_ladder_v1/nh2kn/alpha_1.00/arthritis_history/seed_51/metrics.json,Existing scientific record; see category index
robustness/interaction,experiments/crta_v3_stage_source_informativeness_ladder_v1/nh2kn/alpha_1.00/arthritis_history/seed_52/metrics.json,Existing scientific record; see category index
robustness/interaction,experiments/crta_v3_stage_source_informativeness_ladder_v1/nh2kn/alpha_1.00/arthritis_history/seed_53/metrics.json,Existing scientific record; see category index
robustness/interaction,experiments/crta_v3_stage_source_informativeness_ladder_v1/nh2kn/alpha_1.00/arthritis_history/seed_54/metrics.json,Existing scientific record; see category index
robustness/interaction,experiments/crta_v3_stage_source_informativeness_ladder_v1/nh2kn/alpha_1.00/arthritis_history/seed_55/metrics.json,Existing scientific record; see category index
robustness/interaction,experiments/crta_v3_stage_source_informativeness_ladder_v1/nh2kn/alpha_1.00/arthritis_history/seed_56/metrics.json,Existing scientific record; see category index
robustness/interaction,experiments/crta_v3_stage_source_informativeness_ladder_v1/nh2kn/alpha_1.00/arthritis_history/seed_57/metrics.json,Existing scientific record; see category index
robustness/interaction,experiments/crta_v3_stage_source_informativeness_ladder_v1/nh2kn/alpha_1.00/arthritis_history/seed_58/metrics.json,Existing scientific record; see category index
robustness/interaction,experiments/crta_v3_stage_source_informativeness_ladder_v1/nh2kn/alpha_1.00/arthritis_history/seed_59/metrics.json,Existing scientific record; see category index
robustness/interaction,experiments/crta_v3_stage_source_informativeness_ladder_v1/nh2kn/alpha_1.00/asthma_history/seed_50/metrics.json,Existing scientific record; see category index
robustness/interaction,experiments/crta_v3_stage_source_informativeness_ladder_v1/nh2kn/alpha_1.00/asthma_history/seed_51/metrics.json,Existing scientific record; see category index
robustness/interaction,experiments/crta_v3_stage_source_informativeness_ladder_v1/nh2kn/alpha_1.00/asthma_history/seed_52/metrics.json,Existing scientific record; see category index
robustness/interaction,experiments/crta_v3_stage_source_informativeness_ladder_v1/nh2kn/alpha_1.00/asthma_history/seed_53/metrics.json,Existing scientific record; see category index
robustness/interaction,experiments/crta_v3_stage_source_informativeness_ladder_v1/nh2kn/alpha_1.00/asthma_history/seed_54/metrics.json,Existing scientific record; see category index
robustness/interaction,experiments/crta_v3_stage_source_informativeness_ladder_v1/nh2kn/alpha_1.00/asthma_history/seed_55/metrics.json,Existing scientific record; see category index
robustness/interaction,experiments/crta_v3_stage_source_informativeness_ladder_v1/nh2kn/alpha_1.00/asthma_history/seed_56/metrics.json,Existing scientific record; see category index
robustness/interaction,experiments/crta_v3_stage_source_informativeness_ladder_v1/nh2kn/alpha_1.00/asthma_history/seed_57/metrics.json,Existing scientific record; see category index
robustness/interaction,experiments/crta_v3_stage_source_informativeness_ladder_v1/nh2kn/alpha_1.00/asthma_history/seed_58/metrics.json,Existing scientific record; see category index
robustness/interaction,experiments/crta_v3_stage_source_informativeness_ladder_v1/nh2kn/alpha_1.00/asthma_history/seed_59/metrics.json,Existing scientific record; see category index
robustness/interaction,experiments/crta_v3_stage_source_informativeness_ladder_v1/nh2kn/alpha_1.00/cancer_history/seed_50/metrics.json,Existing scientific record; see category index
robustness/interaction,experiments/crta_v3_stage_source_informativeness_ladder_v1/nh2kn/alpha_1.00/cancer_history/seed_51/metrics.json,Existing scientific record; see category index
robustness/interaction,experiments/crta_v3_stage_source_informativeness_ladder_v1/nh2kn/alpha_1.00/cancer_history/seed_52/metrics.json,Existing scientific record; see category index
robustness/interaction,experiments/crta_v3_stage_source_informativeness_ladder_v1/nh2kn/alpha_1.00/cancer_history/seed_53/metrics.json,Existing scientific record; see category index
robustness/interaction,experiments/crta_v3_stage_source_informativeness_ladder_v1/nh2kn/alpha_1.00/cancer_history/seed_54/metrics.json,Existing scientific record; see category index
robustness/interaction,experiments/crta_v3_stage_source_informativeness_ladder_v1/nh2kn/alpha_1.00/cancer_history/seed_55/metrics.json,Existing scientific record; see category index
robustness/interaction,experiments/crta_v3_stage_source_informativeness_ladder_v1/nh2kn/alpha_1.00/cancer_history/seed_56/metrics.json,Existing scientific record; see category index
robustness/interaction,experiments/crta_v3_stage_source_informativeness_ladder_v1/nh2kn/alpha_1.00/cancer_history/seed_57/metrics.json,Existing scientific record; see category index
robustness/interaction,experiments/crta_v3_stage_source_informativeness_ladder_v1/nh2kn/alpha_1.00/cancer_history/seed_58/metrics.json,Existing scientific record; see category index
robustness/interaction,experiments/crta_v3_stage_source_informativeness_ladder_v1/nh2kn/alpha_1.00/cancer_history/seed_59/metrics.json,Existing scientific record; see category index
robustness/interaction,experiments/crta_v3_stage_source_informativeness_ladder_v1/nh2kn/alpha_1.00/current_smoking_status/seed_50/metrics.json,Existing scientific record; see category index
robustness/interaction,experiments/crta_v3_stage_source_informativeness_ladder_v1/nh2kn/alpha_1.00/current_smoking_status/seed_51/metrics.json,Existing scientific record; see category index
robustness/interaction,experiments/crta_v3_stage_source_informativeness_ladder_v1/nh2kn/alpha_1.00/current_smoking_status/seed_52/metrics.json,Existing scientific record; see category index
robustness/interaction,experiments/crta_v3_stage_source_informativeness_ladder_v1/nh2kn/alpha_1.00/current_smoking_status/seed_53/metrics.json,Existing scientific record; see category index
robustness/interaction,experiments/crta_v3_stage_source_informativeness_ladder_v1/nh2kn/alpha_1.00/current_smoking_status/seed_54/metrics.json,Existing scientific record; see category index
robustness/interaction,experiments/crta_v3_stage_source_informativeness_ladder_v1/nh2kn/alpha_1.00/current_smoking_status/seed_55/metrics.json,Existing scientific record; see category index
robustness/interaction,experiments/crta_v3_stage_source_informativeness_ladder_v1/nh2kn/alpha_1.00/current_smoking_status/seed_56/metrics.json,Existing scientific record; see category index
robustness/interaction,experiments/crta_v3_stage_source_informativeness_ladder_v1/nh2kn/alpha_1.00/current_smoking_status/seed_57/metrics.json,Existing scientific record; see category index
robustness/interaction,experiments/crta_v3_stage_source_informativeness_ladder_v1/nh2kn/alpha_1.00/current_smoking_status/seed_58/metrics.json,Existing scientific record; see category index
robustness/interaction,experiments/crta_v3_stage_source_informativeness_ladder_v1/nh2kn/alpha_1.00/current_smoking_status/seed_59/metrics.json,Existing scientific record; see category index
robustness/interaction,experiments/crta_v3_stage_source_informativeness_ladder_v1/nh2kn/alpha_1.00/diabetes_history/seed_50/metrics.json,Existing scientific record; see category index
robustness/interaction,experiments/crta_v3_stage_source_informativeness_ladder_v1/nh2kn/alpha_1.00/diabetes_history/seed_51/metrics.json,Existing scientific record; see category index
robustness/interaction,experiments/crta_v3_stage_source_informativeness_ladder_v1/nh2kn/alpha_1.00/diabetes_history/seed_52/metrics.json,Existing scientific record; see category index
robustness/interaction,experiments/crta_v3_stage_source_informativeness_ladder_v1/nh2kn/alpha_1.00/diabetes_history/seed_53/metrics.json,Existing scientific record; see category index
robustness/interaction,experiments/crta_v3_stage_source_informativeness_ladder_v1/nh2kn/alpha_1.00/diabetes_history/seed_54/metrics.json,Existing scientific record; see category index
robustness/interaction,experiments/crta_v3_stage_source_informativeness_ladder_v1/nh2kn/alpha_1.00/diabetes_history/seed_55/metrics.json,Existing scientific record; see category index
robustness/interaction,experiments/crta_v3_stage_source_informativeness_ladder_v1/nh2kn/alpha_1.00/diabetes_history/seed_56/metrics.json,Existing scientific record; see category index
robustness/interaction,experiments/crta_v3_stage_source_informativeness_ladder_v1/nh2kn/alpha_1.00/diabetes_history/seed_57/metrics.json,Existing scientific record; see category index
robustness/interaction,experiments/crta_v3_stage_source_informativeness_ladder_v1/nh2kn/alpha_1.00/diabetes_history/seed_58/metrics.json,Existing scientific record; see category index
robustness/interaction,experiments/crta_v3_stage_source_informativeness_ladder_v1/nh2kn/alpha_1.00/diabetes_history/seed_59/metrics.json,Existing scientific record; see category index
robustness/interaction,experiments/crta_v3_stage_source_informativeness_ladder_v1/nh2kn/alpha_1.00/heart_attack_history/seed_50/metrics.json,Existing scientific record; see category index
robustness/interaction,experiments/crta_v3_stage_source_informativeness_ladder_v1/nh2kn/alpha_1.00/heart_attack_history/seed_51/metrics.json,Existing scientific record; see category index
robustness/interaction,experiments/crta_v3_stage_source_informativeness_ladder_v1/nh2kn/alpha_1.00/heart_attack_history/seed_52/metrics.json,Existing scientific record; see category index
robustness/interaction,experiments/crta_v3_stage_source_informativeness_ladder_v1/nh2kn/alpha_1.00/heart_attack_history/seed_53/metrics.json,Existing scientific record; see category index
robustness/interaction,experiments/crta_v3_stage_source_informativeness_ladder_v1/nh2kn/alpha_1.00/heart_attack_history/seed_54/metrics.json,Existing scientific record; see category index
robustness/interaction,experiments/crta_v3_stage_source_informativeness_ladder_v1/nh2kn/alpha_1.00/heart_attack_history/seed_55/metrics.json,Existing scientific record; see category index
robustness/interaction,experiments/crta_v3_stage_source_informativeness_ladder_v1/nh2kn/alpha_1.00/heart_attack_history/seed_56/metrics.json,Existing scientific record; see category index
robustness/interaction,experiments/crta_v3_stage_source_informativeness_ladder_v1/nh2kn/alpha_1.00/heart_attack_history/seed_57/metrics.json,Existing scientific record; see category index
robustness/interaction,experiments/crta_v3_stage_source_informativeness_ladder_v1/nh2kn/alpha_1.00/heart_attack_history/seed_58/metrics.json,Existing scientific record; see category index
robustness/interaction,experiments/crta_v3_stage_source_informativeness_ladder_v1/nh2kn/alpha_1.00/heart_attack_history/seed_59/metrics.json,Existing scientific record; see category index
robustness/interaction,experiments/crta_v3_stage_source_informativeness_ladder_v1/nh2kn/alpha_1.00/hypertension_history/seed_50/metrics.json,Existing scientific record; see category index
robustness/interaction,experiments/crta_v3_stage_source_informativeness_ladder_v1/nh2kn/alpha_1.00/hypertension_history/seed_51/metrics.json,Existing scientific record; see category index
robustness/interaction,experiments/crta_v3_stage_source_informativeness_ladder_v1/nh2kn/alpha_1.00/hypertension_history/seed_52/metrics.json,Existing scientific record; see category index
robustness/interaction,experiments/crta_v3_stage_source_informativeness_ladder_v1/nh2kn/alpha_1.00/hypertension_history/seed_53/metrics.json,Existing scientific record; see category index
robustness/interaction,experiments/crta_v3_stage_source_informativeness_ladder_v1/nh2kn/alpha_1.00/hypertension_history/seed_54/metrics.json,Existing scientific record; see category index
robustness/interaction,experiments/crta_v3_stage_source_informativeness_ladder_v1/nh2kn/alpha_1.00/hypertension_history/seed_55/metrics.json,Existing scientific record; see category index
robustness/interaction,experiments/crta_v3_stage_source_informativeness_ladder_v1/nh2kn/alpha_1.00/hypertension_history/seed_56/metrics.json,Existing scientific record; see category index
robustness/interaction,experiments/crta_v3_stage_source_informativeness_ladder_v1/nh2kn/alpha_1.00/hypertension_history/seed_57/metrics.json,Existing scientific record; see category index
robustness/interaction,experiments/crta_v3_stage_source_informativeness_ladder_v1/nh2kn/alpha_1.00/hypertension_history/seed_58/metrics.json,Existing scientific record; see category index
robustness/interaction,experiments/crta_v3_stage_source_informativeness_ladder_v1/nh2kn/alpha_1.00/hypertension_history/seed_59/metrics.json,Existing scientific record; see category index
robustness/interaction,experiments/crta_v3_stage_source_informativeness_ladder_v1/nh2kn/alpha_1.00/kidney_disease_history/seed_50/metrics.json,Existing scientific record; see category index
robustness/interaction,experiments/crta_v3_stage_source_informativeness_ladder_v1/nh2kn/alpha_1.00/kidney_disease_history/seed_51/metrics.json,Existing scientific record; see category index
robustness/interaction,experiments/crta_v3_stage_source_informativeness_ladder_v1/nh2kn/alpha_1.00/kidney_disease_history/seed_52/metrics.json,Existing scientific record; see category index
robustness/interaction,experiments/crta_v3_stage_source_informativeness_ladder_v1/nh2kn/alpha_1.00/kidney_disease_history/seed_53/metrics.json,Existing scientific record; see category index
robustness/interaction,experiments/crta_v3_stage_source_informativeness_ladder_v1/nh2kn/alpha_1.00/kidney_disease_history/seed_54/metrics.json,Existing scientific record; see category index
robustness/interaction,experiments/crta_v3_stage_source_informativeness_ladder_v1/nh2kn/alpha_1.00/kidney_disease_history/seed_55/metrics.json,Existing scientific record; see category index
robustness/interaction,experiments/crta_v3_stage_source_informativeness_ladder_v1/nh2kn/alpha_1.00/kidney_disease_history/seed_56/metrics.json,Existing scientific record; see category index
robustness/interaction,experiments/crta_v3_stage_source_informativeness_ladder_v1/nh2kn/alpha_1.00/kidney_disease_history/seed_57/metrics.json,Existing scientific record; see category index
robustness/interaction,experiments/crta_v3_stage_source_informativeness_ladder_v1/nh2kn/alpha_1.00/kidney_disease_history/seed_58/metrics.json,Existing scientific record; see category index
robustness/interaction,experiments/crta_v3_stage_source_informativeness_ladder_v1/nh2kn/alpha_1.00/kidney_disease_history/seed_59/metrics.json,Existing scientific record; see category index
robustness/interaction,experiments/crta_v3_stage_source_informativeness_ladder_v1/nh2kn/alpha_1.00/stroke_history/seed_50/metrics.json,Existing scientific record; see category index
robustness/interaction,experiments/crta_v3_stage_source_informativeness_ladder_v1/nh2kn/alpha_1.00/stroke_history/seed_51/metrics.json,Existing scientific record; see category index
robustness/interaction,experiments/crta_v3_stage_source_informativeness_ladder_v1/nh2kn/alpha_1.00/stroke_history/seed_52/metrics.json,Existing scientific record; see category index
robustness/interaction,experiments/crta_v3_stage_source_informativeness_ladder_v1/nh2kn/alpha_1.00/stroke_history/seed_53/metrics.json,Existing scientific record; see category index
robustness/interaction,experiments/crta_v3_stage_source_informativeness_ladder_v1/nh2kn/alpha_1.00/stroke_history/seed_54/metrics.json,Existing scientific record; see category index
robustness/interaction,experiments/crta_v3_stage_source_informativeness_ladder_v1/nh2kn/alpha_1.00/stroke_history/seed_55/metrics.json,Existing scientific record; see category index
robustness/interaction,experiments/crta_v3_stage_source_informativeness_ladder_v1/nh2kn/alpha_1.00/stroke_history/seed_56/metrics.json,Existing scientific record; see category index
robustness/interaction,experiments/crta_v3_stage_source_informativeness_ladder_v1/nh2kn/alpha_1.00/stroke_history/seed_57/metrics.json,Existing scientific record; see category index
robustness/interaction,experiments/crta_v3_stage_source_informativeness_ladder_v1/nh2kn/alpha_1.00/stroke_history/seed_58/metrics.json,Existing scientific record; see category index
robustness/interaction,experiments/crta_v3_stage_source_informativeness_ladder_v1/nh2kn/alpha_1.00/stroke_history/seed_59/metrics.json,Existing scientific record; see category index
robustness/interaction,experiments/crta_v3_stage_source_ladder_v2_source_only_v1/SUMMARY_V1.json,Existing scientific record; see category index
robustness/interaction,experiments/crta_v3_stage_source_ladder_v2_source_only_v1/kn2nh/alpha_0.00/PERMUTATION_AUDIT_V1.json,Existing scientific record; see category index
robustness/interaction,experiments/crta_v3_stage_source_ladder_v2_source_only_v1/kn2nh/alpha_0.00/angina_history/seed_50/metrics.json,Existing scientific record; see category index
robustness/interaction,experiments/crta_v3_stage_source_ladder_v2_source_only_v1/kn2nh/alpha_0.00/angina_history/seed_51/metrics.json,Existing scientific record; see category index
robustness/interaction,experiments/crta_v3_stage_source_ladder_v2_source_only_v1/kn2nh/alpha_0.00/angina_history/seed_52/metrics.json,Existing scientific record; see category index
robustness/interaction,experiments/crta_v3_stage_source_ladder_v2_source_only_v1/kn2nh/alpha_0.00/angina_history/seed_53/metrics.json,Existing scientific record; see category index
robustness/interaction,experiments/crta_v3_stage_source_ladder_v2_source_only_v1/kn2nh/alpha_0.00/angina_history/seed_54/metrics.json,Existing scientific record; see category index
robustness/interaction,experiments/crta_v3_stage_source_ladder_v2_source_only_v1/kn2nh/alpha_0.00/angina_history/seed_55/metrics.json,Existing scientific record; see category index
robustness/interaction,experiments/crta_v3_stage_source_ladder_v2_source_only_v1/kn2nh/alpha_0.00/angina_history/seed_56/metrics.json,Existing scientific record; see category index
robustness/interaction,experiments/crta_v3_stage_source_ladder_v2_source_only_v1/kn2nh/alpha_0.00/angina_history/seed_57/metrics.json,Existing scientific record; see category index
robustness/interaction,experiments/crta_v3_stage_source_ladder_v2_source_only_v1/kn2nh/alpha_0.00/angina_history/seed_58/metrics.json,Existing scientific record; see category index
robustness/interaction,experiments/crta_v3_stage_source_ladder_v2_source_only_v1/kn2nh/alpha_0.00/angina_history/seed_59/metrics.json,Existing scientific record; see category index
robustness/interaction,experiments/crta_v3_stage_source_ladder_v2_source_only_v1/kn2nh/alpha_0.00/arthritis_history/seed_50/metrics.json,Existing scientific record; see category index
robustness/interaction,experiments/crta_v3_stage_source_ladder_v2_source_only_v1/kn2nh/alpha_0.00/arthritis_history/seed_51/metrics.json,Existing scientific record; see category index
robustness/interaction,experiments/crta_v3_stage_source_ladder_v2_source_only_v1/kn2nh/alpha_0.00/arthritis_history/seed_52/metrics.json,Existing scientific record; see category index
robustness/interaction,experiments/crta_v3_stage_source_ladder_v2_source_only_v1/kn2nh/alpha_0.00/arthritis_history/seed_53/metrics.json,Existing scientific record; see category index
robustness/interaction,experiments/crta_v3_stage_source_ladder_v2_source_only_v1/kn2nh/alpha_0.00/arthritis_history/seed_54/metrics.json,Existing scientific record; see category index
robustness/interaction,experiments/crta_v3_stage_source_ladder_v2_source_only_v1/kn2nh/alpha_0.00/arthritis_history/seed_55/metrics.json,Existing scientific record; see category index
robustness/interaction,experiments/crta_v3_stage_source_ladder_v2_source_only_v1/kn2nh/alpha_0.00/arthritis_history/seed_56/metrics.json,Existing scientific record; see category index
robustness/interaction,experiments/crta_v3_stage_source_ladder_v2_source_only_v1/kn2nh/alpha_0.00/arthritis_history/seed_57/metrics.json,Existing scientific record; see category index
robustness/interaction,experiments/crta_v3_stage_source_ladder_v2_source_only_v1/kn2nh/alpha_0.00/arthritis_history/seed_58/metrics.json,Existing scientific record; see category index
robustness/interaction,experiments/crta_v3_stage_source_ladder_v2_source_only_v1/kn2nh/alpha_0.00/arthritis_history/seed_59/metrics.json,Existing scientific record; see category index
robustness/interaction,experiments/crta_v3_stage_source_ladder_v2_source_only_v1/kn2nh/alpha_0.00/asthma_history/seed_50/metrics.json,Existing scientific record; see category index
robustness/interaction,experiments/crta_v3_stage_source_ladder_v2_source_only_v1/kn2nh/alpha_0.00/asthma_history/seed_51/metrics.json,Existing scientific record; see category index
robustness/interaction,experiments/crta_v3_stage_source_ladder_v2_source_only_v1/kn2nh/alpha_0.00/asthma_history/seed_52/metrics.json,Existing scientific record; see category index
robustness/interaction,experiments/crta_v3_stage_source_ladder_v2_source_only_v1/kn2nh/alpha_0.00/asthma_history/seed_53/metrics.json,Existing scientific record; see category index
robustness/interaction,experiments/crta_v3_stage_source_ladder_v2_source_only_v1/kn2nh/alpha_0.00/asthma_history/seed_54/metrics.json,Existing scientific record; see category index
robustness/interaction,experiments/crta_v3_stage_source_ladder_v2_source_only_v1/kn2nh/alpha_0.00/asthma_history/seed_55/metrics.json,Existing scientific record; see category index
robustness/interaction,experiments/crta_v3_stage_source_ladder_v2_source_only_v1/kn2nh/alpha_0.00/asthma_history/seed_56/metrics.json,Existing scientific record; see category index
robustness/interaction,experiments/crta_v3_stage_source_ladder_v2_source_only_v1/kn2nh/alpha_0.00/asthma_history/seed_57/metrics.json,Existing scientific record; see category index
robustness/interaction,experiments/crta_v3_stage_source_ladder_v2_source_only_v1/kn2nh/alpha_0.00/asthma_history/seed_58/metrics.json,Existing scientific record; see category index
robustness/interaction,experiments/crta_v3_stage_source_ladder_v2_source_only_v1/kn2nh/alpha_0.00/asthma_history/seed_59/metrics.json,Existing scientific record; see category index
robustness/interaction,experiments/crta_v3_stage_source_ladder_v2_source_only_v1/kn2nh/alpha_0.00/cancer_history/seed_50/metrics.json,Existing scientific record; see category index
robustness/interaction,experiments/crta_v3_stage_source_ladder_v2_source_only_v1/kn2nh/alpha_0.00/cancer_history/seed_51/metrics.json,Existing scientific record; see category index
robustness/interaction,experiments/crta_v3_stage_source_ladder_v2_source_only_v1/kn2nh/alpha_0.00/cancer_history/seed_52/metrics.json,Existing scientific record; see category index
robustness/interaction,experiments/crta_v3_stage_source_ladder_v2_source_only_v1/kn2nh/alpha_0.00/cancer_history/seed_53/metrics.json,Existing scientific record; see category index
robustness/interaction,experiments/crta_v3_stage_source_ladder_v2_source_only_v1/kn2nh/alpha_0.00/cancer_history/seed_54/metrics.json,Existing scientific record; see category index
robustness/interaction,experiments/crta_v3_stage_source_ladder_v2_source_only_v1/kn2nh/alpha_0.00/cancer_history/seed_55/metrics.json,Existing scientific record; see category index
robustness/interaction,experiments/crta_v3_stage_source_ladder_v2_source_only_v1/kn2nh/alpha_0.00/cancer_history/seed_56/metrics.json,Existing scientific record; see category index
robustness/interaction,experiments/crta_v3_stage_source_ladder_v2_source_only_v1/kn2nh/alpha_0.00/cancer_history/seed_57/metrics.json,Existing scientific record; see category index
robustness/interaction,experiments/crta_v3_stage_source_ladder_v2_source_only_v1/kn2nh/alpha_0.00/cancer_history/seed_58/metrics.json,Existing scientific record; see category index
robustness/interaction,experiments/crta_v3_stage_source_ladder_v2_source_only_v1/kn2nh/alpha_0.00/cancer_history/seed_59/metrics.json,Existing scientific record; see category index
robustness/interaction,experiments/crta_v3_stage_source_ladder_v2_source_only_v1/kn2nh/alpha_0.00/current_smoking_status/seed_50/metrics.json,Existing scientific record; see category index
robustness/interaction,experiments/crta_v3_stage_source_ladder_v2_source_only_v1/kn2nh/alpha_0.00/current_smoking_status/seed_51/metrics.json,Existing scientific record; see category index
robustness/interaction,experiments/crta_v3_stage_source_ladder_v2_source_only_v1/kn2nh/alpha_0.00/current_smoking_status/seed_52/metrics.json,Existing scientific record; see category index
robustness/interaction,experiments/crta_v3_stage_source_ladder_v2_source_only_v1/kn2nh/alpha_0.00/current_smoking_status/seed_53/metrics.json,Existing scientific record; see category index
robustness/interaction,experiments/crta_v3_stage_source_ladder_v2_source_only_v1/kn2nh/alpha_0.00/current_smoking_status/seed_54/metrics.json,Existing scientific record; see category index
robustness/interaction,experiments/crta_v3_stage_source_ladder_v2_source_only_v1/kn2nh/alpha_0.00/current_smoking_status/seed_55/metrics.json,Existing scientific record; see category index
robustness/interaction,experiments/crta_v3_stage_source_ladder_v2_source_only_v1/kn2nh/alpha_0.00/current_smoking_status/seed_56/metrics.json,Existing scientific record; see category index
robustness/interaction,experiments/crta_v3_stage_source_ladder_v2_source_only_v1/kn2nh/alpha_0.00/current_smoking_status/seed_57/metrics.json,Existing scientific record; see category index
robustness/interaction,experiments/crta_v3_stage_source_ladder_v2_source_only_v1/kn2nh/alpha_0.00/current_smoking_status/seed_58/metrics.json,Existing scientific record; see category index
robustness/interaction,experiments/crta_v3_stage_source_ladder_v2_source_only_v1/kn2nh/alpha_0.00/current_smoking_status/seed_59/metrics.json,Existing scientific record; see category index
robustness/interaction,experiments/crta_v3_stage_source_ladder_v2_source_only_v1/kn2nh/alpha_0.00/diabetes_history/seed_50/metrics.json,Existing scientific record; see category index
robustness/interaction,experiments/crta_v3_stage_source_ladder_v2_source_only_v1/kn2nh/alpha_0.00/diabetes_history/seed_51/metrics.json,Existing scientific record; see category index
robustness/interaction,experiments/crta_v3_stage_source_ladder_v2_source_only_v1/kn2nh/alpha_0.00/diabetes_history/seed_52/metrics.json,Existing scientific record; see category index
robustness/interaction,experiments/crta_v3_stage_source_ladder_v2_source_only_v1/kn2nh/alpha_0.00/diabetes_history/seed_53/metrics.json,Existing scientific record; see category index
robustness/interaction,experiments/crta_v3_stage_source_ladder_v2_source_only_v1/kn2nh/alpha_0.00/diabetes_history/seed_54/metrics.json,Existing scientific record; see category index
robustness/interaction,experiments/crta_v3_stage_source_ladder_v2_source_only_v1/kn2nh/alpha_0.00/diabetes_history/seed_55/metrics.json,Existing scientific record; see category index
robustness/interaction,experiments/crta_v3_stage_source_ladder_v2_source_only_v1/kn2nh/alpha_0.00/diabetes_history/seed_56/metrics.json,Existing scientific record; see category index
robustness/interaction,experiments/crta_v3_stage_source_ladder_v2_source_only_v1/kn2nh/alpha_0.00/diabetes_history/seed_57/metrics.json,Existing scientific record; see category index
robustness/interaction,experiments/crta_v3_stage_source_ladder_v2_source_only_v1/kn2nh/alpha_0.00/diabetes_history/seed_58/metrics.json,Existing scientific record; see category index
robustness/interaction,experiments/crta_v3_stage_source_ladder_v2_source_only_v1/kn2nh/alpha_0.00/diabetes_history/seed_59/metrics.json,Existing scientific record; see category index
robustness/interaction,experiments/crta_v3_stage_source_ladder_v2_source_only_v1/kn2nh/alpha_0.00/heart_attack_history/seed_50/metrics.json,Existing scientific record; see category index
robustness/interaction,experiments/crta_v3_stage_source_ladder_v2_source_only_v1/kn2nh/alpha_0.00/heart_attack_history/seed_51/metrics.json,Existing scientific record; see category index
robustness/interaction,experiments/crta_v3_stage_source_ladder_v2_source_only_v1/kn2nh/alpha_0.00/heart_attack_history/seed_52/metrics.json,Existing scientific record; see category index
robustness/interaction,experiments/crta_v3_stage_source_ladder_v2_source_only_v1/kn2nh/alpha_0.00/heart_attack_history/seed_53/metrics.json,Existing scientific record; see category index
robustness/interaction,experiments/crta_v3_stage_source_ladder_v2_source_only_v1/kn2nh/alpha_0.00/heart_attack_history/seed_54/metrics.json,Existing scientific record; see category index
robustness/interaction,experiments/crta_v3_stage_source_ladder_v2_source_only_v1/kn2nh/alpha_0.00/heart_attack_history/seed_55/metrics.json,Existing scientific record; see category index
robustness/interaction,experiments/crta_v3_stage_source_ladder_v2_source_only_v1/kn2nh/alpha_0.00/heart_attack_history/seed_56/metrics.json,Existing scientific record; see category index
robustness/interaction,experiments/crta_v3_stage_source_ladder_v2_source_only_v1/kn2nh/alpha_0.00/heart_attack_history/seed_57/metrics.json,Existing scientific record; see category index
robustness/interaction,experiments/crta_v3_stage_source_ladder_v2_source_only_v1/kn2nh/alpha_0.00/heart_attack_history/seed_58/metrics.json,Existing scientific record; see category index
robustness/interaction,experiments/crta_v3_stage_source_ladder_v2_source_only_v1/kn2nh/alpha_0.00/heart_attack_history/seed_59/metrics.json,Existing scientific record; see category index
robustness/interaction,experiments/crta_v3_stage_source_ladder_v2_source_only_v1/kn2nh/alpha_0.00/hypertension_history/seed_50/metrics.json,Existing scientific record; see category index
robustness/interaction,experiments/crta_v3_stage_source_ladder_v2_source_only_v1/kn2nh/alpha_0.00/hypertension_history/seed_51/metrics.json,Existing scientific record; see category index
robustness/interaction,experiments/crta_v3_stage_source_ladder_v2_source_only_v1/kn2nh/alpha_0.00/hypertension_history/seed_52/metrics.json,Existing scientific record; see category index
robustness/interaction,experiments/crta_v3_stage_source_ladder_v2_source_only_v1/kn2nh/alpha_0.00/hypertension_history/seed_53/metrics.json,Existing scientific record; see category index
robustness/interaction,experiments/crta_v3_stage_source_ladder_v2_source_only_v1/kn2nh/alpha_0.00/hypertension_history/seed_54/metrics.json,Existing scientific record; see category index
robustness/interaction,experiments/crta_v3_stage_source_ladder_v2_source_only_v1/kn2nh/alpha_0.00/hypertension_history/seed_55/metrics.json,Existing scientific record; see category index
robustness/interaction,experiments/crta_v3_stage_source_ladder_v2_source_only_v1/kn2nh/alpha_0.00/hypertension_history/seed_56/metrics.json,Existing scientific record; see category index
robustness/interaction,experiments/crta_v3_stage_source_ladder_v2_source_only_v1/kn2nh/alpha_0.00/hypertension_history/seed_57/metrics.json,Existing scientific record; see category index
robustness/interaction,experiments/crta_v3_stage_source_ladder_v2_source_only_v1/kn2nh/alpha_0.00/hypertension_history/seed_58/metrics.json,Existing scientific record; see category index
robustness/interaction,experiments/crta_v3_stage_source_ladder_v2_source_only_v1/kn2nh/alpha_0.00/hypertension_history/seed_59/metrics.json,Existing scientific record; see category index
robustness/interaction,experiments/crta_v3_stage_source_ladder_v2_source_only_v1/kn2nh/alpha_0.00/kidney_disease_history/seed_50/metrics.json,Existing scientific record; see category index
robustness/interaction,experiments/crta_v3_stage_source_ladder_v2_source_only_v1/kn2nh/alpha_0.00/kidney_disease_history/seed_51/metrics.json,Existing scientific record; see category index
robustness/interaction,experiments/crta_v3_stage_source_ladder_v2_source_only_v1/kn2nh/alpha_0.00/kidney_disease_history/seed_52/metrics.json,Existing scientific record; see category index
robustness/interaction,experiments/crta_v3_stage_source_ladder_v2_source_only_v1/kn2nh/alpha_0.00/kidney_disease_history/seed_53/metrics.json,Existing scientific record; see category index
robustness/interaction,experiments/crta_v3_stage_source_ladder_v2_source_only_v1/kn2nh/alpha_0.00/kidney_disease_history/seed_54/metrics.json,Existing scientific record; see category index
robustness/interaction,experiments/crta_v3_stage_source_ladder_v2_source_only_v1/kn2nh/alpha_0.00/kidney_disease_history/seed_55/metrics.json,Existing scientific record; see category index
robustness/interaction,experiments/crta_v3_stage_source_ladder_v2_source_only_v1/kn2nh/alpha_0.00/kidney_disease_history/seed_56/metrics.json,Existing scientific record; see category index
robustness/interaction,experiments/crta_v3_stage_source_ladder_v2_source_only_v1/kn2nh/alpha_0.00/kidney_disease_history/seed_57/metrics.json,Existing scientific record; see category index
robustness/interaction,experiments/crta_v3_stage_source_ladder_v2_source_only_v1/kn2nh/alpha_0.00/kidney_disease_history/seed_58/metrics.json,Existing scientific record; see category index
robustness/interaction,experiments/crta_v3_stage_source_ladder_v2_source_only_v1/kn2nh/alpha_0.00/kidney_disease_history/seed_59/metrics.json,Existing scientific record; see category index
robustness/interaction,experiments/crta_v3_stage_source_ladder_v2_source_only_v1/kn2nh/alpha_0.00/stroke_history/seed_50/metrics.json,Existing scientific record; see category index
robustness/interaction,experiments/crta_v3_stage_source_ladder_v2_source_only_v1/kn2nh/alpha_0.00/stroke_history/seed_51/metrics.json,Existing scientific record; see category index
robustness/interaction,experiments/crta_v3_stage_source_ladder_v2_source_only_v1/kn2nh/alpha_0.00/stroke_history/seed_52/metrics.json,Existing scientific record; see category index
robustness/interaction,experiments/crta_v3_stage_source_ladder_v2_source_only_v1/kn2nh/alpha_0.00/stroke_history/seed_53/metrics.json,Existing scientific record; see category index
robustness/interaction,experiments/crta_v3_stage_source_ladder_v2_source_only_v1/kn2nh/alpha_0.00/stroke_history/seed_54/metrics.json,Existing scientific record; see category index
robustness/interaction,experiments/crta_v3_stage_source_ladder_v2_source_only_v1/kn2nh/alpha_0.00/stroke_history/seed_55/metrics.json,Existing scientific record; see category index
robustness/interaction,experiments/crta_v3_stage_source_ladder_v2_source_only_v1/kn2nh/alpha_0.00/stroke_history/seed_56/metrics.json,Existing scientific record; see category index
robustness/interaction,experiments/crta_v3_stage_source_ladder_v2_source_only_v1/kn2nh/alpha_0.00/stroke_history/seed_57/metrics.json,Existing scientific record; see category index
robustness/interaction,experiments/crta_v3_stage_source_ladder_v2_source_only_v1/kn2nh/alpha_0.00/stroke_history/seed_58/metrics.json,Existing scientific record; see category index
robustness/interaction,experiments/crta_v3_stage_source_ladder_v2_source_only_v1/kn2nh/alpha_0.00/stroke_history/seed_59/metrics.json,Existing scientific record; see category index
robustness/interaction,experiments/crta_v3_stage_source_ladder_v2_source_only_v1/kn2nh/alpha_0.25/PERMUTATION_AUDIT_V1.json,Existing scientific record; see category index
robustness/interaction,experiments/crta_v3_stage_source_ladder_v2_source_only_v1/kn2nh/alpha_0.25/angina_history/seed_50/metrics.json,Existing scientific record; see category index
robustness/interaction,experiments/crta_v3_stage_source_ladder_v2_source_only_v1/kn2nh/alpha_0.25/angina_history/seed_51/metrics.json,Existing scientific record; see category index
robustness/interaction,experiments/crta_v3_stage_source_ladder_v2_source_only_v1/kn2nh/alpha_0.25/angina_history/seed_52/metrics.json,Existing scientific record; see category index
robustness/interaction,experiments/crta_v3_stage_source_ladder_v2_source_only_v1/kn2nh/alpha_0.25/angina_history/seed_53/metrics.json,Existing scientific record; see category index
robustness/interaction,experiments/crta_v3_stage_source_ladder_v2_source_only_v1/kn2nh/alpha_0.25/angina_history/seed_54/metrics.json,Existing scientific record; see category index
robustness/interaction,experiments/crta_v3_stage_source_ladder_v2_source_only_v1/kn2nh/alpha_0.25/angina_history/seed_55/metrics.json,Existing scientific record; see category index
robustness/interaction,experiments/crta_v3_stage_source_ladder_v2_source_only_v1/kn2nh/alpha_0.25/angina_history/seed_56/metrics.json,Existing scientific record; see category index
robustness/interaction,experiments/crta_v3_stage_source_ladder_v2_source_only_v1/kn2nh/alpha_0.25/angina_history/seed_57/metrics.json,Existing scientific record; see category index
robustness/interaction,experiments/crta_v3_stage_source_ladder_v2_source_only_v1/kn2nh/alpha_0.25/angina_history/seed_58/metrics.json,Existing scientific record; see category index
robustness/interaction,experiments/crta_v3_stage_source_ladder_v2_source_only_v1/kn2nh/alpha_0.25/angina_history/seed_59/metrics.json,Existing scientific record; see category index
robustness/interaction,experiments/crta_v3_stage_source_ladder_v2_source_only_v1/kn2nh/alpha_0.25/arthritis_history/seed_50/metrics.json,Existing scientific record; see category index
robustness/interaction,experiments/crta_v3_stage_source_ladder_v2_source_only_v1/kn2nh/alpha_0.25/arthritis_history/seed_51/metrics.json,Existing scientific record; see category index
robustness/interaction,experiments/crta_v3_stage_source_ladder_v2_source_only_v1/kn2nh/alpha_0.25/arthritis_history/seed_52/metrics.json,Existing scientific record; see category index
robustness/interaction,experiments/crta_v3_stage_source_ladder_v2_source_only_v1/kn2nh/alpha_0.25/arthritis_history/seed_53/metrics.json,Existing scientific record; see category index
robustness/interaction,experiments/crta_v3_stage_source_ladder_v2_source_only_v1/kn2nh/alpha_0.25/arthritis_history/seed_54/metrics.json,Existing scientific record; see category index
robustness/interaction,experiments/crta_v3_stage_source_ladder_v2_source_only_v1/kn2nh/alpha_0.25/arthritis_history/seed_55/metrics.json,Existing scientific record; see category index
robustness/interaction,experiments/crta_v3_stage_source_ladder_v2_source_only_v1/kn2nh/alpha_0.25/arthritis_history/seed_56/metrics.json,Existing scientific record; see category index
robustness/interaction,experiments/crta_v3_stage_source_ladder_v2_source_only_v1/kn2nh/alpha_0.25/arthritis_history/seed_57/metrics.json,Existing scientific record; see category index
robustness/interaction,experiments/crta_v3_stage_source_ladder_v2_source_only_v1/kn2nh/alpha_0.25/arthritis_history/seed_58/metrics.json,Existing scientific record; see category index
robustness/interaction,experiments/crta_v3_stage_source_ladder_v2_source_only_v1/kn2nh/alpha_0.25/arthritis_history/seed_59/metrics.json,Existing scientific record; see category index
robustness/interaction,experiments/crta_v3_stage_source_ladder_v2_source_only_v1/kn2nh/alpha_0.25/asthma_history/seed_50/metrics.json,Existing scientific record; see category index
robustness/interaction,experiments/crta_v3_stage_source_ladder_v2_source_only_v1/kn2nh/alpha_0.25/asthma_history/seed_51/metrics.json,Existing scientific record; see category index
robustness/interaction,experiments/crta_v3_stage_source_ladder_v2_source_only_v1/kn2nh/alpha_0.25/asthma_history/seed_52/metrics.json,Existing scientific record; see category index
robustness/interaction,experiments/crta_v3_stage_source_ladder_v2_source_only_v1/kn2nh/alpha_0.25/asthma_history/seed_53/metrics.json,Existing scientific record; see category index
robustness/interaction,experiments/crta_v3_stage_source_ladder_v2_source_only_v1/kn2nh/alpha_0.25/asthma_history/seed_54/metrics.json,Existing scientific record; see category index
robustness/interaction,experiments/crta_v3_stage_source_ladder_v2_source_only_v1/kn2nh/alpha_0.25/asthma_history/seed_55/metrics.json,Existing scientific record; see category index
robustness/interaction,experiments/crta_v3_stage_source_ladder_v2_source_only_v1/kn2nh/alpha_0.25/asthma_history/seed_56/metrics.json,Existing scientific record; see category index
robustness/interaction,experiments/crta_v3_stage_source_ladder_v2_source_only_v1/kn2nh/alpha_0.25/asthma_history/seed_57/metrics.json,Existing scientific record; see category index
robustness/interaction,experiments/crta_v3_stage_source_ladder_v2_source_only_v1/kn2nh/alpha_0.25/asthma_history/seed_58/metrics.json,Existing scientific record; see category index
robustness/interaction,experiments/crta_v3_stage_source_ladder_v2_source_only_v1/kn2nh/alpha_0.25/asthma_history/seed_59/metrics.json,Existing scientific record; see category index
robustness/interaction,experiments/crta_v3_stage_source_ladder_v2_source_only_v1/kn2nh/alpha_0.25/cancer_history/seed_50/metrics.json,Existing scientific record; see category index
robustness/interaction,experiments/crta_v3_stage_source_ladder_v2_source_only_v1/kn2nh/alpha_0.25/cancer_history/seed_51/metrics.json,Existing scientific record; see category index
robustness/interaction,experiments/crta_v3_stage_source_ladder_v2_source_only_v1/kn2nh/alpha_0.25/cancer_history/seed_52/metrics.json,Existing scientific record; see category index
robustness/interaction,experiments/crta_v3_stage_source_ladder_v2_source_only_v1/kn2nh/alpha_0.25/cancer_history/seed_53/metrics.json,Existing scientific record; see category index
robustness/interaction,experiments/crta_v3_stage_source_ladder_v2_source_only_v1/kn2nh/alpha_0.25/cancer_history/seed_54/metrics.json,Existing scientific record; see category index
robustness/interaction,experiments/crta_v3_stage_source_ladder_v2_source_only_v1/kn2nh/alpha_0.25/cancer_history/seed_55/metrics.json,Existing scientific record; see category index
robustness/interaction,experiments/crta_v3_stage_source_ladder_v2_source_only_v1/kn2nh/alpha_0.25/cancer_history/seed_56/metrics.json,Existing scientific record; see category index
robustness/interaction,experiments/crta_v3_stage_source_ladder_v2_source_only_v1/kn2nh/alpha_0.25/cancer_history/seed_57/metrics.json,Existing scientific record; see category index
robustness/interaction,experiments/crta_v3_stage_source_ladder_v2_source_only_v1/kn2nh/alpha_0.25/cancer_history/seed_58/metrics.json,Existing scientific record; see category index
robustness/interaction,experiments/crta_v3_stage_source_ladder_v2_source_only_v1/kn2nh/alpha_0.25/cancer_history/seed_59/metrics.json,Existing scientific record; see category index
robustness/interaction,experiments/crta_v3_stage_source_ladder_v2_source_only_v1/kn2nh/alpha_0.25/current_smoking_status/seed_50/metrics.json,Existing scientific record; see category index
robustness/interaction,experiments/crta_v3_stage_source_ladder_v2_source_only_v1/kn2nh/alpha_0.25/current_smoking_status/seed_51/metrics.json,Existing scientific record; see category index
robustness/interaction,experiments/crta_v3_stage_source_ladder_v2_source_only_v1/kn2nh/alpha_0.25/current_smoking_status/seed_52/metrics.json,Existing scientific record; see category index
robustness/interaction,experiments/crta_v3_stage_source_ladder_v2_source_only_v1/kn2nh/alpha_0.25/current_smoking_status/seed_53/metrics.json,Existing scientific record; see category index
robustness/interaction,experiments/crta_v3_stage_source_ladder_v2_source_only_v1/kn2nh/alpha_0.25/current_smoking_status/seed_54/metrics.json,Existing scientific record; see category index
robustness/interaction,experiments/crta_v3_stage_source_ladder_v2_source_only_v1/kn2nh/alpha_0.25/current_smoking_status/seed_55/metrics.json,Existing scientific record; see category index
robustness/interaction,experiments/crta_v3_stage_source_ladder_v2_source_only_v1/kn2nh/alpha_0.25/current_smoking_status/seed_56/metrics.json,Existing scientific record; see category index
robustness/interaction,experiments/crta_v3_stage_source_ladder_v2_source_only_v1/kn2nh/alpha_0.25/current_smoking_status/seed_57/metrics.json,Existing scientific record; see category index
robustness/interaction,experiments/crta_v3_stage_source_ladder_v2_source_only_v1/kn2nh/alpha_0.25/current_smoking_status/seed_58/metrics.json,Existing scientific record; see category index
robustness/interaction,experiments/crta_v3_stage_source_ladder_v2_source_only_v1/kn2nh/alpha_0.25/current_smoking_status/seed_59/metrics.json,Existing scientific record; see category index
robustness/interaction,experiments/crta_v3_stage_source_ladder_v2_source_only_v1/kn2nh/alpha_0.25/diabetes_history/seed_50/metrics.json,Existing scientific record; see category index
robustness/interaction,experiments/crta_v3_stage_source_ladder_v2_source_only_v1/kn2nh/alpha_0.25/diabetes_history/seed_51/metrics.json,Existing scientific record; see category index
robustness/interaction,experiments/crta_v3_stage_source_ladder_v2_source_only_v1/kn2nh/alpha_0.25/diabetes_history/seed_52/metrics.json,Existing scientific record; see category index
robustness/interaction,experiments/crta_v3_stage_source_ladder_v2_source_only_v1/kn2nh/alpha_0.25/diabetes_history/seed_53/metrics.json,Existing scientific record; see category index
robustness/interaction,experiments/crta_v3_stage_source_ladder_v2_source_only_v1/kn2nh/alpha_0.25/diabetes_history/seed_54/metrics.json,Existing scientific record; see category index
robustness/interaction,experiments/crta_v3_stage_source_ladder_v2_source_only_v1/kn2nh/alpha_0.25/diabetes_history/seed_55/metrics.json,Existing scientific record; see category index
robustness/interaction,experiments/crta_v3_stage_source_ladder_v2_source_only_v1/kn2nh/alpha_0.25/diabetes_history/seed_56/metrics.json,Existing scientific record; see category index
robustness/interaction,experiments/crta_v3_stage_source_ladder_v2_source_only_v1/kn2nh/alpha_0.25/diabetes_history/seed_57/metrics.json,Existing scientific record; see category index
robustness/interaction,experiments/crta_v3_stage_source_ladder_v2_source_only_v1/kn2nh/alpha_0.25/diabetes_history/seed_58/metrics.json,Existing scientific record; see category index
robustness/interaction,experiments/crta_v3_stage_source_ladder_v2_source_only_v1/kn2nh/alpha_0.25/diabetes_history/seed_59/metrics.json,Existing scientific record; see category index
robustness/interaction,experiments/crta_v3_stage_source_ladder_v2_source_only_v1/kn2nh/alpha_0.25/heart_attack_history/seed_50/metrics.json,Existing scientific record; see category index
robustness/interaction,experiments/crta_v3_stage_source_ladder_v2_source_only_v1/kn2nh/alpha_0.25/heart_attack_history/seed_51/metrics.json,Existing scientific record; see category index
robustness/interaction,experiments/crta_v3_stage_source_ladder_v2_source_only_v1/kn2nh/alpha_0.25/heart_attack_history/seed_52/metrics.json,Existing scientific record; see category index
robustness/interaction,experiments/crta_v3_stage_source_ladder_v2_source_only_v1/kn2nh/alpha_0.25/heart_attack_history/seed_53/metrics.json,Existing scientific record; see category index
robustness/interaction,experiments/crta_v3_stage_source_ladder_v2_source_only_v1/kn2nh/alpha_0.25/heart_attack_history/seed_54/metrics.json,Existing scientific record; see category index
robustness/interaction,experiments/crta_v3_stage_source_ladder_v2_source_only_v1/kn2nh/alpha_0.25/heart_attack_history/seed_55/metrics.json,Existing scientific record; see category index
robustness/interaction,experiments/crta_v3_stage_source_ladder_v2_source_only_v1/kn2nh/alpha_0.25/heart_attack_history/seed_56/metrics.json,Existing scientific record; see category index
robustness/interaction,experiments/crta_v3_stage_source_ladder_v2_source_only_v1/kn2nh/alpha_0.25/heart_attack_history/seed_57/metrics.json,Existing scientific record; see category index
robustness/interaction,experiments/crta_v3_stage_source_ladder_v2_source_only_v1/kn2nh/alpha_0.25/heart_attack_history/seed_58/metrics.json,Existing scientific record; see category index
robustness/interaction,experiments/crta_v3_stage_source_ladder_v2_source_only_v1/kn2nh/alpha_0.25/heart_attack_history/seed_59/metrics.json,Existing scientific record; see category index
robustness/interaction,experiments/crta_v3_stage_source_ladder_v2_source_only_v1/kn2nh/alpha_0.25/hypertension_history/seed_50/metrics.json,Existing scientific record; see category index
robustness/interaction,experiments/crta_v3_stage_source_ladder_v2_source_only_v1/kn2nh/alpha_0.25/hypertension_history/seed_51/metrics.json,Existing scientific record; see category index
robustness/interaction,experiments/crta_v3_stage_source_ladder_v2_source_only_v1/kn2nh/alpha_0.25/hypertension_history/seed_52/metrics.json,Existing scientific record; see category index
robustness/interaction,experiments/crta_v3_stage_source_ladder_v2_source_only_v1/kn2nh/alpha_0.25/hypertension_history/seed_53/metrics.json,Existing scientific record; see category index
robustness/interaction,experiments/crta_v3_stage_source_ladder_v2_source_only_v1/kn2nh/alpha_0.25/hypertension_history/seed_54/metrics.json,Existing scientific record; see category index
robustness/interaction,experiments/crta_v3_stage_source_ladder_v2_source_only_v1/kn2nh/alpha_0.25/hypertension_history/seed_55/metrics.json,Existing scientific record; see category index
robustness/interaction,experiments/crta_v3_stage_source_ladder_v2_source_only_v1/kn2nh/alpha_0.25/hypertension_history/seed_56/metrics.json,Existing scientific record; see category index
robustness/interaction,experiments/crta_v3_stage_source_ladder_v2_source_only_v1/kn2nh/alpha_0.25/hypertension_history/seed_57/metrics.json,Existing scientific record; see category index
robustness/interaction,experiments/crta_v3_stage_source_ladder_v2_source_only_v1/kn2nh/alpha_0.25/hypertension_history/seed_58/metrics.json,Existing scientific record; see category index
robustness/interaction,experiments/crta_v3_stage_source_ladder_v2_source_only_v1/kn2nh/alpha_0.25/hypertension_history/seed_59/metrics.json,Existing scientific record; see category index
robustness/interaction,experiments/crta_v3_stage_source_ladder_v2_source_only_v1/kn2nh/alpha_0.25/kidney_disease_history/seed_50/metrics.json,Existing scientific record; see category index
robustness/interaction,experiments/crta_v3_stage_source_ladder_v2_source_only_v1/kn2nh/alpha_0.25/kidney_disease_history/seed_51/metrics.json,Existing scientific record; see category index
robustness/interaction,experiments/crta_v3_stage_source_ladder_v2_source_only_v1/kn2nh/alpha_0.25/kidney_disease_history/seed_52/metrics.json,Existing scientific record; see category index
robustness/interaction,experiments/crta_v3_stage_source_ladder_v2_source_only_v1/kn2nh/alpha_0.25/kidney_disease_history/seed_53/metrics.json,Existing scientific record; see category index
robustness/interaction,experiments/crta_v3_stage_source_ladder_v2_source_only_v1/kn2nh/alpha_0.25/kidney_disease_history/seed_54/metrics.json,Existing scientific record; see category index
robustness/interaction,experiments/crta_v3_stage_source_ladder_v2_source_only_v1/kn2nh/alpha_0.25/kidney_disease_history/seed_55/metrics.json,Existing scientific record; see category index
robustness/interaction,experiments/crta_v3_stage_source_ladder_v2_source_only_v1/kn2nh/alpha_0.25/kidney_disease_history/seed_56/metrics.json,Existing scientific record; see category index
robustness/interaction,experiments/crta_v3_stage_source_ladder_v2_source_only_v1/kn2nh/alpha_0.25/kidney_disease_history/seed_57/metrics.json,Existing scientific record; see category index
robustness/interaction,experiments/crta_v3_stage_source_ladder_v2_source_only_v1/kn2nh/alpha_0.25/kidney_disease_history/seed_58/metrics.json,Existing scientific record; see category index
robustness/interaction,experiments/crta_v3_stage_source_ladder_v2_source_only_v1/kn2nh/alpha_0.25/kidney_disease_history/seed_59/metrics.json,Existing scientific record; see category index
robustness/interaction,experiments/crta_v3_stage_source_ladder_v2_source_only_v1/kn2nh/alpha_0.25/stroke_history/seed_50/metrics.json,Existing scientific record; see category index
robustness/interaction,experiments/crta_v3_stage_source_ladder_v2_source_only_v1/kn2nh/alpha_0.25/stroke_history/seed_51/metrics.json,Existing scientific record; see category index
robustness/interaction,experiments/crta_v3_stage_source_ladder_v2_source_only_v1/kn2nh/alpha_0.25/stroke_history/seed_52/metrics.json,Existing scientific record; see category index
robustness/interaction,experiments/crta_v3_stage_source_ladder_v2_source_only_v1/kn2nh/alpha_0.25/stroke_history/seed_53/metrics.json,Existing scientific record; see category index
robustness/interaction,experiments/crta_v3_stage_source_ladder_v2_source_only_v1/kn2nh/alpha_0.25/stroke_history/seed_54/metrics.json,Existing scientific record; see category index
robustness/interaction,experiments/crta_v3_stage_source_ladder_v2_source_only_v1/kn2nh/alpha_0.25/stroke_history/seed_55/metrics.json,Existing scientific record; see category index
robustness/interaction,experiments/crta_v3_stage_source_ladder_v2_source_only_v1/kn2nh/alpha_0.25/stroke_history/seed_56/metrics.json,Existing scientific record; see category index
robustness/interaction,experiments/crta_v3_stage_source_ladder_v2_source_only_v1/kn2nh/alpha_0.25/stroke_history/seed_57/metrics.json,Existing scientific record; see category index
robustness/interaction,experiments/crta_v3_stage_source_ladder_v2_source_only_v1/kn2nh/alpha_0.25/stroke_history/seed_58/metrics.json,Existing scientific record; see category index
robustness/interaction,experiments/crta_v3_stage_source_ladder_v2_source_only_v1/kn2nh/alpha_0.25/stroke_history/seed_59/metrics.json,Existing scientific record; see category index
robustness/interaction,experiments/crta_v3_stage_source_ladder_v2_source_only_v1/kn2nh/alpha_0.50/PERMUTATION_AUDIT_V1.json,Existing scientific record; see category index
robustness/interaction,experiments/crta_v3_stage_source_ladder_v2_source_only_v1/kn2nh/alpha_0.50/angina_history/seed_50/metrics.json,Existing scientific record; see category index
robustness/interaction,experiments/crta_v3_stage_source_ladder_v2_source_only_v1/kn2nh/alpha_0.50/angina_history/seed_51/metrics.json,Existing scientific record; see category index
robustness/interaction,experiments/crta_v3_stage_source_ladder_v2_source_only_v1/kn2nh/alpha_0.50/angina_history/seed_52/metrics.json,Existing scientific record; see category index
robustness/interaction,experiments/crta_v3_stage_source_ladder_v2_source_only_v1/kn2nh/alpha_0.50/angina_history/seed_53/metrics.json,Existing scientific record; see category index
robustness/interaction,experiments/crta_v3_stage_source_ladder_v2_source_only_v1/kn2nh/alpha_0.50/angina_history/seed_54/metrics.json,Existing scientific record; see category index
robustness/interaction,experiments/crta_v3_stage_source_ladder_v2_source_only_v1/kn2nh/alpha_0.50/angina_history/seed_55/metrics.json,Existing scientific record; see category index
robustness/interaction,experiments/crta_v3_stage_source_ladder_v2_source_only_v1/kn2nh/alpha_0.50/angina_history/seed_56/metrics.json,Existing scientific record; see category index
robustness/interaction,experiments/crta_v3_stage_source_ladder_v2_source_only_v1/kn2nh/alpha_0.50/angina_history/seed_57/metrics.json,Existing scientific record; see category index
robustness/interaction,experiments/crta_v3_stage_source_ladder_v2_source_only_v1/kn2nh/alpha_0.50/angina_history/seed_58/metrics.json,Existing scientific record; see category index
robustness/interaction,experiments/crta_v3_stage_source_ladder_v2_source_only_v1/kn2nh/alpha_0.50/angina_history/seed_59/metrics.json,Existing scientific record; see category index
robustness/interaction,experiments/crta_v3_stage_source_ladder_v2_source_only_v1/kn2nh/alpha_0.50/arthritis_history/seed_50/metrics.json,Existing scientific record; see category index
robustness/interaction,experiments/crta_v3_stage_source_ladder_v2_source_only_v1/kn2nh/alpha_0.50/arthritis_history/seed_51/metrics.json,Existing scientific record; see category index
robustness/interaction,experiments/crta_v3_stage_source_ladder_v2_source_only_v1/kn2nh/alpha_0.50/arthritis_history/seed_52/metrics.json,Existing scientific record; see category index
robustness/interaction,experiments/crta_v3_stage_source_ladder_v2_source_only_v1/kn2nh/alpha_0.50/arthritis_history/seed_53/metrics.json,Existing scientific record; see category index
robustness/interaction,experiments/crta_v3_stage_source_ladder_v2_source_only_v1/kn2nh/alpha_0.50/arthritis_history/seed_54/metrics.json,Existing scientific record; see category index
robustness/interaction,experiments/crta_v3_stage_source_ladder_v2_source_only_v1/kn2nh/alpha_0.50/arthritis_history/seed_55/metrics.json,Existing scientific record; see category index
robustness/interaction,experiments/crta_v3_stage_source_ladder_v2_source_only_v1/kn2nh/alpha_0.50/arthritis_history/seed_56/metrics.json,Existing scientific record; see category index
robustness/interaction,experiments/crta_v3_stage_source_ladder_v2_source_only_v1/kn2nh/alpha_0.50/arthritis_history/seed_57/metrics.json,Existing scientific record; see category index
robustness/interaction,experiments/crta_v3_stage_source_ladder_v2_source_only_v1/kn2nh/alpha_0.50/arthritis_history/seed_58/metrics.json,Existing scientific record; see category index
robustness/interaction,experiments/crta_v3_stage_source_ladder_v2_source_only_v1/kn2nh/alpha_0.50/arthritis_history/seed_59/metrics.json,Existing scientific record; see category index
robustness/interaction,experiments/crta_v3_stage_source_ladder_v2_source_only_v1/kn2nh/alpha_0.50/asthma_history/seed_50/metrics.json,Existing scientific record; see category index
robustness/interaction,experiments/crta_v3_stage_source_ladder_v2_source_only_v1/kn2nh/alpha_0.50/asthma_history/seed_51/metrics.json,Existing scientific record; see category index
robustness/interaction,experiments/crta_v3_stage_source_ladder_v2_source_only_v1/kn2nh/alpha_0.50/asthma_history/seed_52/metrics.json,Existing scientific record; see category index
robustness/interaction,experiments/crta_v3_stage_source_ladder_v2_source_only_v1/kn2nh/alpha_0.50/asthma_history/seed_53/metrics.json,Existing scientific record; see category index
robustness/interaction,experiments/crta_v3_stage_source_ladder_v2_source_only_v1/kn2nh/alpha_0.50/asthma_history/seed_54/metrics.json,Existing scientific record; see category index
robustness/interaction,experiments/crta_v3_stage_source_ladder_v2_source_only_v1/kn2nh/alpha_0.50/asthma_history/seed_55/metrics.json,Existing scientific record; see category index
robustness/interaction,experiments/crta_v3_stage_source_ladder_v2_source_only_v1/kn2nh/alpha_0.50/asthma_history/seed_56/metrics.json,Existing scientific record; see category index
robustness/interaction,experiments/crta_v3_stage_source_ladder_v2_source_only_v1/kn2nh/alpha_0.50/asthma_history/seed_57/metrics.json,Existing scientific record; see category index
robustness/interaction,experiments/crta_v3_stage_source_ladder_v2_source_only_v1/kn2nh/alpha_0.50/asthma_history/seed_58/metrics.json,Existing scientific record; see category index
robustness/interaction,experiments/crta_v3_stage_source_ladder_v2_source_only_v1/kn2nh/alpha_0.50/asthma_history/seed_59/metrics.json,Existing scientific record; see category index
robustness/interaction,experiments/crta_v3_stage_source_ladder_v2_source_only_v1/kn2nh/alpha_0.50/cancer_history/seed_50/metrics.json,Existing scientific record; see category index
robustness/interaction,experiments/crta_v3_stage_source_ladder_v2_source_only_v1/kn2nh/alpha_0.50/cancer_history/seed_51/metrics.json,Existing scientific record; see category index
robustness/interaction,experiments/crta_v3_stage_source_ladder_v2_source_only_v1/kn2nh/alpha_0.50/cancer_history/seed_52/metrics.json,Existing scientific record; see category index
robustness/interaction,experiments/crta_v3_stage_source_ladder_v2_source_only_v1/kn2nh/alpha_0.50/cancer_history/seed_53/metrics.json,Existing scientific record; see category index
robustness/interaction,experiments/crta_v3_stage_source_ladder_v2_source_only_v1/kn2nh/alpha_0.50/cancer_history/seed_54/metrics.json,Existing scientific record; see category index
robustness/interaction,experiments/crta_v3_stage_source_ladder_v2_source_only_v1/kn2nh/alpha_0.50/cancer_history/seed_55/metrics.json,Existing scientific record; see category index
robustness/interaction,experiments/crta_v3_stage_source_ladder_v2_source_only_v1/kn2nh/alpha_0.50/cancer_history/seed_56/metrics.json,Existing scientific record; see category index
robustness/interaction,experiments/crta_v3_stage_source_ladder_v2_source_only_v1/kn2nh/alpha_0.50/cancer_history/seed_57/metrics.json,Existing scientific record; see category index
robustness/interaction,experiments/crta_v3_stage_source_ladder_v2_source_only_v1/kn2nh/alpha_0.50/cancer_history/seed_58/metrics.json,Existing scientific record; see category index
robustness/interaction,experiments/crta_v3_stage_source_ladder_v2_source_only_v1/kn2nh/alpha_0.50/cancer_history/seed_59/metrics.json,Existing scientific record; see category index
robustness/interaction,experiments/crta_v3_stage_source_ladder_v2_source_only_v1/kn2nh/alpha_0.50/current_smoking_status/seed_50/metrics.json,Existing scientific record; see category index
robustness/interaction,experiments/crta_v3_stage_source_ladder_v2_source_only_v1/kn2nh/alpha_0.50/current_smoking_status/seed_51/metrics.json,Existing scientific record; see category index
robustness/interaction,experiments/crta_v3_stage_source_ladder_v2_source_only_v1/kn2nh/alpha_0.50/current_smoking_status/seed_52/metrics.json,Existing scientific record; see category index
robustness/interaction,experiments/crta_v3_stage_source_ladder_v2_source_only_v1/kn2nh/alpha_0.50/current_smoking_status/seed_53/metrics.json,Existing scientific record; see category index
robustness/interaction,experiments/crta_v3_stage_source_ladder_v2_source_only_v1/kn2nh/alpha_0.50/current_smoking_status/seed_54/metrics.json,Existing scientific record; see category index
robustness/interaction,experiments/crta_v3_stage_source_ladder_v2_source_only_v1/kn2nh/alpha_0.50/current_smoking_status/seed_55/metrics.json,Existing scientific record; see category index
robustness/interaction,experiments/crta_v3_stage_source_ladder_v2_source_only_v1/kn2nh/alpha_0.50/current_smoking_status/seed_56/metrics.json,Existing scientific record; see category index
robustness/interaction,experiments/crta_v3_stage_source_ladder_v2_source_only_v1/kn2nh/alpha_0.50/current_smoking_status/seed_57/metrics.json,Existing scientific record; see category index
robustness/interaction,experiments/crta_v3_stage_source_ladder_v2_source_only_v1/kn2nh/alpha_0.50/current_smoking_status/seed_58/metrics.json,Existing scientific record; see category index
robustness/interaction,experiments/crta_v3_stage_source_ladder_v2_source_only_v1/kn2nh/alpha_0.50/current_smoking_status/seed_59/metrics.json,Existing scientific record; see category index
robustness/interaction,experiments/crta_v3_stage_source_ladder_v2_source_only_v1/kn2nh/alpha_0.50/diabetes_history/seed_50/metrics.json,Existing scientific record; see category index
robustness/interaction,experiments/crta_v3_stage_source_ladder_v2_source_only_v1/kn2nh/alpha_0.50/diabetes_history/seed_51/metrics.json,Existing scientific record; see category index
robustness/interaction,experiments/crta_v3_stage_source_ladder_v2_source_only_v1/kn2nh/alpha_0.50/diabetes_history/seed_52/metrics.json,Existing scientific record; see category index
robustness/interaction,experiments/crta_v3_stage_source_ladder_v2_source_only_v1/kn2nh/alpha_0.50/diabetes_history/seed_53/metrics.json,Existing scientific record; see category index
robustness/interaction,experiments/crta_v3_stage_source_ladder_v2_source_only_v1/kn2nh/alpha_0.50/diabetes_history/seed_54/metrics.json,Existing scientific record; see category index
robustness/interaction,experiments/crta_v3_stage_source_ladder_v2_source_only_v1/kn2nh/alpha_0.50/diabetes_history/seed_55/metrics.json,Existing scientific record; see category index
robustness/interaction,experiments/crta_v3_stage_source_ladder_v2_source_only_v1/kn2nh/alpha_0.50/diabetes_history/seed_56/metrics.json,Existing scientific record; see category index
robustness/interaction,experiments/crta_v3_stage_source_ladder_v2_source_only_v1/kn2nh/alpha_0.50/diabetes_history/seed_57/metrics.json,Existing scientific record; see category index
robustness/interaction,experiments/crta_v3_stage_source_ladder_v2_source_only_v1/kn2nh/alpha_0.50/diabetes_history/seed_58/metrics.json,Existing scientific record; see category index
robustness/interaction,experiments/crta_v3_stage_source_ladder_v2_source_only_v1/kn2nh/alpha_0.50/diabetes_history/seed_59/metrics.json,Existing scientific record; see category index
robustness/interaction,experiments/crta_v3_stage_source_ladder_v2_source_only_v1/kn2nh/alpha_0.50/heart_attack_history/seed_50/metrics.json,Existing scientific record; see category index
robustness/interaction,experiments/crta_v3_stage_source_ladder_v2_source_only_v1/kn2nh/alpha_0.50/heart_attack_history/seed_51/metrics.json,Existing scientific record; see category index
robustness/interaction,experiments/crta_v3_stage_source_ladder_v2_source_only_v1/kn2nh/alpha_0.50/heart_attack_history/seed_52/metrics.json,Existing scientific record; see category index
robustness/interaction,experiments/crta_v3_stage_source_ladder_v2_source_only_v1/kn2nh/alpha_0.50/heart_attack_history/seed_53/metrics.json,Existing scientific record; see category index
robustness/interaction,experiments/crta_v3_stage_source_ladder_v2_source_only_v1/kn2nh/alpha_0.50/heart_attack_history/seed_54/metrics.json,Existing scientific record; see category index
robustness/interaction,experiments/crta_v3_stage_source_ladder_v2_source_only_v1/kn2nh/alpha_0.50/heart_attack_history/seed_55/metrics.json,Existing scientific record; see category index
robustness/interaction,experiments/crta_v3_stage_source_ladder_v2_source_only_v1/kn2nh/alpha_0.50/heart_attack_history/seed_56/metrics.json,Existing scientific record; see category index
robustness/interaction,experiments/crta_v3_stage_source_ladder_v2_source_only_v1/kn2nh/alpha_0.50/heart_attack_history/seed_57/metrics.json,Existing scientific record; see category index
robustness/interaction,experiments/crta_v3_stage_source_ladder_v2_source_only_v1/kn2nh/alpha_0.50/heart_attack_history/seed_58/metrics.json,Existing scientific record; see category index
robustness/interaction,experiments/crta_v3_stage_source_ladder_v2_source_only_v1/kn2nh/alpha_0.50/heart_attack_history/seed_59/metrics.json,Existing scientific record; see category index
robustness/interaction,experiments/crta_v3_stage_source_ladder_v2_source_only_v1/kn2nh/alpha_0.50/hypertension_history/seed_50/metrics.json,Existing scientific record; see category index
robustness/interaction,experiments/crta_v3_stage_source_ladder_v2_source_only_v1/kn2nh/alpha_0.50/hypertension_history/seed_51/metrics.json,Existing scientific record; see category index
robustness/interaction,experiments/crta_v3_stage_source_ladder_v2_source_only_v1/kn2nh/alpha_0.50/hypertension_history/seed_52/metrics.json,Existing scientific record; see category index
robustness/interaction,experiments/crta_v3_stage_source_ladder_v2_source_only_v1/kn2nh/alpha_0.50/hypertension_history/seed_53/metrics.json,Existing scientific record; see category index
robustness/interaction,experiments/crta_v3_stage_source_ladder_v2_source_only_v1/kn2nh/alpha_0.50/hypertension_history/seed_54/metrics.json,Existing scientific record; see category index
robustness/interaction,experiments/crta_v3_stage_source_ladder_v2_source_only_v1/kn2nh/alpha_0.50/hypertension_history/seed_55/metrics.json,Existing scientific record; see category index
robustness/interaction,experiments/crta_v3_stage_source_ladder_v2_source_only_v1/kn2nh/alpha_0.50/hypertension_history/seed_56/metrics.json,Existing scientific record; see category index
robustness/interaction,experiments/crta_v3_stage_source_ladder_v2_source_only_v1/kn2nh/alpha_0.50/hypertension_history/seed_57/metrics.json,Existing scientific record; see category index
robustness/interaction,experiments/crta_v3_stage_source_ladder_v2_source_only_v1/kn2nh/alpha_0.50/hypertension_history/seed_58/metrics.json,Existing scientific record; see category index
robustness/interaction,experiments/crta_v3_stage_source_ladder_v2_source_only_v1/kn2nh/alpha_0.50/hypertension_history/seed_59/metrics.json,Existing scientific record; see category index
robustness/interaction,experiments/crta_v3_stage_source_ladder_v2_source_only_v1/kn2nh/alpha_0.50/kidney_disease_history/seed_50/metrics.json,Existing scientific record; see category index
robustness/interaction,experiments/crta_v3_stage_source_ladder_v2_source_only_v1/kn2nh/alpha_0.50/kidney_disease_history/seed_51/metrics.json,Existing scientific record; see category index
robustness/interaction,experiments/crta_v3_stage_source_ladder_v2_source_only_v1/kn2nh/alpha_0.50/kidney_disease_history/seed_52/metrics.json,Existing scientific record; see category index
robustness/interaction,experiments/crta_v3_stage_source_ladder_v2_source_only_v1/kn2nh/alpha_0.50/kidney_disease_history/seed_53/metrics.json,Existing scientific record; see category index
robustness/interaction,experiments/crta_v3_stage_source_ladder_v2_source_only_v1/kn2nh/alpha_0.50/kidney_disease_history/seed_54/metrics.json,Existing scientific record; see category index
robustness/interaction,experiments/crta_v3_stage_source_ladder_v2_source_only_v1/kn2nh/alpha_0.50/kidney_disease_history/seed_55/metrics.json,Existing scientific record; see category index
robustness/interaction,experiments/crta_v3_stage_source_ladder_v2_source_only_v1/kn2nh/alpha_0.50/kidney_disease_history/seed_56/metrics.json,Existing scientific record; see category index
robustness/interaction,experiments/crta_v3_stage_source_ladder_v2_source_only_v1/kn2nh/alpha_0.50/kidney_disease_history/seed_57/metrics.json,Existing scientific record; see category index
robustness/interaction,experiments/crta_v3_stage_source_ladder_v2_source_only_v1/kn2nh/alpha_0.50/kidney_disease_history/seed_58/metrics.json,Existing scientific record; see category index
robustness/interaction,experiments/crta_v3_stage_source_ladder_v2_source_only_v1/kn2nh/alpha_0.50/kidney_disease_history/seed_59/metrics.json,Existing scientific record; see category index
robustness/interaction,experiments/crta_v3_stage_source_ladder_v2_source_only_v1/kn2nh/alpha_0.50/stroke_history/seed_50/metrics.json,Existing scientific record; see category index
robustness/interaction,experiments/crta_v3_stage_source_ladder_v2_source_only_v1/kn2nh/alpha_0.50/stroke_history/seed_51/metrics.json,Existing scientific record; see category index
robustness/interaction,experiments/crta_v3_stage_source_ladder_v2_source_only_v1/kn2nh/alpha_0.50/stroke_history/seed_52/metrics.json,Existing scientific record; see category index
robustness/interaction,experiments/crta_v3_stage_source_ladder_v2_source_only_v1/kn2nh/alpha_0.50/stroke_history/seed_53/metrics.json,Existing scientific record; see category index
robustness/interaction,experiments/crta_v3_stage_source_ladder_v2_source_only_v1/kn2nh/alpha_0.50/stroke_history/seed_54/metrics.json,Existing scientific record; see category index
robustness/interaction,experiments/crta_v3_stage_source_ladder_v2_source_only_v1/kn2nh/alpha_0.50/stroke_history/seed_55/metrics.json,Existing scientific record; see category index
robustness/interaction,experiments/crta_v3_stage_source_ladder_v2_source_only_v1/kn2nh/alpha_0.50/stroke_history/seed_56/metrics.json,Existing scientific record; see category index
robustness/interaction,experiments/crta_v3_stage_source_ladder_v2_source_only_v1/kn2nh/alpha_0.50/stroke_history/seed_57/metrics.json,Existing scientific record; see category index
robustness/interaction,experiments/crta_v3_stage_source_ladder_v2_source_only_v1/kn2nh/alpha_0.50/stroke_history/seed_58/metrics.json,Existing scientific record; see category index
robustness/interaction,experiments/crta_v3_stage_source_ladder_v2_source_only_v1/kn2nh/alpha_0.50/stroke_history/seed_59/metrics.json,Existing scientific record; see category index
robustness/interaction,experiments/crta_v3_stage_source_ladder_v2_source_only_v1/kn2nh/alpha_0.75/PERMUTATION_AUDIT_V1.json,Existing scientific record; see category index
robustness/interaction,experiments/crta_v3_stage_source_ladder_v2_source_only_v1/kn2nh/alpha_0.75/angina_history/seed_50/metrics.json,Existing scientific record; see category index
robustness/interaction,experiments/crta_v3_stage_source_ladder_v2_source_only_v1/kn2nh/alpha_0.75/angina_history/seed_51/metrics.json,Existing scientific record; see category index
robustness/interaction,experiments/crta_v3_stage_source_ladder_v2_source_only_v1/kn2nh/alpha_0.75/angina_history/seed_52/metrics.json,Existing scientific record; see category index
robustness/interaction,experiments/crta_v3_stage_source_ladder_v2_source_only_v1/kn2nh/alpha_0.75/angina_history/seed_53/metrics.json,Existing scientific record; see category index
robustness/interaction,experiments/crta_v3_stage_source_ladder_v2_source_only_v1/kn2nh/alpha_0.75/angina_history/seed_54/metrics.json,Existing scientific record; see category index
robustness/interaction,experiments/crta_v3_stage_source_ladder_v2_source_only_v1/kn2nh/alpha_0.75/angina_history/seed_55/metrics.json,Existing scientific record; see category index
robustness/interaction,experiments/crta_v3_stage_source_ladder_v2_source_only_v1/kn2nh/alpha_0.75/angina_history/seed_56/metrics.json,Existing scientific record; see category index
robustness/interaction,experiments/crta_v3_stage_source_ladder_v2_source_only_v1/kn2nh/alpha_0.75/angina_history/seed_57/metrics.json,Existing scientific record; see category index
robustness/interaction,experiments/crta_v3_stage_source_ladder_v2_source_only_v1/kn2nh/alpha_0.75/angina_history/seed_58/metrics.json,Existing scientific record; see category index
robustness/interaction,experiments/crta_v3_stage_source_ladder_v2_source_only_v1/kn2nh/alpha_0.75/angina_history/seed_59/metrics.json,Existing scientific record; see category index
robustness/interaction,experiments/crta_v3_stage_source_ladder_v2_source_only_v1/kn2nh/alpha_0.75/arthritis_history/seed_50/metrics.json,Existing scientific record; see category index
robustness/interaction,experiments/crta_v3_stage_source_ladder_v2_source_only_v1/kn2nh/alpha_0.75/arthritis_history/seed_51/metrics.json,Existing scientific record; see category index
robustness/interaction,experiments/crta_v3_stage_source_ladder_v2_source_only_v1/kn2nh/alpha_0.75/arthritis_history/seed_52/metrics.json,Existing scientific record; see category index
robustness/interaction,experiments/crta_v3_stage_source_ladder_v2_source_only_v1/kn2nh/alpha_0.75/arthritis_history/seed_53/metrics.json,Existing scientific record; see category index
robustness/interaction,experiments/crta_v3_stage_source_ladder_v2_source_only_v1/kn2nh/alpha_0.75/arthritis_history/seed_54/metrics.json,Existing scientific record; see category index
robustness/interaction,experiments/crta_v3_stage_source_ladder_v2_source_only_v1/kn2nh/alpha_0.75/arthritis_history/seed_55/metrics.json,Existing scientific record; see category index
robustness/interaction,experiments/crta_v3_stage_source_ladder_v2_source_only_v1/kn2nh/alpha_0.75/arthritis_history/seed_56/metrics.json,Existing scientific record; see category index
robustness/interaction,experiments/crta_v3_stage_source_ladder_v2_source_only_v1/kn2nh/alpha_0.75/arthritis_history/seed_57/metrics.json,Existing scientific record; see category index
robustness/interaction,experiments/crta_v3_stage_source_ladder_v2_source_only_v1/kn2nh/alpha_0.75/arthritis_history/seed_58/metrics.json,Existing scientific record; see category index
robustness/interaction,experiments/crta_v3_stage_source_ladder_v2_source_only_v1/kn2nh/alpha_0.75/arthritis_history/seed_59/metrics.json,Existing scientific record; see category index
robustness/interaction,experiments/crta_v3_stage_source_ladder_v2_source_only_v1/kn2nh/alpha_0.75/asthma_history/seed_50/metrics.json,Existing scientific record; see category index
robustness/interaction,experiments/crta_v3_stage_source_ladder_v2_source_only_v1/kn2nh/alpha_0.75/asthma_history/seed_51/metrics.json,Existing scientific record; see category index
robustness/interaction,experiments/crta_v3_stage_source_ladder_v2_source_only_v1/kn2nh/alpha_0.75/asthma_history/seed_52/metrics.json,Existing scientific record; see category index
robustness/interaction,experiments/crta_v3_stage_source_ladder_v2_source_only_v1/kn2nh/alpha_0.75/asthma_history/seed_53/metrics.json,Existing scientific record; see category index
robustness/interaction,experiments/crta_v3_stage_source_ladder_v2_source_only_v1/kn2nh/alpha_0.75/asthma_history/seed_54/metrics.json,Existing scientific record; see category index
robustness/interaction,experiments/crta_v3_stage_source_ladder_v2_source_only_v1/kn2nh/alpha_0.75/asthma_history/seed_55/metrics.json,Existing scientific record; see category index
robustness/interaction,experiments/crta_v3_stage_source_ladder_v2_source_only_v1/kn2nh/alpha_0.75/asthma_history/seed_56/metrics.json,Existing scientific record; see category index
robustness/interaction,experiments/crta_v3_stage_source_ladder_v2_source_only_v1/kn2nh/alpha_0.75/asthma_history/seed_57/metrics.json,Existing scientific record; see category index
robustness/interaction,experiments/crta_v3_stage_source_ladder_v2_source_only_v1/kn2nh/alpha_0.75/asthma_history/seed_58/metrics.json,Existing scientific record; see category index
robustness/interaction,experiments/crta_v3_stage_source_ladder_v2_source_only_v1/kn2nh/alpha_0.75/asthma_history/seed_59/metrics.json,Existing scientific record; see category index
robustness/interaction,experiments/crta_v3_stage_source_ladder_v2_source_only_v1/kn2nh/alpha_0.75/cancer_history/seed_50/metrics.json,Existing scientific record; see category index
robustness/interaction,experiments/crta_v3_stage_source_ladder_v2_source_only_v1/kn2nh/alpha_0.75/cancer_history/seed_51/metrics.json,Existing scientific record; see category index
robustness/interaction,experiments/crta_v3_stage_source_ladder_v2_source_only_v1/kn2nh/alpha_0.75/cancer_history/seed_52/metrics.json,Existing scientific record; see category index
robustness/interaction,experiments/crta_v3_stage_source_ladder_v2_source_only_v1/kn2nh/alpha_0.75/cancer_history/seed_53/metrics.json,Existing scientific record; see category index
robustness/interaction,experiments/crta_v3_stage_source_ladder_v2_source_only_v1/kn2nh/alpha_0.75/cancer_history/seed_54/metrics.json,Existing scientific record; see category index
robustness/interaction,experiments/crta_v3_stage_source_ladder_v2_source_only_v1/kn2nh/alpha_0.75/cancer_history/seed_55/metrics.json,Existing scientific record; see category index
robustness/interaction,experiments/crta_v3_stage_source_ladder_v2_source_only_v1/kn2nh/alpha_0.75/cancer_history/seed_56/metrics.json,Existing scientific record; see category index
robustness/interaction,experiments/crta_v3_stage_source_ladder_v2_source_only_v1/kn2nh/alpha_0.75/cancer_history/seed_57/metrics.json,Existing scientific record; see category index
robustness/interaction,experiments/crta_v3_stage_source_ladder_v2_source_only_v1/kn2nh/alpha_0.75/cancer_history/seed_58/metrics.json,Existing scientific record; see category index
robustness/interaction,experiments/crta_v3_stage_source_ladder_v2_source_only_v1/kn2nh/alpha_0.75/cancer_history/seed_59/metrics.json,Existing scientific record; see category index
robustness/interaction,experiments/crta_v3_stage_source_ladder_v2_source_only_v1/kn2nh/alpha_0.75/current_smoking_status/seed_50/metrics.json,Existing scientific record; see category index
robustness/interaction,experiments/crta_v3_stage_source_ladder_v2_source_only_v1/kn2nh/alpha_0.75/current_smoking_status/seed_51/metrics.json,Existing scientific record; see category index
robustness/interaction,experiments/crta_v3_stage_source_ladder_v2_source_only_v1/kn2nh/alpha_0.75/current_smoking_status/seed_52/metrics.json,Existing scientific record; see category index
robustness/interaction,experiments/crta_v3_stage_source_ladder_v2_source_only_v1/kn2nh/alpha_0.75/current_smoking_status/seed_53/metrics.json,Existing scientific record; see category index
robustness/interaction,experiments/crta_v3_stage_source_ladder_v2_source_only_v1/kn2nh/alpha_0.75/current_smoking_status/seed_54/metrics.json,Existing scientific record; see category index
robustness/interaction,experiments/crta_v3_stage_source_ladder_v2_source_only_v1/kn2nh/alpha_0.75/current_smoking_status/seed_55/metrics.json,Existing scientific record; see category index
robustness/interaction,experiments/crta_v3_stage_source_ladder_v2_source_only_v1/kn2nh/alpha_0.75/current_smoking_status/seed_56/metrics.json,Existing scientific record; see category index
robustness/interaction,experiments/crta_v3_stage_source_ladder_v2_source_only_v1/kn2nh/alpha_0.75/current_smoking_status/seed_57/metrics.json,Existing scientific record; see category index
robustness/interaction,experiments/crta_v3_stage_source_ladder_v2_source_only_v1/kn2nh/alpha_0.75/current_smoking_status/seed_58/metrics.json,Existing scientific record; see category index
robustness/interaction,experiments/crta_v3_stage_source_ladder_v2_source_only_v1/kn2nh/alpha_0.75/current_smoking_status/seed_59/metrics.json,Existing scientific record; see category index
robustness/interaction,experiments/crta_v3_stage_source_ladder_v2_source_only_v1/kn2nh/alpha_0.75/diabetes_history/seed_50/metrics.json,Existing scientific record; see category index
robustness/interaction,experiments/crta_v3_stage_source_ladder_v2_source_only_v1/kn2nh/alpha_0.75/diabetes_history/seed_51/metrics.json,Existing scientific record; see category index
robustness/interaction,experiments/crta_v3_stage_source_ladder_v2_source_only_v1/kn2nh/alpha_0.75/diabetes_history/seed_52/metrics.json,Existing scientific record; see category index
robustness/interaction,experiments/crta_v3_stage_source_ladder_v2_source_only_v1/kn2nh/alpha_0.75/diabetes_history/seed_53/metrics.json,Existing scientific record; see category index
robustness/interaction,experiments/crta_v3_stage_source_ladder_v2_source_only_v1/kn2nh/alpha_0.75/diabetes_history/seed_54/metrics.json,Existing scientific record; see category index
robustness/interaction,experiments/crta_v3_stage_source_ladder_v2_source_only_v1/kn2nh/alpha_0.75/diabetes_history/seed_55/metrics.json,Existing scientific record; see category index
robustness/interaction,experiments/crta_v3_stage_source_ladder_v2_source_only_v1/kn2nh/alpha_0.75/diabetes_history/seed_56/metrics.json,Existing scientific record; see category index
robustness/interaction,experiments/crta_v3_stage_source_ladder_v2_source_only_v1/kn2nh/alpha_0.75/diabetes_history/seed_57/metrics.json,Existing scientific record; see category index
robustness/interaction,experiments/crta_v3_stage_source_ladder_v2_source_only_v1/kn2nh/alpha_0.75/diabetes_history/seed_58/metrics.json,Existing scientific record; see category index
robustness/interaction,experiments/crta_v3_stage_source_ladder_v2_source_only_v1/kn2nh/alpha_0.75/diabetes_history/seed_59/metrics.json,Existing scientific record; see category index
robustness/interaction,experiments/crta_v3_stage_source_ladder_v2_source_only_v1/kn2nh/alpha_0.75/heart_attack_history/seed_50/metrics.json,Existing scientific record; see category index
robustness/interaction,experiments/crta_v3_stage_source_ladder_v2_source_only_v1/kn2nh/alpha_0.75/heart_attack_history/seed_51/metrics.json,Existing scientific record; see category index
robustness/interaction,experiments/crta_v3_stage_source_ladder_v2_source_only_v1/kn2nh/alpha_0.75/heart_attack_history/seed_52/metrics.json,Existing scientific record; see category index
robustness/interaction,experiments/crta_v3_stage_source_ladder_v2_source_only_v1/kn2nh/alpha_0.75/heart_attack_history/seed_53/metrics.json,Existing scientific record; see category index
robustness/interaction,experiments/crta_v3_stage_source_ladder_v2_source_only_v1/kn2nh/alpha_0.75/heart_attack_history/seed_54/metrics.json,Existing scientific record; see category index
robustness/interaction,experiments/crta_v3_stage_source_ladder_v2_source_only_v1/kn2nh/alpha_0.75/heart_attack_history/seed_55/metrics.json,Existing scientific record; see category index
robustness/interaction,experiments/crta_v3_stage_source_ladder_v2_source_only_v1/kn2nh/alpha_0.75/heart_attack_history/seed_56/metrics.json,Existing scientific record; see category index
robustness/interaction,experiments/crta_v3_stage_source_ladder_v2_source_only_v1/kn2nh/alpha_0.75/heart_attack_history/seed_57/metrics.json,Existing scientific record; see category index
robustness/interaction,experiments/crta_v3_stage_source_ladder_v2_source_only_v1/kn2nh/alpha_0.75/heart_attack_history/seed_58/metrics.json,Existing scientific record; see category index
robustness/interaction,experiments/crta_v3_stage_source_ladder_v2_source_only_v1/kn2nh/alpha_0.75/heart_attack_history/seed_59/metrics.json,Existing scientific record; see category index
robustness/interaction,experiments/crta_v3_stage_source_ladder_v2_source_only_v1/kn2nh/alpha_0.75/hypertension_history/seed_50/metrics.json,Existing scientific record; see category index
robustness/interaction,experiments/crta_v3_stage_source_ladder_v2_source_only_v1/kn2nh/alpha_0.75/hypertension_history/seed_51/metrics.json,Existing scientific record; see category index
robustness/interaction,experiments/crta_v3_stage_source_ladder_v2_source_only_v1/kn2nh/alpha_0.75/hypertension_history/seed_52/metrics.json,Existing scientific record; see category index
robustness/interaction,experiments/crta_v3_stage_source_ladder_v2_source_only_v1/kn2nh/alpha_0.75/hypertension_history/seed_53/metrics.json,Existing scientific record; see category index
robustness/interaction,experiments/crta_v3_stage_source_ladder_v2_source_only_v1/kn2nh/alpha_0.75/hypertension_history/seed_54/metrics.json,Existing scientific record; see category index
robustness/interaction,experiments/crta_v3_stage_source_ladder_v2_source_only_v1/kn2nh/alpha_0.75/hypertension_history/seed_55/metrics.json,Existing scientific record; see category index
robustness/interaction,experiments/crta_v3_stage_source_ladder_v2_source_only_v1/kn2nh/alpha_0.75/hypertension_history/seed_56/metrics.json,Existing scientific record; see category index
robustness/interaction,experiments/crta_v3_stage_source_ladder_v2_source_only_v1/kn2nh/alpha_0.75/hypertension_history/seed_57/metrics.json,Existing scientific record; see category index
robustness/interaction,experiments/crta_v3_stage_source_ladder_v2_source_only_v1/kn2nh/alpha_0.75/hypertension_history/seed_58/metrics.json,Existing scientific record; see category index
robustness/interaction,experiments/crta_v3_stage_source_ladder_v2_source_only_v1/kn2nh/alpha_0.75/hypertension_history/seed_59/metrics.json,Existing scientific record; see category index
robustness/interaction,experiments/crta_v3_stage_source_ladder_v2_source_only_v1/kn2nh/alpha_0.75/kidney_disease_history/seed_50/metrics.json,Existing scientific record; see category index
robustness/interaction,experiments/crta_v3_stage_source_ladder_v2_source_only_v1/kn2nh/alpha_0.75/kidney_disease_history/seed_51/metrics.json,Existing scientific record; see category index
robustness/interaction,experiments/crta_v3_stage_source_ladder_v2_source_only_v1/kn2nh/alpha_0.75/kidney_disease_history/seed_52/metrics.json,Existing scientific record; see category index
robustness/interaction,experiments/crta_v3_stage_source_ladder_v2_source_only_v1/kn2nh/alpha_0.75/kidney_disease_history/seed_53/metrics.json,Existing scientific record; see category index
robustness/interaction,experiments/crta_v3_stage_source_ladder_v2_source_only_v1/kn2nh/alpha_0.75/kidney_disease_history/seed_54/metrics.json,Existing scientific record; see category index
robustness/interaction,experiments/crta_v3_stage_source_ladder_v2_source_only_v1/kn2nh/alpha_0.75/kidney_disease_history/seed_55/metrics.json,Existing scientific record; see category index
robustness/interaction,experiments/crta_v3_stage_source_ladder_v2_source_only_v1/kn2nh/alpha_0.75/kidney_disease_history/seed_56/metrics.json,Existing scientific record; see category index
robustness/interaction,experiments/crta_v3_stage_source_ladder_v2_source_only_v1/kn2nh/alpha_0.75/kidney_disease_history/seed_57/metrics.json,Existing scientific record; see category index
robustness/interaction,experiments/crta_v3_stage_source_ladder_v2_source_only_v1/kn2nh/alpha_0.75/kidney_disease_history/seed_58/metrics.json,Existing scientific record; see category index
robustness/interaction,experiments/crta_v3_stage_source_ladder_v2_source_only_v1/kn2nh/alpha_0.75/kidney_disease_history/seed_59/metrics.json,Existing scientific record; see category index
robustness/interaction,experiments/crta_v3_stage_source_ladder_v2_source_only_v1/kn2nh/alpha_0.75/stroke_history/seed_50/metrics.json,Existing scientific record; see category index
robustness/interaction,experiments/crta_v3_stage_source_ladder_v2_source_only_v1/kn2nh/alpha_0.75/stroke_history/seed_51/metrics.json,Existing scientific record; see category index
robustness/interaction,experiments/crta_v3_stage_source_ladder_v2_source_only_v1/kn2nh/alpha_0.75/stroke_history/seed_52/metrics.json,Existing scientific record; see category index
robustness/interaction,experiments/crta_v3_stage_source_ladder_v2_source_only_v1/kn2nh/alpha_0.75/stroke_history/seed_53/metrics.json,Existing scientific record; see category index
robustness/interaction,experiments/crta_v3_stage_source_ladder_v2_source_only_v1/kn2nh/alpha_0.75/stroke_history/seed_54/metrics.json,Existing scientific record; see category index
robustness/interaction,experiments/crta_v3_stage_source_ladder_v2_source_only_v1/kn2nh/alpha_0.75/stroke_history/seed_55/metrics.json,Existing scientific record; see category index
robustness/interaction,experiments/crta_v3_stage_source_ladder_v2_source_only_v1/kn2nh/alpha_0.75/stroke_history/seed_56/metrics.json,Existing scientific record; see category index
robustness/interaction,experiments/crta_v3_stage_source_ladder_v2_source_only_v1/kn2nh/alpha_0.75/stroke_history/seed_57/metrics.json,Existing scientific record; see category index
robustness/interaction,experiments/crta_v3_stage_source_ladder_v2_source_only_v1/kn2nh/alpha_0.75/stroke_history/seed_58/metrics.json,Existing scientific record; see category index
robustness/interaction,experiments/crta_v3_stage_source_ladder_v2_source_only_v1/kn2nh/alpha_0.75/stroke_history/seed_59/metrics.json,Existing scientific record; see category index
robustness/interaction,experiments/crta_v3_stage_source_ladder_v2_source_only_v1/kn2nh/alpha_1.00/PERMUTATION_AUDIT_V1.json,Existing scientific record; see category index
robustness/interaction,experiments/crta_v3_stage_source_ladder_v2_source_only_v1/kn2nh/alpha_1.00/angina_history/seed_50/metrics.json,Existing scientific record; see category index
robustness/interaction,experiments/crta_v3_stage_source_ladder_v2_source_only_v1/kn2nh/alpha_1.00/angina_history/seed_51/metrics.json,Existing scientific record; see category index
robustness/interaction,experiments/crta_v3_stage_source_ladder_v2_source_only_v1/kn2nh/alpha_1.00/angina_history/seed_52/metrics.json,Existing scientific record; see category index
robustness/interaction,experiments/crta_v3_stage_source_ladder_v2_source_only_v1/kn2nh/alpha_1.00/angina_history/seed_53/metrics.json,Existing scientific record; see category index
robustness/interaction,experiments/crta_v3_stage_source_ladder_v2_source_only_v1/kn2nh/alpha_1.00/angina_history/seed_54/metrics.json,Existing scientific record; see category index
robustness/interaction,experiments/crta_v3_stage_source_ladder_v2_source_only_v1/kn2nh/alpha_1.00/angina_history/seed_55/metrics.json,Existing scientific record; see category index
robustness/interaction,experiments/crta_v3_stage_source_ladder_v2_source_only_v1/kn2nh/alpha_1.00/angina_history/seed_56/metrics.json,Existing scientific record; see category index
robustness/interaction,experiments/crta_v3_stage_source_ladder_v2_source_only_v1/kn2nh/alpha_1.00/angina_history/seed_57/metrics.json,Existing scientific record; see category index
robustness/interaction,experiments/crta_v3_stage_source_ladder_v2_source_only_v1/kn2nh/alpha_1.00/angina_history/seed_58/metrics.json,Existing scientific record; see category index
robustness/interaction,experiments/crta_v3_stage_source_ladder_v2_source_only_v1/kn2nh/alpha_1.00/angina_history/seed_59/metrics.json,Existing scientific record; see category index
robustness/interaction,experiments/crta_v3_stage_source_ladder_v2_source_only_v1/kn2nh/alpha_1.00/arthritis_history/seed_50/metrics.json,Existing scientific record; see category index
robustness/interaction,experiments/crta_v3_stage_source_ladder_v2_source_only_v1/kn2nh/alpha_1.00/arthritis_history/seed_51/metrics.json,Existing scientific record; see category index
robustness/interaction,experiments/crta_v3_stage_source_ladder_v2_source_only_v1/kn2nh/alpha_1.00/arthritis_history/seed_52/metrics.json,Existing scientific record; see category index
robustness/interaction,experiments/crta_v3_stage_source_ladder_v2_source_only_v1/kn2nh/alpha_1.00/arthritis_history/seed_53/metrics.json,Existing scientific record; see category index
robustness/interaction,experiments/crta_v3_stage_source_ladder_v2_source_only_v1/kn2nh/alpha_1.00/arthritis_history/seed_54/metrics.json,Existing scientific record; see category index
robustness/interaction,experiments/crta_v3_stage_source_ladder_v2_source_only_v1/kn2nh/alpha_1.00/arthritis_history/seed_55/metrics.json,Existing scientific record; see category index
robustness/interaction,experiments/crta_v3_stage_source_ladder_v2_source_only_v1/kn2nh/alpha_1.00/arthritis_history/seed_56/metrics.json,Existing scientific record; see category index
robustness/interaction,experiments/crta_v3_stage_source_ladder_v2_source_only_v1/kn2nh/alpha_1.00/arthritis_history/seed_57/metrics.json,Existing scientific record; see category index
robustness/interaction,experiments/crta_v3_stage_source_ladder_v2_source_only_v1/kn2nh/alpha_1.00/arthritis_history/seed_58/metrics.json,Existing scientific record; see category index
robustness/interaction,experiments/crta_v3_stage_source_ladder_v2_source_only_v1/kn2nh/alpha_1.00/arthritis_history/seed_59/metrics.json,Existing scientific record; see category index
robustness/interaction,experiments/crta_v3_stage_source_ladder_v2_source_only_v1/kn2nh/alpha_1.00/asthma_history/seed_50/metrics.json,Existing scientific record; see category index
robustness/interaction,experiments/crta_v3_stage_source_ladder_v2_source_only_v1/kn2nh/alpha_1.00/asthma_history/seed_51/metrics.json,Existing scientific record; see category index
robustness/interaction,experiments/crta_v3_stage_source_ladder_v2_source_only_v1/kn2nh/alpha_1.00/asthma_history/seed_52/metrics.json,Existing scientific record; see category index
robustness/interaction,experiments/crta_v3_stage_source_ladder_v2_source_only_v1/kn2nh/alpha_1.00/asthma_history/seed_53/metrics.json,Existing scientific record; see category index
robustness/interaction,experiments/crta_v3_stage_source_ladder_v2_source_only_v1/kn2nh/alpha_1.00/asthma_history/seed_54/metrics.json,Existing scientific record; see category index
robustness/interaction,experiments/crta_v3_stage_source_ladder_v2_source_only_v1/kn2nh/alpha_1.00/asthma_history/seed_55/metrics.json,Existing scientific record; see category index
robustness/interaction,experiments/crta_v3_stage_source_ladder_v2_source_only_v1/kn2nh/alpha_1.00/asthma_history/seed_56/metrics.json,Existing scientific record; see category index
robustness/interaction,experiments/crta_v3_stage_source_ladder_v2_source_only_v1/kn2nh/alpha_1.00/asthma_history/seed_57/metrics.json,Existing scientific record; see category index
robustness/interaction,experiments/crta_v3_stage_source_ladder_v2_source_only_v1/kn2nh/alpha_1.00/asthma_history/seed_58/metrics.json,Existing scientific record; see category index
robustness/interaction,experiments/crta_v3_stage_source_ladder_v2_source_only_v1/kn2nh/alpha_1.00/asthma_history/seed_59/metrics.json,Existing scientific record; see category index
robustness/interaction,experiments/crta_v3_stage_source_ladder_v2_source_only_v1/kn2nh/alpha_1.00/cancer_history/seed_50/metrics.json,Existing scientific record; see category index
robustness/interaction,experiments/crta_v3_stage_source_ladder_v2_source_only_v1/kn2nh/alpha_1.00/cancer_history/seed_51/metrics.json,Existing scientific record; see category index
robustness/interaction,experiments/crta_v3_stage_source_ladder_v2_source_only_v1/kn2nh/alpha_1.00/cancer_history/seed_52/metrics.json,Existing scientific record; see category index
robustness/interaction,experiments/crta_v3_stage_source_ladder_v2_source_only_v1/kn2nh/alpha_1.00/cancer_history/seed_53/metrics.json,Existing scientific record; see category index
robustness/interaction,experiments/crta_v3_stage_source_ladder_v2_source_only_v1/kn2nh/alpha_1.00/cancer_history/seed_54/metrics.json,Existing scientific record; see category index
robustness/interaction,experiments/crta_v3_stage_source_ladder_v2_source_only_v1/kn2nh/alpha_1.00/cancer_history/seed_55/metrics.json,Existing scientific record; see category index
robustness/interaction,experiments/crta_v3_stage_source_ladder_v2_source_only_v1/kn2nh/alpha_1.00/cancer_history/seed_56/metrics.json,Existing scientific record; see category index
robustness/interaction,experiments/crta_v3_stage_source_ladder_v2_source_only_v1/kn2nh/alpha_1.00/cancer_history/seed_57/metrics.json,Existing scientific record; see category index
robustness/interaction,experiments/crta_v3_stage_source_ladder_v2_source_only_v1/kn2nh/alpha_1.00/cancer_history/seed_58/metrics.json,Existing scientific record; see category index
robustness/interaction,experiments/crta_v3_stage_source_ladder_v2_source_only_v1/kn2nh/alpha_1.00/cancer_history/seed_59/metrics.json,Existing scientific record; see category index
robustness/interaction,experiments/crta_v3_stage_source_ladder_v2_source_only_v1/kn2nh/alpha_1.00/current_smoking_status/seed_50/metrics.json,Existing scientific record; see category index
robustness/interaction,experiments/crta_v3_stage_source_ladder_v2_source_only_v1/kn2nh/alpha_1.00/current_smoking_status/seed_51/metrics.json,Existing scientific record; see category index
robustness/interaction,experiments/crta_v3_stage_source_ladder_v2_source_only_v1/kn2nh/alpha_1.00/current_smoking_status/seed_52/metrics.json,Existing scientific record; see category index
robustness/interaction,experiments/crta_v3_stage_source_ladder_v2_source_only_v1/kn2nh/alpha_1.00/current_smoking_status/seed_53/metrics.json,Existing scientific record; see category index
robustness/interaction,experiments/crta_v3_stage_source_ladder_v2_source_only_v1/kn2nh/alpha_1.00/current_smoking_status/seed_54/metrics.json,Existing scientific record; see category index
robustness/interaction,experiments/crta_v3_stage_source_ladder_v2_source_only_v1/kn2nh/alpha_1.00/current_smoking_status/seed_55/metrics.json,Existing scientific record; see category index
robustness/interaction,experiments/crta_v3_stage_source_ladder_v2_source_only_v1/kn2nh/alpha_1.00/current_smoking_status/seed_56/metrics.json,Existing scientific record; see category index
robustness/interaction,experiments/crta_v3_stage_source_ladder_v2_source_only_v1/kn2nh/alpha_1.00/current_smoking_status/seed_57/metrics.json,Existing scientific record; see category index
robustness/interaction,experiments/crta_v3_stage_source_ladder_v2_source_only_v1/kn2nh/alpha_1.00/current_smoking_status/seed_58/metrics.json,Existing scientific record; see category index
robustness/interaction,experiments/crta_v3_stage_source_ladder_v2_source_only_v1/kn2nh/alpha_1.00/current_smoking_status/seed_59/metrics.json,Existing scientific record; see category index
robustness/interaction,experiments/crta_v3_stage_source_ladder_v2_source_only_v1/kn2nh/alpha_1.00/diabetes_history/seed_50/metrics.json,Existing scientific record; see category index
robustness/interaction,experiments/crta_v3_stage_source_ladder_v2_source_only_v1/kn2nh/alpha_1.00/diabetes_history/seed_51/metrics.json,Existing scientific record; see category index
robustness/interaction,experiments/crta_v3_stage_source_ladder_v2_source_only_v1/kn2nh/alpha_1.00/diabetes_history/seed_52/metrics.json,Existing scientific record; see category index
robustness/interaction,experiments/crta_v3_stage_source_ladder_v2_source_only_v1/kn2nh/alpha_1.00/diabetes_history/seed_53/metrics.json,Existing scientific record; see category index
robustness/interaction,experiments/crta_v3_stage_source_ladder_v2_source_only_v1/kn2nh/alpha_1.00/diabetes_history/seed_54/metrics.json,Existing scientific record; see category index
robustness/interaction,experiments/crta_v3_stage_source_ladder_v2_source_only_v1/kn2nh/alpha_1.00/diabetes_history/seed_55/metrics.json,Existing scientific record; see category index
robustness/interaction,experiments/crta_v3_stage_source_ladder_v2_source_only_v1/kn2nh/alpha_1.00/diabetes_history/seed_56/metrics.json,Existing scientific record; see category index
robustness/interaction,experiments/crta_v3_stage_source_ladder_v2_source_only_v1/kn2nh/alpha_1.00/diabetes_history/seed_57/metrics.json,Existing scientific record; see category index
robustness/interaction,experiments/crta_v3_stage_source_ladder_v2_source_only_v1/kn2nh/alpha_1.00/diabetes_history/seed_58/metrics.json,Existing scientific record; see category index
robustness/interaction,experiments/crta_v3_stage_source_ladder_v2_source_only_v1/kn2nh/alpha_1.00/diabetes_history/seed_59/metrics.json,Existing scientific record; see category index
robustness/interaction,experiments/crta_v3_stage_source_ladder_v2_source_only_v1/kn2nh/alpha_1.00/heart_attack_history/seed_50/metrics.json,Existing scientific record; see category index
robustness/interaction,experiments/crta_v3_stage_source_ladder_v2_source_only_v1/kn2nh/alpha_1.00/heart_attack_history/seed_51/metrics.json,Existing scientific record; see category index
robustness/interaction,experiments/crta_v3_stage_source_ladder_v2_source_only_v1/kn2nh/alpha_1.00/heart_attack_history/seed_52/metrics.json,Existing scientific record; see category index
robustness/interaction,experiments/crta_v3_stage_source_ladder_v2_source_only_v1/kn2nh/alpha_1.00/heart_attack_history/seed_53/metrics.json,Existing scientific record; see category index
robustness/interaction,experiments/crta_v3_stage_source_ladder_v2_source_only_v1/kn2nh/alpha_1.00/heart_attack_history/seed_54/metrics.json,Existing scientific record; see category index
robustness/interaction,experiments/crta_v3_stage_source_ladder_v2_source_only_v1/kn2nh/alpha_1.00/heart_attack_history/seed_55/metrics.json,Existing scientific record; see category index
robustness/interaction,experiments/crta_v3_stage_source_ladder_v2_source_only_v1/kn2nh/alpha_1.00/heart_attack_history/seed_56/metrics.json,Existing scientific record; see category index
robustness/interaction,experiments/crta_v3_stage_source_ladder_v2_source_only_v1/kn2nh/alpha_1.00/heart_attack_history/seed_57/metrics.json,Existing scientific record; see category index
robustness/interaction,experiments/crta_v3_stage_source_ladder_v2_source_only_v1/kn2nh/alpha_1.00/heart_attack_history/seed_58/metrics.json,Existing scientific record; see category index
robustness/interaction,experiments/crta_v3_stage_source_ladder_v2_source_only_v1/kn2nh/alpha_1.00/heart_attack_history/seed_59/metrics.json,Existing scientific record; see category index
robustness/interaction,experiments/crta_v3_stage_source_ladder_v2_source_only_v1/kn2nh/alpha_1.00/hypertension_history/seed_50/metrics.json,Existing scientific record; see category index
robustness/interaction,experiments/crta_v3_stage_source_ladder_v2_source_only_v1/kn2nh/alpha_1.00/hypertension_history/seed_51/metrics.json,Existing scientific record; see category index
robustness/interaction,experiments/crta_v3_stage_source_ladder_v2_source_only_v1/kn2nh/alpha_1.00/hypertension_history/seed_52/metrics.json,Existing scientific record; see category index
robustness/interaction,experiments/crta_v3_stage_source_ladder_v2_source_only_v1/kn2nh/alpha_1.00/hypertension_history/seed_53/metrics.json,Existing scientific record; see category index
robustness/interaction,experiments/crta_v3_stage_source_ladder_v2_source_only_v1/kn2nh/alpha_1.00/hypertension_history/seed_54/metrics.json,Existing scientific record; see category index
robustness/interaction,experiments/crta_v3_stage_source_ladder_v2_source_only_v1/kn2nh/alpha_1.00/hypertension_history/seed_55/metrics.json,Existing scientific record; see category index
robustness/interaction,experiments/crta_v3_stage_source_ladder_v2_source_only_v1/kn2nh/alpha_1.00/hypertension_history/seed_56/metrics.json,Existing scientific record; see category index
robustness/interaction,experiments/crta_v3_stage_source_ladder_v2_source_only_v1/kn2nh/alpha_1.00/hypertension_history/seed_57/metrics.json,Existing scientific record; see category index
robustness/interaction,experiments/crta_v3_stage_source_ladder_v2_source_only_v1/kn2nh/alpha_1.00/hypertension_history/seed_58/metrics.json,Existing scientific record; see category index
robustness/interaction,experiments/crta_v3_stage_source_ladder_v2_source_only_v1/kn2nh/alpha_1.00/hypertension_history/seed_59/metrics.json,Existing scientific record; see category index
robustness/interaction,experiments/crta_v3_stage_source_ladder_v2_source_only_v1/kn2nh/alpha_1.00/kidney_disease_history/seed_50/metrics.json,Existing scientific record; see category index
robustness/interaction,experiments/crta_v3_stage_source_ladder_v2_source_only_v1/kn2nh/alpha_1.00/kidney_disease_history/seed_51/metrics.json,Existing scientific record; see category index
robustness/interaction,experiments/crta_v3_stage_source_ladder_v2_source_only_v1/kn2nh/alpha_1.00/kidney_disease_history/seed_52/metrics.json,Existing scientific record; see category index
robustness/interaction,experiments/crta_v3_stage_source_ladder_v2_source_only_v1/kn2nh/alpha_1.00/kidney_disease_history/seed_53/metrics.json,Existing scientific record; see category index
robustness/interaction,experiments/crta_v3_stage_source_ladder_v2_source_only_v1/kn2nh/alpha_1.00/kidney_disease_history/seed_54/metrics.json,Existing scientific record; see category index
robustness/interaction,experiments/crta_v3_stage_source_ladder_v2_source_only_v1/kn2nh/alpha_1.00/kidney_disease_history/seed_55/metrics.json,Existing scientific record; see category index
robustness/interaction,experiments/crta_v3_stage_source_ladder_v2_source_only_v1/kn2nh/alpha_1.00/kidney_disease_history/seed_56/metrics.json,Existing scientific record; see category index
robustness/interaction,experiments/crta_v3_stage_source_ladder_v2_source_only_v1/kn2nh/alpha_1.00/kidney_disease_history/seed_57/metrics.json,Existing scientific record; see category index
robustness/interaction,experiments/crta_v3_stage_source_ladder_v2_source_only_v1/kn2nh/alpha_1.00/kidney_disease_history/seed_58/metrics.json,Existing scientific record; see category index
robustness/interaction,experiments/crta_v3_stage_source_ladder_v2_source_only_v1/kn2nh/alpha_1.00/kidney_disease_history/seed_59/metrics.json,Existing scientific record; see category index
robustness/interaction,experiments/crta_v3_stage_source_ladder_v2_source_only_v1/kn2nh/alpha_1.00/stroke_history/seed_50/metrics.json,Existing scientific record; see category index
robustness/interaction,experiments/crta_v3_stage_source_ladder_v2_source_only_v1/kn2nh/alpha_1.00/stroke_history/seed_51/metrics.json,Existing scientific record; see category index
robustness/interaction,experiments/crta_v3_stage_source_ladder_v2_source_only_v1/kn2nh/alpha_1.00/stroke_history/seed_52/metrics.json,Existing scientific record; see category index
robustness/interaction,experiments/crta_v3_stage_source_ladder_v2_source_only_v1/kn2nh/alpha_1.00/stroke_history/seed_53/metrics.json,Existing scientific record; see category index
robustness/interaction,experiments/crta_v3_stage_source_ladder_v2_source_only_v1/kn2nh/alpha_1.00/stroke_history/seed_54/metrics.json,Existing scientific record; see category index
robustness/interaction,experiments/crta_v3_stage_source_ladder_v2_source_only_v1/kn2nh/alpha_1.00/stroke_history/seed_55/metrics.json,Existing scientific record; see category index
robustness/interaction,experiments/crta_v3_stage_source_ladder_v2_source_only_v1/kn2nh/alpha_1.00/stroke_history/seed_56/metrics.json,Existing scientific record; see category index
robustness/interaction,experiments/crta_v3_stage_source_ladder_v2_source_only_v1/kn2nh/alpha_1.00/stroke_history/seed_57/metrics.json,Existing scientific record; see category index
robustness/interaction,experiments/crta_v3_stage_source_ladder_v2_source_only_v1/kn2nh/alpha_1.00/stroke_history/seed_58/metrics.json,Existing scientific record; see category index
robustness/interaction,experiments/crta_v3_stage_source_ladder_v2_source_only_v1/kn2nh/alpha_1.00/stroke_history/seed_59/metrics.json,Existing scientific record; see category index
robustness/interaction,experiments/crta_v3_stage_source_ladder_v2_source_only_v1/nh2kn/alpha_0.00/PERMUTATION_AUDIT_V1.json,Existing scientific record; see category index
robustness/interaction,experiments/crta_v3_stage_source_ladder_v2_source_only_v1/nh2kn/alpha_0.00/angina_history/seed_50/metrics.json,Existing scientific record; see category index
robustness/interaction,experiments/crta_v3_stage_source_ladder_v2_source_only_v1/nh2kn/alpha_0.00/angina_history/seed_51/metrics.json,Existing scientific record; see category index
robustness/interaction,experiments/crta_v3_stage_source_ladder_v2_source_only_v1/nh2kn/alpha_0.00/angina_history/seed_52/metrics.json,Existing scientific record; see category index
robustness/interaction,experiments/crta_v3_stage_source_ladder_v2_source_only_v1/nh2kn/alpha_0.00/angina_history/seed_53/metrics.json,Existing scientific record; see category index
robustness/interaction,experiments/crta_v3_stage_source_ladder_v2_source_only_v1/nh2kn/alpha_0.00/angina_history/seed_54/metrics.json,Existing scientific record; see category index
robustness/interaction,experiments/crta_v3_stage_source_ladder_v2_source_only_v1/nh2kn/alpha_0.00/angina_history/seed_55/metrics.json,Existing scientific record; see category index
robustness/interaction,experiments/crta_v3_stage_source_ladder_v2_source_only_v1/nh2kn/alpha_0.00/angina_history/seed_56/metrics.json,Existing scientific record; see category index
robustness/interaction,experiments/crta_v3_stage_source_ladder_v2_source_only_v1/nh2kn/alpha_0.00/angina_history/seed_57/metrics.json,Existing scientific record; see category index
robustness/interaction,experiments/crta_v3_stage_source_ladder_v2_source_only_v1/nh2kn/alpha_0.00/angina_history/seed_58/metrics.json,Existing scientific record; see category index
robustness/interaction,experiments/crta_v3_stage_source_ladder_v2_source_only_v1/nh2kn/alpha_0.00/angina_history/seed_59/metrics.json,Existing scientific record; see category index
robustness/interaction,experiments/crta_v3_stage_source_ladder_v2_source_only_v1/nh2kn/alpha_0.00/arthritis_history/seed_50/metrics.json,Existing scientific record; see category index
robustness/interaction,experiments/crta_v3_stage_source_ladder_v2_source_only_v1/nh2kn/alpha_0.00/arthritis_history/seed_51/metrics.json,Existing scientific record; see category index
robustness/interaction,experiments/crta_v3_stage_source_ladder_v2_source_only_v1/nh2kn/alpha_0.00/arthritis_history/seed_52/metrics.json,Existing scientific record; see category index
robustness/interaction,experiments/crta_v3_stage_source_ladder_v2_source_only_v1/nh2kn/alpha_0.00/arthritis_history/seed_53/metrics.json,Existing scientific record; see category index
robustness/interaction,experiments/crta_v3_stage_source_ladder_v2_source_only_v1/nh2kn/alpha_0.00/arthritis_history/seed_54/metrics.json,Existing scientific record; see category index
robustness/interaction,experiments/crta_v3_stage_source_ladder_v2_source_only_v1/nh2kn/alpha_0.00/arthritis_history/seed_55/metrics.json,Existing scientific record; see category index
robustness/interaction,experiments/crta_v3_stage_source_ladder_v2_source_only_v1/nh2kn/alpha_0.00/arthritis_history/seed_56/metrics.json,Existing scientific record; see category index
robustness/interaction,experiments/crta_v3_stage_source_ladder_v2_source_only_v1/nh2kn/alpha_0.00/arthritis_history/seed_57/metrics.json,Existing scientific record; see category index
robustness/interaction,experiments/crta_v3_stage_source_ladder_v2_source_only_v1/nh2kn/alpha_0.00/arthritis_history/seed_58/metrics.json,Existing scientific record; see category index
robustness/interaction,experiments/crta_v3_stage_source_ladder_v2_source_only_v1/nh2kn/alpha_0.00/arthritis_history/seed_59/metrics.json,Existing scientific record; see category index
robustness/interaction,experiments/crta_v3_stage_source_ladder_v2_source_only_v1/nh2kn/alpha_0.00/asthma_history/seed_50/metrics.json,Existing scientific record; see category index
robustness/interaction,experiments/crta_v3_stage_source_ladder_v2_source_only_v1/nh2kn/alpha_0.00/asthma_history/seed_51/metrics.json,Existing scientific record; see category index
robustness/interaction,experiments/crta_v3_stage_source_ladder_v2_source_only_v1/nh2kn/alpha_0.00/asthma_history/seed_52/metrics.json,Existing scientific record; see category index
robustness/interaction,experiments/crta_v3_stage_source_ladder_v2_source_only_v1/nh2kn/alpha_0.00/asthma_history/seed_53/metrics.json,Existing scientific record; see category index
robustness/interaction,experiments/crta_v3_stage_source_ladder_v2_source_only_v1/nh2kn/alpha_0.00/asthma_history/seed_54/metrics.json,Existing scientific record; see category index
robustness/interaction,experiments/crta_v3_stage_source_ladder_v2_source_only_v1/nh2kn/alpha_0.00/asthma_history/seed_55/metrics.json,Existing scientific record; see category index
robustness/interaction,experiments/crta_v3_stage_source_ladder_v2_source_only_v1/nh2kn/alpha_0.00/asthma_history/seed_56/metrics.json,Existing scientific record; see category index
robustness/interaction,experiments/crta_v3_stage_source_ladder_v2_source_only_v1/nh2kn/alpha_0.00/asthma_history/seed_57/metrics.json,Existing scientific record; see category index
robustness/interaction,experiments/crta_v3_stage_source_ladder_v2_source_only_v1/nh2kn/alpha_0.00/asthma_history/seed_58/metrics.json,Existing scientific record; see category index
robustness/interaction,experiments/crta_v3_stage_source_ladder_v2_source_only_v1/nh2kn/alpha_0.00/asthma_history/seed_59/metrics.json,Existing scientific record; see category index
robustness/interaction,experiments/crta_v3_stage_source_ladder_v2_source_only_v1/nh2kn/alpha_0.00/cancer_history/seed_50/metrics.json,Existing scientific record; see category index
robustness/interaction,experiments/crta_v3_stage_source_ladder_v2_source_only_v1/nh2kn/alpha_0.00/cancer_history/seed_51/metrics.json,Existing scientific record; see category index
robustness/interaction,experiments/crta_v3_stage_source_ladder_v2_source_only_v1/nh2kn/alpha_0.00/cancer_history/seed_52/metrics.json,Existing scientific record; see category index
robustness/interaction,experiments/crta_v3_stage_source_ladder_v2_source_only_v1/nh2kn/alpha_0.00/cancer_history/seed_53/metrics.json,Existing scientific record; see category index
robustness/interaction,experiments/crta_v3_stage_source_ladder_v2_source_only_v1/nh2kn/alpha_0.00/cancer_history/seed_54/metrics.json,Existing scientific record; see category index
robustness/interaction,experiments/crta_v3_stage_source_ladder_v2_source_only_v1/nh2kn/alpha_0.00/cancer_history/seed_55/metrics.json,Existing scientific record; see category index
robustness/interaction,experiments/crta_v3_stage_source_ladder_v2_source_only_v1/nh2kn/alpha_0.00/cancer_history/seed_56/metrics.json,Existing scientific record; see category index
robustness/interaction,experiments/crta_v3_stage_source_ladder_v2_source_only_v1/nh2kn/alpha_0.00/cancer_history/seed_57/metrics.json,Existing scientific record; see category index
robustness/interaction,experiments/crta_v3_stage_source_ladder_v2_source_only_v1/nh2kn/alpha_0.00/cancer_history/seed_58/metrics.json,Existing scientific record; see category index
robustness/interaction,experiments/crta_v3_stage_source_ladder_v2_source_only_v1/nh2kn/alpha_0.00/cancer_history/seed_59/metrics.json,Existing scientific record; see category index
robustness/interaction,experiments/crta_v3_stage_source_ladder_v2_source_only_v1/nh2kn/alpha_0.00/current_smoking_status/seed_50/metrics.json,Existing scientific record; see category index
robustness/interaction,experiments/crta_v3_stage_source_ladder_v2_source_only_v1/nh2kn/alpha_0.00/current_smoking_status/seed_51/metrics.json,Existing scientific record; see category index
robustness/interaction,experiments/crta_v3_stage_source_ladder_v2_source_only_v1/nh2kn/alpha_0.00/current_smoking_status/seed_52/metrics.json,Existing scientific record; see category index
robustness/interaction,experiments/crta_v3_stage_source_ladder_v2_source_only_v1/nh2kn/alpha_0.00/current_smoking_status/seed_53/metrics.json,Existing scientific record; see category index
robustness/interaction,experiments/crta_v3_stage_source_ladder_v2_source_only_v1/nh2kn/alpha_0.00/current_smoking_status/seed_54/metrics.json,Existing scientific record; see category index
robustness/interaction,experiments/crta_v3_stage_source_ladder_v2_source_only_v1/nh2kn/alpha_0.00/current_smoking_status/seed_55/metrics.json,Existing scientific record; see category index
robustness/interaction,experiments/crta_v3_stage_source_ladder_v2_source_only_v1/nh2kn/alpha_0.00/current_smoking_status/seed_56/metrics.json,Existing scientific record; see category index
robustness/interaction,experiments/crta_v3_stage_source_ladder_v2_source_only_v1/nh2kn/alpha_0.00/current_smoking_status/seed_57/metrics.json,Existing scientific record; see category index
robustness/interaction,experiments/crta_v3_stage_source_ladder_v2_source_only_v1/nh2kn/alpha_0.00/current_smoking_status/seed_58/metrics.json,Existing scientific record; see category index
robustness/interaction,experiments/crta_v3_stage_source_ladder_v2_source_only_v1/nh2kn/alpha_0.00/current_smoking_status/seed_59/metrics.json,Existing scientific record; see category index
robustness/interaction,experiments/crta_v3_stage_source_ladder_v2_source_only_v1/nh2kn/alpha_0.00/diabetes_history/seed_50/metrics.json,Existing scientific record; see category index
robustness/interaction,experiments/crta_v3_stage_source_ladder_v2_source_only_v1/nh2kn/alpha_0.00/diabetes_history/seed_51/metrics.json,Existing scientific record; see category index
robustness/interaction,experiments/crta_v3_stage_source_ladder_v2_source_only_v1/nh2kn/alpha_0.00/diabetes_history/seed_52/metrics.json,Existing scientific record; see category index
robustness/interaction,experiments/crta_v3_stage_source_ladder_v2_source_only_v1/nh2kn/alpha_0.00/diabetes_history/seed_53/metrics.json,Existing scientific record; see category index
robustness/interaction,experiments/crta_v3_stage_source_ladder_v2_source_only_v1/nh2kn/alpha_0.00/diabetes_history/seed_54/metrics.json,Existing scientific record; see category index
robustness/interaction,experiments/crta_v3_stage_source_ladder_v2_source_only_v1/nh2kn/alpha_0.00/diabetes_history/seed_55/metrics.json,Existing scientific record; see category index
robustness/interaction,experiments/crta_v3_stage_source_ladder_v2_source_only_v1/nh2kn/alpha_0.00/diabetes_history/seed_56/metrics.json,Existing scientific record; see category index
robustness/interaction,experiments/crta_v3_stage_source_ladder_v2_source_only_v1/nh2kn/alpha_0.00/diabetes_history/seed_57/metrics.json,Existing scientific record; see category index
robustness/interaction,experiments/crta_v3_stage_source_ladder_v2_source_only_v1/nh2kn/alpha_0.00/diabetes_history/seed_58/metrics.json,Existing scientific record; see category index
robustness/interaction,experiments/crta_v3_stage_source_ladder_v2_source_only_v1/nh2kn/alpha_0.00/diabetes_history/seed_59/metrics.json,Existing scientific record; see category index
robustness/interaction,experiments/crta_v3_stage_source_ladder_v2_source_only_v1/nh2kn/alpha_0.00/heart_attack_history/seed_50/metrics.json,Existing scientific record; see category index
robustness/interaction,experiments/crta_v3_stage_source_ladder_v2_source_only_v1/nh2kn/alpha_0.00/heart_attack_history/seed_51/metrics.json,Existing scientific record; see category index
robustness/interaction,experiments/crta_v3_stage_source_ladder_v2_source_only_v1/nh2kn/alpha_0.00/heart_attack_history/seed_52/metrics.json,Existing scientific record; see category index
robustness/interaction,experiments/crta_v3_stage_source_ladder_v2_source_only_v1/nh2kn/alpha_0.00/heart_attack_history/seed_53/metrics.json,Existing scientific record; see category index
robustness/interaction,experiments/crta_v3_stage_source_ladder_v2_source_only_v1/nh2kn/alpha_0.00/heart_attack_history/seed_54/metrics.json,Existing scientific record; see category index
robustness/interaction,experiments/crta_v3_stage_source_ladder_v2_source_only_v1/nh2kn/alpha_0.00/heart_attack_history/seed_55/metrics.json,Existing scientific record; see category index
robustness/interaction,experiments/crta_v3_stage_source_ladder_v2_source_only_v1/nh2kn/alpha_0.00/heart_attack_history/seed_56/metrics.json,Existing scientific record; see category index
robustness/interaction,experiments/crta_v3_stage_source_ladder_v2_source_only_v1/nh2kn/alpha_0.00/heart_attack_history/seed_57/metrics.json,Existing scientific record; see category index
robustness/interaction,experiments/crta_v3_stage_source_ladder_v2_source_only_v1/nh2kn/alpha_0.00/heart_attack_history/seed_58/metrics.json,Existing scientific record; see category index
robustness/interaction,experiments/crta_v3_stage_source_ladder_v2_source_only_v1/nh2kn/alpha_0.00/heart_attack_history/seed_59/metrics.json,Existing scientific record; see category index
robustness/interaction,experiments/crta_v3_stage_source_ladder_v2_source_only_v1/nh2kn/alpha_0.00/hypertension_history/seed_50/metrics.json,Existing scientific record; see category index
robustness/interaction,experiments/crta_v3_stage_source_ladder_v2_source_only_v1/nh2kn/alpha_0.00/hypertension_history/seed_51/metrics.json,Existing scientific record; see category index
robustness/interaction,experiments/crta_v3_stage_source_ladder_v2_source_only_v1/nh2kn/alpha_0.00/hypertension_history/seed_52/metrics.json,Existing scientific record; see category index
robustness/interaction,experiments/crta_v3_stage_source_ladder_v2_source_only_v1/nh2kn/alpha_0.00/hypertension_history/seed_53/metrics.json,Existing scientific record; see category index
robustness/interaction,experiments/crta_v3_stage_source_ladder_v2_source_only_v1/nh2kn/alpha_0.00/hypertension_history/seed_54/metrics.json,Existing scientific record; see category index
robustness/interaction,experiments/crta_v3_stage_source_ladder_v2_source_only_v1/nh2kn/alpha_0.00/hypertension_history/seed_55/metrics.json,Existing scientific record; see category index
robustness/interaction,experiments/crta_v3_stage_source_ladder_v2_source_only_v1/nh2kn/alpha_0.00/hypertension_history/seed_56/metrics.json,Existing scientific record; see category index
robustness/interaction,experiments/crta_v3_stage_source_ladder_v2_source_only_v1/nh2kn/alpha_0.00/hypertension_history/seed_57/metrics.json,Existing scientific record; see category index
robustness/interaction,experiments/crta_v3_stage_source_ladder_v2_source_only_v1/nh2kn/alpha_0.00/hypertension_history/seed_58/metrics.json,Existing scientific record; see category index
robustness/interaction,experiments/crta_v3_stage_source_ladder_v2_source_only_v1/nh2kn/alpha_0.00/hypertension_history/seed_59/metrics.json,Existing scientific record; see category index
robustness/interaction,experiments/crta_v3_stage_source_ladder_v2_source_only_v1/nh2kn/alpha_0.00/kidney_disease_history/seed_50/metrics.json,Existing scientific record; see category index
robustness/interaction,experiments/crta_v3_stage_source_ladder_v2_source_only_v1/nh2kn/alpha_0.00/kidney_disease_history/seed_51/metrics.json,Existing scientific record; see category index
robustness/interaction,experiments/crta_v3_stage_source_ladder_v2_source_only_v1/nh2kn/alpha_0.00/kidney_disease_history/seed_52/metrics.json,Existing scientific record; see category index
robustness/interaction,experiments/crta_v3_stage_source_ladder_v2_source_only_v1/nh2kn/alpha_0.00/kidney_disease_history/seed_53/metrics.json,Existing scientific record; see category index
robustness/interaction,experiments/crta_v3_stage_source_ladder_v2_source_only_v1/nh2kn/alpha_0.00/kidney_disease_history/seed_54/metrics.json,Existing scientific record; see category index
robustness/interaction,experiments/crta_v3_stage_source_ladder_v2_source_only_v1/nh2kn/alpha_0.00/kidney_disease_history/seed_55/metrics.json,Existing scientific record; see category index
robustness/interaction,experiments/crta_v3_stage_source_ladder_v2_source_only_v1/nh2kn/alpha_0.00/kidney_disease_history/seed_56/metrics.json,Existing scientific record; see category index
robustness/interaction,experiments/crta_v3_stage_source_ladder_v2_source_only_v1/nh2kn/alpha_0.00/kidney_disease_history/seed_57/metrics.json,Existing scientific record; see category index
robustness/interaction,experiments/crta_v3_stage_source_ladder_v2_source_only_v1/nh2kn/alpha_0.00/kidney_disease_history/seed_58/metrics.json,Existing scientific record; see category index
robustness/interaction,experiments/crta_v3_stage_source_ladder_v2_source_only_v1/nh2kn/alpha_0.00/kidney_disease_history/seed_59/metrics.json,Existing scientific record; see category index
robustness/interaction,experiments/crta_v3_stage_source_ladder_v2_source_only_v1/nh2kn/alpha_0.00/stroke_history/seed_50/metrics.json,Existing scientific record; see category index
robustness/interaction,experiments/crta_v3_stage_source_ladder_v2_source_only_v1/nh2kn/alpha_0.00/stroke_history/seed_51/metrics.json,Existing scientific record; see category index
robustness/interaction,experiments/crta_v3_stage_source_ladder_v2_source_only_v1/nh2kn/alpha_0.00/stroke_history/seed_52/metrics.json,Existing scientific record; see category index
robustness/interaction,experiments/crta_v3_stage_source_ladder_v2_source_only_v1/nh2kn/alpha_0.00/stroke_history/seed_53/metrics.json,Existing scientific record; see category index
robustness/interaction,experiments/crta_v3_stage_source_ladder_v2_source_only_v1/nh2kn/alpha_0.00/stroke_history/seed_54/metrics.json,Existing scientific record; see category index
robustness/interaction,experiments/crta_v3_stage_source_ladder_v2_source_only_v1/nh2kn/alpha_0.00/stroke_history/seed_55/metrics.json,Existing scientific record; see category index
robustness/interaction,experiments/crta_v3_stage_source_ladder_v2_source_only_v1/nh2kn/alpha_0.00/stroke_history/seed_56/metrics.json,Existing scientific record; see category index
robustness/interaction,experiments/crta_v3_stage_source_ladder_v2_source_only_v1/nh2kn/alpha_0.00/stroke_history/seed_57/metrics.json,Existing scientific record; see category index
robustness/interaction,experiments/crta_v3_stage_source_ladder_v2_source_only_v1/nh2kn/alpha_0.00/stroke_history/seed_58/metrics.json,Existing scientific record; see category index
robustness/interaction,experiments/crta_v3_stage_source_ladder_v2_source_only_v1/nh2kn/alpha_0.00/stroke_history/seed_59/metrics.json,Existing scientific record; see category index
robustness/interaction,experiments/crta_v3_stage_source_ladder_v2_source_only_v1/nh2kn/alpha_0.25/PERMUTATION_AUDIT_V1.json,Existing scientific record; see category index
robustness/interaction,experiments/crta_v3_stage_source_ladder_v2_source_only_v1/nh2kn/alpha_0.25/angina_history/seed_50/metrics.json,Existing scientific record; see category index
robustness/interaction,experiments/crta_v3_stage_source_ladder_v2_source_only_v1/nh2kn/alpha_0.25/angina_history/seed_51/metrics.json,Existing scientific record; see category index
robustness/interaction,experiments/crta_v3_stage_source_ladder_v2_source_only_v1/nh2kn/alpha_0.25/angina_history/seed_52/metrics.json,Existing scientific record; see category index
robustness/interaction,experiments/crta_v3_stage_source_ladder_v2_source_only_v1/nh2kn/alpha_0.25/angina_history/seed_53/metrics.json,Existing scientific record; see category index
robustness/interaction,experiments/crta_v3_stage_source_ladder_v2_source_only_v1/nh2kn/alpha_0.25/angina_history/seed_54/metrics.json,Existing scientific record; see category index
robustness/interaction,experiments/crta_v3_stage_source_ladder_v2_source_only_v1/nh2kn/alpha_0.25/angina_history/seed_55/metrics.json,Existing scientific record; see category index
robustness/interaction,experiments/crta_v3_stage_source_ladder_v2_source_only_v1/nh2kn/alpha_0.25/angina_history/seed_56/metrics.json,Existing scientific record; see category index
robustness/interaction,experiments/crta_v3_stage_source_ladder_v2_source_only_v1/nh2kn/alpha_0.25/angina_history/seed_57/metrics.json,Existing scientific record; see category index
robustness/interaction,experiments/crta_v3_stage_source_ladder_v2_source_only_v1/nh2kn/alpha_0.25/angina_history/seed_58/metrics.json,Existing scientific record; see category index
robustness/interaction,experiments/crta_v3_stage_source_ladder_v2_source_only_v1/nh2kn/alpha_0.25/angina_history/seed_59/metrics.json,Existing scientific record; see category index
robustness/interaction,experiments/crta_v3_stage_source_ladder_v2_source_only_v1/nh2kn/alpha_0.25/arthritis_history/seed_50/metrics.json,Existing scientific record; see category index
robustness/interaction,experiments/crta_v3_stage_source_ladder_v2_source_only_v1/nh2kn/alpha_0.25/arthritis_history/seed_51/metrics.json,Existing scientific record; see category index
robustness/interaction,experiments/crta_v3_stage_source_ladder_v2_source_only_v1/nh2kn/alpha_0.25/arthritis_history/seed_52/metrics.json,Existing scientific record; see category index
robustness/interaction,experiments/crta_v3_stage_source_ladder_v2_source_only_v1/nh2kn/alpha_0.25/arthritis_history/seed_53/metrics.json,Existing scientific record; see category index
robustness/interaction,experiments/crta_v3_stage_source_ladder_v2_source_only_v1/nh2kn/alpha_0.25/arthritis_history/seed_54/metrics.json,Existing scientific record; see category index
robustness/interaction,experiments/crta_v3_stage_source_ladder_v2_source_only_v1/nh2kn/alpha_0.25/arthritis_history/seed_55/metrics.json,Existing scientific record; see category index
robustness/interaction,experiments/crta_v3_stage_source_ladder_v2_source_only_v1/nh2kn/alpha_0.25/arthritis_history/seed_56/metrics.json,Existing scientific record; see category index
robustness/interaction,experiments/crta_v3_stage_source_ladder_v2_source_only_v1/nh2kn/alpha_0.25/arthritis_history/seed_57/metrics.json,Existing scientific record; see category index
robustness/interaction,experiments/crta_v3_stage_source_ladder_v2_source_only_v1/nh2kn/alpha_0.25/arthritis_history/seed_58/metrics.json,Existing scientific record; see category index
robustness/interaction,experiments/crta_v3_stage_source_ladder_v2_source_only_v1/nh2kn/alpha_0.25/arthritis_history/seed_59/metrics.json,Existing scientific record; see category index
robustness/interaction,experiments/crta_v3_stage_source_ladder_v2_source_only_v1/nh2kn/alpha_0.25/asthma_history/seed_50/metrics.json,Existing scientific record; see category index
robustness/interaction,experiments/crta_v3_stage_source_ladder_v2_source_only_v1/nh2kn/alpha_0.25/asthma_history/seed_51/metrics.json,Existing scientific record; see category index
robustness/interaction,experiments/crta_v3_stage_source_ladder_v2_source_only_v1/nh2kn/alpha_0.25/asthma_history/seed_52/metrics.json,Existing scientific record; see category index
robustness/interaction,experiments/crta_v3_stage_source_ladder_v2_source_only_v1/nh2kn/alpha_0.25/asthma_history/seed_53/metrics.json,Existing scientific record; see category index
robustness/interaction,experiments/crta_v3_stage_source_ladder_v2_source_only_v1/nh2kn/alpha_0.25/asthma_history/seed_54/metrics.json,Existing scientific record; see category index
robustness/interaction,experiments/crta_v3_stage_source_ladder_v2_source_only_v1/nh2kn/alpha_0.25/asthma_history/seed_55/metrics.json,Existing scientific record; see category index
robustness/interaction,experiments/crta_v3_stage_source_ladder_v2_source_only_v1/nh2kn/alpha_0.25/asthma_history/seed_56/metrics.json,Existing scientific record; see category index
robustness/interaction,experiments/crta_v3_stage_source_ladder_v2_source_only_v1/nh2kn/alpha_0.25/asthma_history/seed_57/metrics.json,Existing scientific record; see category index
robustness/interaction,experiments/crta_v3_stage_source_ladder_v2_source_only_v1/nh2kn/alpha_0.25/asthma_history/seed_58/metrics.json,Existing scientific record; see category index
robustness/interaction,experiments/crta_v3_stage_source_ladder_v2_source_only_v1/nh2kn/alpha_0.25/asthma_history/seed_59/metrics.json,Existing scientific record; see category index
robustness/interaction,experiments/crta_v3_stage_source_ladder_v2_source_only_v1/nh2kn/alpha_0.25/cancer_history/seed_50/metrics.json,Existing scientific record; see category index
robustness/interaction,experiments/crta_v3_stage_source_ladder_v2_source_only_v1/nh2kn/alpha_0.25/cancer_history/seed_51/metrics.json,Existing scientific record; see category index
robustness/interaction,experiments/crta_v3_stage_source_ladder_v2_source_only_v1/nh2kn/alpha_0.25/cancer_history/seed_52/metrics.json,Existing scientific record; see category index
robustness/interaction,experiments/crta_v3_stage_source_ladder_v2_source_only_v1/nh2kn/alpha_0.25/cancer_history/seed_53/metrics.json,Existing scientific record; see category index
robustness/interaction,experiments/crta_v3_stage_source_ladder_v2_source_only_v1/nh2kn/alpha_0.25/cancer_history/seed_54/metrics.json,Existing scientific record; see category index
robustness/interaction,experiments/crta_v3_stage_source_ladder_v2_source_only_v1/nh2kn/alpha_0.25/cancer_history/seed_55/metrics.json,Existing scientific record; see category index
robustness/interaction,experiments/crta_v3_stage_source_ladder_v2_source_only_v1/nh2kn/alpha_0.25/cancer_history/seed_56/metrics.json,Existing scientific record; see category index
robustness/interaction,experiments/crta_v3_stage_source_ladder_v2_source_only_v1/nh2kn/alpha_0.25/cancer_history/seed_57/metrics.json,Existing scientific record; see category index
robustness/interaction,experiments/crta_v3_stage_source_ladder_v2_source_only_v1/nh2kn/alpha_0.25/cancer_history/seed_58/metrics.json,Existing scientific record; see category index
robustness/interaction,experiments/crta_v3_stage_source_ladder_v2_source_only_v1/nh2kn/alpha_0.25/cancer_history/seed_59/metrics.json,Existing scientific record; see category index
robustness/interaction,experiments/crta_v3_stage_source_ladder_v2_source_only_v1/nh2kn/alpha_0.25/current_smoking_status/seed_50/metrics.json,Existing scientific record; see category index
robustness/interaction,experiments/crta_v3_stage_source_ladder_v2_source_only_v1/nh2kn/alpha_0.25/current_smoking_status/seed_51/metrics.json,Existing scientific record; see category index
robustness/interaction,experiments/crta_v3_stage_source_ladder_v2_source_only_v1/nh2kn/alpha_0.25/current_smoking_status/seed_52/metrics.json,Existing scientific record; see category index
robustness/interaction,experiments/crta_v3_stage_source_ladder_v2_source_only_v1/nh2kn/alpha_0.25/current_smoking_status/seed_53/metrics.json,Existing scientific record; see category index
robustness/interaction,experiments/crta_v3_stage_source_ladder_v2_source_only_v1/nh2kn/alpha_0.25/current_smoking_status/seed_54/metrics.json,Existing scientific record; see category index
robustness/interaction,experiments/crta_v3_stage_source_ladder_v2_source_only_v1/nh2kn/alpha_0.25/current_smoking_status/seed_55/metrics.json,Existing scientific record; see category index
robustness/interaction,experiments/crta_v3_stage_source_ladder_v2_source_only_v1/nh2kn/alpha_0.25/current_smoking_status/seed_56/metrics.json,Existing scientific record; see category index
robustness/interaction,experiments/crta_v3_stage_source_ladder_v2_source_only_v1/nh2kn/alpha_0.25/current_smoking_status/seed_57/metrics.json,Existing scientific record; see category index
robustness/interaction,experiments/crta_v3_stage_source_ladder_v2_source_only_v1/nh2kn/alpha_0.25/current_smoking_status/seed_58/metrics.json,Existing scientific record; see category index
robustness/interaction,experiments/crta_v3_stage_source_ladder_v2_source_only_v1/nh2kn/alpha_0.25/current_smoking_status/seed_59/metrics.json,Existing scientific record; see category index
robustness/interaction,experiments/crta_v3_stage_source_ladder_v2_source_only_v1/nh2kn/alpha_0.25/diabetes_history/seed_50/metrics.json,Existing scientific record; see category index
robustness/interaction,experiments/crta_v3_stage_source_ladder_v2_source_only_v1/nh2kn/alpha_0.25/diabetes_history/seed_51/metrics.json,Existing scientific record; see category index
robustness/interaction,experiments/crta_v3_stage_source_ladder_v2_source_only_v1/nh2kn/alpha_0.25/diabetes_history/seed_52/metrics.json,Existing scientific record; see category index
robustness/interaction,experiments/crta_v3_stage_source_ladder_v2_source_only_v1/nh2kn/alpha_0.25/diabetes_history/seed_53/metrics.json,Existing scientific record; see category index
robustness/interaction,experiments/crta_v3_stage_source_ladder_v2_source_only_v1/nh2kn/alpha_0.25/diabetes_history/seed_54/metrics.json,Existing scientific record; see category index
robustness/interaction,experiments/crta_v3_stage_source_ladder_v2_source_only_v1/nh2kn/alpha_0.25/diabetes_history/seed_55/metrics.json,Existing scientific record; see category index
robustness/interaction,experiments/crta_v3_stage_source_ladder_v2_source_only_v1/nh2kn/alpha_0.25/diabetes_history/seed_56/metrics.json,Existing scientific record; see category index
robustness/interaction,experiments/crta_v3_stage_source_ladder_v2_source_only_v1/nh2kn/alpha_0.25/diabetes_history/seed_57/metrics.json,Existing scientific record; see category index
robustness/interaction,experiments/crta_v3_stage_source_ladder_v2_source_only_v1/nh2kn/alpha_0.25/diabetes_history/seed_58/metrics.json,Existing scientific record; see category index
robustness/interaction,experiments/crta_v3_stage_source_ladder_v2_source_only_v1/nh2kn/alpha_0.25/diabetes_history/seed_59/metrics.json,Existing scientific record; see category index
robustness/interaction,experiments/crta_v3_stage_source_ladder_v2_source_only_v1/nh2kn/alpha_0.25/heart_attack_history/seed_50/metrics.json,Existing scientific record; see category index
robustness/interaction,experiments/crta_v3_stage_source_ladder_v2_source_only_v1/nh2kn/alpha_0.25/heart_attack_history/seed_51/metrics.json,Existing scientific record; see category index
robustness/interaction,experiments/crta_v3_stage_source_ladder_v2_source_only_v1/nh2kn/alpha_0.25/heart_attack_history/seed_52/metrics.json,Existing scientific record; see category index
robustness/interaction,experiments/crta_v3_stage_source_ladder_v2_source_only_v1/nh2kn/alpha_0.25/heart_attack_history/seed_53/metrics.json,Existing scientific record; see category index
robustness/interaction,experiments/crta_v3_stage_source_ladder_v2_source_only_v1/nh2kn/alpha_0.25/heart_attack_history/seed_54/metrics.json,Existing scientific record; see category index
robustness/interaction,experiments/crta_v3_stage_source_ladder_v2_source_only_v1/nh2kn/alpha_0.25/heart_attack_history/seed_55/metrics.json,Existing scientific record; see category index
robustness/interaction,experiments/crta_v3_stage_source_ladder_v2_source_only_v1/nh2kn/alpha_0.25/heart_attack_history/seed_56/metrics.json,Existing scientific record; see category index
robustness/interaction,experiments/crta_v3_stage_source_ladder_v2_source_only_v1/nh2kn/alpha_0.25/heart_attack_history/seed_57/metrics.json,Existing scientific record; see category index
robustness/interaction,experiments/crta_v3_stage_source_ladder_v2_source_only_v1/nh2kn/alpha_0.25/heart_attack_history/seed_58/metrics.json,Existing scientific record; see category index
robustness/interaction,experiments/crta_v3_stage_source_ladder_v2_source_only_v1/nh2kn/alpha_0.25/heart_attack_history/seed_59/metrics.json,Existing scientific record; see category index
robustness/interaction,experiments/crta_v3_stage_source_ladder_v2_source_only_v1/nh2kn/alpha_0.25/hypertension_history/seed_50/metrics.json,Existing scientific record; see category index
robustness/interaction,experiments/crta_v3_stage_source_ladder_v2_source_only_v1/nh2kn/alpha_0.25/hypertension_history/seed_51/metrics.json,Existing scientific record; see category index
robustness/interaction,experiments/crta_v3_stage_source_ladder_v2_source_only_v1/nh2kn/alpha_0.25/hypertension_history/seed_52/metrics.json,Existing scientific record; see category index
robustness/interaction,experiments/crta_v3_stage_source_ladder_v2_source_only_v1/nh2kn/alpha_0.25/hypertension_history/seed_53/metrics.json,Existing scientific record; see category index
robustness/interaction,experiments/crta_v3_stage_source_ladder_v2_source_only_v1/nh2kn/alpha_0.25/hypertension_history/seed_54/metrics.json,Existing scientific record; see category index
robustness/interaction,experiments/crta_v3_stage_source_ladder_v2_source_only_v1/nh2kn/alpha_0.25/hypertension_history/seed_55/metrics.json,Existing scientific record; see category index
robustness/interaction,experiments/crta_v3_stage_source_ladder_v2_source_only_v1/nh2kn/alpha_0.25/hypertension_history/seed_56/metrics.json,Existing scientific record; see category index
robustness/interaction,experiments/crta_v3_stage_source_ladder_v2_source_only_v1/nh2kn/alpha_0.25/hypertension_history/seed_57/metrics.json,Existing scientific record; see category index
robustness/interaction,experiments/crta_v3_stage_source_ladder_v2_source_only_v1/nh2kn/alpha_0.25/hypertension_history/seed_58/metrics.json,Existing scientific record; see category index
robustness/interaction,experiments/crta_v3_stage_source_ladder_v2_source_only_v1/nh2kn/alpha_0.25/hypertension_history/seed_59/metrics.json,Existing scientific record; see category index
robustness/interaction,experiments/crta_v3_stage_source_ladder_v2_source_only_v1/nh2kn/alpha_0.25/kidney_disease_history/seed_50/metrics.json,Existing scientific record; see category index
robustness/interaction,experiments/crta_v3_stage_source_ladder_v2_source_only_v1/nh2kn/alpha_0.25/kidney_disease_history/seed_51/metrics.json,Existing scientific record; see category index
robustness/interaction,experiments/crta_v3_stage_source_ladder_v2_source_only_v1/nh2kn/alpha_0.25/kidney_disease_history/seed_52/metrics.json,Existing scientific record; see category index
robustness/interaction,experiments/crta_v3_stage_source_ladder_v2_source_only_v1/nh2kn/alpha_0.25/kidney_disease_history/seed_53/metrics.json,Existing scientific record; see category index
robustness/interaction,experiments/crta_v3_stage_source_ladder_v2_source_only_v1/nh2kn/alpha_0.25/kidney_disease_history/seed_54/metrics.json,Existing scientific record; see category index
robustness/interaction,experiments/crta_v3_stage_source_ladder_v2_source_only_v1/nh2kn/alpha_0.25/kidney_disease_history/seed_55/metrics.json,Existing scientific record; see category index
robustness/interaction,experiments/crta_v3_stage_source_ladder_v2_source_only_v1/nh2kn/alpha_0.25/kidney_disease_history/seed_56/metrics.json,Existing scientific record; see category index
robustness/interaction,experiments/crta_v3_stage_source_ladder_v2_source_only_v1/nh2kn/alpha_0.25/kidney_disease_history/seed_57/metrics.json,Existing scientific record; see category index
robustness/interaction,experiments/crta_v3_stage_source_ladder_v2_source_only_v1/nh2kn/alpha_0.25/kidney_disease_history/seed_58/metrics.json,Existing scientific record; see category index
robustness/interaction,experiments/crta_v3_stage_source_ladder_v2_source_only_v1/nh2kn/alpha_0.25/kidney_disease_history/seed_59/metrics.json,Existing scientific record; see category index
robustness/interaction,experiments/crta_v3_stage_source_ladder_v2_source_only_v1/nh2kn/alpha_0.25/stroke_history/seed_50/metrics.json,Existing scientific record; see category index
robustness/interaction,experiments/crta_v3_stage_source_ladder_v2_source_only_v1/nh2kn/alpha_0.25/stroke_history/seed_51/metrics.json,Existing scientific record; see category index
robustness/interaction,experiments/crta_v3_stage_source_ladder_v2_source_only_v1/nh2kn/alpha_0.25/stroke_history/seed_52/metrics.json,Existing scientific record; see category index
robustness/interaction,experiments/crta_v3_stage_source_ladder_v2_source_only_v1/nh2kn/alpha_0.25/stroke_history/seed_53/metrics.json,Existing scientific record; see category index
robustness/interaction,experiments/crta_v3_stage_source_ladder_v2_source_only_v1/nh2kn/alpha_0.25/stroke_history/seed_54/metrics.json,Existing scientific record; see category index
robustness/interaction,experiments/crta_v3_stage_source_ladder_v2_source_only_v1/nh2kn/alpha_0.25/stroke_history/seed_55/metrics.json,Existing scientific record; see category index
robustness/interaction,experiments/crta_v3_stage_source_ladder_v2_source_only_v1/nh2kn/alpha_0.25/stroke_history/seed_56/metrics.json,Existing scientific record; see category index
robustness/interaction,experiments/crta_v3_stage_source_ladder_v2_source_only_v1/nh2kn/alpha_0.25/stroke_history/seed_57/metrics.json,Existing scientific record; see category index
robustness/interaction,experiments/crta_v3_stage_source_ladder_v2_source_only_v1/nh2kn/alpha_0.25/stroke_history/seed_58/metrics.json,Existing scientific record; see category index
robustness/interaction,experiments/crta_v3_stage_source_ladder_v2_source_only_v1/nh2kn/alpha_0.25/stroke_history/seed_59/metrics.json,Existing scientific record; see category index
robustness/interaction,experiments/crta_v3_stage_source_ladder_v2_source_only_v1/nh2kn/alpha_0.50/PERMUTATION_AUDIT_V1.json,Existing scientific record; see category index
robustness/interaction,experiments/crta_v3_stage_source_ladder_v2_source_only_v1/nh2kn/alpha_0.50/angina_history/seed_50/metrics.json,Existing scientific record; see category index
robustness/interaction,experiments/crta_v3_stage_source_ladder_v2_source_only_v1/nh2kn/alpha_0.50/angina_history/seed_51/metrics.json,Existing scientific record; see category index
robustness/interaction,experiments/crta_v3_stage_source_ladder_v2_source_only_v1/nh2kn/alpha_0.50/angina_history/seed_52/metrics.json,Existing scientific record; see category index
robustness/interaction,experiments/crta_v3_stage_source_ladder_v2_source_only_v1/nh2kn/alpha_0.50/angina_history/seed_53/metrics.json,Existing scientific record; see category index
robustness/interaction,experiments/crta_v3_stage_source_ladder_v2_source_only_v1/nh2kn/alpha_0.50/angina_history/seed_54/metrics.json,Existing scientific record; see category index
robustness/interaction,experiments/crta_v3_stage_source_ladder_v2_source_only_v1/nh2kn/alpha_0.50/angina_history/seed_55/metrics.json,Existing scientific record; see category index
robustness/interaction,experiments/crta_v3_stage_source_ladder_v2_source_only_v1/nh2kn/alpha_0.50/angina_history/seed_56/metrics.json,Existing scientific record; see category index
robustness/interaction,experiments/crta_v3_stage_source_ladder_v2_source_only_v1/nh2kn/alpha_0.50/angina_history/seed_57/metrics.json,Existing scientific record; see category index
robustness/interaction,experiments/crta_v3_stage_source_ladder_v2_source_only_v1/nh2kn/alpha_0.50/angina_history/seed_58/metrics.json,Existing scientific record; see category index
robustness/interaction,experiments/crta_v3_stage_source_ladder_v2_source_only_v1/nh2kn/alpha_0.50/angina_history/seed_59/metrics.json,Existing scientific record; see category index
robustness/interaction,experiments/crta_v3_stage_source_ladder_v2_source_only_v1/nh2kn/alpha_0.50/arthritis_history/seed_50/metrics.json,Existing scientific record; see category index
robustness/interaction,experiments/crta_v3_stage_source_ladder_v2_source_only_v1/nh2kn/alpha_0.50/arthritis_history/seed_51/metrics.json,Existing scientific record; see category index
robustness/interaction,experiments/crta_v3_stage_source_ladder_v2_source_only_v1/nh2kn/alpha_0.50/arthritis_history/seed_52/metrics.json,Existing scientific record; see category index
robustness/interaction,experiments/crta_v3_stage_source_ladder_v2_source_only_v1/nh2kn/alpha_0.50/arthritis_history/seed_53/metrics.json,Existing scientific record; see category index
robustness/interaction,experiments/crta_v3_stage_source_ladder_v2_source_only_v1/nh2kn/alpha_0.50/arthritis_history/seed_54/metrics.json,Existing scientific record; see category index
robustness/interaction,experiments/crta_v3_stage_source_ladder_v2_source_only_v1/nh2kn/alpha_0.50/arthritis_history/seed_55/metrics.json,Existing scientific record; see category index
robustness/interaction,experiments/crta_v3_stage_source_ladder_v2_source_only_v1/nh2kn/alpha_0.50/arthritis_history/seed_56/metrics.json,Existing scientific record; see category index
robustness/interaction,experiments/crta_v3_stage_source_ladder_v2_source_only_v1/nh2kn/alpha_0.50/arthritis_history/seed_57/metrics.json,Existing scientific record; see category index
robustness/interaction,experiments/crta_v3_stage_source_ladder_v2_source_only_v1/nh2kn/alpha_0.50/arthritis_history/seed_58/metrics.json,Existing scientific record; see category index
robustness/interaction,experiments/crta_v3_stage_source_ladder_v2_source_only_v1/nh2kn/alpha_0.50/arthritis_history/seed_59/metrics.json,Existing scientific record; see category index
robustness/interaction,experiments/crta_v3_stage_source_ladder_v2_source_only_v1/nh2kn/alpha_0.50/asthma_history/seed_50/metrics.json,Existing scientific record; see category index
robustness/interaction,experiments/crta_v3_stage_source_ladder_v2_source_only_v1/nh2kn/alpha_0.50/asthma_history/seed_51/metrics.json,Existing scientific record; see category index
robustness/interaction,experiments/crta_v3_stage_source_ladder_v2_source_only_v1/nh2kn/alpha_0.50/asthma_history/seed_52/metrics.json,Existing scientific record; see category index
robustness/interaction,experiments/crta_v3_stage_source_ladder_v2_source_only_v1/nh2kn/alpha_0.50/asthma_history/seed_53/metrics.json,Existing scientific record; see category index
robustness/interaction,experiments/crta_v3_stage_source_ladder_v2_source_only_v1/nh2kn/alpha_0.50/asthma_history/seed_54/metrics.json,Existing scientific record; see category index
robustness/interaction,experiments/crta_v3_stage_source_ladder_v2_source_only_v1/nh2kn/alpha_0.50/asthma_history/seed_55/metrics.json,Existing scientific record; see category index
robustness/interaction,experiments/crta_v3_stage_source_ladder_v2_source_only_v1/nh2kn/alpha_0.50/asthma_history/seed_56/metrics.json,Existing scientific record; see category index
robustness/interaction,experiments/crta_v3_stage_source_ladder_v2_source_only_v1/nh2kn/alpha_0.50/asthma_history/seed_57/metrics.json,Existing scientific record; see category index
robustness/interaction,experiments/crta_v3_stage_source_ladder_v2_source_only_v1/nh2kn/alpha_0.50/asthma_history/seed_58/metrics.json,Existing scientific record; see category index
robustness/interaction,experiments/crta_v3_stage_source_ladder_v2_source_only_v1/nh2kn/alpha_0.50/asthma_history/seed_59/metrics.json,Existing scientific record; see category index
robustness/interaction,experiments/crta_v3_stage_source_ladder_v2_source_only_v1/nh2kn/alpha_0.50/cancer_history/seed_50/metrics.json,Existing scientific record; see category index
robustness/interaction,experiments/crta_v3_stage_source_ladder_v2_source_only_v1/nh2kn/alpha_0.50/cancer_history/seed_51/metrics.json,Existing scientific record; see category index
robustness/interaction,experiments/crta_v3_stage_source_ladder_v2_source_only_v1/nh2kn/alpha_0.50/cancer_history/seed_52/metrics.json,Existing scientific record; see category index
robustness/interaction,experiments/crta_v3_stage_source_ladder_v2_source_only_v1/nh2kn/alpha_0.50/cancer_history/seed_53/metrics.json,Existing scientific record; see category index
robustness/interaction,experiments/crta_v3_stage_source_ladder_v2_source_only_v1/nh2kn/alpha_0.50/cancer_history/seed_54/metrics.json,Existing scientific record; see category index
robustness/interaction,experiments/crta_v3_stage_source_ladder_v2_source_only_v1/nh2kn/alpha_0.50/cancer_history/seed_55/metrics.json,Existing scientific record; see category index
robustness/interaction,experiments/crta_v3_stage_source_ladder_v2_source_only_v1/nh2kn/alpha_0.50/cancer_history/seed_56/metrics.json,Existing scientific record; see category index
robustness/interaction,experiments/crta_v3_stage_source_ladder_v2_source_only_v1/nh2kn/alpha_0.50/cancer_history/seed_57/metrics.json,Existing scientific record; see category index
robustness/interaction,experiments/crta_v3_stage_source_ladder_v2_source_only_v1/nh2kn/alpha_0.50/cancer_history/seed_58/metrics.json,Existing scientific record; see category index
robustness/interaction,experiments/crta_v3_stage_source_ladder_v2_source_only_v1/nh2kn/alpha_0.50/cancer_history/seed_59/metrics.json,Existing scientific record; see category index
robustness/interaction,experiments/crta_v3_stage_source_ladder_v2_source_only_v1/nh2kn/alpha_0.50/current_smoking_status/seed_50/metrics.json,Existing scientific record; see category index
robustness/interaction,experiments/crta_v3_stage_source_ladder_v2_source_only_v1/nh2kn/alpha_0.50/current_smoking_status/seed_51/metrics.json,Existing scientific record; see category index
robustness/interaction,experiments/crta_v3_stage_source_ladder_v2_source_only_v1/nh2kn/alpha_0.50/current_smoking_status/seed_52/metrics.json,Existing scientific record; see category index
robustness/interaction,experiments/crta_v3_stage_source_ladder_v2_source_only_v1/nh2kn/alpha_0.50/current_smoking_status/seed_53/metrics.json,Existing scientific record; see category index
robustness/interaction,experiments/crta_v3_stage_source_ladder_v2_source_only_v1/nh2kn/alpha_0.50/current_smoking_status/seed_54/metrics.json,Existing scientific record; see category index
robustness/interaction,experiments/crta_v3_stage_source_ladder_v2_source_only_v1/nh2kn/alpha_0.50/current_smoking_status/seed_55/metrics.json,Existing scientific record; see category index
robustness/interaction,experiments/crta_v3_stage_source_ladder_v2_source_only_v1/nh2kn/alpha_0.50/current_smoking_status/seed_56/metrics.json,Existing scientific record; see category index
robustness/interaction,experiments/crta_v3_stage_source_ladder_v2_source_only_v1/nh2kn/alpha_0.50/current_smoking_status/seed_57/metrics.json,Existing scientific record; see category index
robustness/interaction,experiments/crta_v3_stage_source_ladder_v2_source_only_v1/nh2kn/alpha_0.50/current_smoking_status/seed_58/metrics.json,Existing scientific record; see category index
robustness/interaction,experiments/crta_v3_stage_source_ladder_v2_source_only_v1/nh2kn/alpha_0.50/current_smoking_status/seed_59/metrics.json,Existing scientific record; see category index
robustness/interaction,experiments/crta_v3_stage_source_ladder_v2_source_only_v1/nh2kn/alpha_0.50/diabetes_history/seed_50/metrics.json,Existing scientific record; see category index
robustness/interaction,experiments/crta_v3_stage_source_ladder_v2_source_only_v1/nh2kn/alpha_0.50/diabetes_history/seed_51/metrics.json,Existing scientific record; see category index
robustness/interaction,experiments/crta_v3_stage_source_ladder_v2_source_only_v1/nh2kn/alpha_0.50/diabetes_history/seed_52/metrics.json,Existing scientific record; see category index
robustness/interaction,experiments/crta_v3_stage_source_ladder_v2_source_only_v1/nh2kn/alpha_0.50/diabetes_history/seed_53/metrics.json,Existing scientific record; see category index
robustness/interaction,experiments/crta_v3_stage_source_ladder_v2_source_only_v1/nh2kn/alpha_0.50/diabetes_history/seed_54/metrics.json,Existing scientific record; see category index
robustness/interaction,experiments/crta_v3_stage_source_ladder_v2_source_only_v1/nh2kn/alpha_0.50/diabetes_history/seed_55/metrics.json,Existing scientific record; see category index
robustness/interaction,experiments/crta_v3_stage_source_ladder_v2_source_only_v1/nh2kn/alpha_0.50/diabetes_history/seed_56/metrics.json,Existing scientific record; see category index
robustness/interaction,experiments/crta_v3_stage_source_ladder_v2_source_only_v1/nh2kn/alpha_0.50/diabetes_history/seed_57/metrics.json,Existing scientific record; see category index
robustness/interaction,experiments/crta_v3_stage_source_ladder_v2_source_only_v1/nh2kn/alpha_0.50/diabetes_history/seed_58/metrics.json,Existing scientific record; see category index
robustness/interaction,experiments/crta_v3_stage_source_ladder_v2_source_only_v1/nh2kn/alpha_0.50/diabetes_history/seed_59/metrics.json,Existing scientific record; see category index
robustness/interaction,experiments/crta_v3_stage_source_ladder_v2_source_only_v1/nh2kn/alpha_0.50/heart_attack_history/seed_50/metrics.json,Existing scientific record; see category index
robustness/interaction,experiments/crta_v3_stage_source_ladder_v2_source_only_v1/nh2kn/alpha_0.50/heart_attack_history/seed_51/metrics.json,Existing scientific record; see category index
robustness/interaction,experiments/crta_v3_stage_source_ladder_v2_source_only_v1/nh2kn/alpha_0.50/heart_attack_history/seed_52/metrics.json,Existing scientific record; see category index
robustness/interaction,experiments/crta_v3_stage_source_ladder_v2_source_only_v1/nh2kn/alpha_0.50/heart_attack_history/seed_53/metrics.json,Existing scientific record; see category index
robustness/interaction,experiments/crta_v3_stage_source_ladder_v2_source_only_v1/nh2kn/alpha_0.50/heart_attack_history/seed_54/metrics.json,Existing scientific record; see category index
robustness/interaction,experiments/crta_v3_stage_source_ladder_v2_source_only_v1/nh2kn/alpha_0.50/heart_attack_history/seed_55/metrics.json,Existing scientific record; see category index
robustness/interaction,experiments/crta_v3_stage_source_ladder_v2_source_only_v1/nh2kn/alpha_0.50/heart_attack_history/seed_56/metrics.json,Existing scientific record; see category index
robustness/interaction,experiments/crta_v3_stage_source_ladder_v2_source_only_v1/nh2kn/alpha_0.50/heart_attack_history/seed_57/metrics.json,Existing scientific record; see category index
robustness/interaction,experiments/crta_v3_stage_source_ladder_v2_source_only_v1/nh2kn/alpha_0.50/heart_attack_history/seed_58/metrics.json,Existing scientific record; see category index
robustness/interaction,experiments/crta_v3_stage_source_ladder_v2_source_only_v1/nh2kn/alpha_0.50/heart_attack_history/seed_59/metrics.json,Existing scientific record; see category index
robustness/interaction,experiments/crta_v3_stage_source_ladder_v2_source_only_v1/nh2kn/alpha_0.50/hypertension_history/seed_50/metrics.json,Existing scientific record; see category index
robustness/interaction,experiments/crta_v3_stage_source_ladder_v2_source_only_v1/nh2kn/alpha_0.50/hypertension_history/seed_51/metrics.json,Existing scientific record; see category index
robustness/interaction,experiments/crta_v3_stage_source_ladder_v2_source_only_v1/nh2kn/alpha_0.50/hypertension_history/seed_52/metrics.json,Existing scientific record; see category index
robustness/interaction,experiments/crta_v3_stage_source_ladder_v2_source_only_v1/nh2kn/alpha_0.50/hypertension_history/seed_53/metrics.json,Existing scientific record; see category index
robustness/interaction,experiments/crta_v3_stage_source_ladder_v2_source_only_v1/nh2kn/alpha_0.50/hypertension_history/seed_54/metrics.json,Existing scientific record; see category index
robustness/interaction,experiments/crta_v3_stage_source_ladder_v2_source_only_v1/nh2kn/alpha_0.50/hypertension_history/seed_55/metrics.json,Existing scientific record; see category index
robustness/interaction,experiments/crta_v3_stage_source_ladder_v2_source_only_v1/nh2kn/alpha_0.50/hypertension_history/seed_56/metrics.json,Existing scientific record; see category index
robustness/interaction,experiments/crta_v3_stage_source_ladder_v2_source_only_v1/nh2kn/alpha_0.50/hypertension_history/seed_57/metrics.json,Existing scientific record; see category index
robustness/interaction,experiments/crta_v3_stage_source_ladder_v2_source_only_v1/nh2kn/alpha_0.50/hypertension_history/seed_58/metrics.json,Existing scientific record; see category index
robustness/interaction,experiments/crta_v3_stage_source_ladder_v2_source_only_v1/nh2kn/alpha_0.50/hypertension_history/seed_59/metrics.json,Existing scientific record; see category index
robustness/interaction,experiments/crta_v3_stage_source_ladder_v2_source_only_v1/nh2kn/alpha_0.50/kidney_disease_history/seed_50/metrics.json,Existing scientific record; see category index
robustness/interaction,experiments/crta_v3_stage_source_ladder_v2_source_only_v1/nh2kn/alpha_0.50/kidney_disease_history/seed_51/metrics.json,Existing scientific record; see category index
robustness/interaction,experiments/crta_v3_stage_source_ladder_v2_source_only_v1/nh2kn/alpha_0.50/kidney_disease_history/seed_52/metrics.json,Existing scientific record; see category index
robustness/interaction,experiments/crta_v3_stage_source_ladder_v2_source_only_v1/nh2kn/alpha_0.50/kidney_disease_history/seed_53/metrics.json,Existing scientific record; see category index
robustness/interaction,experiments/crta_v3_stage_source_ladder_v2_source_only_v1/nh2kn/alpha_0.50/kidney_disease_history/seed_54/metrics.json,Existing scientific record; see category index
robustness/interaction,experiments/crta_v3_stage_source_ladder_v2_source_only_v1/nh2kn/alpha_0.50/kidney_disease_history/seed_55/metrics.json,Existing scientific record; see category index
robustness/interaction,experiments/crta_v3_stage_source_ladder_v2_source_only_v1/nh2kn/alpha_0.50/kidney_disease_history/seed_56/metrics.json,Existing scientific record; see category index
robustness/interaction,experiments/crta_v3_stage_source_ladder_v2_source_only_v1/nh2kn/alpha_0.50/kidney_disease_history/seed_57/metrics.json,Existing scientific record; see category index
robustness/interaction,experiments/crta_v3_stage_source_ladder_v2_source_only_v1/nh2kn/alpha_0.50/kidney_disease_history/seed_58/metrics.json,Existing scientific record; see category index
robustness/interaction,experiments/crta_v3_stage_source_ladder_v2_source_only_v1/nh2kn/alpha_0.50/kidney_disease_history/seed_59/metrics.json,Existing scientific record; see category index
robustness/interaction,experiments/crta_v3_stage_source_ladder_v2_source_only_v1/nh2kn/alpha_0.50/stroke_history/seed_50/metrics.json,Existing scientific record; see category index
robustness/interaction,experiments/crta_v3_stage_source_ladder_v2_source_only_v1/nh2kn/alpha_0.50/stroke_history/seed_51/metrics.json,Existing scientific record; see category index
robustness/interaction,experiments/crta_v3_stage_source_ladder_v2_source_only_v1/nh2kn/alpha_0.50/stroke_history/seed_52/metrics.json,Existing scientific record; see category index
robustness/interaction,experiments/crta_v3_stage_source_ladder_v2_source_only_v1/nh2kn/alpha_0.50/stroke_history/seed_53/metrics.json,Existing scientific record; see category index
robustness/interaction,experiments/crta_v3_stage_source_ladder_v2_source_only_v1/nh2kn/alpha_0.50/stroke_history/seed_54/metrics.json,Existing scientific record; see category index
robustness/interaction,experiments/crta_v3_stage_source_ladder_v2_source_only_v1/nh2kn/alpha_0.50/stroke_history/seed_55/metrics.json,Existing scientific record; see category index
robustness/interaction,experiments/crta_v3_stage_source_ladder_v2_source_only_v1/nh2kn/alpha_0.50/stroke_history/seed_56/metrics.json,Existing scientific record; see category index
robustness/interaction,experiments/crta_v3_stage_source_ladder_v2_source_only_v1/nh2kn/alpha_0.50/stroke_history/seed_57/metrics.json,Existing scientific record; see category index
robustness/interaction,experiments/crta_v3_stage_source_ladder_v2_source_only_v1/nh2kn/alpha_0.50/stroke_history/seed_58/metrics.json,Existing scientific record; see category index
robustness/interaction,experiments/crta_v3_stage_source_ladder_v2_source_only_v1/nh2kn/alpha_0.50/stroke_history/seed_59/metrics.json,Existing scientific record; see category index
robustness/interaction,experiments/crta_v3_stage_source_ladder_v2_source_only_v1/nh2kn/alpha_0.75/PERMUTATION_AUDIT_V1.json,Existing scientific record; see category index
robustness/interaction,experiments/crta_v3_stage_source_ladder_v2_source_only_v1/nh2kn/alpha_0.75/angina_history/seed_50/metrics.json,Existing scientific record; see category index
robustness/interaction,experiments/crta_v3_stage_source_ladder_v2_source_only_v1/nh2kn/alpha_0.75/angina_history/seed_51/metrics.json,Existing scientific record; see category index
robustness/interaction,experiments/crta_v3_stage_source_ladder_v2_source_only_v1/nh2kn/alpha_0.75/angina_history/seed_52/metrics.json,Existing scientific record; see category index
robustness/interaction,experiments/crta_v3_stage_source_ladder_v2_source_only_v1/nh2kn/alpha_0.75/angina_history/seed_53/metrics.json,Existing scientific record; see category index
robustness/interaction,experiments/crta_v3_stage_source_ladder_v2_source_only_v1/nh2kn/alpha_0.75/angina_history/seed_54/metrics.json,Existing scientific record; see category index
robustness/interaction,experiments/crta_v3_stage_source_ladder_v2_source_only_v1/nh2kn/alpha_0.75/angina_history/seed_55/metrics.json,Existing scientific record; see category index
robustness/interaction,experiments/crta_v3_stage_source_ladder_v2_source_only_v1/nh2kn/alpha_0.75/angina_history/seed_56/metrics.json,Existing scientific record; see category index
robustness/interaction,experiments/crta_v3_stage_source_ladder_v2_source_only_v1/nh2kn/alpha_0.75/angina_history/seed_57/metrics.json,Existing scientific record; see category index
robustness/interaction,experiments/crta_v3_stage_source_ladder_v2_source_only_v1/nh2kn/alpha_0.75/angina_history/seed_58/metrics.json,Existing scientific record; see category index
robustness/interaction,experiments/crta_v3_stage_source_ladder_v2_source_only_v1/nh2kn/alpha_0.75/angina_history/seed_59/metrics.json,Existing scientific record; see category index
robustness/interaction,experiments/crta_v3_stage_source_ladder_v2_source_only_v1/nh2kn/alpha_0.75/arthritis_history/seed_50/metrics.json,Existing scientific record; see category index
robustness/interaction,experiments/crta_v3_stage_source_ladder_v2_source_only_v1/nh2kn/alpha_0.75/arthritis_history/seed_51/metrics.json,Existing scientific record; see category index
robustness/interaction,experiments/crta_v3_stage_source_ladder_v2_source_only_v1/nh2kn/alpha_0.75/arthritis_history/seed_52/metrics.json,Existing scientific record; see category index
robustness/interaction,experiments/crta_v3_stage_source_ladder_v2_source_only_v1/nh2kn/alpha_0.75/arthritis_history/seed_53/metrics.json,Existing scientific record; see category index
robustness/interaction,experiments/crta_v3_stage_source_ladder_v2_source_only_v1/nh2kn/alpha_0.75/arthritis_history/seed_54/metrics.json,Existing scientific record; see category index
robustness/interaction,experiments/crta_v3_stage_source_ladder_v2_source_only_v1/nh2kn/alpha_0.75/arthritis_history/seed_55/metrics.json,Existing scientific record; see category index
robustness/interaction,experiments/crta_v3_stage_source_ladder_v2_source_only_v1/nh2kn/alpha_0.75/arthritis_history/seed_56/metrics.json,Existing scientific record; see category index
robustness/interaction,experiments/crta_v3_stage_source_ladder_v2_source_only_v1/nh2kn/alpha_0.75/arthritis_history/seed_57/metrics.json,Existing scientific record; see category index
robustness/interaction,experiments/crta_v3_stage_source_ladder_v2_source_only_v1/nh2kn/alpha_0.75/arthritis_history/seed_58/metrics.json,Existing scientific record; see category index
robustness/interaction,experiments/crta_v3_stage_source_ladder_v2_source_only_v1/nh2kn/alpha_0.75/arthritis_history/seed_59/metrics.json,Existing scientific record; see category index
robustness/interaction,experiments/crta_v3_stage_source_ladder_v2_source_only_v1/nh2kn/alpha_0.75/asthma_history/seed_50/metrics.json,Existing scientific record; see category index
robustness/interaction,experiments/crta_v3_stage_source_ladder_v2_source_only_v1/nh2kn/alpha_0.75/asthma_history/seed_51/metrics.json,Existing scientific record; see category index
robustness/interaction,experiments/crta_v3_stage_source_ladder_v2_source_only_v1/nh2kn/alpha_0.75/asthma_history/seed_52/metrics.json,Existing scientific record; see category index
robustness/interaction,experiments/crta_v3_stage_source_ladder_v2_source_only_v1/nh2kn/alpha_0.75/asthma_history/seed_53/metrics.json,Existing scientific record; see category index
robustness/interaction,experiments/crta_v3_stage_source_ladder_v2_source_only_v1/nh2kn/alpha_0.75/asthma_history/seed_54/metrics.json,Existing scientific record; see category index
robustness/interaction,experiments/crta_v3_stage_source_ladder_v2_source_only_v1/nh2kn/alpha_0.75/asthma_history/seed_55/metrics.json,Existing scientific record; see category index
robustness/interaction,experiments/crta_v3_stage_source_ladder_v2_source_only_v1/nh2kn/alpha_0.75/asthma_history/seed_56/metrics.json,Existing scientific record; see category index
robustness/interaction,experiments/crta_v3_stage_source_ladder_v2_source_only_v1/nh2kn/alpha_0.75/asthma_history/seed_57/metrics.json,Existing scientific record; see category index
robustness/interaction,experiments/crta_v3_stage_source_ladder_v2_source_only_v1/nh2kn/alpha_0.75/asthma_history/seed_58/metrics.json,Existing scientific record; see category index
robustness/interaction,experiments/crta_v3_stage_source_ladder_v2_source_only_v1/nh2kn/alpha_0.75/asthma_history/seed_59/metrics.json,Existing scientific record; see category index
robustness/interaction,experiments/crta_v3_stage_source_ladder_v2_source_only_v1/nh2kn/alpha_0.75/cancer_history/seed_50/metrics.json,Existing scientific record; see category index
robustness/interaction,experiments/crta_v3_stage_source_ladder_v2_source_only_v1/nh2kn/alpha_0.75/cancer_history/seed_51/metrics.json,Existing scientific record; see category index
robustness/interaction,experiments/crta_v3_stage_source_ladder_v2_source_only_v1/nh2kn/alpha_0.75/cancer_history/seed_52/metrics.json,Existing scientific record; see category index
robustness/interaction,experiments/crta_v3_stage_source_ladder_v2_source_only_v1/nh2kn/alpha_0.75/cancer_history/seed_53/metrics.json,Existing scientific record; see category index
robustness/interaction,experiments/crta_v3_stage_source_ladder_v2_source_only_v1/nh2kn/alpha_0.75/cancer_history/seed_54/metrics.json,Existing scientific record; see category index
robustness/interaction,experiments/crta_v3_stage_source_ladder_v2_source_only_v1/nh2kn/alpha_0.75/cancer_history/seed_55/metrics.json,Existing scientific record; see category index
robustness/interaction,experiments/crta_v3_stage_source_ladder_v2_source_only_v1/nh2kn/alpha_0.75/cancer_history/seed_56/metrics.json,Existing scientific record; see category index
robustness/interaction,experiments/crta_v3_stage_source_ladder_v2_source_only_v1/nh2kn/alpha_0.75/cancer_history/seed_57/metrics.json,Existing scientific record; see category index
robustness/interaction,experiments/crta_v3_stage_source_ladder_v2_source_only_v1/nh2kn/alpha_0.75/cancer_history/seed_58/metrics.json,Existing scientific record; see category index
robustness/interaction,experiments/crta_v3_stage_source_ladder_v2_source_only_v1/nh2kn/alpha_0.75/cancer_history/seed_59/metrics.json,Existing scientific record; see category index
robustness/interaction,experiments/crta_v3_stage_source_ladder_v2_source_only_v1/nh2kn/alpha_0.75/current_smoking_status/seed_50/metrics.json,Existing scientific record; see category index
robustness/interaction,experiments/crta_v3_stage_source_ladder_v2_source_only_v1/nh2kn/alpha_0.75/current_smoking_status/seed_51/metrics.json,Existing scientific record; see category index
robustness/interaction,experiments/crta_v3_stage_source_ladder_v2_source_only_v1/nh2kn/alpha_0.75/current_smoking_status/seed_52/metrics.json,Existing scientific record; see category index
robustness/interaction,experiments/crta_v3_stage_source_ladder_v2_source_only_v1/nh2kn/alpha_0.75/current_smoking_status/seed_53/metrics.json,Existing scientific record; see category index
robustness/interaction,experiments/crta_v3_stage_source_ladder_v2_source_only_v1/nh2kn/alpha_0.75/current_smoking_status/seed_54/metrics.json,Existing scientific record; see category index
robustness/interaction,experiments/crta_v3_stage_source_ladder_v2_source_only_v1/nh2kn/alpha_0.75/current_smoking_status/seed_55/metrics.json,Existing scientific record; see category index
robustness/interaction,experiments/crta_v3_stage_source_ladder_v2_source_only_v1/nh2kn/alpha_0.75/current_smoking_status/seed_56/metrics.json,Existing scientific record; see category index
robustness/interaction,experiments/crta_v3_stage_source_ladder_v2_source_only_v1/nh2kn/alpha_0.75/current_smoking_status/seed_57/metrics.json,Existing scientific record; see category index
robustness/interaction,experiments/crta_v3_stage_source_ladder_v2_source_only_v1/nh2kn/alpha_0.75/current_smoking_status/seed_58/metrics.json,Existing scientific record; see category index
robustness/interaction,experiments/crta_v3_stage_source_ladder_v2_source_only_v1/nh2kn/alpha_0.75/current_smoking_status/seed_59/metrics.json,Existing scientific record; see category index
robustness/interaction,experiments/crta_v3_stage_source_ladder_v2_source_only_v1/nh2kn/alpha_0.75/diabetes_history/seed_50/metrics.json,Existing scientific record; see category index
robustness/interaction,experiments/crta_v3_stage_source_ladder_v2_source_only_v1/nh2kn/alpha_0.75/diabetes_history/seed_51/metrics.json,Existing scientific record; see category index
robustness/interaction,experiments/crta_v3_stage_source_ladder_v2_source_only_v1/nh2kn/alpha_0.75/diabetes_history/seed_52/metrics.json,Existing scientific record; see category index
robustness/interaction,experiments/crta_v3_stage_source_ladder_v2_source_only_v1/nh2kn/alpha_0.75/diabetes_history/seed_53/metrics.json,Existing scientific record; see category index
robustness/interaction,experiments/crta_v3_stage_source_ladder_v2_source_only_v1/nh2kn/alpha_0.75/diabetes_history/seed_54/metrics.json,Existing scientific record; see category index
robustness/interaction,experiments/crta_v3_stage_source_ladder_v2_source_only_v1/nh2kn/alpha_0.75/diabetes_history/seed_55/metrics.json,Existing scientific record; see category index
robustness/interaction,experiments/crta_v3_stage_source_ladder_v2_source_only_v1/nh2kn/alpha_0.75/diabetes_history/seed_56/metrics.json,Existing scientific record; see category index
robustness/interaction,experiments/crta_v3_stage_source_ladder_v2_source_only_v1/nh2kn/alpha_0.75/diabetes_history/seed_57/metrics.json,Existing scientific record; see category index
robustness/interaction,experiments/crta_v3_stage_source_ladder_v2_source_only_v1/nh2kn/alpha_0.75/diabetes_history/seed_58/metrics.json,Existing scientific record; see category index
robustness/interaction,experiments/crta_v3_stage_source_ladder_v2_source_only_v1/nh2kn/alpha_0.75/diabetes_history/seed_59/metrics.json,Existing scientific record; see category index
robustness/interaction,experiments/crta_v3_stage_source_ladder_v2_source_only_v1/nh2kn/alpha_0.75/heart_attack_history/seed_50/metrics.json,Existing scientific record; see category index
robustness/interaction,experiments/crta_v3_stage_source_ladder_v2_source_only_v1/nh2kn/alpha_0.75/heart_attack_history/seed_51/metrics.json,Existing scientific record; see category index
robustness/interaction,experiments/crta_v3_stage_source_ladder_v2_source_only_v1/nh2kn/alpha_0.75/heart_attack_history/seed_52/metrics.json,Existing scientific record; see category index
robustness/interaction,experiments/crta_v3_stage_source_ladder_v2_source_only_v1/nh2kn/alpha_0.75/heart_attack_history/seed_53/metrics.json,Existing scientific record; see category index
robustness/interaction,experiments/crta_v3_stage_source_ladder_v2_source_only_v1/nh2kn/alpha_0.75/heart_attack_history/seed_54/metrics.json,Existing scientific record; see category index
robustness/interaction,experiments/crta_v3_stage_source_ladder_v2_source_only_v1/nh2kn/alpha_0.75/heart_attack_history/seed_55/metrics.json,Existing scientific record; see category index
robustness/interaction,experiments/crta_v3_stage_source_ladder_v2_source_only_v1/nh2kn/alpha_0.75/heart_attack_history/seed_56/metrics.json,Existing scientific record; see category index
robustness/interaction,experiments/crta_v3_stage_source_ladder_v2_source_only_v1/nh2kn/alpha_0.75/heart_attack_history/seed_57/metrics.json,Existing scientific record; see category index
robustness/interaction,experiments/crta_v3_stage_source_ladder_v2_source_only_v1/nh2kn/alpha_0.75/heart_attack_history/seed_58/metrics.json,Existing scientific record; see category index
robustness/interaction,experiments/crta_v3_stage_source_ladder_v2_source_only_v1/nh2kn/alpha_0.75/heart_attack_history/seed_59/metrics.json,Existing scientific record; see category index
robustness/interaction,experiments/crta_v3_stage_source_ladder_v2_source_only_v1/nh2kn/alpha_0.75/hypertension_history/seed_50/metrics.json,Existing scientific record; see category index
robustness/interaction,experiments/crta_v3_stage_source_ladder_v2_source_only_v1/nh2kn/alpha_0.75/hypertension_history/seed_51/metrics.json,Existing scientific record; see category index
robustness/interaction,experiments/crta_v3_stage_source_ladder_v2_source_only_v1/nh2kn/alpha_0.75/hypertension_history/seed_52/metrics.json,Existing scientific record; see category index
robustness/interaction,experiments/crta_v3_stage_source_ladder_v2_source_only_v1/nh2kn/alpha_0.75/hypertension_history/seed_53/metrics.json,Existing scientific record; see category index
robustness/interaction,experiments/crta_v3_stage_source_ladder_v2_source_only_v1/nh2kn/alpha_0.75/hypertension_history/seed_54/metrics.json,Existing scientific record; see category index
robustness/interaction,experiments/crta_v3_stage_source_ladder_v2_source_only_v1/nh2kn/alpha_0.75/hypertension_history/seed_55/metrics.json,Existing scientific record; see category index
robustness/interaction,experiments/crta_v3_stage_source_ladder_v2_source_only_v1/nh2kn/alpha_0.75/hypertension_history/seed_56/metrics.json,Existing scientific record; see category index
robustness/interaction,experiments/crta_v3_stage_source_ladder_v2_source_only_v1/nh2kn/alpha_0.75/hypertension_history/seed_57/metrics.json,Existing scientific record; see category index
robustness/interaction,experiments/crta_v3_stage_source_ladder_v2_source_only_v1/nh2kn/alpha_0.75/hypertension_history/seed_58/metrics.json,Existing scientific record; see category index
robustness/interaction,experiments/crta_v3_stage_source_ladder_v2_source_only_v1/nh2kn/alpha_0.75/hypertension_history/seed_59/metrics.json,Existing scientific record; see category index
robustness/interaction,experiments/crta_v3_stage_source_ladder_v2_source_only_v1/nh2kn/alpha_0.75/kidney_disease_history/seed_50/metrics.json,Existing scientific record; see category index
robustness/interaction,experiments/crta_v3_stage_source_ladder_v2_source_only_v1/nh2kn/alpha_0.75/kidney_disease_history/seed_51/metrics.json,Existing scientific record; see category index
robustness/interaction,experiments/crta_v3_stage_source_ladder_v2_source_only_v1/nh2kn/alpha_0.75/kidney_disease_history/seed_52/metrics.json,Existing scientific record; see category index
robustness/interaction,experiments/crta_v3_stage_source_ladder_v2_source_only_v1/nh2kn/alpha_0.75/kidney_disease_history/seed_53/metrics.json,Existing scientific record; see category index
robustness/interaction,experiments/crta_v3_stage_source_ladder_v2_source_only_v1/nh2kn/alpha_0.75/kidney_disease_history/seed_54/metrics.json,Existing scientific record; see category index
robustness/interaction,experiments/crta_v3_stage_source_ladder_v2_source_only_v1/nh2kn/alpha_0.75/kidney_disease_history/seed_55/metrics.json,Existing scientific record; see category index
robustness/interaction,experiments/crta_v3_stage_source_ladder_v2_source_only_v1/nh2kn/alpha_0.75/kidney_disease_history/seed_56/metrics.json,Existing scientific record; see category index
robustness/interaction,experiments/crta_v3_stage_source_ladder_v2_source_only_v1/nh2kn/alpha_0.75/kidney_disease_history/seed_57/metrics.json,Existing scientific record; see category index
robustness/interaction,experiments/crta_v3_stage_source_ladder_v2_source_only_v1/nh2kn/alpha_0.75/kidney_disease_history/seed_58/metrics.json,Existing scientific record; see category index
robustness/interaction,experiments/crta_v3_stage_source_ladder_v2_source_only_v1/nh2kn/alpha_0.75/kidney_disease_history/seed_59/metrics.json,Existing scientific record; see category index
robustness/interaction,experiments/crta_v3_stage_source_ladder_v2_source_only_v1/nh2kn/alpha_0.75/stroke_history/seed_50/metrics.json,Existing scientific record; see category index
robustness/interaction,experiments/crta_v3_stage_source_ladder_v2_source_only_v1/nh2kn/alpha_0.75/stroke_history/seed_51/metrics.json,Existing scientific record; see category index
robustness/interaction,experiments/crta_v3_stage_source_ladder_v2_source_only_v1/nh2kn/alpha_0.75/stroke_history/seed_52/metrics.json,Existing scientific record; see category index
robustness/interaction,experiments/crta_v3_stage_source_ladder_v2_source_only_v1/nh2kn/alpha_0.75/stroke_history/seed_53/metrics.json,Existing scientific record; see category index
robustness/interaction,experiments/crta_v3_stage_source_ladder_v2_source_only_v1/nh2kn/alpha_0.75/stroke_history/seed_54/metrics.json,Existing scientific record; see category index
robustness/interaction,experiments/crta_v3_stage_source_ladder_v2_source_only_v1/nh2kn/alpha_0.75/stroke_history/seed_55/metrics.json,Existing scientific record; see category index
robustness/interaction,experiments/crta_v3_stage_source_ladder_v2_source_only_v1/nh2kn/alpha_0.75/stroke_history/seed_56/metrics.json,Existing scientific record; see category index
robustness/interaction,experiments/crta_v3_stage_source_ladder_v2_source_only_v1/nh2kn/alpha_0.75/stroke_history/seed_57/metrics.json,Existing scientific record; see category index
robustness/interaction,experiments/crta_v3_stage_source_ladder_v2_source_only_v1/nh2kn/alpha_0.75/stroke_history/seed_58/metrics.json,Existing scientific record; see category index
robustness/interaction,experiments/crta_v3_stage_source_ladder_v2_source_only_v1/nh2kn/alpha_0.75/stroke_history/seed_59/metrics.json,Existing scientific record; see category index
robustness/interaction,experiments/crta_v3_stage_source_ladder_v2_source_only_v1/nh2kn/alpha_1.00/PERMUTATION_AUDIT_V1.json,Existing scientific record; see category index
robustness/interaction,experiments/crta_v3_stage_source_ladder_v2_source_only_v1/nh2kn/alpha_1.00/angina_history/seed_50/metrics.json,Existing scientific record; see category index
robustness/interaction,experiments/crta_v3_stage_source_ladder_v2_source_only_v1/nh2kn/alpha_1.00/angina_history/seed_51/metrics.json,Existing scientific record; see category index
robustness/interaction,experiments/crta_v3_stage_source_ladder_v2_source_only_v1/nh2kn/alpha_1.00/angina_history/seed_52/metrics.json,Existing scientific record; see category index
robustness/interaction,experiments/crta_v3_stage_source_ladder_v2_source_only_v1/nh2kn/alpha_1.00/angina_history/seed_53/metrics.json,Existing scientific record; see category index
robustness/interaction,experiments/crta_v3_stage_source_ladder_v2_source_only_v1/nh2kn/alpha_1.00/angina_history/seed_54/metrics.json,Existing scientific record; see category index
robustness/interaction,experiments/crta_v3_stage_source_ladder_v2_source_only_v1/nh2kn/alpha_1.00/angina_history/seed_55/metrics.json,Existing scientific record; see category index
robustness/interaction,experiments/crta_v3_stage_source_ladder_v2_source_only_v1/nh2kn/alpha_1.00/angina_history/seed_56/metrics.json,Existing scientific record; see category index
robustness/interaction,experiments/crta_v3_stage_source_ladder_v2_source_only_v1/nh2kn/alpha_1.00/angina_history/seed_57/metrics.json,Existing scientific record; see category index
robustness/interaction,experiments/crta_v3_stage_source_ladder_v2_source_only_v1/nh2kn/alpha_1.00/angina_history/seed_58/metrics.json,Existing scientific record; see category index
robustness/interaction,experiments/crta_v3_stage_source_ladder_v2_source_only_v1/nh2kn/alpha_1.00/angina_history/seed_59/metrics.json,Existing scientific record; see category index
robustness/interaction,experiments/crta_v3_stage_source_ladder_v2_source_only_v1/nh2kn/alpha_1.00/arthritis_history/seed_50/metrics.json,Existing scientific record; see category index
robustness/interaction,experiments/crta_v3_stage_source_ladder_v2_source_only_v1/nh2kn/alpha_1.00/arthritis_history/seed_51/metrics.json,Existing scientific record; see category index
robustness/interaction,experiments/crta_v3_stage_source_ladder_v2_source_only_v1/nh2kn/alpha_1.00/arthritis_history/seed_52/metrics.json,Existing scientific record; see category index
robustness/interaction,experiments/crta_v3_stage_source_ladder_v2_source_only_v1/nh2kn/alpha_1.00/arthritis_history/seed_53/metrics.json,Existing scientific record; see category index
robustness/interaction,experiments/crta_v3_stage_source_ladder_v2_source_only_v1/nh2kn/alpha_1.00/arthritis_history/seed_54/metrics.json,Existing scientific record; see category index
robustness/interaction,experiments/crta_v3_stage_source_ladder_v2_source_only_v1/nh2kn/alpha_1.00/arthritis_history/seed_55/metrics.json,Existing scientific record; see category index
robustness/interaction,experiments/crta_v3_stage_source_ladder_v2_source_only_v1/nh2kn/alpha_1.00/arthritis_history/seed_56/metrics.json,Existing scientific record; see category index
robustness/interaction,experiments/crta_v3_stage_source_ladder_v2_source_only_v1/nh2kn/alpha_1.00/arthritis_history/seed_57/metrics.json,Existing scientific record; see category index
robustness/interaction,experiments/crta_v3_stage_source_ladder_v2_source_only_v1/nh2kn/alpha_1.00/arthritis_history/seed_58/metrics.json,Existing scientific record; see category index
robustness/interaction,experiments/crta_v3_stage_source_ladder_v2_source_only_v1/nh2kn/alpha_1.00/arthritis_history/seed_59/metrics.json,Existing scientific record; see category index
robustness/interaction,experiments/crta_v3_stage_source_ladder_v2_source_only_v1/nh2kn/alpha_1.00/asthma_history/seed_50/metrics.json,Existing scientific record; see category index
robustness/interaction,experiments/crta_v3_stage_source_ladder_v2_source_only_v1/nh2kn/alpha_1.00/asthma_history/seed_51/metrics.json,Existing scientific record; see category index
robustness/interaction,experiments/crta_v3_stage_source_ladder_v2_source_only_v1/nh2kn/alpha_1.00/asthma_history/seed_52/metrics.json,Existing scientific record; see category index
robustness/interaction,experiments/crta_v3_stage_source_ladder_v2_source_only_v1/nh2kn/alpha_1.00/asthma_history/seed_53/metrics.json,Existing scientific record; see category index
robustness/interaction,experiments/crta_v3_stage_source_ladder_v2_source_only_v1/nh2kn/alpha_1.00/asthma_history/seed_54/metrics.json,Existing scientific record; see category index
robustness/interaction,experiments/crta_v3_stage_source_ladder_v2_source_only_v1/nh2kn/alpha_1.00/asthma_history/seed_55/metrics.json,Existing scientific record; see category index
robustness/interaction,experiments/crta_v3_stage_source_ladder_v2_source_only_v1/nh2kn/alpha_1.00/asthma_history/seed_56/metrics.json,Existing scientific record; see category index
robustness/interaction,experiments/crta_v3_stage_source_ladder_v2_source_only_v1/nh2kn/alpha_1.00/asthma_history/seed_57/metrics.json,Existing scientific record; see category index
robustness/interaction,experiments/crta_v3_stage_source_ladder_v2_source_only_v1/nh2kn/alpha_1.00/asthma_history/seed_58/metrics.json,Existing scientific record; see category index
robustness/interaction,experiments/crta_v3_stage_source_ladder_v2_source_only_v1/nh2kn/alpha_1.00/asthma_history/seed_59/metrics.json,Existing scientific record; see category index
robustness/interaction,experiments/crta_v3_stage_source_ladder_v2_source_only_v1/nh2kn/alpha_1.00/cancer_history/seed_50/metrics.json,Existing scientific record; see category index
robustness/interaction,experiments/crta_v3_stage_source_ladder_v2_source_only_v1/nh2kn/alpha_1.00/cancer_history/seed_51/metrics.json,Existing scientific record; see category index
robustness/interaction,experiments/crta_v3_stage_source_ladder_v2_source_only_v1/nh2kn/alpha_1.00/cancer_history/seed_52/metrics.json,Existing scientific record; see category index
robustness/interaction,experiments/crta_v3_stage_source_ladder_v2_source_only_v1/nh2kn/alpha_1.00/cancer_history/seed_53/metrics.json,Existing scientific record; see category index
robustness/interaction,experiments/crta_v3_stage_source_ladder_v2_source_only_v1/nh2kn/alpha_1.00/cancer_history/seed_54/metrics.json,Existing scientific record; see category index
robustness/interaction,experiments/crta_v3_stage_source_ladder_v2_source_only_v1/nh2kn/alpha_1.00/cancer_history/seed_55/metrics.json,Existing scientific record; see category index
robustness/interaction,experiments/crta_v3_stage_source_ladder_v2_source_only_v1/nh2kn/alpha_1.00/cancer_history/seed_56/metrics.json,Existing scientific record; see category index
robustness/interaction,experiments/crta_v3_stage_source_ladder_v2_source_only_v1/nh2kn/alpha_1.00/cancer_history/seed_57/metrics.json,Existing scientific record; see category index
robustness/interaction,experiments/crta_v3_stage_source_ladder_v2_source_only_v1/nh2kn/alpha_1.00/cancer_history/seed_58/metrics.json,Existing scientific record; see category index
robustness/interaction,experiments/crta_v3_stage_source_ladder_v2_source_only_v1/nh2kn/alpha_1.00/cancer_history/seed_59/metrics.json,Existing scientific record; see category index
robustness/interaction,experiments/crta_v3_stage_source_ladder_v2_source_only_v1/nh2kn/alpha_1.00/current_smoking_status/seed_50/metrics.json,Existing scientific record; see category index
robustness/interaction,experiments/crta_v3_stage_source_ladder_v2_source_only_v1/nh2kn/alpha_1.00/current_smoking_status/seed_51/metrics.json,Existing scientific record; see category index
robustness/interaction,experiments/crta_v3_stage_source_ladder_v2_source_only_v1/nh2kn/alpha_1.00/current_smoking_status/seed_52/metrics.json,Existing scientific record; see category index
robustness/interaction,experiments/crta_v3_stage_source_ladder_v2_source_only_v1/nh2kn/alpha_1.00/current_smoking_status/seed_53/metrics.json,Existing scientific record; see category index
robustness/interaction,experiments/crta_v3_stage_source_ladder_v2_source_only_v1/nh2kn/alpha_1.00/current_smoking_status/seed_54/metrics.json,Existing scientific record; see category index
robustness/interaction,experiments/crta_v3_stage_source_ladder_v2_source_only_v1/nh2kn/alpha_1.00/current_smoking_status/seed_55/metrics.json,Existing scientific record; see category index
robustness/interaction,experiments/crta_v3_stage_source_ladder_v2_source_only_v1/nh2kn/alpha_1.00/current_smoking_status/seed_56/metrics.json,Existing scientific record; see category index
robustness/interaction,experiments/crta_v3_stage_source_ladder_v2_source_only_v1/nh2kn/alpha_1.00/current_smoking_status/seed_57/metrics.json,Existing scientific record; see category index
robustness/interaction,experiments/crta_v3_stage_source_ladder_v2_source_only_v1/nh2kn/alpha_1.00/current_smoking_status/seed_58/metrics.json,Existing scientific record; see category index
robustness/interaction,experiments/crta_v3_stage_source_ladder_v2_source_only_v1/nh2kn/alpha_1.00/current_smoking_status/seed_59/metrics.json,Existing scientific record; see category index
robustness/interaction,experiments/crta_v3_stage_source_ladder_v2_source_only_v1/nh2kn/alpha_1.00/diabetes_history/seed_50/metrics.json,Existing scientific record; see category index
robustness/interaction,experiments/crta_v3_stage_source_ladder_v2_source_only_v1/nh2kn/alpha_1.00/diabetes_history/seed_51/metrics.json,Existing scientific record; see category index
robustness/interaction,experiments/crta_v3_stage_source_ladder_v2_source_only_v1/nh2kn/alpha_1.00/diabetes_history/seed_52/metrics.json,Existing scientific record; see category index
robustness/interaction,experiments/crta_v3_stage_source_ladder_v2_source_only_v1/nh2kn/alpha_1.00/diabetes_history/seed_53/metrics.json,Existing scientific record; see category index
robustness/interaction,experiments/crta_v3_stage_source_ladder_v2_source_only_v1/nh2kn/alpha_1.00/diabetes_history/seed_54/metrics.json,Existing scientific record; see category index
robustness/interaction,experiments/crta_v3_stage_source_ladder_v2_source_only_v1/nh2kn/alpha_1.00/diabetes_history/seed_55/metrics.json,Existing scientific record; see category index
robustness/interaction,experiments/crta_v3_stage_source_ladder_v2_source_only_v1/nh2kn/alpha_1.00/diabetes_history/seed_56/metrics.json,Existing scientific record; see category index
robustness/interaction,experiments/crta_v3_stage_source_ladder_v2_source_only_v1/nh2kn/alpha_1.00/diabetes_history/seed_57/metrics.json,Existing scientific record; see category index
robustness/interaction,experiments/crta_v3_stage_source_ladder_v2_source_only_v1/nh2kn/alpha_1.00/diabetes_history/seed_58/metrics.json,Existing scientific record; see category index
robustness/interaction,experiments/crta_v3_stage_source_ladder_v2_source_only_v1/nh2kn/alpha_1.00/diabetes_history/seed_59/metrics.json,Existing scientific record; see category index
robustness/interaction,experiments/crta_v3_stage_source_ladder_v2_source_only_v1/nh2kn/alpha_1.00/heart_attack_history/seed_50/metrics.json,Existing scientific record; see category index
robustness/interaction,experiments/crta_v3_stage_source_ladder_v2_source_only_v1/nh2kn/alpha_1.00/heart_attack_history/seed_51/metrics.json,Existing scientific record; see category index
robustness/interaction,experiments/crta_v3_stage_source_ladder_v2_source_only_v1/nh2kn/alpha_1.00/heart_attack_history/seed_52/metrics.json,Existing scientific record; see category index
robustness/interaction,experiments/crta_v3_stage_source_ladder_v2_source_only_v1/nh2kn/alpha_1.00/heart_attack_history/seed_53/metrics.json,Existing scientific record; see category index
robustness/interaction,experiments/crta_v3_stage_source_ladder_v2_source_only_v1/nh2kn/alpha_1.00/heart_attack_history/seed_54/metrics.json,Existing scientific record; see category index
robustness/interaction,experiments/crta_v3_stage_source_ladder_v2_source_only_v1/nh2kn/alpha_1.00/heart_attack_history/seed_55/metrics.json,Existing scientific record; see category index
robustness/interaction,experiments/crta_v3_stage_source_ladder_v2_source_only_v1/nh2kn/alpha_1.00/heart_attack_history/seed_56/metrics.json,Existing scientific record; see category index
robustness/interaction,experiments/crta_v3_stage_source_ladder_v2_source_only_v1/nh2kn/alpha_1.00/heart_attack_history/seed_57/metrics.json,Existing scientific record; see category index
robustness/interaction,experiments/crta_v3_stage_source_ladder_v2_source_only_v1/nh2kn/alpha_1.00/heart_attack_history/seed_58/metrics.json,Existing scientific record; see category index
robustness/interaction,experiments/crta_v3_stage_source_ladder_v2_source_only_v1/nh2kn/alpha_1.00/heart_attack_history/seed_59/metrics.json,Existing scientific record; see category index
robustness/interaction,experiments/crta_v3_stage_source_ladder_v2_source_only_v1/nh2kn/alpha_1.00/hypertension_history/seed_50/metrics.json,Existing scientific record; see category index
robustness/interaction,experiments/crta_v3_stage_source_ladder_v2_source_only_v1/nh2kn/alpha_1.00/hypertension_history/seed_51/metrics.json,Existing scientific record; see category index
robustness/interaction,experiments/crta_v3_stage_source_ladder_v2_source_only_v1/nh2kn/alpha_1.00/hypertension_history/seed_52/metrics.json,Existing scientific record; see category index
robustness/interaction,experiments/crta_v3_stage_source_ladder_v2_source_only_v1/nh2kn/alpha_1.00/hypertension_history/seed_53/metrics.json,Existing scientific record; see category index
robustness/interaction,experiments/crta_v3_stage_source_ladder_v2_source_only_v1/nh2kn/alpha_1.00/hypertension_history/seed_54/metrics.json,Existing scientific record; see category index
robustness/interaction,experiments/crta_v3_stage_source_ladder_v2_source_only_v1/nh2kn/alpha_1.00/hypertension_history/seed_55/metrics.json,Existing scientific record; see category index
robustness/interaction,experiments/crta_v3_stage_source_ladder_v2_source_only_v1/nh2kn/alpha_1.00/hypertension_history/seed_56/metrics.json,Existing scientific record; see category index
robustness/interaction,experiments/crta_v3_stage_source_ladder_v2_source_only_v1/nh2kn/alpha_1.00/hypertension_history/seed_57/metrics.json,Existing scientific record; see category index
robustness/interaction,experiments/crta_v3_stage_source_ladder_v2_source_only_v1/nh2kn/alpha_1.00/hypertension_history/seed_58/metrics.json,Existing scientific record; see category index
robustness/interaction,experiments/crta_v3_stage_source_ladder_v2_source_only_v1/nh2kn/alpha_1.00/hypertension_history/seed_59/metrics.json,Existing scientific record; see category index
robustness/interaction,experiments/crta_v3_stage_source_ladder_v2_source_only_v1/nh2kn/alpha_1.00/kidney_disease_history/seed_50/metrics.json,Existing scientific record; see category index
robustness/interaction,experiments/crta_v3_stage_source_ladder_v2_source_only_v1/nh2kn/alpha_1.00/kidney_disease_history/seed_51/metrics.json,Existing scientific record; see category index
robustness/interaction,experiments/crta_v3_stage_source_ladder_v2_source_only_v1/nh2kn/alpha_1.00/kidney_disease_history/seed_52/metrics.json,Existing scientific record; see category index
robustness/interaction,experiments/crta_v3_stage_source_ladder_v2_source_only_v1/nh2kn/alpha_1.00/kidney_disease_history/seed_53/metrics.json,Existing scientific record; see category index
robustness/interaction,experiments/crta_v3_stage_source_ladder_v2_source_only_v1/nh2kn/alpha_1.00/kidney_disease_history/seed_54/metrics.json,Existing scientific record; see category index
robustness/interaction,experiments/crta_v3_stage_source_ladder_v2_source_only_v1/nh2kn/alpha_1.00/kidney_disease_history/seed_55/metrics.json,Existing scientific record; see category index
robustness/interaction,experiments/crta_v3_stage_source_ladder_v2_source_only_v1/nh2kn/alpha_1.00/kidney_disease_history/seed_56/metrics.json,Existing scientific record; see category index
robustness/interaction,experiments/crta_v3_stage_source_ladder_v2_source_only_v1/nh2kn/alpha_1.00/kidney_disease_history/seed_57/metrics.json,Existing scientific record; see category index
robustness/interaction,experiments/crta_v3_stage_source_ladder_v2_source_only_v1/nh2kn/alpha_1.00/kidney_disease_history/seed_58/metrics.json,Existing scientific record; see category index
robustness/interaction,experiments/crta_v3_stage_source_ladder_v2_source_only_v1/nh2kn/alpha_1.00/kidney_disease_history/seed_59/metrics.json,Existing scientific record; see category index
robustness/interaction,experiments/crta_v3_stage_source_ladder_v2_source_only_v1/nh2kn/alpha_1.00/stroke_history/seed_50/metrics.json,Existing scientific record; see category index
robustness/interaction,experiments/crta_v3_stage_source_ladder_v2_source_only_v1/nh2kn/alpha_1.00/stroke_history/seed_51/metrics.json,Existing scientific record; see category index
robustness/interaction,experiments/crta_v3_stage_source_ladder_v2_source_only_v1/nh2kn/alpha_1.00/stroke_history/seed_52/metrics.json,Existing scientific record; see category index
robustness/interaction,experiments/crta_v3_stage_source_ladder_v2_source_only_v1/nh2kn/alpha_1.00/stroke_history/seed_53/metrics.json,Existing scientific record; see category index
robustness/interaction,experiments/crta_v3_stage_source_ladder_v2_source_only_v1/nh2kn/alpha_1.00/stroke_history/seed_54/metrics.json,Existing scientific record; see category index
robustness/interaction,experiments/crta_v3_stage_source_ladder_v2_source_only_v1/nh2kn/alpha_1.00/stroke_history/seed_55/metrics.json,Existing scientific record; see category index
robustness/interaction,experiments/crta_v3_stage_source_ladder_v2_source_only_v1/nh2kn/alpha_1.00/stroke_history/seed_56/metrics.json,Existing scientific record; see category index
robustness/interaction,experiments/crta_v3_stage_source_ladder_v2_source_only_v1/nh2kn/alpha_1.00/stroke_history/seed_57/metrics.json,Existing scientific record; see category index
robustness/interaction,experiments/crta_v3_stage_source_ladder_v2_source_only_v1/nh2kn/alpha_1.00/stroke_history/seed_58/metrics.json,Existing scientific record; see category index
robustness/interaction,experiments/crta_v3_stage_source_ladder_v2_source_only_v1/nh2kn/alpha_1.00/stroke_history/seed_59/metrics.json,Existing scientific record; see category index
robustness/interaction,reanalysis_20260903/A2_raw_interaction/README.md,Existing scientific record; see category index
robustness/interaction,reanalysis_20260903/A2_raw_interaction/analyze_raw_vs_folded.py,Existing scientific record; see category index
robustness/interaction,reanalysis_20260903/A2_raw_interaction/per_endpoint_direction.csv,Existing scientific record; see category index
robustness/interaction,reanalysis_20260903/A2_raw_interaction/raw_vs_folded_interaction.csv,Existing scientific record; see category index
robustness/interaction,reanalysis_20260903/A2_raw_interaction/summary.json,Existing scientific record; see category index
robustness/interaction,reanalysis_20260903/A5_mlp_absolute/README.md,Existing scientific record; see category index
robustness/interaction,reanalysis_20260903/A5_mlp_absolute/analyze_mlp_absolute.py,Existing scientific record; see category index
robustness/interaction,reanalysis_20260903/A5_mlp_absolute/contrasts.csv,Existing scientific record; see category index
robustness/interaction,reanalysis_20260903/A5_mlp_absolute/learner_comparisons.csv,Existing scientific record; see category index
robustness/interaction,reanalysis_20260903/A5_mlp_absolute/mlp_absolute_nmse.csv,Existing scientific record; see category index
robustness/interaction,reanalysis_20260903/A5_mlp_absolute/summary.json,Existing scientific record; see category index
robustness/interaction,reanalysis_20260903/A6_provenance/README.md,Existing scientific record; see category index
robustness/interaction,reanalysis_20260903/A6_provenance/audit_provenance.py,Existing scientific record; see category index
robustness/interaction,reanalysis_20260903/A6_provenance/coverage.json,Existing scientific record; see category index
robustness/interaction,reanalysis_20260903/A6_provenance/coverage_criterion.md,Existing scientific record; see category index
robustness/interaction,reanalysis_20260903/A6_provenance/provenance_timestamps.csv,Existing scientific record; see category index
robustness/interaction,reanalysis_20260903/A6_provenance/provenance_timestamps.json,Existing scientific record; see category index
robustness/interaction,reanalysis_20260903/FINAL_REANALYSIS_REPORT.md,Existing scientific record; see category index
robustness/interaction,reanalysis_20260903/artifact_inventory.md,Existing scientific record; see category index
robustness/interaction,robustness/interaction/README.md,Finalization record or reviewer verification output; see category README and REVISION_REPORT.md
