category,path,description
robustness/measurement,experiments/crta_v3_m1m2_layer_ladder_v1/MEASUREMENT_TABLE_V1.json,Existing scientific record; see category index
robustness/measurement,experiments/crta_v3_mcr_mismatch_dose_k512_extension_v1/SUMMARY_V1.json,Existing scientific record; see category index
robustness/measurement,experiments/crta_v3_mcr_mismatch_dose_k512_extension_v1/histgb/additive/r00/metrics.json,Existing scientific record; see category index
robustness/measurement,experiments/crta_v3_mcr_mismatch_dose_k512_extension_v1/histgb/additive/r01/metrics.json,Existing scientific record; see category index
robustness/measurement,experiments/crta_v3_mcr_mismatch_dose_k512_extension_v1/histgb/additive/r02/metrics.json,Existing scientific record; see category index
robustness/measurement,experiments/crta_v3_mcr_mismatch_dose_k512_extension_v1/histgb/additive/r03/metrics.json,Existing scientific record; see category index
robustness/measurement,experiments/crta_v3_mcr_mismatch_dose_k512_extension_v1/histgb/additive/r04/metrics.json,Existing scientific record; see category index
robustness/measurement,experiments/crta_v3_mcr_mismatch_dose_k512_extension_v1/histgb/additive/r05/metrics.json,Existing scientific record; see category index
robustness/measurement,experiments/crta_v3_mcr_mismatch_dose_k512_extension_v1/histgb/additive/r06/metrics.json,Existing scientific record; see category index
robustness/measurement,experiments/crta_v3_mcr_mismatch_dose_k512_extension_v1/histgb/additive/r07/metrics.json,Existing scientific record; see category index
robustness/measurement,experiments/crta_v3_mcr_mismatch_dose_k512_extension_v1/histgb/additive/r08/metrics.json,Existing scientific record; see category index
robustness/measurement,experiments/crta_v3_mcr_mismatch_dose_k512_extension_v1/histgb/additive/r09/metrics.json,Existing scientific record; see category index
robustness/measurement,experiments/crta_v3_mcr_mismatch_dose_k512_extension_v1/histgb/additive/r10/metrics.json,Existing scientific record; see category index
robustness/measurement,experiments/crta_v3_mcr_mismatch_dose_k512_extension_v1/histgb/additive/r11/metrics.json,Existing scientific record; see category index
robustness/measurement,experiments/crta_v3_mcr_mismatch_dose_k512_extension_v1/histgb/additive/r12/metrics.json,Existing scientific record; see category index
robustness/measurement,experiments/crta_v3_mcr_mismatch_dose_k512_extension_v1/histgb/additive/r13/metrics.json,Existing scientific record; see category index
robustness/measurement,experiments/crta_v3_mcr_mismatch_dose_k512_extension_v1/histgb/additive/r14/metrics.json,Existing scientific record; see category index
robustness/measurement,experiments/crta_v3_mcr_mismatch_dose_k512_extension_v1/histgb/additive/r15/metrics.json,Existing scientific record; see category index
robustness/measurement,experiments/crta_v3_mcr_mismatch_dose_k512_extension_v1/histgb/additive/r16/metrics.json,Existing scientific record; see category index
robustness/measurement,experiments/crta_v3_mcr_mismatch_dose_k512_extension_v1/histgb/additive/r17/metrics.json,Existing scientific record; see category index
robustness/measurement,experiments/crta_v3_mcr_mismatch_dose_k512_extension_v1/histgb/additive/r18/metrics.json,Existing scientific record; see category index
robustness/measurement,experiments/crta_v3_mcr_mismatch_dose_k512_extension_v1/histgb/additive/r19/metrics.json,Existing scientific record; see category index
robustness/measurement,experiments/crta_v3_mcr_mismatch_dose_k512_extension_v1/histgb/pairwise/r00/metrics.json,Existing scientific record; see category index
robustness/measurement,experiments/crta_v3_mcr_mismatch_dose_k512_extension_v1/histgb/pairwise/r01/metrics.json,Existing scientific record; see category index
robustness/measurement,experiments/crta_v3_mcr_mismatch_dose_k512_extension_v1/histgb/pairwise/r02/metrics.json,Existing scientific record; see category index
robustness/measurement,experiments/crta_v3_mcr_mismatch_dose_k512_extension_v1/histgb/pairwise/r03/metrics.json,Existing scientific record; see category index
robustness/measurement,experiments/crta_v3_mcr_mismatch_dose_k512_extension_v1/histgb/pairwise/r04/metrics.json,Existing scientific record; see category index
robustness/measurement,experiments/crta_v3_mcr_mismatch_dose_k512_extension_v1/histgb/pairwise/r05/metrics.json,Existing scientific record; see category index
robustness/measurement,experiments/crta_v3_mcr_mismatch_dose_k512_extension_v1/histgb/pairwise/r06/metrics.json,Existing scientific record; see category index
robustness/measurement,experiments/crta_v3_mcr_mismatch_dose_k512_extension_v1/histgb/pairwise/r07/metrics.json,Existing scientific record; see category index
robustness/measurement,experiments/crta_v3_mcr_mismatch_dose_k512_extension_v1/histgb/pairwise/r08/metrics.json,Existing scientific record; see category index
robustness/measurement,experiments/crta_v3_mcr_mismatch_dose_k512_extension_v1/histgb/pairwise/r09/metrics.json,Existing scientific record; see category index
robustness/measurement,experiments/crta_v3_mcr_mismatch_dose_k512_extension_v1/histgb/pairwise/r10/metrics.json,Existing scientific record; see category index
robustness/measurement,experiments/crta_v3_mcr_mismatch_dose_k512_extension_v1/histgb/pairwise/r11/metrics.json,Existing scientific record; see category index
robustness/measurement,experiments/crta_v3_mcr_mismatch_dose_k512_extension_v1/histgb/pairwise/r12/metrics.json,Existing scientific record; see category index
robustness/measurement,experiments/crta_v3_mcr_mismatch_dose_k512_extension_v1/histgb/pairwise/r13/metrics.json,Existing scientific record; see category index
robustness/measurement,experiments/crta_v3_mcr_mismatch_dose_k512_extension_v1/histgb/pairwise/r14/metrics.json,Existing scientific record; see category index
robustness/measurement,experiments/crta_v3_mcr_mismatch_dose_k512_extension_v1/histgb/pairwise/r15/metrics.json,Existing scientific record; see category index
robustness/measurement,experiments/crta_v3_mcr_mismatch_dose_k512_extension_v1/histgb/pairwise/r16/metrics.json,Existing scientific record; see category index
robustness/measurement,experiments/crta_v3_mcr_mismatch_dose_k512_extension_v1/histgb/pairwise/r17/metrics.json,Existing scientific record; see category index
robustness/measurement,experiments/crta_v3_mcr_mismatch_dose_k512_extension_v1/histgb/pairwise/r18/metrics.json,Existing scientific record; see category index
robustness/measurement,experiments/crta_v3_mcr_mismatch_dose_k512_extension_v1/histgb/pairwise/r19/metrics.json,Existing scientific record; see category index
robustness/measurement,experiments/crta_v3_mcr_mismatch_dose_k512_extension_v1/histgb/sparse/r00/metrics.json,Existing scientific record; see category index
robustness/measurement,experiments/crta_v3_mcr_mismatch_dose_k512_extension_v1/histgb/sparse/r01/metrics.json,Existing scientific record; see category index
robustness/measurement,experiments/crta_v3_mcr_mismatch_dose_k512_extension_v1/histgb/sparse/r02/metrics.json,Existing scientific record; see category index
robustness/measurement,experiments/crta_v3_mcr_mismatch_dose_k512_extension_v1/histgb/sparse/r03/metrics.json,Existing scientific record; see category index
robustness/measurement,experiments/crta_v3_mcr_mismatch_dose_k512_extension_v1/histgb/sparse/r04/metrics.json,Existing scientific record; see category index
robustness/measurement,experiments/crta_v3_mcr_mismatch_dose_k512_extension_v1/histgb/sparse/r05/metrics.json,Existing scientific record; see category index
robustness/measurement,experiments/crta_v3_mcr_mismatch_dose_k512_extension_v1/histgb/sparse/r06/metrics.json,Existing scientific record; see category index
robustness/measurement,experiments/crta_v3_mcr_mismatch_dose_k512_extension_v1/histgb/sparse/r07/metrics.json,Existing scientific record; see category index
robustness/measurement,experiments/crta_v3_mcr_mismatch_dose_k512_extension_v1/histgb/sparse/r08/metrics.json,Existing scientific record; see category index
robustness/measurement,experiments/crta_v3_mcr_mismatch_dose_k512_extension_v1/histgb/sparse/r09/metrics.json,Existing scientific record; see category index
robustness/measurement,experiments/crta_v3_mcr_mismatch_dose_k512_extension_v1/histgb/sparse/r10/metrics.json,Existing scientific record; see category index
robustness/measurement,experiments/crta_v3_mcr_mismatch_dose_k512_extension_v1/histgb/sparse/r11/metrics.json,Existing scientific record; see category index
robustness/measurement,experiments/crta_v3_mcr_mismatch_dose_k512_extension_v1/histgb/sparse/r12/metrics.json,Existing scientific record; see category index
robustness/measurement,experiments/crta_v3_mcr_mismatch_dose_k512_extension_v1/histgb/sparse/r13/metrics.json,Existing scientific record; see category index
robustness/measurement,experiments/crta_v3_mcr_mismatch_dose_k512_extension_v1/histgb/sparse/r14/metrics.json,Existing scientific record; see category index
robustness/measurement,experiments/crta_v3_mcr_mismatch_dose_k512_extension_v1/histgb/sparse/r15/metrics.json,Existing scientific record; see category index
robustness/measurement,experiments/crta_v3_mcr_mismatch_dose_k512_extension_v1/histgb/sparse/r16/metrics.json,Existing scientific record; see category index
robustness/measurement,experiments/crta_v3_mcr_mismatch_dose_k512_extension_v1/histgb/sparse/r17/metrics.json,Existing scientific record; see category index
robustness/measurement,experiments/crta_v3_mcr_mismatch_dose_k512_extension_v1/histgb/sparse/r18/metrics.json,Existing scientific record; see category index
robustness/measurement,experiments/crta_v3_mcr_mismatch_dose_k512_extension_v1/histgb/sparse/r19/metrics.json,Existing scientific record; see category index
robustness/measurement,experiments/crta_v3_mcr_mismatch_dose_k512_extension_v1/tabpfn/additive/r00/metrics.json,Existing scientific record; see category index
robustness/measurement,experiments/crta_v3_mcr_mismatch_dose_k512_extension_v1/tabpfn/additive/r01/metrics.json,Existing scientific record; see category index
robustness/measurement,experiments/crta_v3_mcr_mismatch_dose_k512_extension_v1/tabpfn/additive/r02/metrics.json,Existing scientific record; see category index
robustness/measurement,experiments/crta_v3_mcr_mismatch_dose_k512_extension_v1/tabpfn/additive/r03/metrics.json,Existing scientific record; see category index
robustness/measurement,experiments/crta_v3_mcr_mismatch_dose_k512_extension_v1/tabpfn/additive/r04/metrics.json,Existing scientific record; see category index
robustness/measurement,experiments/crta_v3_mcr_mismatch_dose_k512_extension_v1/tabpfn/additive/r05/metrics.json,Existing scientific record; see category index
robustness/measurement,experiments/crta_v3_mcr_mismatch_dose_k512_extension_v1/tabpfn/additive/r06/metrics.json,Existing scientific record; see category index
robustness/measurement,experiments/crta_v3_mcr_mismatch_dose_k512_extension_v1/tabpfn/additive/r07/metrics.json,Existing scientific record; see category index
robustness/measurement,experiments/crta_v3_mcr_mismatch_dose_k512_extension_v1/tabpfn/additive/r08/metrics.json,Existing scientific record; see category index
robustness/measurement,experiments/crta_v3_mcr_mismatch_dose_k512_extension_v1/tabpfn/additive/r09/metrics.json,Existing scientific record; see category index
robustness/measurement,experiments/crta_v3_mcr_mismatch_dose_k512_extension_v1/tabpfn/additive/r10/metrics.json,Existing scientific record; see category index
robustness/measurement,experiments/crta_v3_mcr_mismatch_dose_k512_extension_v1/tabpfn/additive/r11/metrics.json,Existing scientific record; see category index
robustness/measurement,experiments/crta_v3_mcr_mismatch_dose_k512_extension_v1/tabpfn/additive/r12/metrics.json,Existing scientific record; see category index
robustness/measurement,experiments/crta_v3_mcr_mismatch_dose_k512_extension_v1/tabpfn/additive/r13/metrics.json,Existing scientific record; see category index
robustness/measurement,experiments/crta_v3_mcr_mismatch_dose_k512_extension_v1/tabpfn/additive/r14/metrics.json,Existing scientific record; see category index
robustness/measurement,experiments/crta_v3_mcr_mismatch_dose_k512_extension_v1/tabpfn/additive/r15/metrics.json,Existing scientific record; see category index
robustness/measurement,experiments/crta_v3_mcr_mismatch_dose_k512_extension_v1/tabpfn/additive/r16/metrics.json,Existing scientific record; see category index
robustness/measurement,experiments/crta_v3_mcr_mismatch_dose_k512_extension_v1/tabpfn/additive/r17/metrics.json,Existing scientific record; see category index
robustness/measurement,experiments/crta_v3_mcr_mismatch_dose_k512_extension_v1/tabpfn/additive/r18/metrics.json,Existing scientific record; see category index
robustness/measurement,experiments/crta_v3_mcr_mismatch_dose_k512_extension_v1/tabpfn/additive/r19/metrics.json,Existing scientific record; see category index
robustness/measurement,experiments/crta_v3_mcr_mismatch_dose_k512_extension_v1/tabpfn/pairwise/r00/metrics.json,Existing scientific record; see category index
robustness/measurement,experiments/crta_v3_mcr_mismatch_dose_k512_extension_v1/tabpfn/pairwise/r01/metrics.json,Existing scientific record; see category index
robustness/measurement,experiments/crta_v3_mcr_mismatch_dose_k512_extension_v1/tabpfn/pairwise/r02/metrics.json,Existing scientific record; see category index
robustness/measurement,experiments/crta_v3_mcr_mismatch_dose_k512_extension_v1/tabpfn/pairwise/r03/metrics.json,Existing scientific record; see category index
robustness/measurement,experiments/crta_v3_mcr_mismatch_dose_k512_extension_v1/tabpfn/pairwise/r04/metrics.json,Existing scientific record; see category index
robustness/measurement,experiments/crta_v3_mcr_mismatch_dose_k512_extension_v1/tabpfn/pairwise/r05/metrics.json,Existing scientific record; see category index
robustness/measurement,experiments/crta_v3_mcr_mismatch_dose_k512_extension_v1/tabpfn/pairwise/r06/metrics.json,Existing scientific record; see category index
robustness/measurement,experiments/crta_v3_mcr_mismatch_dose_k512_extension_v1/tabpfn/pairwise/r07/metrics.json,Existing scientific record; see category index
robustness/measurement,experiments/crta_v3_mcr_mismatch_dose_k512_extension_v1/tabpfn/pairwise/r08/metrics.json,Existing scientific record; see category index
robustness/measurement,experiments/crta_v3_mcr_mismatch_dose_k512_extension_v1/tabpfn/pairwise/r09/metrics.json,Existing scientific record; see category index
robustness/measurement,experiments/crta_v3_mcr_mismatch_dose_k512_extension_v1/tabpfn/pairwise/r10/metrics.json,Existing scientific record; see category index
robustness/measurement,experiments/crta_v3_mcr_mismatch_dose_k512_extension_v1/tabpfn/pairwise/r11/metrics.json,Existing scientific record; see category index
robustness/measurement,experiments/crta_v3_mcr_mismatch_dose_k512_extension_v1/tabpfn/pairwise/r12/metrics.json,Existing scientific record; see category index
robustness/measurement,experiments/crta_v3_mcr_mismatch_dose_k512_extension_v1/tabpfn/pairwise/r13/metrics.json,Existing scientific record; see category index
robustness/measurement,experiments/crta_v3_mcr_mismatch_dose_k512_extension_v1/tabpfn/pairwise/r14/metrics.json,Existing scientific record; see category index
robustness/measurement,experiments/crta_v3_mcr_mismatch_dose_k512_extension_v1/tabpfn/pairwise/r15/metrics.json,Existing scientific record; see category index
robustness/measurement,experiments/crta_v3_mcr_mismatch_dose_k512_extension_v1/tabpfn/pairwise/r16/metrics.json,Existing scientific record; see category index
robustness/measurement,experiments/crta_v3_mcr_mismatch_dose_k512_extension_v1/tabpfn/pairwise/r17/metrics.json,Existing scientific record; see category index
robustness/measurement,experiments/crta_v3_mcr_mismatch_dose_k512_extension_v1/tabpfn/pairwise/r18/metrics.json,Existing scientific record; see category index
robustness/measurement,experiments/crta_v3_mcr_mismatch_dose_k512_extension_v1/tabpfn/pairwise/r19/metrics.json,Existing scientific record; see category index
robustness/measurement,experiments/crta_v3_mcr_mismatch_dose_k512_extension_v1/tabpfn/sparse/r00/metrics.json,Existing scientific record; see category index
robustness/measurement,experiments/crta_v3_mcr_mismatch_dose_k512_extension_v1/tabpfn/sparse/r01/metrics.json,Existing scientific record; see category index
robustness/measurement,experiments/crta_v3_mcr_mismatch_dose_k512_extension_v1/tabpfn/sparse/r02/metrics.json,Existing scientific record; see category index
robustness/measurement,experiments/crta_v3_mcr_mismatch_dose_k512_extension_v1/tabpfn/sparse/r03/metrics.json,Existing scientific record; see category index
robustness/measurement,experiments/crta_v3_mcr_mismatch_dose_k512_extension_v1/tabpfn/sparse/r04/metrics.json,Existing scientific record; see category index
robustness/measurement,experiments/crta_v3_mcr_mismatch_dose_k512_extension_v1/tabpfn/sparse/r05/metrics.json,Existing scientific record; see category index
robustness/measurement,experiments/crta_v3_mcr_mismatch_dose_k512_extension_v1/tabpfn/sparse/r06/metrics.json,Existing scientific record; see category index
robustness/measurement,experiments/crta_v3_mcr_mismatch_dose_k512_extension_v1/tabpfn/sparse/r07/metrics.json,Existing scientific record; see category index
robustness/measurement,experiments/crta_v3_mcr_mismatch_dose_k512_extension_v1/tabpfn/sparse/r08/metrics.json,Existing scientific record; see category index
robustness/measurement,experiments/crta_v3_mcr_mismatch_dose_k512_extension_v1/tabpfn/sparse/r09/metrics.json,Existing scientific record; see category index
robustness/measurement,experiments/crta_v3_mcr_mismatch_dose_k512_extension_v1/tabpfn/sparse/r10/metrics.json,Existing scientific record; see category index
robustness/measurement,experiments/crta_v3_mcr_mismatch_dose_k512_extension_v1/tabpfn/sparse/r11/metrics.json,Existing scientific record; see category index
robustness/measurement,experiments/crta_v3_mcr_mismatch_dose_k512_extension_v1/tabpfn/sparse/r12/metrics.json,Existing scientific record; see category index
robustness/measurement,experiments/crta_v3_mcr_mismatch_dose_k512_extension_v1/tabpfn/sparse/r13/metrics.json,Existing scientific record; see category index
robustness/measurement,experiments/crta_v3_mcr_mismatch_dose_k512_extension_v1/tabpfn/sparse/r14/metrics.json,Existing scientific record; see category index
robustness/measurement,experiments/crta_v3_mcr_mismatch_dose_k512_extension_v1/tabpfn/sparse/r15/metrics.json,Existing scientific record; see category index
robustness/measurement,experiments/crta_v3_mcr_mismatch_dose_k512_extension_v1/tabpfn/sparse/r16/metrics.json,Existing scientific record; see category index
robustness/measurement,experiments/crta_v3_mcr_mismatch_dose_k512_extension_v1/tabpfn/sparse/r17/metrics.json,Existing scientific record; see category index
robustness/measurement,experiments/crta_v3_mcr_mismatch_dose_k512_extension_v1/tabpfn/sparse/r18/metrics.json,Existing scientific record; see category index
robustness/measurement,experiments/crta_v3_mcr_mismatch_dose_k512_extension_v1/tabpfn/sparse/r19/metrics.json,Existing scientific record; see category index
robustness/measurement,experiments/crta_v3_mcr_mismatch_dose_tabpfn_v1/SUMMARY_V1.json,Existing scientific record; see category index
robustness/measurement,experiments/crta_v3_mcr_mismatch_dose_tabpfn_v1/additive/r00/metrics.json,Existing scientific record; see category index
robustness/measurement,experiments/crta_v3_mcr_mismatch_dose_tabpfn_v1/additive/r01/metrics.json,Existing scientific record; see category index
robustness/measurement,experiments/crta_v3_mcr_mismatch_dose_tabpfn_v1/additive/r02/metrics.json,Existing scientific record; see category index
robustness/measurement,experiments/crta_v3_mcr_mismatch_dose_tabpfn_v1/additive/r03/metrics.json,Existing scientific record; see category index
robustness/measurement,experiments/crta_v3_mcr_mismatch_dose_tabpfn_v1/additive/r04/metrics.json,Existing scientific record; see category index
robustness/measurement,experiments/crta_v3_mcr_mismatch_dose_tabpfn_v1/additive/r05/metrics.json,Existing scientific record; see category index
robustness/measurement,experiments/crta_v3_mcr_mismatch_dose_tabpfn_v1/additive/r06/metrics.json,Existing scientific record; see category index
robustness/measurement,experiments/crta_v3_mcr_mismatch_dose_tabpfn_v1/additive/r07/metrics.json,Existing scientific record; see category index
robustness/measurement,experiments/crta_v3_mcr_mismatch_dose_tabpfn_v1/additive/r08/metrics.json,Existing scientific record; see category index
robustness/measurement,experiments/crta_v3_mcr_mismatch_dose_tabpfn_v1/additive/r09/metrics.json,Existing scientific record; see category index
robustness/measurement,experiments/crta_v3_mcr_mismatch_dose_tabpfn_v1/additive/r10/metrics.json,Existing scientific record; see category index
robustness/measurement,experiments/crta_v3_mcr_mismatch_dose_tabpfn_v1/additive/r11/metrics.json,Existing scientific record; see category index
robustness/measurement,experiments/crta_v3_mcr_mismatch_dose_tabpfn_v1/additive/r12/metrics.json,Existing scientific record; see category index
robustness/measurement,experiments/crta_v3_mcr_mismatch_dose_tabpfn_v1/additive/r13/metrics.json,Existing scientific record; see category index
robustness/measurement,experiments/crta_v3_mcr_mismatch_dose_tabpfn_v1/additive/r14/metrics.json,Existing scientific record; see category index
robustness/measurement,experiments/crta_v3_mcr_mismatch_dose_tabpfn_v1/additive/r15/metrics.json,Existing scientific record; see category index
robustness/measurement,experiments/crta_v3_mcr_mismatch_dose_tabpfn_v1/additive/r16/metrics.json,Existing scientific record; see category index
robustness/measurement,experiments/crta_v3_mcr_mismatch_dose_tabpfn_v1/additive/r17/metrics.json,Existing scientific record; see category index
robustness/measurement,experiments/crta_v3_mcr_mismatch_dose_tabpfn_v1/additive/r18/metrics.json,Existing scientific record; see category index
robustness/measurement,experiments/crta_v3_mcr_mismatch_dose_tabpfn_v1/additive/r19/metrics.json,Existing scientific record; see category index
robustness/measurement,experiments/crta_v3_mcr_mismatch_dose_tabpfn_v1/pairwise/r00/metrics.json,Existing scientific record; see category index
robustness/measurement,experiments/crta_v3_mcr_mismatch_dose_tabpfn_v1/pairwise/r01/metrics.json,Existing scientific record; see category index
robustness/measurement,experiments/crta_v3_mcr_mismatch_dose_tabpfn_v1/pairwise/r02/metrics.json,Existing scientific record; see category index
robustness/measurement,experiments/crta_v3_mcr_mismatch_dose_tabpfn_v1/pairwise/r03/metrics.json,Existing scientific record; see category index
robustness/measurement,experiments/crta_v3_mcr_mismatch_dose_tabpfn_v1/pairwise/r04/metrics.json,Existing scientific record; see category index
robustness/measurement,experiments/crta_v3_mcr_mismatch_dose_tabpfn_v1/pairwise/r05/metrics.json,Existing scientific record; see category index
robustness/measurement,experiments/crta_v3_mcr_mismatch_dose_tabpfn_v1/pairwise/r06/metrics.json,Existing scientific record; see category index
robustness/measurement,experiments/crta_v3_mcr_mismatch_dose_tabpfn_v1/pairwise/r07/metrics.json,Existing scientific record; see category index
robustness/measurement,experiments/crta_v3_mcr_mismatch_dose_tabpfn_v1/pairwise/r08/metrics.json,Existing scientific record; see category index
robustness/measurement,experiments/crta_v3_mcr_mismatch_dose_tabpfn_v1/pairwise/r09/metrics.json,Existing scientific record; see category index
robustness/measurement,experiments/crta_v3_mcr_mismatch_dose_tabpfn_v1/pairwise/r10/metrics.json,Existing scientific record; see category index
robustness/measurement,experiments/crta_v3_mcr_mismatch_dose_tabpfn_v1/pairwise/r11/metrics.json,Existing scientific record; see category index
robustness/measurement,experiments/crta_v3_mcr_mismatch_dose_tabpfn_v1/pairwise/r12/metrics.json,Existing scientific record; see category index
robustness/measurement,experiments/crta_v3_mcr_mismatch_dose_tabpfn_v1/pairwise/r13/metrics.json,Existing scientific record; see category index
robustness/measurement,experiments/crta_v3_mcr_mismatch_dose_tabpfn_v1/pairwise/r14/metrics.json,Existing scientific record; see category index
robustness/measurement,experiments/crta_v3_mcr_mismatch_dose_tabpfn_v1/pairwise/r15/metrics.json,Existing scientific record; see category index
robustness/measurement,experiments/crta_v3_mcr_mismatch_dose_tabpfn_v1/pairwise/r16/metrics.json,Existing scientific record; see category index
robustness/measurement,experiments/crta_v3_mcr_mismatch_dose_tabpfn_v1/pairwise/r17/metrics.json,Existing scientific record; see category index
robustness/measurement,experiments/crta_v3_mcr_mismatch_dose_tabpfn_v1/pairwise/r18/metrics.json,Existing scientific record; see category index
robustness/measurement,experiments/crta_v3_mcr_mismatch_dose_tabpfn_v1/pairwise/r19/metrics.json,Existing scientific record; see category index
robustness/measurement,experiments/crta_v3_mcr_mismatch_dose_tabpfn_v1/sparse/r00/metrics.json,Existing scientific record; see category index
robustness/measurement,experiments/crta_v3_mcr_mismatch_dose_tabpfn_v1/sparse/r01/metrics.json,Existing scientific record; see category index
robustness/measurement,experiments/crta_v3_mcr_mismatch_dose_tabpfn_v1/sparse/r02/metrics.json,Existing scientific record; see category index
robustness/measurement,experiments/crta_v3_mcr_mismatch_dose_tabpfn_v1/sparse/r03/metrics.json,Existing scientific record; see category index
robustness/measurement,experiments/crta_v3_mcr_mismatch_dose_tabpfn_v1/sparse/r04/metrics.json,Existing scientific record; see category index
robustness/measurement,experiments/crta_v3_mcr_mismatch_dose_tabpfn_v1/sparse/r05/metrics.json,Existing scientific record; see category index
robustness/measurement,experiments/crta_v3_mcr_mismatch_dose_tabpfn_v1/sparse/r06/metrics.json,Existing scientific record; see category index
robustness/measurement,experiments/crta_v3_mcr_mismatch_dose_tabpfn_v1/sparse/r07/metrics.json,Existing scientific record; see category index
robustness/measurement,experiments/crta_v3_mcr_mismatch_dose_tabpfn_v1/sparse/r08/metrics.json,Existing scientific record; see category index
robustness/measurement,experiments/crta_v3_mcr_mismatch_dose_tabpfn_v1/sparse/r09/metrics.json,Existing scientific record; see category index
robustness/measurement,experiments/crta_v3_mcr_mismatch_dose_tabpfn_v1/sparse/r10/metrics.json,Existing scientific record; see category index
robustness/measurement,experiments/crta_v3_mcr_mismatch_dose_tabpfn_v1/sparse/r11/metrics.json,Existing scientific record; see category index
robustness/measurement,experiments/crta_v3_mcr_mismatch_dose_tabpfn_v1/sparse/r12/metrics.json,Existing scientific record; see category index
robustness/measurement,experiments/crta_v3_mcr_mismatch_dose_tabpfn_v1/sparse/r13/metrics.json,Existing scientific record; see category index
robustness/measurement,experiments/crta_v3_mcr_mismatch_dose_tabpfn_v1/sparse/r14/metrics.json,Existing scientific record; see category index
robustness/measurement,experiments/crta_v3_mcr_mismatch_dose_tabpfn_v1/sparse/r15/metrics.json,Existing scientific record; see category index
robustness/measurement,experiments/crta_v3_mcr_mismatch_dose_tabpfn_v1/sparse/r16/metrics.json,Existing scientific record; see category index
robustness/measurement,experiments/crta_v3_mcr_mismatch_dose_tabpfn_v1/sparse/r17/metrics.json,Existing scientific record; see category index
robustness/measurement,experiments/crta_v3_mcr_mismatch_dose_tabpfn_v1/sparse/r18/metrics.json,Existing scientific record; see category index
robustness/measurement,experiments/crta_v3_mcr_mismatch_dose_tabpfn_v1/sparse/r19/metrics.json,Existing scientific record; see category index
robustness/measurement,experiments/crta_v3_mcr_mismatch_dose_v1/SUMMARY_V1.json,Existing scientific record; see category index
robustness/measurement,experiments/crta_v3_mcr_mismatch_dose_v1/additive/r00/metrics.json,Existing scientific record; see category index
robustness/measurement,experiments/crta_v3_mcr_mismatch_dose_v1/additive/r01/metrics.json,Existing scientific record; see category index
robustness/measurement,experiments/crta_v3_mcr_mismatch_dose_v1/additive/r02/metrics.json,Existing scientific record; see category index
robustness/measurement,experiments/crta_v3_mcr_mismatch_dose_v1/additive/r03/metrics.json,Existing scientific record; see category index
robustness/measurement,experiments/crta_v3_mcr_mismatch_dose_v1/additive/r04/metrics.json,Existing scientific record; see category index
robustness/measurement,experiments/crta_v3_mcr_mismatch_dose_v1/additive/r05/metrics.json,Existing scientific record; see category index
robustness/measurement,experiments/crta_v3_mcr_mismatch_dose_v1/additive/r06/metrics.json,Existing scientific record; see category index
robustness/measurement,experiments/crta_v3_mcr_mismatch_dose_v1/additive/r07/metrics.json,Existing scientific record; see category index
robustness/measurement,experiments/crta_v3_mcr_mismatch_dose_v1/additive/r08/metrics.json,Existing scientific record; see category index
robustness/measurement,experiments/crta_v3_mcr_mismatch_dose_v1/additive/r09/metrics.json,Existing scientific record; see category index
robustness/measurement,experiments/crta_v3_mcr_mismatch_dose_v1/additive/r10/metrics.json,Existing scientific record; see category index
robustness/measurement,experiments/crta_v3_mcr_mismatch_dose_v1/additive/r11/metrics.json,Existing scientific record; see category index
robustness/measurement,experiments/crta_v3_mcr_mismatch_dose_v1/additive/r12/metrics.json,Existing scientific record; see category index
robustness/measurement,experiments/crta_v3_mcr_mismatch_dose_v1/additive/r13/metrics.json,Existing scientific record; see category index
robustness/measurement,experiments/crta_v3_mcr_mismatch_dose_v1/additive/r14/metrics.json,Existing scientific record; see category index
robustness/measurement,experiments/crta_v3_mcr_mismatch_dose_v1/additive/r15/metrics.json,Existing scientific record; see category index
robustness/measurement,experiments/crta_v3_mcr_mismatch_dose_v1/additive/r16/metrics.json,Existing scientific record; see category index
robustness/measurement,experiments/crta_v3_mcr_mismatch_dose_v1/additive/r17/metrics.json,Existing scientific record; see category index
robustness/measurement,experiments/crta_v3_mcr_mismatch_dose_v1/additive/r18/metrics.json,Existing scientific record; see category index
robustness/measurement,experiments/crta_v3_mcr_mismatch_dose_v1/additive/r19/metrics.json,Existing scientific record; see category index
robustness/measurement,experiments/crta_v3_mcr_mismatch_dose_v1/pairwise/r00/metrics.json,Existing scientific record; see category index
robustness/measurement,experiments/crta_v3_mcr_mismatch_dose_v1/pairwise/r01/metrics.json,Existing scientific record; see category index
robustness/measurement,experiments/crta_v3_mcr_mismatch_dose_v1/pairwise/r02/metrics.json,Existing scientific record; see category index
robustness/measurement,experiments/crta_v3_mcr_mismatch_dose_v1/pairwise/r03/metrics.json,Existing scientific record; see category index
robustness/measurement,experiments/crta_v3_mcr_mismatch_dose_v1/pairwise/r04/metrics.json,Existing scientific record; see category index
robustness/measurement,experiments/crta_v3_mcr_mismatch_dose_v1/pairwise/r05/metrics.json,Existing scientific record; see category index
robustness/measurement,experiments/crta_v3_mcr_mismatch_dose_v1/pairwise/r06/metrics.json,Existing scientific record; see category index
robustness/measurement,experiments/crta_v3_mcr_mismatch_dose_v1/pairwise/r07/metrics.json,Existing scientific record; see category index
robustness/measurement,experiments/crta_v3_mcr_mismatch_dose_v1/pairwise/r08/metrics.json,Existing scientific record; see category index
robustness/measurement,experiments/crta_v3_mcr_mismatch_dose_v1/pairwise/r09/metrics.json,Existing scientific record; see category index
robustness/measurement,experiments/crta_v3_mcr_mismatch_dose_v1/pairwise/r10/metrics.json,Existing scientific record; see category index
robustness/measurement,experiments/crta_v3_mcr_mismatch_dose_v1/pairwise/r11/metrics.json,Existing scientific record; see category index
robustness/measurement,experiments/crta_v3_mcr_mismatch_dose_v1/pairwise/r12/metrics.json,Existing scientific record; see category index
robustness/measurement,experiments/crta_v3_mcr_mismatch_dose_v1/pairwise/r13/metrics.json,Existing scientific record; see category index
robustness/measurement,experiments/crta_v3_mcr_mismatch_dose_v1/pairwise/r14/metrics.json,Existing scientific record; see category index
robustness/measurement,experiments/crta_v3_mcr_mismatch_dose_v1/pairwise/r15/metrics.json,Existing scientific record; see category index
robustness/measurement,experiments/crta_v3_mcr_mismatch_dose_v1/pairwise/r16/metrics.json,Existing scientific record; see category index
robustness/measurement,experiments/crta_v3_mcr_mismatch_dose_v1/pairwise/r17/metrics.json,Existing scientific record; see category index
robustness/measurement,experiments/crta_v3_mcr_mismatch_dose_v1/pairwise/r18/metrics.json,Existing scientific record; see category index
robustness/measurement,experiments/crta_v3_mcr_mismatch_dose_v1/pairwise/r19/metrics.json,Existing scientific record; see category index
robustness/measurement,experiments/crta_v3_mcr_mismatch_dose_v1/sparse/r00/metrics.json,Existing scientific record; see category index
robustness/measurement,experiments/crta_v3_mcr_mismatch_dose_v1/sparse/r01/metrics.json,Existing scientific record; see category index
robustness/measurement,experiments/crta_v3_mcr_mismatch_dose_v1/sparse/r02/metrics.json,Existing scientific record; see category index
robustness/measurement,experiments/crta_v3_mcr_mismatch_dose_v1/sparse/r03/metrics.json,Existing scientific record; see category index
robustness/measurement,experiments/crta_v3_mcr_mismatch_dose_v1/sparse/r04/metrics.json,Existing scientific record; see category index
robustness/measurement,experiments/crta_v3_mcr_mismatch_dose_v1/sparse/r05/metrics.json,Existing scientific record; see category index
robustness/measurement,experiments/crta_v3_mcr_mismatch_dose_v1/sparse/r06/metrics.json,Existing scientific record; see category index
robustness/measurement,experiments/crta_v3_mcr_mismatch_dose_v1/sparse/r07/metrics.json,Existing scientific record; see category index
robustness/measurement,experiments/crta_v3_mcr_mismatch_dose_v1/sparse/r08/metrics.json,Existing scientific record; see category index
robustness/measurement,experiments/crta_v3_mcr_mismatch_dose_v1/sparse/r09/metrics.json,Existing scientific record; see category index
robustness/measurement,experiments/crta_v3_mcr_mismatch_dose_v1/sparse/r10/metrics.json,Existing scientific record; see category index
robustness/measurement,experiments/crta_v3_mcr_mismatch_dose_v1/sparse/r11/metrics.json,Existing scientific record; see category index
robustness/measurement,experiments/crta_v3_mcr_mismatch_dose_v1/sparse/r12/metrics.json,Existing scientific record; see category index
robustness/measurement,experiments/crta_v3_mcr_mismatch_dose_v1/sparse/r13/metrics.json,Existing scientific record; see category index
robustness/measurement,experiments/crta_v3_mcr_mismatch_dose_v1/sparse/r14/metrics.json,Existing scientific record; see category index
robustness/measurement,experiments/crta_v3_mcr_mismatch_dose_v1/sparse/r15/metrics.json,Existing scientific record; see category index
robustness/measurement,experiments/crta_v3_mcr_mismatch_dose_v1/sparse/r16/metrics.json,Existing scientific record; see category index
robustness/measurement,experiments/crta_v3_mcr_mismatch_dose_v1/sparse/r17/metrics.json,Existing scientific record; see category index
robustness/measurement,experiments/crta_v3_mcr_mismatch_dose_v1/sparse/r18/metrics.json,Existing scientific record; see category index
robustness/measurement,experiments/crta_v3_mcr_mismatch_dose_v1/sparse/r19/metrics.json,Existing scientific record; see category index
robustness/measurement,experiments/crta_v3_mcr_mismatch_support_ladder_v1/SUMMARY_V1.json,Existing scientific record; see category index
robustness/measurement,experiments/crta_v3_mcr_mismatch_support_ladder_v1/histgb/additive/r00/metrics.json,Existing scientific record; see category index
robustness/measurement,experiments/crta_v3_mcr_mismatch_support_ladder_v1/histgb/additive/r01/metrics.json,Existing scientific record; see category index
robustness/measurement,experiments/crta_v3_mcr_mismatch_support_ladder_v1/histgb/additive/r02/metrics.json,Existing scientific record; see category index
robustness/measurement,experiments/crta_v3_mcr_mismatch_support_ladder_v1/histgb/additive/r03/metrics.json,Existing scientific record; see category index
robustness/measurement,experiments/crta_v3_mcr_mismatch_support_ladder_v1/histgb/additive/r04/metrics.json,Existing scientific record; see category index
robustness/measurement,experiments/crta_v3_mcr_mismatch_support_ladder_v1/histgb/additive/r05/metrics.json,Existing scientific record; see category index
robustness/measurement,experiments/crta_v3_mcr_mismatch_support_ladder_v1/histgb/additive/r06/metrics.json,Existing scientific record; see category index
robustness/measurement,experiments/crta_v3_mcr_mismatch_support_ladder_v1/histgb/additive/r07/metrics.json,Existing scientific record; see category index
robustness/measurement,experiments/crta_v3_mcr_mismatch_support_ladder_v1/histgb/additive/r08/metrics.json,Existing scientific record; see category index
robustness/measurement,experiments/crta_v3_mcr_mismatch_support_ladder_v1/histgb/additive/r09/metrics.json,Existing scientific record; see category index
robustness/measurement,experiments/crta_v3_mcr_mismatch_support_ladder_v1/histgb/additive/r10/metrics.json,Existing scientific record; see category index
robustness/measurement,experiments/crta_v3_mcr_mismatch_support_ladder_v1/histgb/additive/r11/metrics.json,Existing scientific record; see category index
robustness/measurement,experiments/crta_v3_mcr_mismatch_support_ladder_v1/histgb/additive/r12/metrics.json,Existing scientific record; see category index
robustness/measurement,experiments/crta_v3_mcr_mismatch_support_ladder_v1/histgb/additive/r13/metrics.json,Existing scientific record; see category index
robustness/measurement,experiments/crta_v3_mcr_mismatch_support_ladder_v1/histgb/additive/r14/metrics.json,Existing scientific record; see category index
robustness/measurement,experiments/crta_v3_mcr_mismatch_support_ladder_v1/histgb/additive/r15/metrics.json,Existing scientific record; see category index
robustness/measurement,experiments/crta_v3_mcr_mismatch_support_ladder_v1/histgb/additive/r16/metrics.json,Existing scientific record; see category index
robustness/measurement,experiments/crta_v3_mcr_mismatch_support_ladder_v1/histgb/additive/r17/metrics.json,Existing scientific record; see category index
robustness/measurement,experiments/crta_v3_mcr_mismatch_support_ladder_v1/histgb/additive/r18/metrics.json,Existing scientific record; see category index
robustness/measurement,experiments/crta_v3_mcr_mismatch_support_ladder_v1/histgb/additive/r19/metrics.json,Existing scientific record; see category index
robustness/measurement,experiments/crta_v3_mcr_mismatch_support_ladder_v1/histgb/pairwise/r00/metrics.json,Existing scientific record; see category index
robustness/measurement,experiments/crta_v3_mcr_mismatch_support_ladder_v1/histgb/pairwise/r01/metrics.json,Existing scientific record; see category index
robustness/measurement,experiments/crta_v3_mcr_mismatch_support_ladder_v1/histgb/pairwise/r02/metrics.json,Existing scientific record; see category index
robustness/measurement,experiments/crta_v3_mcr_mismatch_support_ladder_v1/histgb/pairwise/r03/metrics.json,Existing scientific record; see category index
robustness/measurement,experiments/crta_v3_mcr_mismatch_support_ladder_v1/histgb/pairwise/r04/metrics.json,Existing scientific record; see category index
robustness/measurement,experiments/crta_v3_mcr_mismatch_support_ladder_v1/histgb/pairwise/r05/metrics.json,Existing scientific record; see category index
robustness/measurement,experiments/crta_v3_mcr_mismatch_support_ladder_v1/histgb/pairwise/r06/metrics.json,Existing scientific record; see category index
robustness/measurement,experiments/crta_v3_mcr_mismatch_support_ladder_v1/histgb/pairwise/r07/metrics.json,Existing scientific record; see category index
robustness/measurement,experiments/crta_v3_mcr_mismatch_support_ladder_v1/histgb/pairwise/r08/metrics.json,Existing scientific record; see category index
robustness/measurement,experiments/crta_v3_mcr_mismatch_support_ladder_v1/histgb/pairwise/r09/metrics.json,Existing scientific record; see category index
robustness/measurement,experiments/crta_v3_mcr_mismatch_support_ladder_v1/histgb/pairwise/r10/metrics.json,Existing scientific record; see category index
robustness/measurement,experiments/crta_v3_mcr_mismatch_support_ladder_v1/histgb/pairwise/r11/metrics.json,Existing scientific record; see category index
robustness/measurement,experiments/crta_v3_mcr_mismatch_support_ladder_v1/histgb/pairwise/r12/metrics.json,Existing scientific record; see category index
robustness/measurement,experiments/crta_v3_mcr_mismatch_support_ladder_v1/histgb/pairwise/r13/metrics.json,Existing scientific record; see category index
robustness/measurement,experiments/crta_v3_mcr_mismatch_support_ladder_v1/histgb/pairwise/r14/metrics.json,Existing scientific record; see category index
robustness/measurement,experiments/crta_v3_mcr_mismatch_support_ladder_v1/histgb/pairwise/r15/metrics.json,Existing scientific record; see category index
robustness/measurement,experiments/crta_v3_mcr_mismatch_support_ladder_v1/histgb/pairwise/r16/metrics.json,Existing scientific record; see category index
robustness/measurement,experiments/crta_v3_mcr_mismatch_support_ladder_v1/histgb/pairwise/r17/metrics.json,Existing scientific record; see category index
robustness/measurement,experiments/crta_v3_mcr_mismatch_support_ladder_v1/histgb/pairwise/r18/metrics.json,Existing scientific record; see category index
robustness/measurement,experiments/crta_v3_mcr_mismatch_support_ladder_v1/histgb/pairwise/r19/metrics.json,Existing scientific record; see category index
robustness/measurement,experiments/crta_v3_mcr_mismatch_support_ladder_v1/histgb/sparse/r00/metrics.json,Existing scientific record; see category index
robustness/measurement,experiments/crta_v3_mcr_mismatch_support_ladder_v1/histgb/sparse/r01/metrics.json,Existing scientific record; see category index
robustness/measurement,experiments/crta_v3_mcr_mismatch_support_ladder_v1/histgb/sparse/r02/metrics.json,Existing scientific record; see category index
robustness/measurement,experiments/crta_v3_mcr_mismatch_support_ladder_v1/histgb/sparse/r03/metrics.json,Existing scientific record; see category index
robustness/measurement,experiments/crta_v3_mcr_mismatch_support_ladder_v1/histgb/sparse/r04/metrics.json,Existing scientific record; see category index
robustness/measurement,experiments/crta_v3_mcr_mismatch_support_ladder_v1/histgb/sparse/r05/metrics.json,Existing scientific record; see category index
robustness/measurement,experiments/crta_v3_mcr_mismatch_support_ladder_v1/histgb/sparse/r06/metrics.json,Existing scientific record; see category index
robustness/measurement,experiments/crta_v3_mcr_mismatch_support_ladder_v1/histgb/sparse/r07/metrics.json,Existing scientific record; see category index
robustness/measurement,experiments/crta_v3_mcr_mismatch_support_ladder_v1/histgb/sparse/r08/metrics.json,Existing scientific record; see category index
robustness/measurement,experiments/crta_v3_mcr_mismatch_support_ladder_v1/histgb/sparse/r09/metrics.json,Existing scientific record; see category index
robustness/measurement,experiments/crta_v3_mcr_mismatch_support_ladder_v1/histgb/sparse/r10/metrics.json,Existing scientific record; see category index
robustness/measurement,experiments/crta_v3_mcr_mismatch_support_ladder_v1/histgb/sparse/r11/metrics.json,Existing scientific record; see category index
robustness/measurement,experiments/crta_v3_mcr_mismatch_support_ladder_v1/histgb/sparse/r12/metrics.json,Existing scientific record; see category index
robustness/measurement,experiments/crta_v3_mcr_mismatch_support_ladder_v1/histgb/sparse/r13/metrics.json,Existing scientific record; see category index
robustness/measurement,experiments/crta_v3_mcr_mismatch_support_ladder_v1/histgb/sparse/r14/metrics.json,Existing scientific record; see category index
robustness/measurement,experiments/crta_v3_mcr_mismatch_support_ladder_v1/histgb/sparse/r15/metrics.json,Existing scientific record; see category index
robustness/measurement,experiments/crta_v3_mcr_mismatch_support_ladder_v1/histgb/sparse/r16/metrics.json,Existing scientific record; see category index
robustness/measurement,experiments/crta_v3_mcr_mismatch_support_ladder_v1/histgb/sparse/r17/metrics.json,Existing scientific record; see category index
robustness/measurement,experiments/crta_v3_mcr_mismatch_support_ladder_v1/histgb/sparse/r18/metrics.json,Existing scientific record; see category index
robustness/measurement,experiments/crta_v3_mcr_mismatch_support_ladder_v1/histgb/sparse/r19/metrics.json,Existing scientific record; see category index
robustness/measurement,experiments/crta_v3_mcr_mismatch_support_ladder_v1/tabpfn/additive/r00/metrics.json,Existing scientific record; see category index
robustness/measurement,experiments/crta_v3_mcr_mismatch_support_ladder_v1/tabpfn/additive/r01/metrics.json,Existing scientific record; see category index
robustness/measurement,experiments/crta_v3_mcr_mismatch_support_ladder_v1/tabpfn/additive/r02/metrics.json,Existing scientific record; see category index
robustness/measurement,experiments/crta_v3_mcr_mismatch_support_ladder_v1/tabpfn/additive/r03/metrics.json,Existing scientific record; see category index
robustness/measurement,experiments/crta_v3_mcr_mismatch_support_ladder_v1/tabpfn/additive/r04/metrics.json,Existing scientific record; see category index
robustness/measurement,experiments/crta_v3_mcr_mismatch_support_ladder_v1/tabpfn/additive/r05/metrics.json,Existing scientific record; see category index
robustness/measurement,experiments/crta_v3_mcr_mismatch_support_ladder_v1/tabpfn/additive/r06/metrics.json,Existing scientific record; see category index
robustness/measurement,experiments/crta_v3_mcr_mismatch_support_ladder_v1/tabpfn/additive/r07/metrics.json,Existing scientific record; see category index
robustness/measurement,experiments/crta_v3_mcr_mismatch_support_ladder_v1/tabpfn/additive/r08/metrics.json,Existing scientific record; see category index
robustness/measurement,experiments/crta_v3_mcr_mismatch_support_ladder_v1/tabpfn/additive/r09/metrics.json,Existing scientific record; see category index
robustness/measurement,experiments/crta_v3_mcr_mismatch_support_ladder_v1/tabpfn/additive/r10/metrics.json,Existing scientific record; see category index
robustness/measurement,experiments/crta_v3_mcr_mismatch_support_ladder_v1/tabpfn/additive/r11/metrics.json,Existing scientific record; see category index
robustness/measurement,experiments/crta_v3_mcr_mismatch_support_ladder_v1/tabpfn/additive/r12/metrics.json,Existing scientific record; see category index
robustness/measurement,experiments/crta_v3_mcr_mismatch_support_ladder_v1/tabpfn/additive/r13/metrics.json,Existing scientific record; see category index
robustness/measurement,experiments/crta_v3_mcr_mismatch_support_ladder_v1/tabpfn/additive/r14/metrics.json,Existing scientific record; see category index
robustness/measurement,experiments/crta_v3_mcr_mismatch_support_ladder_v1/tabpfn/additive/r15/metrics.json,Existing scientific record; see category index
robustness/measurement,experiments/crta_v3_mcr_mismatch_support_ladder_v1/tabpfn/additive/r16/metrics.json,Existing scientific record; see category index
robustness/measurement,experiments/crta_v3_mcr_mismatch_support_ladder_v1/tabpfn/additive/r17/metrics.json,Existing scientific record; see category index
robustness/measurement,experiments/crta_v3_mcr_mismatch_support_ladder_v1/tabpfn/additive/r18/metrics.json,Existing scientific record; see category index
robustness/measurement,experiments/crta_v3_mcr_mismatch_support_ladder_v1/tabpfn/additive/r19/metrics.json,Existing scientific record; see category index
robustness/measurement,experiments/crta_v3_mcr_mismatch_support_ladder_v1/tabpfn/pairwise/r00/metrics.json,Existing scientific record; see category index
robustness/measurement,experiments/crta_v3_mcr_mismatch_support_ladder_v1/tabpfn/pairwise/r01/metrics.json,Existing scientific record; see category index
robustness/measurement,experiments/crta_v3_mcr_mismatch_support_ladder_v1/tabpfn/pairwise/r02/metrics.json,Existing scientific record; see category index
robustness/measurement,experiments/crta_v3_mcr_mismatch_support_ladder_v1/tabpfn/pairwise/r03/metrics.json,Existing scientific record; see category index
robustness/measurement,experiments/crta_v3_mcr_mismatch_support_ladder_v1/tabpfn/pairwise/r04/metrics.json,Existing scientific record; see category index
robustness/measurement,experiments/crta_v3_mcr_mismatch_support_ladder_v1/tabpfn/pairwise/r05/metrics.json,Existing scientific record; see category index
robustness/measurement,experiments/crta_v3_mcr_mismatch_support_ladder_v1/tabpfn/pairwise/r06/metrics.json,Existing scientific record; see category index
robustness/measurement,experiments/crta_v3_mcr_mismatch_support_ladder_v1/tabpfn/pairwise/r07/metrics.json,Existing scientific record; see category index
robustness/measurement,experiments/crta_v3_mcr_mismatch_support_ladder_v1/tabpfn/pairwise/r08/metrics.json,Existing scientific record; see category index
robustness/measurement,experiments/crta_v3_mcr_mismatch_support_ladder_v1/tabpfn/pairwise/r09/metrics.json,Existing scientific record; see category index
robustness/measurement,experiments/crta_v3_mcr_mismatch_support_ladder_v1/tabpfn/pairwise/r10/metrics.json,Existing scientific record; see category index
robustness/measurement,experiments/crta_v3_mcr_mismatch_support_ladder_v1/tabpfn/pairwise/r11/metrics.json,Existing scientific record; see category index
robustness/measurement,experiments/crta_v3_mcr_mismatch_support_ladder_v1/tabpfn/pairwise/r12/metrics.json,Existing scientific record; see category index
robustness/measurement,experiments/crta_v3_mcr_mismatch_support_ladder_v1/tabpfn/pairwise/r13/metrics.json,Existing scientific record; see category index
robustness/measurement,experiments/crta_v3_mcr_mismatch_support_ladder_v1/tabpfn/pairwise/r14/metrics.json,Existing scientific record; see category index
robustness/measurement,experiments/crta_v3_mcr_mismatch_support_ladder_v1/tabpfn/pairwise/r15/metrics.json,Existing scientific record; see category index
robustness/measurement,experiments/crta_v3_mcr_mismatch_support_ladder_v1/tabpfn/pairwise/r16/metrics.json,Existing scientific record; see category index
robustness/measurement,experiments/crta_v3_mcr_mismatch_support_ladder_v1/tabpfn/pairwise/r17/metrics.json,Existing scientific record; see category index
robustness/measurement,experiments/crta_v3_mcr_mismatch_support_ladder_v1/tabpfn/pairwise/r18/metrics.json,Existing scientific record; see category index
robustness/measurement,experiments/crta_v3_mcr_mismatch_support_ladder_v1/tabpfn/pairwise/r19/metrics.json,Existing scientific record; see category index
robustness/measurement,experiments/crta_v3_mcr_mismatch_support_ladder_v1/tabpfn/sparse/r00/metrics.json,Existing scientific record; see category index
robustness/measurement,experiments/crta_v3_mcr_mismatch_support_ladder_v1/tabpfn/sparse/r01/metrics.json,Existing scientific record; see category index
robustness/measurement,experiments/crta_v3_mcr_mismatch_support_ladder_v1/tabpfn/sparse/r02/metrics.json,Existing scientific record; see category index
robustness/measurement,experiments/crta_v3_mcr_mismatch_support_ladder_v1/tabpfn/sparse/r03/metrics.json,Existing scientific record; see category index
robustness/measurement,experiments/crta_v3_mcr_mismatch_support_ladder_v1/tabpfn/sparse/r04/metrics.json,Existing scientific record; see category index
robustness/measurement,experiments/crta_v3_mcr_mismatch_support_ladder_v1/tabpfn/sparse/r05/metrics.json,Existing scientific record; see category index
robustness/measurement,experiments/crta_v3_mcr_mismatch_support_ladder_v1/tabpfn/sparse/r06/metrics.json,Existing scientific record; see category index
robustness/measurement,experiments/crta_v3_mcr_mismatch_support_ladder_v1/tabpfn/sparse/r07/metrics.json,Existing scientific record; see category index
robustness/measurement,experiments/crta_v3_mcr_mismatch_support_ladder_v1/tabpfn/sparse/r08/metrics.json,Existing scientific record; see category index
robustness/measurement,experiments/crta_v3_mcr_mismatch_support_ladder_v1/tabpfn/sparse/r09/metrics.json,Existing scientific record; see category index
robustness/measurement,experiments/crta_v3_mcr_mismatch_support_ladder_v1/tabpfn/sparse/r10/metrics.json,Existing scientific record; see category index
robustness/measurement,experiments/crta_v3_mcr_mismatch_support_ladder_v1/tabpfn/sparse/r11/metrics.json,Existing scientific record; see category index
robustness/measurement,experiments/crta_v3_mcr_mismatch_support_ladder_v1/tabpfn/sparse/r12/metrics.json,Existing scientific record; see category index
robustness/measurement,experiments/crta_v3_mcr_mismatch_support_ladder_v1/tabpfn/sparse/r13/metrics.json,Existing scientific record; see category index
robustness/measurement,experiments/crta_v3_mcr_mismatch_support_ladder_v1/tabpfn/sparse/r14/metrics.json,Existing scientific record; see category index
robustness/measurement,experiments/crta_v3_mcr_mismatch_support_ladder_v1/tabpfn/sparse/r15/metrics.json,Existing scientific record; see category index
robustness/measurement,experiments/crta_v3_mcr_mismatch_support_ladder_v1/tabpfn/sparse/r16/metrics.json,Existing scientific record; see category index
robustness/measurement,experiments/crta_v3_mcr_mismatch_support_ladder_v1/tabpfn/sparse/r17/metrics.json,Existing scientific record; see category index
robustness/measurement,experiments/crta_v3_mcr_mismatch_support_ladder_v1/tabpfn/sparse/r18/metrics.json,Existing scientific record; see category index
robustness/measurement,experiments/crta_v3_mcr_mismatch_support_ladder_v1/tabpfn/sparse/r19/metrics.json,Existing scientific record; see category index
robustness/measurement,experiments/crta_v3_mcr_mismatch_support_ladder_v1/xgb/additive/r00/metrics.json,Existing scientific record; see category index
robustness/measurement,experiments/crta_v3_mcr_mismatch_support_ladder_v1/xgb/additive/r01/metrics.json,Existing scientific record; see category index
robustness/measurement,experiments/crta_v3_mcr_mismatch_support_ladder_v1/xgb/additive/r02/metrics.json,Existing scientific record; see category index
robustness/measurement,experiments/crta_v3_mcr_mismatch_support_ladder_v1/xgb/additive/r03/metrics.json,Existing scientific record; see category index
robustness/measurement,experiments/crta_v3_mcr_mismatch_support_ladder_v1/xgb/additive/r04/metrics.json,Existing scientific record; see category index
robustness/measurement,experiments/crta_v3_mcr_mismatch_support_ladder_v1/xgb/additive/r05/metrics.json,Existing scientific record; see category index
robustness/measurement,experiments/crta_v3_mcr_mismatch_support_ladder_v1/xgb/additive/r06/metrics.json,Existing scientific record; see category index
robustness/measurement,experiments/crta_v3_mcr_mismatch_support_ladder_v1/xgb/additive/r07/metrics.json,Existing scientific record; see category index
robustness/measurement,experiments/crta_v3_mcr_mismatch_support_ladder_v1/xgb/additive/r08/metrics.json,Existing scientific record; see category index
robustness/measurement,experiments/crta_v3_mcr_mismatch_support_ladder_v1/xgb/additive/r09/metrics.json,Existing scientific record; see category index
robustness/measurement,experiments/crta_v3_mcr_mismatch_support_ladder_v1/xgb/additive/r10/metrics.json,Existing scientific record; see category index
robustness/measurement,experiments/crta_v3_mcr_mismatch_support_ladder_v1/xgb/additive/r11/metrics.json,Existing scientific record; see category index
robustness/measurement,experiments/crta_v3_mcr_mismatch_support_ladder_v1/xgb/additive/r12/metrics.json,Existing scientific record; see category index
robustness/measurement,experiments/crta_v3_mcr_mismatch_support_ladder_v1/xgb/additive/r13/metrics.json,Existing scientific record; see category index
robustness/measurement,experiments/crta_v3_mcr_mismatch_support_ladder_v1/xgb/additive/r14/metrics.json,Existing scientific record; see category index
robustness/measurement,experiments/crta_v3_mcr_mismatch_support_ladder_v1/xgb/additive/r15/metrics.json,Existing scientific record; see category index
robustness/measurement,experiments/crta_v3_mcr_mismatch_support_ladder_v1/xgb/additive/r16/metrics.json,Existing scientific record; see category index
robustness/measurement,experiments/crta_v3_mcr_mismatch_support_ladder_v1/xgb/additive/r17/metrics.json,Existing scientific record; see category index
robustness/measurement,experiments/crta_v3_mcr_mismatch_support_ladder_v1/xgb/additive/r18/metrics.json,Existing scientific record; see category index
robustness/measurement,experiments/crta_v3_mcr_mismatch_support_ladder_v1/xgb/additive/r19/metrics.json,Existing scientific record; see category index
robustness/measurement,experiments/crta_v3_mcr_mismatch_support_ladder_v1/xgb/pairwise/r00/metrics.json,Existing scientific record; see category index
robustness/measurement,experiments/crta_v3_mcr_mismatch_support_ladder_v1/xgb/pairwise/r01/metrics.json,Existing scientific record; see category index
robustness/measurement,experiments/crta_v3_mcr_mismatch_support_ladder_v1/xgb/pairwise/r02/metrics.json,Existing scientific record; see category index
robustness/measurement,experiments/crta_v3_mcr_mismatch_support_ladder_v1/xgb/pairwise/r03/metrics.json,Existing scientific record; see category index
robustness/measurement,experiments/crta_v3_mcr_mismatch_support_ladder_v1/xgb/pairwise/r04/metrics.json,Existing scientific record; see category index
robustness/measurement,experiments/crta_v3_mcr_mismatch_support_ladder_v1/xgb/pairwise/r05/metrics.json,Existing scientific record; see category index
robustness/measurement,experiments/crta_v3_mcr_mismatch_support_ladder_v1/xgb/pairwise/r06/metrics.json,Existing scientific record; see category index
robustness/measurement,experiments/crta_v3_mcr_mismatch_support_ladder_v1/xgb/pairwise/r07/metrics.json,Existing scientific record; see category index
robustness/measurement,experiments/crta_v3_mcr_mismatch_support_ladder_v1/xgb/pairwise/r08/metrics.json,Existing scientific record; see category index
robustness/measurement,experiments/crta_v3_mcr_mismatch_support_ladder_v1/xgb/pairwise/r09/metrics.json,Existing scientific record; see category index
robustness/measurement,experiments/crta_v3_mcr_mismatch_support_ladder_v1/xgb/pairwise/r10/metrics.json,Existing scientific record; see category index
robustness/measurement,experiments/crta_v3_mcr_mismatch_support_ladder_v1/xgb/pairwise/r11/metrics.json,Existing scientific record; see category index
robustness/measurement,experiments/crta_v3_mcr_mismatch_support_ladder_v1/xgb/pairwise/r12/metrics.json,Existing scientific record; see category index
robustness/measurement,experiments/crta_v3_mcr_mismatch_support_ladder_v1/xgb/pairwise/r13/metrics.json,Existing scientific record; see category index
robustness/measurement,experiments/crta_v3_mcr_mismatch_support_ladder_v1/xgb/pairwise/r14/metrics.json,Existing scientific record; see category index
robustness/measurement,experiments/crta_v3_mcr_mismatch_support_ladder_v1/xgb/pairwise/r15/metrics.json,Existing scientific record; see category index
robustness/measurement,experiments/crta_v3_mcr_mismatch_support_ladder_v1/xgb/pairwise/r16/metrics.json,Existing scientific record; see category index
robustness/measurement,experiments/crta_v3_mcr_mismatch_support_ladder_v1/xgb/pairwise/r17/metrics.json,Existing scientific record; see category index
robustness/measurement,experiments/crta_v3_mcr_mismatch_support_ladder_v1/xgb/pairwise/r18/metrics.json,Existing scientific record; see category index
robustness/measurement,experiments/crta_v3_mcr_mismatch_support_ladder_v1/xgb/pairwise/r19/metrics.json,Existing scientific record; see category index
robustness/measurement,experiments/crta_v3_mcr_mismatch_support_ladder_v1/xgb/sparse/r00/metrics.json,Existing scientific record; see category index
robustness/measurement,experiments/crta_v3_mcr_mismatch_support_ladder_v1/xgb/sparse/r01/metrics.json,Existing scientific record; see category index
robustness/measurement,experiments/crta_v3_mcr_mismatch_support_ladder_v1/xgb/sparse/r02/metrics.json,Existing scientific record; see category index
robustness/measurement,experiments/crta_v3_mcr_mismatch_support_ladder_v1/xgb/sparse/r03/metrics.json,Existing scientific record; see category index
robustness/measurement,experiments/crta_v3_mcr_mismatch_support_ladder_v1/xgb/sparse/r04/metrics.json,Existing scientific record; see category index
robustness/measurement,experiments/crta_v3_mcr_mismatch_support_ladder_v1/xgb/sparse/r05/metrics.json,Existing scientific record; see category index
robustness/measurement,experiments/crta_v3_mcr_mismatch_support_ladder_v1/xgb/sparse/r06/metrics.json,Existing scientific record; see category index
robustness/measurement,experiments/crta_v3_mcr_mismatch_support_ladder_v1/xgb/sparse/r07/metrics.json,Existing scientific record; see category index
robustness/measurement,experiments/crta_v3_mcr_mismatch_support_ladder_v1/xgb/sparse/r08/metrics.json,Existing scientific record; see category index
robustness/measurement,experiments/crta_v3_mcr_mismatch_support_ladder_v1/xgb/sparse/r09/metrics.json,Existing scientific record; see category index
robustness/measurement,experiments/crta_v3_mcr_mismatch_support_ladder_v1/xgb/sparse/r10/metrics.json,Existing scientific record; see category index
robustness/measurement,experiments/crta_v3_mcr_mismatch_support_ladder_v1/xgb/sparse/r11/metrics.json,Existing scientific record; see category index
robustness/measurement,experiments/crta_v3_mcr_mismatch_support_ladder_v1/xgb/sparse/r12/metrics.json,Existing scientific record; see category index
robustness/measurement,experiments/crta_v3_mcr_mismatch_support_ladder_v1/xgb/sparse/r13/metrics.json,Existing scientific record; see category index
robustness/measurement,experiments/crta_v3_mcr_mismatch_support_ladder_v1/xgb/sparse/r14/metrics.json,Existing scientific record; see category index
robustness/measurement,experiments/crta_v3_mcr_mismatch_support_ladder_v1/xgb/sparse/r15/metrics.json,Existing scientific record; see category index
robustness/measurement,experiments/crta_v3_mcr_mismatch_support_ladder_v1/xgb/sparse/r16/metrics.json,Existing scientific record; see category index
robustness/measurement,experiments/crta_v3_mcr_mismatch_support_ladder_v1/xgb/sparse/r17/metrics.json,Existing scientific record; see category index
robustness/measurement,experiments/crta_v3_mcr_mismatch_support_ladder_v1/xgb/sparse/r18/metrics.json,Existing scientific record; see category index
robustness/measurement,experiments/crta_v3_mcr_mismatch_support_ladder_v1/xgb/sparse/r19/metrics.json,Existing scientific record; see category index
robustness/measurement,experiments/crta_v3_mcr_nonsemantic_rank_alignment_v1/CELL_CONTRASTS_V1.csv,Existing scientific record; see category index
robustness/measurement,experiments/crta_v3_mcr_nonsemantic_rank_alignment_v1/FULL_DOSE_V1.csv,Existing scientific record; see category index
robustness/measurement,experiments/crta_v3_mcr_nonsemantic_rank_alignment_v1/POLARITY_DOSE_STRATA_V1.csv,Existing scientific record; see category index
robustness/measurement,experiments/crta_v3_mcr_nonsemantic_rank_alignment_v1/POLARITY_DOSE_V1.json,Existing scientific record; see category index
robustness/measurement,experiments/crta_v3_mcr_nonsemantic_rank_alignment_v1/RESULTS_V1.md,Existing scientific record; see category index
robustness/measurement,experiments/crta_v3_mcr_nonsemantic_rank_alignment_v1/SUMMARY_V1.json,Existing scientific record; see category index
robustness/measurement,experiments/crta_v3_mcr_nonsemantic_rank_alignment_v1/additive/r00/metrics.json,Existing scientific record; see category index
robustness/measurement,experiments/crta_v3_mcr_nonsemantic_rank_alignment_v1/additive/r01/metrics.json,Existing scientific record; see category index
robustness/measurement,experiments/crta_v3_mcr_nonsemantic_rank_alignment_v1/additive/r02/metrics.json,Existing scientific record; see category index
robustness/measurement,experiments/crta_v3_mcr_nonsemantic_rank_alignment_v1/additive/r03/metrics.json,Existing scientific record; see category index
robustness/measurement,experiments/crta_v3_mcr_nonsemantic_rank_alignment_v1/additive/r04/metrics.json,Existing scientific record; see category index
robustness/measurement,experiments/crta_v3_mcr_nonsemantic_rank_alignment_v1/additive/r05/metrics.json,Existing scientific record; see category index
robustness/measurement,experiments/crta_v3_mcr_nonsemantic_rank_alignment_v1/additive/r06/metrics.json,Existing scientific record; see category index
robustness/measurement,experiments/crta_v3_mcr_nonsemantic_rank_alignment_v1/additive/r07/metrics.json,Existing scientific record; see category index
robustness/measurement,experiments/crta_v3_mcr_nonsemantic_rank_alignment_v1/additive/r08/metrics.json,Existing scientific record; see category index
robustness/measurement,experiments/crta_v3_mcr_nonsemantic_rank_alignment_v1/additive/r09/metrics.json,Existing scientific record; see category index
robustness/measurement,experiments/crta_v3_mcr_nonsemantic_rank_alignment_v1/additive/r10/metrics.json,Existing scientific record; see category index
robustness/measurement,experiments/crta_v3_mcr_nonsemantic_rank_alignment_v1/additive/r11/metrics.json,Existing scientific record; see category index
robustness/measurement,experiments/crta_v3_mcr_nonsemantic_rank_alignment_v1/additive/r12/metrics.json,Existing scientific record; see category index
robustness/measurement,experiments/crta_v3_mcr_nonsemantic_rank_alignment_v1/additive/r13/metrics.json,Existing scientific record; see category index
robustness/measurement,experiments/crta_v3_mcr_nonsemantic_rank_alignment_v1/additive/r14/metrics.json,Existing scientific record; see category index
robustness/measurement,experiments/crta_v3_mcr_nonsemantic_rank_alignment_v1/additive/r15/metrics.json,Existing scientific record; see category index
robustness/measurement,experiments/crta_v3_mcr_nonsemantic_rank_alignment_v1/additive/r16/metrics.json,Existing scientific record; see category index
robustness/measurement,experiments/crta_v3_mcr_nonsemantic_rank_alignment_v1/additive/r17/metrics.json,Existing scientific record; see category index
robustness/measurement,experiments/crta_v3_mcr_nonsemantic_rank_alignment_v1/additive/r18/metrics.json,Existing scientific record; see category index
robustness/measurement,experiments/crta_v3_mcr_nonsemantic_rank_alignment_v1/additive/r19/metrics.json,Existing scientific record; see category index
robustness/measurement,experiments/crta_v3_mcr_nonsemantic_rank_alignment_v1/pairwise/r00/metrics.json,Existing scientific record; see category index
robustness/measurement,experiments/crta_v3_mcr_nonsemantic_rank_alignment_v1/pairwise/r01/metrics.json,Existing scientific record; see category index
robustness/measurement,experiments/crta_v3_mcr_nonsemantic_rank_alignment_v1/pairwise/r02/metrics.json,Existing scientific record; see category index
robustness/measurement,experiments/crta_v3_mcr_nonsemantic_rank_alignment_v1/pairwise/r03/metrics.json,Existing scientific record; see category index
robustness/measurement,experiments/crta_v3_mcr_nonsemantic_rank_alignment_v1/pairwise/r04/metrics.json,Existing scientific record; see category index
robustness/measurement,experiments/crta_v3_mcr_nonsemantic_rank_alignment_v1/pairwise/r05/metrics.json,Existing scientific record; see category index
robustness/measurement,experiments/crta_v3_mcr_nonsemantic_rank_alignment_v1/pairwise/r06/metrics.json,Existing scientific record; see category index
robustness/measurement,experiments/crta_v3_mcr_nonsemantic_rank_alignment_v1/pairwise/r07/metrics.json,Existing scientific record; see category index
robustness/measurement,experiments/crta_v3_mcr_nonsemantic_rank_alignment_v1/pairwise/r08/metrics.json,Existing scientific record; see category index
robustness/measurement,experiments/crta_v3_mcr_nonsemantic_rank_alignment_v1/pairwise/r09/metrics.json,Existing scientific record; see category index
robustness/measurement,experiments/crta_v3_mcr_nonsemantic_rank_alignment_v1/pairwise/r10/metrics.json,Existing scientific record; see category index
robustness/measurement,experiments/crta_v3_mcr_nonsemantic_rank_alignment_v1/pairwise/r11/metrics.json,Existing scientific record; see category index
robustness/measurement,experiments/crta_v3_mcr_nonsemantic_rank_alignment_v1/pairwise/r12/metrics.json,Existing scientific record; see category index
robustness/measurement,experiments/crta_v3_mcr_nonsemantic_rank_alignment_v1/pairwise/r13/metrics.json,Existing scientific record; see category index
robustness/measurement,experiments/crta_v3_mcr_nonsemantic_rank_alignment_v1/pairwise/r14/metrics.json,Existing scientific record; see category index
robustness/measurement,experiments/crta_v3_mcr_nonsemantic_rank_alignment_v1/pairwise/r15/metrics.json,Existing scientific record; see category index
robustness/measurement,experiments/crta_v3_mcr_nonsemantic_rank_alignment_v1/pairwise/r16/metrics.json,Existing scientific record; see category index
robustness/measurement,experiments/crta_v3_mcr_nonsemantic_rank_alignment_v1/pairwise/r17/metrics.json,Existing scientific record; see category index
robustness/measurement,experiments/crta_v3_mcr_nonsemantic_rank_alignment_v1/pairwise/r18/metrics.json,Existing scientific record; see category index
robustness/measurement,experiments/crta_v3_mcr_nonsemantic_rank_alignment_v1/pairwise/r19/metrics.json,Existing scientific record; see category index
robustness/measurement,experiments/crta_v3_mcr_nonsemantic_rank_alignment_v1/sparse/r00/metrics.json,Existing scientific record; see category index
robustness/measurement,experiments/crta_v3_mcr_nonsemantic_rank_alignment_v1/sparse/r01/metrics.json,Existing scientific record; see category index
robustness/measurement,experiments/crta_v3_mcr_nonsemantic_rank_alignment_v1/sparse/r02/metrics.json,Existing scientific record; see category index
robustness/measurement,experiments/crta_v3_mcr_nonsemantic_rank_alignment_v1/sparse/r03/metrics.json,Existing scientific record; see category index
robustness/measurement,experiments/crta_v3_mcr_nonsemantic_rank_alignment_v1/sparse/r04/metrics.json,Existing scientific record; see category index
robustness/measurement,experiments/crta_v3_mcr_nonsemantic_rank_alignment_v1/sparse/r05/metrics.json,Existing scientific record; see category index
robustness/measurement,experiments/crta_v3_mcr_nonsemantic_rank_alignment_v1/sparse/r06/metrics.json,Existing scientific record; see category index
robustness/measurement,experiments/crta_v3_mcr_nonsemantic_rank_alignment_v1/sparse/r07/metrics.json,Existing scientific record; see category index
robustness/measurement,experiments/crta_v3_mcr_nonsemantic_rank_alignment_v1/sparse/r08/metrics.json,Existing scientific record; see category index
robustness/measurement,experiments/crta_v3_mcr_nonsemantic_rank_alignment_v1/sparse/r09/metrics.json,Existing scientific record; see category index
robustness/measurement,experiments/crta_v3_mcr_nonsemantic_rank_alignment_v1/sparse/r10/metrics.json,Existing scientific record; see category index
robustness/measurement,experiments/crta_v3_mcr_nonsemantic_rank_alignment_v1/sparse/r11/metrics.json,Existing scientific record; see category index
robustness/measurement,experiments/crta_v3_mcr_nonsemantic_rank_alignment_v1/sparse/r12/metrics.json,Existing scientific record; see category index
robustness/measurement,experiments/crta_v3_mcr_nonsemantic_rank_alignment_v1/sparse/r13/metrics.json,Existing scientific record; see category index
robustness/measurement,experiments/crta_v3_mcr_nonsemantic_rank_alignment_v1/sparse/r14/metrics.json,Existing scientific record; see category index
robustness/measurement,experiments/crta_v3_mcr_nonsemantic_rank_alignment_v1/sparse/r15/metrics.json,Existing scientific record; see category index
robustness/measurement,experiments/crta_v3_mcr_nonsemantic_rank_alignment_v1/sparse/r16/metrics.json,Existing scientific record; see category index
robustness/measurement,experiments/crta_v3_mcr_nonsemantic_rank_alignment_v1/sparse/r17/metrics.json,Existing scientific record; see category index
robustness/measurement,experiments/crta_v3_mcr_nonsemantic_rank_alignment_v1/sparse/r18/metrics.json,Existing scientific record; see category index
robustness/measurement,experiments/crta_v3_mcr_nonsemantic_rank_alignment_v1/sparse/r19/metrics.json,Existing scientific record; see category index
robustness/measurement,experiments/crta_v3_measurement_harmonization_ablation_v1/ARM_TABLES_V1.json,Existing scientific record; see category index
robustness/measurement,experiments/crta_v3_measurement_harmonization_ablation_v1/SUMMARY_V1.json,Existing scientific record; see category index
robustness/measurement,experiments/crta_v3_measurement_harmonization_ablation_v1/dbp/seed_50/metrics.json,Existing scientific record; see category index
robustness/measurement,experiments/crta_v3_measurement_harmonization_ablation_v1/dbp/seed_51/metrics.json,Existing scientific record; see category index
robustness/measurement,experiments/crta_v3_measurement_harmonization_ablation_v1/dbp/seed_52/metrics.json,Existing scientific record; see category index
robustness/measurement,experiments/crta_v3_measurement_harmonization_ablation_v1/dbp/seed_53/metrics.json,Existing scientific record; see category index
robustness/measurement,experiments/crta_v3_measurement_harmonization_ablation_v1/dbp/seed_54/metrics.json,Existing scientific record; see category index
robustness/measurement,experiments/crta_v3_measurement_harmonization_ablation_v1/dbp/seed_55/metrics.json,Existing scientific record; see category index
robustness/measurement,experiments/crta_v3_measurement_harmonization_ablation_v1/dbp/seed_56/metrics.json,Existing scientific record; see category index
robustness/measurement,experiments/crta_v3_measurement_harmonization_ablation_v1/dbp/seed_57/metrics.json,Existing scientific record; see category index
robustness/measurement,experiments/crta_v3_measurement_harmonization_ablation_v1/dbp/seed_58/metrics.json,Existing scientific record; see category index
robustness/measurement,experiments/crta_v3_measurement_harmonization_ablation_v1/dbp/seed_59/metrics.json,Existing scientific record; see category index
robustness/measurement,experiments/crta_v3_measurement_harmonization_ablation_v1/glucose/seed_50/metrics.json,Existing scientific record; see category index
robustness/measurement,experiments/crta_v3_measurement_harmonization_ablation_v1/glucose/seed_51/metrics.json,Existing scientific record; see category index
robustness/measurement,experiments/crta_v3_measurement_harmonization_ablation_v1/glucose/seed_52/metrics.json,Existing scientific record; see category index
robustness/measurement,experiments/crta_v3_measurement_harmonization_ablation_v1/glucose/seed_53/metrics.json,Existing scientific record; see category index
robustness/measurement,experiments/crta_v3_measurement_harmonization_ablation_v1/glucose/seed_54/metrics.json,Existing scientific record; see category index
robustness/measurement,experiments/crta_v3_measurement_harmonization_ablation_v1/glucose/seed_55/metrics.json,Existing scientific record; see category index
robustness/measurement,experiments/crta_v3_measurement_harmonization_ablation_v1/glucose/seed_56/metrics.json,Existing scientific record; see category index
robustness/measurement,experiments/crta_v3_measurement_harmonization_ablation_v1/glucose/seed_57/metrics.json,Existing scientific record; see category index
robustness/measurement,experiments/crta_v3_measurement_harmonization_ablation_v1/glucose/seed_58/metrics.json,Existing scientific record; see category index
robustness/measurement,experiments/crta_v3_measurement_harmonization_ablation_v1/glucose/seed_59/metrics.json,Existing scientific record; see category index
robustness/measurement,experiments/crta_v3_measurement_harmonization_ablation_v1/sbp/seed_50/metrics.json,Existing scientific record; see category index
robustness/measurement,experiments/crta_v3_measurement_harmonization_ablation_v1/sbp/seed_51/metrics.json,Existing scientific record; see category index
robustness/measurement,experiments/crta_v3_measurement_harmonization_ablation_v1/sbp/seed_52/metrics.json,Existing scientific record; see category index
robustness/measurement,experiments/crta_v3_measurement_harmonization_ablation_v1/sbp/seed_53/metrics.json,Existing scientific record; see category index
robustness/measurement,experiments/crta_v3_measurement_harmonization_ablation_v1/sbp/seed_54/metrics.json,Existing scientific record; see category index
robustness/measurement,experiments/crta_v3_measurement_harmonization_ablation_v1/sbp/seed_55/metrics.json,Existing scientific record; see category index
robustness/measurement,experiments/crta_v3_measurement_harmonization_ablation_v1/sbp/seed_56/metrics.json,Existing scientific record; see category index
robustness/measurement,experiments/crta_v3_measurement_harmonization_ablation_v1/sbp/seed_57/metrics.json,Existing scientific record; see category index
robustness/measurement,experiments/crta_v3_measurement_harmonization_ablation_v1/sbp/seed_58/metrics.json,Existing scientific record; see category index
robustness/measurement,experiments/crta_v3_measurement_harmonization_ablation_v1/sbp/seed_59/metrics.json,Existing scientific record; see category index
robustness/measurement,experiments/crta_v3_measurement_harmonization_ablation_v1/total_cholesterol/seed_50/metrics.json,Existing scientific record; see category index
robustness/measurement,experiments/crta_v3_measurement_harmonization_ablation_v1/total_cholesterol/seed_51/metrics.json,Existing scientific record; see category index
robustness/measurement,experiments/crta_v3_measurement_harmonization_ablation_v1/total_cholesterol/seed_52/metrics.json,Existing scientific record; see category index
robustness/measurement,experiments/crta_v3_measurement_harmonization_ablation_v1/total_cholesterol/seed_53/metrics.json,Existing scientific record; see category index
robustness/measurement,experiments/crta_v3_measurement_harmonization_ablation_v1/total_cholesterol/seed_54/metrics.json,Existing scientific record; see category index
robustness/measurement,experiments/crta_v3_measurement_harmonization_ablation_v1/total_cholesterol/seed_55/metrics.json,Existing scientific record; see category index
robustness/measurement,experiments/crta_v3_measurement_harmonization_ablation_v1/total_cholesterol/seed_56/metrics.json,Existing scientific record; see category index
robustness/measurement,experiments/crta_v3_measurement_harmonization_ablation_v1/total_cholesterol/seed_57/metrics.json,Existing scientific record; see category index
robustness/measurement,experiments/crta_v3_measurement_harmonization_ablation_v1/total_cholesterol/seed_58/metrics.json,Existing scientific record; see category index
robustness/measurement,experiments/crta_v3_measurement_harmonization_ablation_v1/total_cholesterol/seed_59/metrics.json,Existing scientific record; see category index
robustness/measurement,experiments/crta_v3_measurement_harmonization_ablation_v1/triglycerides/seed_50/metrics.json,Existing scientific record; see category index
robustness/measurement,experiments/crta_v3_measurement_harmonization_ablation_v1/triglycerides/seed_51/metrics.json,Existing scientific record; see category index
robustness/measurement,experiments/crta_v3_measurement_harmonization_ablation_v1/triglycerides/seed_52/metrics.json,Existing scientific record; see category index
robustness/measurement,experiments/crta_v3_measurement_harmonization_ablation_v1/triglycerides/seed_53/metrics.json,Existing scientific record; see category index
robustness/measurement,experiments/crta_v3_measurement_harmonization_ablation_v1/triglycerides/seed_54/metrics.json,Existing scientific record; see category index
robustness/measurement,experiments/crta_v3_measurement_harmonization_ablation_v1/triglycerides/seed_55/metrics.json,Existing scientific record; see category index
robustness/measurement,experiments/crta_v3_measurement_harmonization_ablation_v1/triglycerides/seed_56/metrics.json,Existing scientific record; see category index
robustness/measurement,experiments/crta_v3_measurement_harmonization_ablation_v1/triglycerides/seed_57/metrics.json,Existing scientific record; see category index
robustness/measurement,experiments/crta_v3_measurement_harmonization_ablation_v1/triglycerides/seed_58/metrics.json,Existing scientific record; see category index
robustness/measurement,experiments/crta_v3_measurement_harmonization_ablation_v1/triglycerides/seed_59/metrics.json,Existing scientific record; see category index
robustness/measurement,experiments/crta_v3_measurement_harmonization_ablation_v1/waist_cm/seed_50/metrics.json,Existing scientific record; see category index
robustness/measurement,experiments/crta_v3_measurement_harmonization_ablation_v1/waist_cm/seed_51/metrics.json,Existing scientific record; see category index
robustness/measurement,experiments/crta_v3_measurement_harmonization_ablation_v1/waist_cm/seed_52/metrics.json,Existing scientific record; see category index
robustness/measurement,experiments/crta_v3_measurement_harmonization_ablation_v1/waist_cm/seed_53/metrics.json,Existing scientific record; see category index
robustness/measurement,experiments/crta_v3_measurement_harmonization_ablation_v1/waist_cm/seed_54/metrics.json,Existing scientific record; see category index
robustness/measurement,experiments/crta_v3_measurement_harmonization_ablation_v1/waist_cm/seed_55/metrics.json,Existing scientific record; see category index
robustness/measurement,experiments/crta_v3_measurement_harmonization_ablation_v1/waist_cm/seed_56/metrics.json,Existing scientific record; see category index
robustness/measurement,experiments/crta_v3_measurement_harmonization_ablation_v1/waist_cm/seed_57/metrics.json,Existing scientific record; see category index
robustness/measurement,experiments/crta_v3_measurement_harmonization_ablation_v1/waist_cm/seed_58/metrics.json,Existing scientific record; see category index
robustness/measurement,experiments/crta_v3_measurement_harmonization_ablation_v1/waist_cm/seed_59/metrics.json,Existing scientific record; see category index
robustness/measurement,experiments/crta_v3_survey_label_panel_endpoint_expansion_kn2nh_v1/angina_history/seed_50/metrics.json,Existing scientific record; see category index
robustness/measurement,experiments/crta_v3_survey_label_panel_endpoint_expansion_kn2nh_v1/angina_history/seed_51/metrics.json,Existing scientific record; see category index
robustness/measurement,experiments/crta_v3_survey_label_panel_endpoint_expansion_kn2nh_v1/angina_history/seed_52/metrics.json,Existing scientific record; see category index
robustness/measurement,experiments/crta_v3_survey_label_panel_endpoint_expansion_kn2nh_v1/angina_history/seed_53/metrics.json,Existing scientific record; see category index
robustness/measurement,experiments/crta_v3_survey_label_panel_endpoint_expansion_kn2nh_v1/angina_history/seed_54/metrics.json,Existing scientific record; see category index
robustness/measurement,experiments/crta_v3_survey_label_panel_endpoint_expansion_kn2nh_v1/angina_history/seed_55/metrics.json,Existing scientific record; see category index
robustness/measurement,experiments/crta_v3_survey_label_panel_endpoint_expansion_kn2nh_v1/angina_history/seed_56/metrics.json,Existing scientific record; see category index
robustness/measurement,experiments/crta_v3_survey_label_panel_endpoint_expansion_kn2nh_v1/angina_history/seed_57/metrics.json,Existing scientific record; see category index
robustness/measurement,experiments/crta_v3_survey_label_panel_endpoint_expansion_kn2nh_v1/angina_history/seed_58/metrics.json,Existing scientific record; see category index
robustness/measurement,experiments/crta_v3_survey_label_panel_endpoint_expansion_kn2nh_v1/angina_history/seed_59/metrics.json,Existing scientific record; see category index
robustness/measurement,experiments/crta_v3_survey_label_panel_endpoint_expansion_kn2nh_v1/arthritis_history/seed_50/metrics.json,Existing scientific record; see category index
robustness/measurement,experiments/crta_v3_survey_label_panel_endpoint_expansion_kn2nh_v1/arthritis_history/seed_51/metrics.json,Existing scientific record; see category index
robustness/measurement,experiments/crta_v3_survey_label_panel_endpoint_expansion_kn2nh_v1/arthritis_history/seed_52/metrics.json,Existing scientific record; see category index
robustness/measurement,experiments/crta_v3_survey_label_panel_endpoint_expansion_kn2nh_v1/arthritis_history/seed_53/metrics.json,Existing scientific record; see category index
robustness/measurement,experiments/crta_v3_survey_label_panel_endpoint_expansion_kn2nh_v1/arthritis_history/seed_54/metrics.json,Existing scientific record; see category index
robustness/measurement,experiments/crta_v3_survey_label_panel_endpoint_expansion_kn2nh_v1/arthritis_history/seed_55/metrics.json,Existing scientific record; see category index
robustness/measurement,experiments/crta_v3_survey_label_panel_endpoint_expansion_kn2nh_v1/arthritis_history/seed_56/metrics.json,Existing scientific record; see category index
robustness/measurement,experiments/crta_v3_survey_label_panel_endpoint_expansion_kn2nh_v1/arthritis_history/seed_57/metrics.json,Existing scientific record; see category index
robustness/measurement,experiments/crta_v3_survey_label_panel_endpoint_expansion_kn2nh_v1/arthritis_history/seed_58/metrics.json,Existing scientific record; see category index
robustness/measurement,experiments/crta_v3_survey_label_panel_endpoint_expansion_kn2nh_v1/arthritis_history/seed_59/metrics.json,Existing scientific record; see category index
robustness/measurement,experiments/crta_v3_survey_label_panel_endpoint_expansion_kn2nh_v1/asthma_history/seed_50/metrics.json,Existing scientific record; see category index
robustness/measurement,experiments/crta_v3_survey_label_panel_endpoint_expansion_kn2nh_v1/asthma_history/seed_51/metrics.json,Existing scientific record; see category index
robustness/measurement,experiments/crta_v3_survey_label_panel_endpoint_expansion_kn2nh_v1/asthma_history/seed_52/metrics.json,Existing scientific record; see category index
robustness/measurement,experiments/crta_v3_survey_label_panel_endpoint_expansion_kn2nh_v1/asthma_history/seed_53/metrics.json,Existing scientific record; see category index
robustness/measurement,experiments/crta_v3_survey_label_panel_endpoint_expansion_kn2nh_v1/asthma_history/seed_54/metrics.json,Existing scientific record; see category index
robustness/measurement,experiments/crta_v3_survey_label_panel_endpoint_expansion_kn2nh_v1/asthma_history/seed_55/metrics.json,Existing scientific record; see category index
robustness/measurement,experiments/crta_v3_survey_label_panel_endpoint_expansion_kn2nh_v1/asthma_history/seed_56/metrics.json,Existing scientific record; see category index
robustness/measurement,experiments/crta_v3_survey_label_panel_endpoint_expansion_kn2nh_v1/asthma_history/seed_57/metrics.json,Existing scientific record; see category index
robustness/measurement,experiments/crta_v3_survey_label_panel_endpoint_expansion_kn2nh_v1/asthma_history/seed_58/metrics.json,Existing scientific record; see category index
robustness/measurement,experiments/crta_v3_survey_label_panel_endpoint_expansion_kn2nh_v1/asthma_history/seed_59/metrics.json,Existing scientific record; see category index
robustness/measurement,experiments/crta_v3_survey_label_panel_endpoint_expansion_kn2nh_v1/cancer_history/seed_50/metrics.json,Existing scientific record; see category index
robustness/measurement,experiments/crta_v3_survey_label_panel_endpoint_expansion_kn2nh_v1/cancer_history/seed_51/metrics.json,Existing scientific record; see category index
robustness/measurement,experiments/crta_v3_survey_label_panel_endpoint_expansion_kn2nh_v1/cancer_history/seed_52/metrics.json,Existing scientific record; see category index
robustness/measurement,experiments/crta_v3_survey_label_panel_endpoint_expansion_kn2nh_v1/cancer_history/seed_53/metrics.json,Existing scientific record; see category index
robustness/measurement,experiments/crta_v3_survey_label_panel_endpoint_expansion_kn2nh_v1/cancer_history/seed_54/metrics.json,Existing scientific record; see category index
robustness/measurement,experiments/crta_v3_survey_label_panel_endpoint_expansion_kn2nh_v1/cancer_history/seed_55/metrics.json,Existing scientific record; see category index
robustness/measurement,experiments/crta_v3_survey_label_panel_endpoint_expansion_kn2nh_v1/cancer_history/seed_56/metrics.json,Existing scientific record; see category index
robustness/measurement,experiments/crta_v3_survey_label_panel_endpoint_expansion_kn2nh_v1/cancer_history/seed_57/metrics.json,Existing scientific record; see category index
robustness/measurement,experiments/crta_v3_survey_label_panel_endpoint_expansion_kn2nh_v1/cancer_history/seed_58/metrics.json,Existing scientific record; see category index
robustness/measurement,experiments/crta_v3_survey_label_panel_endpoint_expansion_kn2nh_v1/cancer_history/seed_59/metrics.json,Existing scientific record; see category index
robustness/measurement,experiments/crta_v3_survey_label_panel_endpoint_expansion_kn2nh_v1/current_smoking_status/seed_50/metrics.json,Existing scientific record; see category index
robustness/measurement,experiments/crta_v3_survey_label_panel_endpoint_expansion_kn2nh_v1/current_smoking_status/seed_51/metrics.json,Existing scientific record; see category index
robustness/measurement,experiments/crta_v3_survey_label_panel_endpoint_expansion_kn2nh_v1/current_smoking_status/seed_52/metrics.json,Existing scientific record; see category index
robustness/measurement,experiments/crta_v3_survey_label_panel_endpoint_expansion_kn2nh_v1/current_smoking_status/seed_53/metrics.json,Existing scientific record; see category index
robustness/measurement,experiments/crta_v3_survey_label_panel_endpoint_expansion_kn2nh_v1/current_smoking_status/seed_54/metrics.json,Existing scientific record; see category index
robustness/measurement,experiments/crta_v3_survey_label_panel_endpoint_expansion_kn2nh_v1/current_smoking_status/seed_55/metrics.json,Existing scientific record; see category index
robustness/measurement,experiments/crta_v3_survey_label_panel_endpoint_expansion_kn2nh_v1/current_smoking_status/seed_56/metrics.json,Existing scientific record; see category index
robustness/measurement,experiments/crta_v3_survey_label_panel_endpoint_expansion_kn2nh_v1/current_smoking_status/seed_57/metrics.json,Existing scientific record; see category index
robustness/measurement,experiments/crta_v3_survey_label_panel_endpoint_expansion_kn2nh_v1/current_smoking_status/seed_58/metrics.json,Existing scientific record; see category index
robustness/measurement,experiments/crta_v3_survey_label_panel_endpoint_expansion_kn2nh_v1/current_smoking_status/seed_59/metrics.json,Existing scientific record; see category index
robustness/measurement,experiments/crta_v3_survey_label_panel_endpoint_expansion_kn2nh_v1/diabetes_history/seed_50/metrics.json,Existing scientific record; see category index
robustness/measurement,experiments/crta_v3_survey_label_panel_endpoint_expansion_kn2nh_v1/diabetes_history/seed_51/metrics.json,Existing scientific record; see category index
robustness/measurement,experiments/crta_v3_survey_label_panel_endpoint_expansion_kn2nh_v1/diabetes_history/seed_52/metrics.json,Existing scientific record; see category index
robustness/measurement,experiments/crta_v3_survey_label_panel_endpoint_expansion_kn2nh_v1/diabetes_history/seed_53/metrics.json,Existing scientific record; see category index
robustness/measurement,experiments/crta_v3_survey_label_panel_endpoint_expansion_kn2nh_v1/diabetes_history/seed_54/metrics.json,Existing scientific record; see category index
robustness/measurement,experiments/crta_v3_survey_label_panel_endpoint_expansion_kn2nh_v1/diabetes_history/seed_55/metrics.json,Existing scientific record; see category index
robustness/measurement,experiments/crta_v3_survey_label_panel_endpoint_expansion_kn2nh_v1/diabetes_history/seed_56/metrics.json,Existing scientific record; see category index
robustness/measurement,experiments/crta_v3_survey_label_panel_endpoint_expansion_kn2nh_v1/diabetes_history/seed_57/metrics.json,Existing scientific record; see category index
robustness/measurement,experiments/crta_v3_survey_label_panel_endpoint_expansion_kn2nh_v1/diabetes_history/seed_58/metrics.json,Existing scientific record; see category index
robustness/measurement,experiments/crta_v3_survey_label_panel_endpoint_expansion_kn2nh_v1/diabetes_history/seed_59/metrics.json,Existing scientific record; see category index
robustness/measurement,experiments/crta_v3_survey_label_panel_endpoint_expansion_kn2nh_v1/heart_attack_history/seed_50/metrics.json,Existing scientific record; see category index
robustness/measurement,experiments/crta_v3_survey_label_panel_endpoint_expansion_kn2nh_v1/heart_attack_history/seed_51/metrics.json,Existing scientific record; see category index
robustness/measurement,experiments/crta_v3_survey_label_panel_endpoint_expansion_kn2nh_v1/heart_attack_history/seed_52/metrics.json,Existing scientific record; see category index
robustness/measurement,experiments/crta_v3_survey_label_panel_endpoint_expansion_kn2nh_v1/heart_attack_history/seed_53/metrics.json,Existing scientific record; see category index
robustness/measurement,experiments/crta_v3_survey_label_panel_endpoint_expansion_kn2nh_v1/heart_attack_history/seed_54/metrics.json,Existing scientific record; see category index
robustness/measurement,experiments/crta_v3_survey_label_panel_endpoint_expansion_kn2nh_v1/heart_attack_history/seed_55/metrics.json,Existing scientific record; see category index
robustness/measurement,experiments/crta_v3_survey_label_panel_endpoint_expansion_kn2nh_v1/heart_attack_history/seed_56/metrics.json,Existing scientific record; see category index
robustness/measurement,experiments/crta_v3_survey_label_panel_endpoint_expansion_kn2nh_v1/heart_attack_history/seed_57/metrics.json,Existing scientific record; see category index
robustness/measurement,experiments/crta_v3_survey_label_panel_endpoint_expansion_kn2nh_v1/heart_attack_history/seed_58/metrics.json,Existing scientific record; see category index
robustness/measurement,experiments/crta_v3_survey_label_panel_endpoint_expansion_kn2nh_v1/heart_attack_history/seed_59/metrics.json,Existing scientific record; see category index
robustness/measurement,experiments/crta_v3_survey_label_panel_endpoint_expansion_kn2nh_v1/hypertension_history/seed_50/metrics.json,Existing scientific record; see category index
robustness/measurement,experiments/crta_v3_survey_label_panel_endpoint_expansion_kn2nh_v1/hypertension_history/seed_51/metrics.json,Existing scientific record; see category index
robustness/measurement,experiments/crta_v3_survey_label_panel_endpoint_expansion_kn2nh_v1/hypertension_history/seed_52/metrics.json,Existing scientific record; see category index
robustness/measurement,experiments/crta_v3_survey_label_panel_endpoint_expansion_kn2nh_v1/hypertension_history/seed_53/metrics.json,Existing scientific record; see category index
robustness/measurement,experiments/crta_v3_survey_label_panel_endpoint_expansion_kn2nh_v1/hypertension_history/seed_54/metrics.json,Existing scientific record; see category index
robustness/measurement,experiments/crta_v3_survey_label_panel_endpoint_expansion_kn2nh_v1/hypertension_history/seed_55/metrics.json,Existing scientific record; see category index
robustness/measurement,experiments/crta_v3_survey_label_panel_endpoint_expansion_kn2nh_v1/hypertension_history/seed_56/metrics.json,Existing scientific record; see category index
robustness/measurement,experiments/crta_v3_survey_label_panel_endpoint_expansion_kn2nh_v1/hypertension_history/seed_57/metrics.json,Existing scientific record; see category index
robustness/measurement,experiments/crta_v3_survey_label_panel_endpoint_expansion_kn2nh_v1/hypertension_history/seed_58/metrics.json,Existing scientific record; see category index
robustness/measurement,experiments/crta_v3_survey_label_panel_endpoint_expansion_kn2nh_v1/hypertension_history/seed_59/metrics.json,Existing scientific record; see category index
robustness/measurement,experiments/crta_v3_survey_label_panel_endpoint_expansion_kn2nh_v1/kidney_disease_history/seed_50/metrics.json,Existing scientific record; see category index
robustness/measurement,experiments/crta_v3_survey_label_panel_endpoint_expansion_kn2nh_v1/kidney_disease_history/seed_51/metrics.json,Existing scientific record; see category index
robustness/measurement,experiments/crta_v3_survey_label_panel_endpoint_expansion_kn2nh_v1/kidney_disease_history/seed_52/metrics.json,Existing scientific record; see category index
robustness/measurement,experiments/crta_v3_survey_label_panel_endpoint_expansion_kn2nh_v1/kidney_disease_history/seed_53/metrics.json,Existing scientific record; see category index
robustness/measurement,experiments/crta_v3_survey_label_panel_endpoint_expansion_kn2nh_v1/kidney_disease_history/seed_54/metrics.json,Existing scientific record; see category index
robustness/measurement,experiments/crta_v3_survey_label_panel_endpoint_expansion_kn2nh_v1/kidney_disease_history/seed_55/metrics.json,Existing scientific record; see category index
robustness/measurement,experiments/crta_v3_survey_label_panel_endpoint_expansion_kn2nh_v1/kidney_disease_history/seed_56/metrics.json,Existing scientific record; see category index
robustness/measurement,experiments/crta_v3_survey_label_panel_endpoint_expansion_kn2nh_v1/kidney_disease_history/seed_57/metrics.json,Existing scientific record; see category index
robustness/measurement,experiments/crta_v3_survey_label_panel_endpoint_expansion_kn2nh_v1/kidney_disease_history/seed_58/metrics.json,Existing scientific record; see category index
robustness/measurement,experiments/crta_v3_survey_label_panel_endpoint_expansion_kn2nh_v1/kidney_disease_history/seed_59/metrics.json,Existing scientific record; see category index
robustness/measurement,experiments/crta_v3_survey_label_panel_endpoint_expansion_kn2nh_v1/stroke_history/seed_50/metrics.json,Existing scientific record; see category index
robustness/measurement,experiments/crta_v3_survey_label_panel_endpoint_expansion_kn2nh_v1/stroke_history/seed_51/metrics.json,Existing scientific record; see category index
robustness/measurement,experiments/crta_v3_survey_label_panel_endpoint_expansion_kn2nh_v1/stroke_history/seed_52/metrics.json,Existing scientific record; see category index
robustness/measurement,experiments/crta_v3_survey_label_panel_endpoint_expansion_kn2nh_v1/stroke_history/seed_53/metrics.json,Existing scientific record; see category index
robustness/measurement,experiments/crta_v3_survey_label_panel_endpoint_expansion_kn2nh_v1/stroke_history/seed_54/metrics.json,Existing scientific record; see category index
robustness/measurement,experiments/crta_v3_survey_label_panel_endpoint_expansion_kn2nh_v1/stroke_history/seed_55/metrics.json,Existing scientific record; see category index
robustness/measurement,experiments/crta_v3_survey_label_panel_endpoint_expansion_kn2nh_v1/stroke_history/seed_56/metrics.json,Existing scientific record; see category index
robustness/measurement,experiments/crta_v3_survey_label_panel_endpoint_expansion_kn2nh_v1/stroke_history/seed_57/metrics.json,Existing scientific record; see category index
robustness/measurement,experiments/crta_v3_survey_label_panel_endpoint_expansion_kn2nh_v1/stroke_history/seed_58/metrics.json,Existing scientific record; see category index
robustness/measurement,experiments/crta_v3_survey_label_panel_endpoint_expansion_kn2nh_v1/stroke_history/seed_59/metrics.json,Existing scientific record; see category index
robustness/measurement,experiments/crta_v3_survey_label_panel_endpoint_expansion_nh2kn_v1/angina_history/seed_50/metrics.json,Existing scientific record; see category index
robustness/measurement,experiments/crta_v3_survey_label_panel_endpoint_expansion_nh2kn_v1/angina_history/seed_51/metrics.json,Existing scientific record; see category index
robustness/measurement,experiments/crta_v3_survey_label_panel_endpoint_expansion_nh2kn_v1/angina_history/seed_52/metrics.json,Existing scientific record; see category index
robustness/measurement,experiments/crta_v3_survey_label_panel_endpoint_expansion_nh2kn_v1/angina_history/seed_53/metrics.json,Existing scientific record; see category index
robustness/measurement,experiments/crta_v3_survey_label_panel_endpoint_expansion_nh2kn_v1/angina_history/seed_54/metrics.json,Existing scientific record; see category index
robustness/measurement,experiments/crta_v3_survey_label_panel_endpoint_expansion_nh2kn_v1/angina_history/seed_55/metrics.json,Existing scientific record; see category index
robustness/measurement,experiments/crta_v3_survey_label_panel_endpoint_expansion_nh2kn_v1/angina_history/seed_56/metrics.json,Existing scientific record; see category index
robustness/measurement,experiments/crta_v3_survey_label_panel_endpoint_expansion_nh2kn_v1/angina_history/seed_57/metrics.json,Existing scientific record; see category index
robustness/measurement,experiments/crta_v3_survey_label_panel_endpoint_expansion_nh2kn_v1/angina_history/seed_58/metrics.json,Existing scientific record; see category index
robustness/measurement,experiments/crta_v3_survey_label_panel_endpoint_expansion_nh2kn_v1/angina_history/seed_59/metrics.json,Existing scientific record; see category index
robustness/measurement,experiments/crta_v3_survey_label_panel_endpoint_expansion_nh2kn_v1/arthritis_history/seed_50/metrics.json,Existing scientific record; see category index
robustness/measurement,experiments/crta_v3_survey_label_panel_endpoint_expansion_nh2kn_v1/arthritis_history/seed_51/metrics.json,Existing scientific record; see category index
robustness/measurement,experiments/crta_v3_survey_label_panel_endpoint_expansion_nh2kn_v1/arthritis_history/seed_52/metrics.json,Existing scientific record; see category index
robustness/measurement,experiments/crta_v3_survey_label_panel_endpoint_expansion_nh2kn_v1/arthritis_history/seed_53/metrics.json,Existing scientific record; see category index
robustness/measurement,experiments/crta_v3_survey_label_panel_endpoint_expansion_nh2kn_v1/arthritis_history/seed_54/metrics.json,Existing scientific record; see category index
robustness/measurement,experiments/crta_v3_survey_label_panel_endpoint_expansion_nh2kn_v1/arthritis_history/seed_55/metrics.json,Existing scientific record; see category index
robustness/measurement,experiments/crta_v3_survey_label_panel_endpoint_expansion_nh2kn_v1/arthritis_history/seed_56/metrics.json,Existing scientific record; see category index
robustness/measurement,experiments/crta_v3_survey_label_panel_endpoint_expansion_nh2kn_v1/arthritis_history/seed_57/metrics.json,Existing scientific record; see category index
robustness/measurement,experiments/crta_v3_survey_label_panel_endpoint_expansion_nh2kn_v1/arthritis_history/seed_58/metrics.json,Existing scientific record; see category index
robustness/measurement,experiments/crta_v3_survey_label_panel_endpoint_expansion_nh2kn_v1/arthritis_history/seed_59/metrics.json,Existing scientific record; see category index
robustness/measurement,experiments/crta_v3_survey_label_panel_endpoint_expansion_nh2kn_v1/asthma_history/seed_50/metrics.json,Existing scientific record; see category index
robustness/measurement,experiments/crta_v3_survey_label_panel_endpoint_expansion_nh2kn_v1/asthma_history/seed_51/metrics.json,Existing scientific record; see category index
robustness/measurement,experiments/crta_v3_survey_label_panel_endpoint_expansion_nh2kn_v1/asthma_history/seed_52/metrics.json,Existing scientific record; see category index
robustness/measurement,experiments/crta_v3_survey_label_panel_endpoint_expansion_nh2kn_v1/asthma_history/seed_53/metrics.json,Existing scientific record; see category index
robustness/measurement,experiments/crta_v3_survey_label_panel_endpoint_expansion_nh2kn_v1/asthma_history/seed_54/metrics.json,Existing scientific record; see category index
robustness/measurement,experiments/crta_v3_survey_label_panel_endpoint_expansion_nh2kn_v1/asthma_history/seed_55/metrics.json,Existing scientific record; see category index
robustness/measurement,experiments/crta_v3_survey_label_panel_endpoint_expansion_nh2kn_v1/asthma_history/seed_56/metrics.json,Existing scientific record; see category index
robustness/measurement,experiments/crta_v3_survey_label_panel_endpoint_expansion_nh2kn_v1/asthma_history/seed_57/metrics.json,Existing scientific record; see category index
robustness/measurement,experiments/crta_v3_survey_label_panel_endpoint_expansion_nh2kn_v1/asthma_history/seed_58/metrics.json,Existing scientific record; see category index
robustness/measurement,experiments/crta_v3_survey_label_panel_endpoint_expansion_nh2kn_v1/asthma_history/seed_59/metrics.json,Existing scientific record; see category index
robustness/measurement,experiments/crta_v3_survey_label_panel_endpoint_expansion_nh2kn_v1/cancer_history/seed_50/metrics.json,Existing scientific record; see category index
robustness/measurement,experiments/crta_v3_survey_label_panel_endpoint_expansion_nh2kn_v1/cancer_history/seed_51/metrics.json,Existing scientific record; see category index
robustness/measurement,experiments/crta_v3_survey_label_panel_endpoint_expansion_nh2kn_v1/cancer_history/seed_52/metrics.json,Existing scientific record; see category index
robustness/measurement,experiments/crta_v3_survey_label_panel_endpoint_expansion_nh2kn_v1/cancer_history/seed_53/metrics.json,Existing scientific record; see category index
robustness/measurement,experiments/crta_v3_survey_label_panel_endpoint_expansion_nh2kn_v1/cancer_history/seed_54/metrics.json,Existing scientific record; see category index
robustness/measurement,experiments/crta_v3_survey_label_panel_endpoint_expansion_nh2kn_v1/cancer_history/seed_55/metrics.json,Existing scientific record; see category index
robustness/measurement,experiments/crta_v3_survey_label_panel_endpoint_expansion_nh2kn_v1/cancer_history/seed_56/metrics.json,Existing scientific record; see category index
robustness/measurement,experiments/crta_v3_survey_label_panel_endpoint_expansion_nh2kn_v1/cancer_history/seed_57/metrics.json,Existing scientific record; see category index
robustness/measurement,experiments/crta_v3_survey_label_panel_endpoint_expansion_nh2kn_v1/cancer_history/seed_58/metrics.json,Existing scientific record; see category index
robustness/measurement,experiments/crta_v3_survey_label_panel_endpoint_expansion_nh2kn_v1/cancer_history/seed_59/metrics.json,Existing scientific record; see category index
robustness/measurement,experiments/crta_v3_survey_label_panel_endpoint_expansion_nh2kn_v1/current_smoking_status/seed_50/metrics.json,Existing scientific record; see category index
robustness/measurement,experiments/crta_v3_survey_label_panel_endpoint_expansion_nh2kn_v1/current_smoking_status/seed_51/metrics.json,Existing scientific record; see category index
robustness/measurement,experiments/crta_v3_survey_label_panel_endpoint_expansion_nh2kn_v1/current_smoking_status/seed_52/metrics.json,Existing scientific record; see category index
robustness/measurement,experiments/crta_v3_survey_label_panel_endpoint_expansion_nh2kn_v1/current_smoking_status/seed_53/metrics.json,Existing scientific record; see category index
robustness/measurement,experiments/crta_v3_survey_label_panel_endpoint_expansion_nh2kn_v1/current_smoking_status/seed_54/metrics.json,Existing scientific record; see category index
robustness/measurement,experiments/crta_v3_survey_label_panel_endpoint_expansion_nh2kn_v1/current_smoking_status/seed_55/metrics.json,Existing scientific record; see category index
robustness/measurement,experiments/crta_v3_survey_label_panel_endpoint_expansion_nh2kn_v1/current_smoking_status/seed_56/metrics.json,Existing scientific record; see category index
robustness/measurement,experiments/crta_v3_survey_label_panel_endpoint_expansion_nh2kn_v1/current_smoking_status/seed_57/metrics.json,Existing scientific record; see category index
robustness/measurement,experiments/crta_v3_survey_label_panel_endpoint_expansion_nh2kn_v1/current_smoking_status/seed_58/metrics.json,Existing scientific record; see category index
robustness/measurement,experiments/crta_v3_survey_label_panel_endpoint_expansion_nh2kn_v1/current_smoking_status/seed_59/metrics.json,Existing scientific record; see category index
robustness/measurement,experiments/crta_v3_survey_label_panel_endpoint_expansion_nh2kn_v1/diabetes_history/seed_50/metrics.json,Existing scientific record; see category index
robustness/measurement,experiments/crta_v3_survey_label_panel_endpoint_expansion_nh2kn_v1/diabetes_history/seed_51/metrics.json,Existing scientific record; see category index
robustness/measurement,experiments/crta_v3_survey_label_panel_endpoint_expansion_nh2kn_v1/diabetes_history/seed_52/metrics.json,Existing scientific record; see category index
robustness/measurement,experiments/crta_v3_survey_label_panel_endpoint_expansion_nh2kn_v1/diabetes_history/seed_53/metrics.json,Existing scientific record; see category index
robustness/measurement,experiments/crta_v3_survey_label_panel_endpoint_expansion_nh2kn_v1/diabetes_history/seed_54/metrics.json,Existing scientific record; see category index
robustness/measurement,experiments/crta_v3_survey_label_panel_endpoint_expansion_nh2kn_v1/diabetes_history/seed_55/metrics.json,Existing scientific record; see category index
robustness/measurement,experiments/crta_v3_survey_label_panel_endpoint_expansion_nh2kn_v1/diabetes_history/seed_56/metrics.json,Existing scientific record; see category index
robustness/measurement,experiments/crta_v3_survey_label_panel_endpoint_expansion_nh2kn_v1/diabetes_history/seed_57/metrics.json,Existing scientific record; see category index
robustness/measurement,experiments/crta_v3_survey_label_panel_endpoint_expansion_nh2kn_v1/diabetes_history/seed_58/metrics.json,Existing scientific record; see category index
robustness/measurement,experiments/crta_v3_survey_label_panel_endpoint_expansion_nh2kn_v1/diabetes_history/seed_59/metrics.json,Existing scientific record; see category index
robustness/measurement,experiments/crta_v3_survey_label_panel_endpoint_expansion_nh2kn_v1/heart_attack_history/seed_50/metrics.json,Existing scientific record; see category index
robustness/measurement,experiments/crta_v3_survey_label_panel_endpoint_expansion_nh2kn_v1/heart_attack_history/seed_51/metrics.json,Existing scientific record; see category index
robustness/measurement,experiments/crta_v3_survey_label_panel_endpoint_expansion_nh2kn_v1/heart_attack_history/seed_52/metrics.json,Existing scientific record; see category index
robustness/measurement,experiments/crta_v3_survey_label_panel_endpoint_expansion_nh2kn_v1/heart_attack_history/seed_53/metrics.json,Existing scientific record; see category index
robustness/measurement,experiments/crta_v3_survey_label_panel_endpoint_expansion_nh2kn_v1/heart_attack_history/seed_54/metrics.json,Existing scientific record; see category index
robustness/measurement,experiments/crta_v3_survey_label_panel_endpoint_expansion_nh2kn_v1/heart_attack_history/seed_55/metrics.json,Existing scientific record; see category index
robustness/measurement,experiments/crta_v3_survey_label_panel_endpoint_expansion_nh2kn_v1/heart_attack_history/seed_56/metrics.json,Existing scientific record; see category index
robustness/measurement,experiments/crta_v3_survey_label_panel_endpoint_expansion_nh2kn_v1/heart_attack_history/seed_57/metrics.json,Existing scientific record; see category index
robustness/measurement,experiments/crta_v3_survey_label_panel_endpoint_expansion_nh2kn_v1/heart_attack_history/seed_58/metrics.json,Existing scientific record; see category index
robustness/measurement,experiments/crta_v3_survey_label_panel_endpoint_expansion_nh2kn_v1/heart_attack_history/seed_59/metrics.json,Existing scientific record; see category index
robustness/measurement,experiments/crta_v3_survey_label_panel_endpoint_expansion_nh2kn_v1/hypertension_history/seed_50/metrics.json,Existing scientific record; see category index
robustness/measurement,experiments/crta_v3_survey_label_panel_endpoint_expansion_nh2kn_v1/hypertension_history/seed_51/metrics.json,Existing scientific record; see category index
robustness/measurement,experiments/crta_v3_survey_label_panel_endpoint_expansion_nh2kn_v1/hypertension_history/seed_52/metrics.json,Existing scientific record; see category index
robustness/measurement,experiments/crta_v3_survey_label_panel_endpoint_expansion_nh2kn_v1/hypertension_history/seed_53/metrics.json,Existing scientific record; see category index
robustness/measurement,experiments/crta_v3_survey_label_panel_endpoint_expansion_nh2kn_v1/hypertension_history/seed_54/metrics.json,Existing scientific record; see category index
robustness/measurement,experiments/crta_v3_survey_label_panel_endpoint_expansion_nh2kn_v1/hypertension_history/seed_55/metrics.json,Existing scientific record; see category index
robustness/measurement,experiments/crta_v3_survey_label_panel_endpoint_expansion_nh2kn_v1/hypertension_history/seed_56/metrics.json,Existing scientific record; see category index
robustness/measurement,experiments/crta_v3_survey_label_panel_endpoint_expansion_nh2kn_v1/hypertension_history/seed_57/metrics.json,Existing scientific record; see category index
robustness/measurement,experiments/crta_v3_survey_label_panel_endpoint_expansion_nh2kn_v1/hypertension_history/seed_58/metrics.json,Existing scientific record; see category index
robustness/measurement,experiments/crta_v3_survey_label_panel_endpoint_expansion_nh2kn_v1/hypertension_history/seed_59/metrics.json,Existing scientific record; see category index
robustness/measurement,experiments/crta_v3_survey_label_panel_endpoint_expansion_nh2kn_v1/kidney_disease_history/seed_50/metrics.json,Existing scientific record; see category index
robustness/measurement,experiments/crta_v3_survey_label_panel_endpoint_expansion_nh2kn_v1/kidney_disease_history/seed_51/metrics.json,Existing scientific record; see category index
robustness/measurement,experiments/crta_v3_survey_label_panel_endpoint_expansion_nh2kn_v1/kidney_disease_history/seed_52/metrics.json,Existing scientific record; see category index
robustness/measurement,experiments/crta_v3_survey_label_panel_endpoint_expansion_nh2kn_v1/kidney_disease_history/seed_53/metrics.json,Existing scientific record; see category index
robustness/measurement,experiments/crta_v3_survey_label_panel_endpoint_expansion_nh2kn_v1/kidney_disease_history/seed_54/metrics.json,Existing scientific record; see category index
robustness/measurement,experiments/crta_v3_survey_label_panel_endpoint_expansion_nh2kn_v1/kidney_disease_history/seed_55/metrics.json,Existing scientific record; see category index
robustness/measurement,experiments/crta_v3_survey_label_panel_endpoint_expansion_nh2kn_v1/kidney_disease_history/seed_56/metrics.json,Existing scientific record; see category index
robustness/measurement,experiments/crta_v3_survey_label_panel_endpoint_expansion_nh2kn_v1/kidney_disease_history/seed_57/metrics.json,Existing scientific record; see category index
robustness/measurement,experiments/crta_v3_survey_label_panel_endpoint_expansion_nh2kn_v1/kidney_disease_history/seed_58/metrics.json,Existing scientific record; see category index
robustness/measurement,experiments/crta_v3_survey_label_panel_endpoint_expansion_nh2kn_v1/kidney_disease_history/seed_59/metrics.json,Existing scientific record; see category index
robustness/measurement,experiments/crta_v3_survey_label_panel_endpoint_expansion_nh2kn_v1/stroke_history/seed_50/metrics.json,Existing scientific record; see category index
robustness/measurement,experiments/crta_v3_survey_label_panel_endpoint_expansion_nh2kn_v1/stroke_history/seed_51/metrics.json,Existing scientific record; see category index
robustness/measurement,experiments/crta_v3_survey_label_panel_endpoint_expansion_nh2kn_v1/stroke_history/seed_52/metrics.json,Existing scientific record; see category index
robustness/measurement,experiments/crta_v3_survey_label_panel_endpoint_expansion_nh2kn_v1/stroke_history/seed_53/metrics.json,Existing scientific record; see category index
robustness/measurement,experiments/crta_v3_survey_label_panel_endpoint_expansion_nh2kn_v1/stroke_history/seed_54/metrics.json,Existing scientific record; see category index
robustness/measurement,experiments/crta_v3_survey_label_panel_endpoint_expansion_nh2kn_v1/stroke_history/seed_55/metrics.json,Existing scientific record; see category index
robustness/measurement,experiments/crta_v3_survey_label_panel_endpoint_expansion_nh2kn_v1/stroke_history/seed_56/metrics.json,Existing scientific record; see category index
robustness/measurement,experiments/crta_v3_survey_label_panel_endpoint_expansion_nh2kn_v1/stroke_history/seed_57/metrics.json,Existing scientific record; see category index
robustness/measurement,experiments/crta_v3_survey_label_panel_endpoint_expansion_nh2kn_v1/stroke_history/seed_58/metrics.json,Existing scientific record; see category index
robustness/measurement,experiments/crta_v3_survey_label_panel_endpoint_expansion_nh2kn_v1/stroke_history/seed_59/metrics.json,Existing scientific record; see category index
robustness/measurement,experiments/crta_v3_survey_label_panel_endpoint_expansion_v1/DIAGNOSIS_V1.md,Existing scientific record; see category index
robustness/measurement,experiments/crta_v3_survey_label_panel_endpoint_expansion_v1/SUMMARY_V1.json,Existing scientific record; see category index
robustness/measurement,experiments/crta_v3_survey_label_panel_kn2nh_v1/LLM_LABEL_TABLE_V1.json,Existing scientific record; see category index
robustness/measurement,experiments/crta_v3_survey_label_panel_kn2nh_v1/SUMMARY_V1.json,Existing scientific record; see category index
robustness/measurement,experiments/crta_v3_survey_label_panel_kn2nh_v1/current_smoking_status/seed_50/metrics.json,Existing scientific record; see category index
robustness/measurement,experiments/crta_v3_survey_label_panel_kn2nh_v1/current_smoking_status/seed_51/metrics.json,Existing scientific record; see category index
robustness/measurement,experiments/crta_v3_survey_label_panel_kn2nh_v1/current_smoking_status/seed_52/metrics.json,Existing scientific record; see category index
robustness/measurement,experiments/crta_v3_survey_label_panel_kn2nh_v1/current_smoking_status/seed_53/metrics.json,Existing scientific record; see category index
robustness/measurement,experiments/crta_v3_survey_label_panel_kn2nh_v1/current_smoking_status/seed_54/metrics.json,Existing scientific record; see category index
robustness/measurement,experiments/crta_v3_survey_label_panel_kn2nh_v1/current_smoking_status/seed_55/metrics.json,Existing scientific record; see category index
robustness/measurement,experiments/crta_v3_survey_label_panel_kn2nh_v1/current_smoking_status/seed_56/metrics.json,Existing scientific record; see category index
robustness/measurement,experiments/crta_v3_survey_label_panel_kn2nh_v1/current_smoking_status/seed_57/metrics.json,Existing scientific record; see category index
robustness/measurement,experiments/crta_v3_survey_label_panel_kn2nh_v1/current_smoking_status/seed_58/metrics.json,Existing scientific record; see category index
robustness/measurement,experiments/crta_v3_survey_label_panel_kn2nh_v1/current_smoking_status/seed_59/metrics.json,Existing scientific record; see category index
robustness/measurement,experiments/crta_v3_survey_label_panel_kn2nh_v1/diabetes_history/seed_50/metrics.json,Existing scientific record; see category index
robustness/measurement,experiments/crta_v3_survey_label_panel_kn2nh_v1/diabetes_history/seed_51/metrics.json,Existing scientific record; see category index
robustness/measurement,experiments/crta_v3_survey_label_panel_kn2nh_v1/diabetes_history/seed_52/metrics.json,Existing scientific record; see category index
robustness/measurement,experiments/crta_v3_survey_label_panel_kn2nh_v1/diabetes_history/seed_53/metrics.json,Existing scientific record; see category index
robustness/measurement,experiments/crta_v3_survey_label_panel_kn2nh_v1/diabetes_history/seed_54/metrics.json,Existing scientific record; see category index
robustness/measurement,experiments/crta_v3_survey_label_panel_kn2nh_v1/diabetes_history/seed_55/metrics.json,Existing scientific record; see category index
robustness/measurement,experiments/crta_v3_survey_label_panel_kn2nh_v1/diabetes_history/seed_56/metrics.json,Existing scientific record; see category index
robustness/measurement,experiments/crta_v3_survey_label_panel_kn2nh_v1/diabetes_history/seed_57/metrics.json,Existing scientific record; see category index
robustness/measurement,experiments/crta_v3_survey_label_panel_kn2nh_v1/diabetes_history/seed_58/metrics.json,Existing scientific record; see category index
robustness/measurement,experiments/crta_v3_survey_label_panel_kn2nh_v1/diabetes_history/seed_59/metrics.json,Existing scientific record; see category index
robustness/measurement,experiments/crta_v3_survey_label_panel_kn2nh_v1/hypertension_history/seed_50/metrics.json,Existing scientific record; see category index
robustness/measurement,experiments/crta_v3_survey_label_panel_kn2nh_v1/hypertension_history/seed_51/metrics.json,Existing scientific record; see category index
robustness/measurement,experiments/crta_v3_survey_label_panel_kn2nh_v1/hypertension_history/seed_52/metrics.json,Existing scientific record; see category index
robustness/measurement,experiments/crta_v3_survey_label_panel_kn2nh_v1/hypertension_history/seed_53/metrics.json,Existing scientific record; see category index
robustness/measurement,experiments/crta_v3_survey_label_panel_kn2nh_v1/hypertension_history/seed_54/metrics.json,Existing scientific record; see category index
robustness/measurement,experiments/crta_v3_survey_label_panel_kn2nh_v1/hypertension_history/seed_55/metrics.json,Existing scientific record; see category index
robustness/measurement,experiments/crta_v3_survey_label_panel_kn2nh_v1/hypertension_history/seed_56/metrics.json,Existing scientific record; see category index
robustness/measurement,experiments/crta_v3_survey_label_panel_kn2nh_v1/hypertension_history/seed_57/metrics.json,Existing scientific record; see category index
robustness/measurement,experiments/crta_v3_survey_label_panel_kn2nh_v1/hypertension_history/seed_58/metrics.json,Existing scientific record; see category index
robustness/measurement,experiments/crta_v3_survey_label_panel_kn2nh_v1/hypertension_history/seed_59/metrics.json,Existing scientific record; see category index
robustness/measurement,experiments/crta_v3_survey_label_panel_v1/LLM_LABEL_TABLE_V1.json,Existing scientific record; see category index
robustness/measurement,experiments/crta_v3_survey_label_panel_v1/SUMMARY_V1.json,Existing scientific record; see category index
robustness/measurement,experiments/crta_v3_survey_label_panel_v1/current_smoking_status/seed_50/metrics.json,Existing scientific record; see category index
robustness/measurement,experiments/crta_v3_survey_label_panel_v1/current_smoking_status/seed_51/metrics.json,Existing scientific record; see category index
robustness/measurement,experiments/crta_v3_survey_label_panel_v1/current_smoking_status/seed_52/metrics.json,Existing scientific record; see category index
robustness/measurement,experiments/crta_v3_survey_label_panel_v1/current_smoking_status/seed_53/metrics.json,Existing scientific record; see category index
robustness/measurement,experiments/crta_v3_survey_label_panel_v1/current_smoking_status/seed_54/metrics.json,Existing scientific record; see category index
robustness/measurement,experiments/crta_v3_survey_label_panel_v1/current_smoking_status/seed_55/metrics.json,Existing scientific record; see category index
robustness/measurement,experiments/crta_v3_survey_label_panel_v1/current_smoking_status/seed_56/metrics.json,Existing scientific record; see category index
robustness/measurement,experiments/crta_v3_survey_label_panel_v1/current_smoking_status/seed_57/metrics.json,Existing scientific record; see category index
robustness/measurement,experiments/crta_v3_survey_label_panel_v1/current_smoking_status/seed_58/metrics.json,Existing scientific record; see category index
robustness/measurement,experiments/crta_v3_survey_label_panel_v1/current_smoking_status/seed_59/metrics.json,Existing scientific record; see category index
robustness/measurement,experiments/crta_v3_survey_label_panel_v1/diabetes_history/seed_50/metrics.json,Existing scientific record; see category index
robustness/measurement,experiments/crta_v3_survey_label_panel_v1/diabetes_history/seed_51/metrics.json,Existing scientific record; see category index
robustness/measurement,experiments/crta_v3_survey_label_panel_v1/diabetes_history/seed_52/metrics.json,Existing scientific record; see category index
robustness/measurement,experiments/crta_v3_survey_label_panel_v1/diabetes_history/seed_53/metrics.json,Existing scientific record; see category index
robustness/measurement,experiments/crta_v3_survey_label_panel_v1/diabetes_history/seed_54/metrics.json,Existing scientific record; see category index
robustness/measurement,experiments/crta_v3_survey_label_panel_v1/diabetes_history/seed_55/metrics.json,Existing scientific record; see category index
robustness/measurement,experiments/crta_v3_survey_label_panel_v1/diabetes_history/seed_56/metrics.json,Existing scientific record; see category index
robustness/measurement,experiments/crta_v3_survey_label_panel_v1/diabetes_history/seed_57/metrics.json,Existing scientific record; see category index
robustness/measurement,experiments/crta_v3_survey_label_panel_v1/diabetes_history/seed_58/metrics.json,Existing scientific record; see category index
robustness/measurement,experiments/crta_v3_survey_label_panel_v1/diabetes_history/seed_59/metrics.json,Existing scientific record; see category index
robustness/measurement,experiments/crta_v3_survey_label_panel_v1/hypertension_history/seed_50/metrics.json,Existing scientific record; see category index
robustness/measurement,experiments/crta_v3_survey_label_panel_v1/hypertension_history/seed_51/metrics.json,Existing scientific record; see category index
robustness/measurement,experiments/crta_v3_survey_label_panel_v1/hypertension_history/seed_52/metrics.json,Existing scientific record; see category index
robustness/measurement,experiments/crta_v3_survey_label_panel_v1/hypertension_history/seed_53/metrics.json,Existing scientific record; see category index
robustness/measurement,experiments/crta_v3_survey_label_panel_v1/hypertension_history/seed_54/metrics.json,Existing scientific record; see category index
robustness/measurement,experiments/crta_v3_survey_label_panel_v1/hypertension_history/seed_55/metrics.json,Existing scientific record; see category index
robustness/measurement,experiments/crta_v3_survey_label_panel_v1/hypertension_history/seed_56/metrics.json,Existing scientific record; see category index
robustness/measurement,experiments/crta_v3_survey_label_panel_v1/hypertension_history/seed_57/metrics.json,Existing scientific record; see category index
robustness/measurement,experiments/crta_v3_survey_label_panel_v1/hypertension_history/seed_58/metrics.json,Existing scientific record; see category index
robustness/measurement,experiments/crta_v3_survey_label_panel_v1/hypertension_history/seed_59/metrics.json,Existing scientific record; see category index
robustness/measurement,experiments/crta_v3_survey_label_panel_v2/LLM_LABEL_TABLE_V1.json,Existing scientific record; see category index
robustness/measurement,experiments/crta_v3_survey_label_panel_v2/SUMMARY_V1.json,Existing scientific record; see category index
robustness/measurement,experiments/crta_v3_survey_label_panel_v2/current_smoking_status/seed_50/metrics.json,Existing scientific record; see category index
robustness/measurement,experiments/crta_v3_survey_label_panel_v2/current_smoking_status/seed_51/metrics.json,Existing scientific record; see category index
robustness/measurement,experiments/crta_v3_survey_label_panel_v2/current_smoking_status/seed_52/metrics.json,Existing scientific record; see category index
robustness/measurement,experiments/crta_v3_survey_label_panel_v2/current_smoking_status/seed_53/metrics.json,Existing scientific record; see category index
robustness/measurement,experiments/crta_v3_survey_label_panel_v2/current_smoking_status/seed_54/metrics.json,Existing scientific record; see category index
robustness/measurement,experiments/crta_v3_survey_label_panel_v2/current_smoking_status/seed_55/metrics.json,Existing scientific record; see category index
robustness/measurement,experiments/crta_v3_survey_label_panel_v2/current_smoking_status/seed_56/metrics.json,Existing scientific record; see category index
robustness/measurement,experiments/crta_v3_survey_label_panel_v2/current_smoking_status/seed_57/metrics.json,Existing scientific record; see category index
robustness/measurement,experiments/crta_v3_survey_label_panel_v2/current_smoking_status/seed_58/metrics.json,Existing scientific record; see category index
robustness/measurement,experiments/crta_v3_survey_label_panel_v2/current_smoking_status/seed_59/metrics.json,Existing scientific record; see category index
robustness/measurement,experiments/crta_v3_survey_label_panel_v2/diabetes_history/seed_50/metrics.json,Existing scientific record; see category index
robustness/measurement,experiments/crta_v3_survey_label_panel_v2/diabetes_history/seed_51/metrics.json,Existing scientific record; see category index
robustness/measurement,experiments/crta_v3_survey_label_panel_v2/diabetes_history/seed_52/metrics.json,Existing scientific record; see category index
robustness/measurement,experiments/crta_v3_survey_label_panel_v2/diabetes_history/seed_53/metrics.json,Existing scientific record; see category index
robustness/measurement,experiments/crta_v3_survey_label_panel_v2/diabetes_history/seed_54/metrics.json,Existing scientific record; see category index
robustness/measurement,experiments/crta_v3_survey_label_panel_v2/diabetes_history/seed_55/metrics.json,Existing scientific record; see category index
robustness/measurement,experiments/crta_v3_survey_label_panel_v2/diabetes_history/seed_56/metrics.json,Existing scientific record; see category index
robustness/measurement,experiments/crta_v3_survey_label_panel_v2/diabetes_history/seed_57/metrics.json,Existing scientific record; see category index
robustness/measurement,experiments/crta_v3_survey_label_panel_v2/diabetes_history/seed_58/metrics.json,Existing scientific record; see category index
robustness/measurement,experiments/crta_v3_survey_label_panel_v2/diabetes_history/seed_59/metrics.json,Existing scientific record; see category index
robustness/measurement,experiments/crta_v3_survey_label_panel_v2/hypertension_history/seed_50/metrics.json,Existing scientific record; see category index
robustness/measurement,experiments/crta_v3_survey_label_panel_v2/hypertension_history/seed_51/metrics.json,Existing scientific record; see category index
robustness/measurement,experiments/crta_v3_survey_label_panel_v2/hypertension_history/seed_52/metrics.json,Existing scientific record; see category index
robustness/measurement,experiments/crta_v3_survey_label_panel_v2/hypertension_history/seed_53/metrics.json,Existing scientific record; see category index
robustness/measurement,experiments/crta_v3_survey_label_panel_v2/hypertension_history/seed_54/metrics.json,Existing scientific record; see category index
robustness/measurement,experiments/crta_v3_survey_label_panel_v2/hypertension_history/seed_55/metrics.json,Existing scientific record; see category index
robustness/measurement,experiments/crta_v3_survey_label_panel_v2/hypertension_history/seed_56/metrics.json,Existing scientific record; see category index
robustness/measurement,experiments/crta_v3_survey_label_panel_v2/hypertension_history/seed_57/metrics.json,Existing scientific record; see category index
robustness/measurement,experiments/crta_v3_survey_label_panel_v2/hypertension_history/seed_58/metrics.json,Existing scientific record; see category index
robustness/measurement,experiments/crta_v3_survey_label_panel_v2/hypertension_history/seed_59/metrics.json,Existing scientific record; see category index
robustness/measurement,reanalysis_20260903/A3_measurement_folded/README.md,Existing scientific record; see category index
robustness/measurement,reanalysis_20260903/A3_measurement_folded/analyze_measurement_folded.py,Existing scientific record; see category index
robustness/measurement,reanalysis_20260903/A3_measurement_folded/endpoint_arm_aurocs.csv,Existing scientific record; see category index
robustness/measurement,reanalysis_20260903/A3_measurement_folded/endpoint_contrasts.csv,Existing scientific record; see category index
robustness/measurement,reanalysis_20260903/A3_measurement_folded/measurement_folded_sensitivity.csv,Existing scientific record; see category index
robustness/measurement,reanalysis_20260903/A3_measurement_folded/summary.json,Existing scientific record; see category index
robustness/measurement,robustness/measurement/README.md,Finalization record or reviewer verification output; see category README and REVISION_REPORT.md
