paper_item,quantity,manuscript_value,recomputed_value,difference,tolerance,status,source_file,analysis_script,source_selector,notes
tab:gap_utility,printed decimal 1,+.112,0.11244695790775527,0.00044695790775527156,0.0005,PASS,experiments/tabllm_retrospective_audit_v1/SUMMARY_V1.json,reproducibility/verify_reported_results.py,macro/effects/content/estimate,
tab:gap_utility,printed decimal 2,+.088,0.088369992896076166,0.00036999289607617114,0.0005,PASS,experiments/tabllm_retrospective_audit_v1/SUMMARY_V1.json,reproducibility/verify_reported_results.py,macro/effects/utility_anonymous/estimate,
tab:gap_utility,printed decimal 3,+.024,0.024076965011679108,7.6965011679107354e-05,0.0005,PASS,experiments/tabllm_retrospective_audit_v1/SUMMARY_V1.json,reproducibility/verify_reported_results.py,macro/effects/wrong_harm_anonymous/estimate,
tab:gap_utility,printed decimal 4,+.066,0.06598721744291397,-1.2782557086032931e-05,0.0005,PASS,experiments/tabllm_retrospective_audit_v1/SUMMARY_V1.json,reproducibility/verify_reported_results.py,datasets/creditg/effects/content/estimate,
tab:gap_utility,printed decimal 5,-.003,-0.0034793299901668684,-0.00047932999016686833,0.0005,PASS,experiments/tabllm_retrospective_audit_v1/SUMMARY_V1.json,reproducibility/verify_reported_results.py,datasets/creditg/effects/utility_anonymous/estimate,
tab:gap_utility,printed decimal 6,+.069,0.069466547433080839,0.0004665474330808328,0.0005,PASS,experiments/tabllm_retrospective_audit_v1/SUMMARY_V1.json,reproducibility/verify_reported_results.py,datasets/creditg/effects/wrong_harm_anonymous/estimate,
tab:gap_utility,printed decimal 7,-.032,-0.031738942227121814,0.0002610577728781871,0.0005,PASS,experiments/tabllm_retrospective_audit_v1/SUMMARY_V1.json,reproducibility/verify_reported_results.py,datasets/bank/effects/content/estimate,
tab:gap_utility,printed decimal 8,+.089,0.089379094199428244,0.00037909419942824818,0.0005,PASS,experiments/tabllm_retrospective_audit_v1/SUMMARY_V1.json,reproducibility/verify_reported_results.py,datasets/bank/effects/utility_anonymous/estimate,
tab:gap_utility,printed decimal 9,-.121,-0.12111803642655006,-0.00011803642655006108,0.0005,PASS,experiments/tabllm_retrospective_audit_v1/SUMMARY_V1.json,reproducibility/verify_reported_results.py,datasets/bank/effects/wrong_harm_anonymous/estimate,
tab:gap_utility,printed decimal 10,+.183,0.18339184012361803,0.00039184012361803688,0.0005,PASS,experiments/crta_v3_relation_random_wrong_v1/TABLE2_RANDOM_WRONG_V1.json,reproducibility/verify_reported_results.py,R_nhkn_v1_content_vs_reversal/mean,
tab:gap_utility,printed decimal 11,-.002,-0.0019674892914510866,3.251070854891347e-05,0.0005,PASS,experiments/crta_v3_relation_random_wrong_v1/TABLE2_RANDOM_WRONG_V1.json,reproducibility/verify_reported_results.py,R_nhkn_v1_utility_vs_free/mean,
tab:gap_utility,printed decimal 12,+.185,0.18535932941506911,0.00035932941506910954,0.0005,PASS,experiments/crta_v3_relation_random_wrong_v1/TABLE2_RANDOM_WRONG_V1.json,reproducibility/verify_reported_results.py,"sensitivity - utility(R_nhkn_v1_content_vs_reversal/mean,R_nhkn_v1_utility_vs_free/mean)",
tab:gap_utility,printed decimal 13,-.001,-0.0013570163432061624,-0.00035701634320616242,0.0005,PASS,experiments/crta_v3_relation_random_wrong_v1/TABLE2_RANDOM_WRONG_V1.json,reproducibility/verify_reported_results.py,R_nhkn_v1_content_vs_random/mean,
tab:gap_utility,printed decimal 14,-.002,-0.0019674892914510866,3.251070854891347e-05,0.0005,PASS,experiments/crta_v3_relation_random_wrong_v1/TABLE2_RANDOM_WRONG_V1.json,reproducibility/verify_reported_results.py,R_nhkn_v1_utility_vs_free/mean,
tab:gap_utility,printed decimal 15,+.001,0.00061047294824492413,-0.00038952705175507589,0.0005,PASS,experiments/crta_v3_relation_random_wrong_v1/TABLE2_RANDOM_WRONG_V1.json,reproducibility/verify_reported_results.py,"sensitivity - utility(R_nhkn_v1_content_vs_random/mean,R_nhkn_v1_utility_vs_free/mean)",
tab:gap_utility,printed decimal 16,+.266,0.26600161815444245,1.6181544424398453e-06,0.0005,PASS,experiments/crta_v3_relation_random_wrong_v1/TABLE2_RANDOM_WRONG_V1.json,reproducibility/verify_reported_results.py,R_hrs_content_vs_reversal/mean,
tab:gap_utility,printed decimal 17,+.002,0.0023415281918917228,0.00034152819189172279,0.0005,PASS,experiments/crta_v3_relation_random_wrong_v1/TABLE2_RANDOM_WRONG_V1.json,reproducibility/verify_reported_results.py,R_hrs_utility_vs_free/mean,
tab:gap_utility,printed decimal 18,+.264,0.26366008996255075,-0.00033991003744926473,0.0005,PASS,experiments/crta_v3_relation_random_wrong_v1/TABLE2_RANDOM_WRONG_V1.json,reproducibility/verify_reported_results.py,"sensitivity - utility(R_hrs_content_vs_reversal/mean,R_hrs_utility_vs_free/mean)",
tab:gap_utility,printed decimal 19,+.041,0.040908319251799198,-9.168074820080363e-05,0.0005,PASS,experiments/crta_v3_relation_random_wrong_v1/TABLE2_RANDOM_WRONG_V1.json,reproducibility/verify_reported_results.py,R_hrs_content_vs_random/mean,
tab:gap_utility,printed decimal 20,+.002,0.0023415281918917228,0.00034152819189172279,0.0005,PASS,experiments/crta_v3_relation_random_wrong_v1/TABLE2_RANDOM_WRONG_V1.json,reproducibility/verify_reported_results.py,R_hrs_utility_vs_free/mean,
tab:gap_utility,printed decimal 21,+.039,0.038566791059907478,-0.00043320894009252209,0.0005,PASS,experiments/crta_v3_relation_random_wrong_v1/TABLE2_RANDOM_WRONG_V1.json,reproducibility/verify_reported_results.py,"sensitivity - utility(R_hrs_content_vs_random/mean,R_hrs_utility_vs_free/mean)",
tab:gap_utility,printed decimal 22,+.144,0.14428994326906641,0.00028994326906642276,0.0005,PASS,experiments/crta_v3_relation_random_wrong_v1/TABLE2_RANDOM_WRONG_V1.json,reproducibility/verify_reported_results.py,R_camels120_content_vs_reversal/mean,
tab:gap_utility,printed decimal 23,.000,-1.3069552290737955e-06,-1.3069552290737955e-06,0.0005,PASS,experiments/crta_v3_relation_random_wrong_v1/TABLE2_RANDOM_WRONG_V1.json,reproducibility/verify_reported_results.py,R_camels120_utility_vs_free/mean,
tab:gap_utility,printed decimal 24,+.144,0.14429125022429548,0.00029125022429549174,0.0005,PASS,experiments/crta_v3_relation_random_wrong_v1/TABLE2_RANDOM_WRONG_V1.json,reproducibility/verify_reported_results.py,"sensitivity - utility(R_camels120_content_vs_reversal/mean,R_camels120_utility_vs_free/mean)",
tab:gap_utility,printed decimal 25,+.002,0.0015237982607585639,-0.00047620173924143618,0.0005,PASS,experiments/crta_v3_relation_random_wrong_v1/TABLE2_RANDOM_WRONG_V1.json,reproducibility/verify_reported_results.py,R_camels120_content_vs_random/mean,
tab:gap_utility,printed decimal 26,.000,-1.3069552290737955e-06,-1.3069552290737955e-06,0.0005,PASS,experiments/crta_v3_relation_random_wrong_v1/TABLE2_RANDOM_WRONG_V1.json,reproducibility/verify_reported_results.py,R_camels120_utility_vs_free/mean,
tab:gap_utility,printed decimal 27,+.002,0.0015251052159876376,-0.00047489478401236242,0.0005,PASS,experiments/crta_v3_relation_random_wrong_v1/TABLE2_RANDOM_WRONG_V1.json,reproducibility/verify_reported_results.py,"sensitivity - utility(R_camels120_content_vs_random/mean,R_camels120_utility_vs_free/mean)",
tab:gap_utility,printed decimal 28,+.304,0.30431232744090597,0.00031232744090597953,0.0005,PASS,experiments/crta_v3_mcr_factorial_semisynth_v1/primary/additive,reproducibility/verify_reported_results.py,"mean(r_flipped - m1c1r1), 20 realizations",
tab:gap_utility,printed decimal 29,+.024,0.024428904346399421,0.00042890434639942035,0.0005,PASS,experiments/crta_v3_mcr_factorial_semisynth_v1/primary/additive,reproducibility/verify_reported_results.py,"mean(m1c1rf - m1c1r1), 20 realizations",
tab:gap_utility,printed decimal 30,+.280,0.27988342309450653,-0.00011657690549349287,0.0005,PASS,experiments/crta_v3_mcr_factorial_semisynth_v1/primary/additive,reproducibility/verify_reported_results.py,"sensitivity - utility(mean(r_flipped - m1c1r1), 20 realizations,mean(m1c1rf - m1c1r1), 20 realizations)",
tab:gap_utility,printed decimal 31,+.126,0.12630543068009137,0.00030543068009136753,0.0005,PASS,experiments/crta_v3_mcr_factorial_semisynth_v1/primary/additive,reproducibility/verify_reported_results.py,"mean(m1c1r0 - m1c1r1), 20 realizations",
tab:gap_utility,printed decimal 32,+.024,0.024428904346399421,0.00042890434639942035,0.0005,PASS,experiments/crta_v3_mcr_factorial_semisynth_v1/primary/additive,reproducibility/verify_reported_results.py,"mean(m1c1rf - m1c1r1), 20 realizations",
tab:gap_utility,printed decimal 33,+.102,0.10187652633369194,-0.00012347366630804935,0.0005,PASS,experiments/crta_v3_mcr_factorial_semisynth_v1/primary/additive,reproducibility/verify_reported_results.py,"sensitivity - utility(mean(m1c1r0 - m1c1r1), 20 realizations,mean(m1c1rf - m1c1r1), 20 realizations)",
tab:app-tabllm-reproduction,printed decimal 1,-.032,-0.031738942227121814,0.0002610577728781871,0.0005,PASS,experiments/tabllm_retrospective_audit_v1/SUMMARY_V1.json,reproducibility/verify_reported_results.py,datasets/bank/effects/content/estimate,
tab:app-tabllm-reproduction,printed decimal 2,-.044,-0.044460556549735457,-0.0004605565497354594,0.0005,PASS,experiments/tabllm_retrospective_audit_v1/SUMMARY_V1.json,reproducibility/verify_reported_results.py,datasets/bank/effects/content/ci95/0,
tab:app-tabllm-reproduction,printed decimal 3,-.019,-0.01936870993455702,-0.00036870993455702036,0.0005,PASS,experiments/tabllm_retrospective_audit_v1/SUMMARY_V1.json,reproducibility/verify_reported_results.py,datasets/bank/effects/content/ci95/1,
tab:app-tabllm-reproduction,printed decimal 4,+.089,0.089379094199428244,0.00037909419942824818,0.0005,PASS,experiments/tabllm_retrospective_audit_v1/SUMMARY_V1.json,reproducibility/verify_reported_results.py,datasets/bank/effects/utility_anonymous/estimate,
tab:app-tabllm-reproduction,printed decimal 5,+.078,0.077885763634776978,-0.00011423636522302216,0.0005,PASS,experiments/tabllm_retrospective_audit_v1/SUMMARY_V1.json,reproducibility/verify_reported_results.py,datasets/bank/effects/utility_anonymous/ci95/0,
tab:app-tabllm-reproduction,printed decimal 6,+.101,0.10102050183717599,2.0501837175987414e-05,0.0005,PASS,experiments/tabllm_retrospective_audit_v1/SUMMARY_V1.json,reproducibility/verify_reported_results.py,datasets/bank/effects/utility_anonymous/ci95/1,
tab:app-tabllm-reproduction,printed decimal 7,-.121,-0.12111803642655006,-0.00011803642655006108,0.0005,PASS,experiments/tabllm_retrospective_audit_v1/SUMMARY_V1.json,reproducibility/verify_reported_results.py,datasets/bank/effects/wrong_harm_anonymous/estimate,
tab:app-tabllm-reproduction,printed decimal 8,-.136,-0.13631493719765819,-0.00031493719765818273,0.0005,PASS,experiments/tabllm_retrospective_audit_v1/SUMMARY_V1.json,reproducibility/verify_reported_results.py,datasets/bank/effects/wrong_harm_anonymous/ci95/0,
tab:app-tabllm-reproduction,printed decimal 9,-.106,-0.10609332506870738,-9.3325068707378334e-05,0.0005,PASS,experiments/tabllm_retrospective_audit_v1/SUMMARY_V1.json,reproducibility/verify_reported_results.py,datasets/bank/effects/wrong_harm_anonymous/ci95/1,
tab:app-tabllm-reproduction,printed decimal 10,+.038,0.038146767010970861,0.00014676701097086214,0.0005,PASS,experiments/tabllm_retrospective_audit_v1/SUMMARY_V1.json,reproducibility/verify_reported_results.py,datasets/blood/effects/content/estimate,
tab:app-tabllm-reproduction,printed decimal 11,-.020,-0.019974392404058378,2.5607595941622846e-05,0.0005,PASS,experiments/tabllm_retrospective_audit_v1/SUMMARY_V1.json,reproducibility/verify_reported_results.py,datasets/blood/effects/content/ci95/0,
tab:app-tabllm-reproduction,printed decimal 12,+.095,0.095317993396079256,0.00031799339607925525,0.0005,PASS,experiments/tabllm_retrospective_audit_v1/SUMMARY_V1.json,reproducibility/verify_reported_results.py,datasets/blood/effects/content/ci95/1,
tab:app-tabllm-reproduction,printed decimal 13,+.114,0.11432846027725946,0.00032846027725945415,0.0005,PASS,experiments/tabllm_retrospective_audit_v1/SUMMARY_V1.json,reproducibility/verify_reported_results.py,datasets/blood/effects/utility_anonymous/estimate,
tab:app-tabllm-reproduction,printed decimal 14,+.032,0.032299185356981147,0.00029918535698114646,0.0005,PASS,experiments/tabllm_retrospective_audit_v1/SUMMARY_V1.json,reproducibility/verify_reported_results.py,datasets/blood/effects/utility_anonymous/ci95/0,
tab:app-tabllm-reproduction,printed decimal 15,+.197,0.19741925115852829,0.00041925115852828321,0.0005,PASS,experiments/tabllm_retrospective_audit_v1/SUMMARY_V1.json,reproducibility/verify_reported_results.py,datasets/blood/effects/utility_anonymous/ci95/1,
tab:app-tabllm-reproduction,printed decimal 16,-.076,-0.076181693266288597,-0.00018169326628859894,0.0005,PASS,experiments/tabllm_retrospective_audit_v1/SUMMARY_V1.json,reproducibility/verify_reported_results.py,datasets/blood/effects/wrong_harm_anonymous/estimate,
tab:app-tabllm-reproduction,printed decimal 17,-.156,-0.15571686688498987,0.00028313311501013128,0.0005,PASS,experiments/tabllm_retrospective_audit_v1/SUMMARY_V1.json,reproducibility/verify_reported_results.py,datasets/blood/effects/wrong_harm_anonymous/ci95/0,
tab:app-tabllm-reproduction,printed decimal 18,+.003,0.0034699381926293327,0.00046993819262933266,0.0005,PASS,experiments/tabllm_retrospective_audit_v1/SUMMARY_V1.json,reproducibility/verify_reported_results.py,datasets/blood/effects/wrong_harm_anonymous/ci95/1,
tab:app-tabllm-reproduction,printed decimal 19,+.084,0.083659424026479412,-0.00034057597352059321,0.0005,PASS,experiments/tabllm_retrospective_audit_v1/SUMMARY_V1.json,reproducibility/verify_reported_results.py,datasets/calhousing/effects/content/estimate,
tab:app-tabllm-reproduction,printed decimal 20,+.070,0.070184562595532199,0.00018456259553219223,0.0005,PASS,experiments/tabllm_retrospective_audit_v1/SUMMARY_V1.json,reproducibility/verify_reported_results.py,datasets/calhousing/effects/content/ci95/0,
tab:app-tabllm-reproduction,printed decimal 21,+.097,0.096803310513705498,-0.00019668948629450456,0.0005,PASS,experiments/tabllm_retrospective_audit_v1/SUMMARY_V1.json,reproducibility/verify_reported_results.py,datasets/calhousing/effects/content/ci95/1,
tab:app-tabllm-reproduction,printed decimal 22,+.053,0.053134378258841375,0.00013437825884137639,0.0005,PASS,experiments/tabllm_retrospective_audit_v1/SUMMARY_V1.json,reproducibility/verify_reported_results.py,datasets/calhousing/effects/utility_anonymous/estimate,
tab:app-tabllm-reproduction,printed decimal 23,+.039,0.03946804059401314,0.00046804059401314019,0.0005,PASS,experiments/tabllm_retrospective_audit_v1/SUMMARY_V1.json,reproducibility/verify_reported_results.py,datasets/calhousing/effects/utility_anonymous/ci95/0,
tab:app-tabllm-reproduction,printed decimal 24,+.066,0.066318584519414789,0.00031858451941478572,0.0005,PASS,experiments/tabllm_retrospective_audit_v1/SUMMARY_V1.json,reproducibility/verify_reported_results.py,datasets/calhousing/effects/utility_anonymous/ci95/1,
tab:app-tabllm-reproduction,printed decimal 25,+.031,0.030525045767638037,-0.00047495423236196266,0.0005,PASS,experiments/tabllm_retrospective_audit_v1/SUMMARY_V1.json,reproducibility/verify_reported_results.py,datasets/calhousing/effects/wrong_harm_anonymous/estimate,
tab:app-tabllm-reproduction,printed decimal 26,+.018,0.01822544393564832,0.00022544393564832149,0.0005,PASS,experiments/tabllm_retrospective_audit_v1/SUMMARY_V1.json,reproducibility/verify_reported_results.py,datasets/calhousing/effects/wrong_harm_anonymous/ci95/0,
tab:app-tabllm-reproduction,printed decimal 27,+.042,0.042365646559463531,0.00036564655946352831,0.0005,PASS,experiments/tabllm_retrospective_audit_v1/SUMMARY_V1.json,reproducibility/verify_reported_results.py,datasets/calhousing/effects/wrong_harm_anonymous/ci95/1,
tab:app-tabllm-reproduction,printed decimal 28,+.409,0.40877520823547531,-0.00022479176452466776,0.0005,PASS,experiments/tabllm_retrospective_audit_v1/SUMMARY_V1.json,reproducibility/verify_reported_results.py,datasets/car/effects/content/estimate,
tab:app-tabllm-reproduction,printed decimal 29,+.370,0.36964920656516548,-0.00035079343483451764,0.0005,PASS,experiments/tabllm_retrospective_audit_v1/SUMMARY_V1.json,reproducibility/verify_reported_results.py,datasets/car/effects/content/ci95/0,
tab:app-tabllm-reproduction,printed decimal 30,+.448,0.44777696971215458,-0.00022303028784542711,0.0005,PASS,experiments/tabllm_retrospective_audit_v1/SUMMARY_V1.json,reproducibility/verify_reported_results.py,datasets/car/effects/content/ci95/1,
tab:app-tabllm-reproduction,printed decimal 31,+.300,0.30037579402504855,0.00037579402504855919,0.0005,PASS,experiments/tabllm_retrospective_audit_v1/SUMMARY_V1.json,reproducibility/verify_reported_results.py,datasets/car/effects/utility_anonymous/estimate,
tab:app-tabllm-reproduction,printed decimal 32,+.268,0.26755182197426292,-0.00044817802573710042,0.0005,PASS,experiments/tabllm_retrospective_audit_v1/SUMMARY_V1.json,reproducibility/verify_reported_results.py,datasets/car/effects/utility_anonymous/ci95/0,
tab:app-tabllm-reproduction,printed decimal 33,+.333,0.33301961415448988,1.9614154489866475e-05,0.0005,PASS,experiments/tabllm_retrospective_audit_v1/SUMMARY_V1.json,reproducibility/verify_reported_results.py,datasets/car/effects/utility_anonymous/ci95/1,
tab:app-tabllm-reproduction,printed decimal 34,+.108,0.10839941421042676,0.00039941421042676006,0.0005,PASS,experiments/tabllm_retrospective_audit_v1/SUMMARY_V1.json,reproducibility/verify_reported_results.py,datasets/car/effects/wrong_harm_anonymous/estimate,
tab:app-tabllm-reproduction,printed decimal 35,+.068,0.067549750847111248,-0.000450249152888757,0.0005,PASS,experiments/tabllm_retrospective_audit_v1/SUMMARY_V1.json,reproducibility/verify_reported_results.py,datasets/car/effects/wrong_harm_anonymous/ci95/0,
tab:app-tabllm-reproduction,printed decimal 36,+.149,0.14913256560248764,0.00013256560248764426,0.0005,PASS,experiments/tabllm_retrospective_audit_v1/SUMMARY_V1.json,reproducibility/verify_reported_results.py,datasets/car/effects/wrong_harm_anonymous/ci95/1,
tab:app-tabllm-reproduction,printed decimal 37,+.066,0.06598721744291397,-1.2782557086032931e-05,0.0005,PASS,experiments/tabllm_retrospective_audit_v1/SUMMARY_V1.json,reproducibility/verify_reported_results.py,datasets/creditg/effects/content/estimate,
tab:app-tabllm-reproduction,printed decimal 38,+.005,0.0053780515366408108,0.00037805153664081069,0.0005,PASS,experiments/tabllm_retrospective_audit_v1/SUMMARY_V1.json,reproducibility/verify_reported_results.py,datasets/creditg/effects/content/ci95/0,
tab:app-tabllm-reproduction,printed decimal 39,+.129,0.12866922717551027,-0.00033077282448973344,0.0005,PASS,experiments/tabllm_retrospective_audit_v1/SUMMARY_V1.json,reproducibility/verify_reported_results.py,datasets/creditg/effects/content/ci95/1,
tab:app-tabllm-reproduction,printed decimal 40,-.003,-0.0034793299901668684,-0.00047932999016686833,0.0005,PASS,experiments/tabllm_retrospective_audit_v1/SUMMARY_V1.json,reproducibility/verify_reported_results.py,datasets/creditg/effects/utility_anonymous/estimate,
tab:app-tabllm-reproduction,printed decimal 41,-.047,-0.047408884334892772,-0.00040888433489277148,0.0005,PASS,experiments/tabllm_retrospective_audit_v1/SUMMARY_V1.json,reproducibility/verify_reported_results.py,datasets/creditg/effects/utility_anonymous/ci95/0,
tab:app-tabllm-reproduction,printed decimal 42,+.039,0.039178333821548179,0.00017833382154817945,0.0005,PASS,experiments/tabllm_retrospective_audit_v1/SUMMARY_V1.json,reproducibility/verify_reported_results.py,datasets/creditg/effects/utility_anonymous/ci95/1,
tab:app-tabllm-reproduction,printed decimal 43,+.069,0.069466547433080839,0.0004665474330808328,0.0005,PASS,experiments/tabllm_retrospective_audit_v1/SUMMARY_V1.json,reproducibility/verify_reported_results.py,datasets/creditg/effects/wrong_harm_anonymous/estimate,
tab:app-tabllm-reproduction,printed decimal 44,+.015,0.014676128941053652,-0.00032387105894634768,0.0005,PASS,experiments/tabllm_retrospective_audit_v1/SUMMARY_V1.json,reproducibility/verify_reported_results.py,datasets/creditg/effects/wrong_harm_anonymous/ci95/0,
tab:app-tabllm-reproduction,printed decimal 45,+.124,0.12428208290562803,0.00028208290562803384,0.0005,PASS,experiments/tabllm_retrospective_audit_v1/SUMMARY_V1.json,reproducibility/verify_reported_results.py,datasets/creditg/effects/wrong_harm_anonymous/ci95/1,
tab:app-tabllm-reproduction,printed decimal 46,+.087,0.087432302907781811,0.00043230290778181746,0.0005,PASS,experiments/tabllm_retrospective_audit_v1/SUMMARY_V1.json,reproducibility/verify_reported_results.py,datasets/diabetes/effects/content/estimate,
tab:app-tabllm-reproduction,printed decimal 47,+.053,0.052595519601599715,-0.00040448039840028371,0.0005,PASS,experiments/tabllm_retrospective_audit_v1/SUMMARY_V1.json,reproducibility/verify_reported_results.py,datasets/diabetes/effects/content/ci95/0,
tab:app-tabllm-reproduction,printed decimal 48,+.122,0.12208662980473911,8.6629804739113414e-05,0.0005,PASS,experiments/tabllm_retrospective_audit_v1/SUMMARY_V1.json,reproducibility/verify_reported_results.py,datasets/diabetes/effects/content/ci95/1,
tab:app-tabllm-reproduction,printed decimal 49,+.164,0.16404511050886161,4.5110508861606613e-05,0.0005,PASS,experiments/tabllm_retrospective_audit_v1/SUMMARY_V1.json,reproducibility/verify_reported_results.py,datasets/diabetes/effects/utility_anonymous/estimate,
tab:app-tabllm-reproduction,printed decimal 50,+.102,0.1016484199397848,-0.00035158006021519805,0.0005,PASS,experiments/tabllm_retrospective_audit_v1/SUMMARY_V1.json,reproducibility/verify_reported_results.py,datasets/diabetes/effects/utility_anonymous/ci95/0,
tab:app-tabllm-reproduction,printed decimal 51,+.224,0.22437468558517459,0.00037468558517458894,0.0005,PASS,experiments/tabllm_retrospective_audit_v1/SUMMARY_V1.json,reproducibility/verify_reported_results.py,datasets/diabetes/effects/utility_anonymous/ci95/1,
tab:app-tabllm-reproduction,printed decimal 52,-.077,-0.076612807601079802,0.00038719239892019697,0.0005,PASS,experiments/tabllm_retrospective_audit_v1/SUMMARY_V1.json,reproducibility/verify_reported_results.py,datasets/diabetes/effects/wrong_harm_anonymous/estimate,
tab:app-tabllm-reproduction,printed decimal 53,-.138,-0.13778063989078893,0.0002193601092110864,0.0005,PASS,experiments/tabllm_retrospective_audit_v1/SUMMARY_V1.json,reproducibility/verify_reported_results.py,datasets/diabetes/effects/wrong_harm_anonymous/ci95/0,
tab:app-tabllm-reproduction,printed decimal 54,-.016,-0.016198637023832459,-0.00019863702383245835,0.0005,PASS,experiments/tabllm_retrospective_audit_v1/SUMMARY_V1.json,reproducibility/verify_reported_results.py,datasets/diabetes/effects/wrong_harm_anonymous/ci95/1,
tab:app-tabllm-reproduction,printed decimal 55,-.010,-0.0099604273261679754,3.9572673832024771e-05,0.0005,PASS,experiments/tabllm_retrospective_audit_v1/SUMMARY_V1.json,reproducibility/verify_reported_results.py,datasets/heart/effects/content/estimate,
tab:app-tabllm-reproduction,printed decimal 56,-.067,-0.067119806572688942,-0.00011980657268893802,0.0005,PASS,experiments/tabllm_retrospective_audit_v1/SUMMARY_V1.json,reproducibility/verify_reported_results.py,datasets/heart/effects/content/ci95/0,
tab:app-tabllm-reproduction,printed decimal 57,+.048,0.047644320181957654,-0.00035567981804234677,0.0005,PASS,experiments/tabllm_retrospective_audit_v1/SUMMARY_V1.json,reproducibility/verify_reported_results.py,datasets/heart/effects/content/ci95/1,
tab:app-tabllm-reproduction,printed decimal 58,-.021,-0.020782058812377713,0.00021794118762228851,0.0005,PASS,experiments/tabllm_retrospective_audit_v1/SUMMARY_V1.json,reproducibility/verify_reported_results.py,datasets/heart/effects/utility_anonymous/estimate,
tab:app-tabllm-reproduction,printed decimal 59,-.051,-0.050847985028988615,0.00015201497101138134,0.0005,PASS,experiments/tabllm_retrospective_audit_v1/SUMMARY_V1.json,reproducibility/verify_reported_results.py,datasets/heart/effects/utility_anonymous/ci95/0,
tab:app-tabllm-reproduction,printed decimal 60,+.009,0.0093898202315301476,0.00038982023153014828,0.0005,PASS,experiments/tabllm_retrospective_audit_v1/SUMMARY_V1.json,reproducibility/verify_reported_results.py,datasets/heart/effects/utility_anonymous/ci95/1,
tab:app-tabllm-reproduction,printed decimal 61,+.011,0.010821631486209737,-0.000178368513790262,0.0005,PASS,experiments/tabllm_retrospective_audit_v1/SUMMARY_V1.json,reproducibility/verify_reported_results.py,datasets/heart/effects/wrong_harm_anonymous/estimate,
tab:app-tabllm-reproduction,printed decimal 62,-.040,-0.04039630294232692,-0.00039630294232691904,0.0005,PASS,experiments/tabllm_retrospective_audit_v1/SUMMARY_V1.json,reproducibility/verify_reported_results.py,datasets/heart/effects/wrong_harm_anonymous/ci95/0,
tab:app-tabllm-reproduction,printed decimal 63,+.063,0.062694090788156603,-0.00030590921184339703,0.0005,PASS,experiments/tabllm_retrospective_audit_v1/SUMMARY_V1.json,reproducibility/verify_reported_results.py,datasets/heart/effects/wrong_harm_anonymous/ci95/1,
tab:app-tabllm-reproduction,printed decimal 64,+.139,0.13931647770080913,0.00031647770080911464,0.0005,PASS,experiments/tabllm_retrospective_audit_v1/SUMMARY_V1.json,reproducibility/verify_reported_results.py,datasets/income/effects/content/estimate,
tab:app-tabllm-reproduction,printed decimal 65,+.132,0.13195843424215453,-4.1565757845474227e-05,0.0005,PASS,experiments/tabllm_retrospective_audit_v1/SUMMARY_V1.json,reproducibility/verify_reported_results.py,datasets/income/effects/content/ci95/0,
tab:app-tabllm-reproduction,printed decimal 66,+.146,0.14643416901629544,0.00043416901629544924,0.0005,PASS,experiments/tabllm_retrospective_audit_v1/SUMMARY_V1.json,reproducibility/verify_reported_results.py,datasets/income/effects/content/ci95/1,
tab:app-tabllm-reproduction,printed decimal 67,+.074,0.073816415903759203,-0.00018358409624079364,0.0005,PASS,experiments/tabllm_retrospective_audit_v1/SUMMARY_V1.json,reproducibility/verify_reported_results.py,datasets/income/effects/utility_anonymous/estimate,
tab:app-tabllm-reproduction,printed decimal 68,+.068,0.068346815381767761,0.00034681538176775661,0.0005,PASS,experiments/tabllm_retrospective_audit_v1/SUMMARY_V1.json,reproducibility/verify_reported_results.py,datasets/income/effects/utility_anonymous/ci95/0,
tab:app-tabllm-reproduction,printed decimal 69,+.079,0.079443041675054671,0.00044304167505467007,0.0005,PASS,experiments/tabllm_retrospective_audit_v1/SUMMARY_V1.json,reproducibility/verify_reported_results.py,datasets/income/effects/utility_anonymous/ci95/1,
tab:app-tabllm-reproduction,printed decimal 70,+.066,0.065500061797049924,-0.00049993820295007874,0.0005,PASS,experiments/tabllm_retrospective_audit_v1/SUMMARY_V1.json,reproducibility/verify_reported_results.py,datasets/income/effects/wrong_harm_anonymous/estimate,
tab:app-tabllm-reproduction,printed decimal 71,+.057,0.056875068297955564,-0.00012493170204443821,0.0005,PASS,experiments/tabllm_retrospective_audit_v1/SUMMARY_V1.json,reproducibility/verify_reported_results.py,datasets/income/effects/wrong_harm_anonymous/ci95/0,
tab:app-tabllm-reproduction,printed decimal 72,+.074,0.074070755558014498,7.0755558014501396e-05,0.0005,PASS,experiments/tabllm_retrospective_audit_v1/SUMMARY_V1.json,reproducibility/verify_reported_results.py,datasets/income/effects/wrong_harm_anonymous/ci95/1,
tab:app-tabllm-reproduction,printed decimal 73,+.230,0.23040459339865632,0.00040459339865631105,0.0005,PASS,experiments/tabllm_retrospective_audit_v1/SUMMARY_V1.json,reproducibility/verify_reported_results.py,datasets/jungle/effects/content/estimate,
tab:app-tabllm-reproduction,printed decimal 74,+.221,0.22093896881751582,-6.1031182484183599e-05,0.0005,PASS,experiments/tabllm_retrospective_audit_v1/SUMMARY_V1.json,reproducibility/verify_reported_results.py,datasets/jungle/effects/content/ci95/0,
tab:app-tabllm-reproduction,printed decimal 75,+.240,0.24012624376244382,0.0001262437624438284,0.0005,PASS,experiments/tabllm_retrospective_audit_v1/SUMMARY_V1.json,reproducibility/verify_reported_results.py,datasets/jungle/effects/content/ci95/1,
tab:app-tabllm-reproduction,printed decimal 76,+.025,0.024512071694031801,-0.00048792830596820075,0.0005,PASS,experiments/tabllm_retrospective_audit_v1/SUMMARY_V1.json,reproducibility/verify_reported_results.py,datasets/jungle/effects/utility_anonymous/estimate,
tab:app-tabllm-reproduction,printed decimal 77,+.017,0.017369673662154802,0.00036967366215480066,0.0005,PASS,experiments/tabllm_retrospective_audit_v1/SUMMARY_V1.json,reproducibility/verify_reported_results.py,datasets/jungle/effects/utility_anonymous/ci95/0,
tab:app-tabllm-reproduction,printed decimal 78,+.032,0.03162938588696252,-0.00037061411303748043,0.0005,PASS,experiments/tabllm_retrospective_audit_v1/SUMMARY_V1.json,reproducibility/verify_reported_results.py,datasets/jungle/effects/utility_anonymous/ci95/1,
tab:app-tabllm-reproduction,printed decimal 79,+.206,0.20589252170462452,-0.00010747829537546827,0.0005,PASS,experiments/tabllm_retrospective_audit_v1/SUMMARY_V1.json,reproducibility/verify_reported_results.py,datasets/jungle/effects/wrong_harm_anonymous/estimate,
tab:app-tabllm-reproduction,printed decimal 80,+.197,0.19718558563047817,0.00018558563047815779,0.0005,PASS,experiments/tabllm_retrospective_audit_v1/SUMMARY_V1.json,reproducibility/verify_reported_results.py,datasets/jungle/effects/wrong_harm_anonymous/ci95/0,
tab:app-tabllm-reproduction,printed decimal 81,+.214,0.21446066343845493,0.00046066343845493907,0.0005,PASS,experiments/tabllm_retrospective_audit_v1/SUMMARY_V1.json,reproducibility/verify_reported_results.py,datasets/jungle/effects/wrong_harm_anonymous/ci95/1,
tab:app-tabllm-reproduction,printed decimal 82,+.112,0.11244695790775527,0.00044695790775527156,0.0005,PASS,experiments/tabllm_retrospective_audit_v1/SUMMARY_V1.json,reproducibility/verify_reported_results.py,macro/effects/content/estimate,
tab:app-tabllm-reproduction,printed decimal 83,+.036,0.035570857454553309,-0.00042914254544668823,0.0005,PASS,experiments/tabllm_retrospective_audit_v1/SUMMARY_V1.json,reproducibility/verify_reported_results.py,macro/effects/content/ci95/0,
tab:app-tabllm-reproduction,printed decimal 84,+.206,0.2055732033732357,-0.00042679662676428642,0.0005,PASS,experiments/tabllm_retrospective_audit_v1/SUMMARY_V1.json,reproducibility/verify_reported_results.py,macro/effects/content/ci95/1,
tab:app-tabllm-reproduction,printed decimal 85,+.088,0.088369992896076166,0.00036999289607617114,0.0005,PASS,experiments/tabllm_retrospective_audit_v1/SUMMARY_V1.json,reproducibility/verify_reported_results.py,macro/effects/utility_anonymous/estimate,
tab:app-tabllm-reproduction,printed decimal 86,+.032,0.032285960087164563,0.00028596008716456206,0.0005,PASS,experiments/tabllm_retrospective_audit_v1/SUMMARY_V1.json,reproducibility/verify_reported_results.py,macro/effects/utility_anonymous/ci95/0,
tab:app-tabllm-reproduction,printed decimal 87,+.157,0.15747144185329717,0.00047144185329717203,0.0005,PASS,experiments/tabllm_retrospective_audit_v1/SUMMARY_V1.json,reproducibility/verify_reported_results.py,macro/effects/utility_anonymous/ci95/1,
tab:app-tabllm-reproduction,printed decimal 88,+.024,0.024076965011679108,7.6965011679107354e-05,0.0005,PASS,experiments/tabllm_retrospective_audit_v1/SUMMARY_V1.json,reproducibility/verify_reported_results.py,macro/effects/wrong_harm_anonymous/estimate,
tab:app-tabllm-reproduction,printed decimal 89,-.040,-0.040499482843952994,-0.00049948284395299331,0.0005,PASS,experiments/tabllm_retrospective_audit_v1/SUMMARY_V1.json,reproducibility/verify_reported_results.py,macro/effects/wrong_harm_anonymous/ci95/0,
tab:app-tabllm-reproduction,printed decimal 90,+.091,0.090815491741864776,-0.00018450825813522143,0.0005,PASS,experiments/tabllm_retrospective_audit_v1/SUMMARY_V1.json,reproducibility/verify_reported_results.py,macro/effects/wrong_harm_anonymous/ci95/1,
tab:app-tabllm-reference-envelope,printed decimal 1,+.089,0.089379094199428022,0.00037909419942802614,0.0005,PASS,experiments/tabllm_reference_space_v1/summary_v1/SUMMARY_V1.json,reproducibility/verify_reported_results.py,datasets/bank/canonical_utility,
tab:app-tabllm-reference-envelope,printed decimal 2,+.022,0.022308562432474144,0.00030856243247414511,0.0005,PASS,experiments/tabllm_reference_space_v1/summary_v1/SUMMARY_V1.json,reproducibility/verify_reported_results.py,datasets/bank/minimum_utility,
tab:app-tabllm-reference-envelope,printed decimal 3,+.166,0.16588429160944618,-0.00011570839055383142,0.0005,PASS,experiments/tabllm_reference_space_v1/summary_v1/SUMMARY_V1.json,reproducibility/verify_reported_results.py,datasets/bank/maximum_utility,
tab:app-tabllm-reference-envelope,printed decimal 4,.144,0.14357572917697203,-0.00042427082302795571,0.0005,PASS,experiments/tabllm_reference_space_v1/summary_v1/SUMMARY_V1.json,reproducibility/verify_reported_results.py,datasets/bank/span,
tab:app-tabllm-reference-envelope,printed decimal 5,+.114,0.11432846027725946,0.00032846027725945415,0.0005,PASS,experiments/tabllm_reference_space_v1/summary_v1/SUMMARY_V1.json,reproducibility/verify_reported_results.py,datasets/blood/canonical_utility,
tab:app-tabllm-reference-envelope,printed decimal 6,+.093,0.093343973558697613,0.00034397355869761337,0.0005,PASS,experiments/tabllm_reference_space_v1/summary_v1/SUMMARY_V1.json,reproducibility/verify_reported_results.py,datasets/blood/minimum_utility,
tab:app-tabllm-reference-envelope,printed decimal 7,+.246,0.24609308659756363,9.3086597563629692e-05,0.0005,PASS,experiments/tabllm_reference_space_v1/summary_v1/SUMMARY_V1.json,reproducibility/verify_reported_results.py,datasets/blood/maximum_utility,
tab:app-tabllm-reference-envelope,printed decimal 8,.153,0.15274911303886601,-0.00025088696113398368,0.0005,PASS,experiments/tabllm_reference_space_v1/summary_v1/SUMMARY_V1.json,reproducibility/verify_reported_results.py,datasets/blood/span,
tab:app-tabllm-reference-envelope,printed decimal 9,+.053,0.053134378258841597,0.00013437825884159843,0.0005,PASS,experiments/tabllm_reference_space_v1/summary_v1/SUMMARY_V1.json,reproducibility/verify_reported_results.py,datasets/calhousing/canonical_utility,
tab:app-tabllm-reference-envelope,printed decimal 10,-.011,-0.010928468169698724,7.1531830301275329e-05,0.0005,PASS,experiments/tabllm_reference_space_v1/summary_v1/SUMMARY_V1.json,reproducibility/verify_reported_results.py,datasets/calhousing/minimum_utility,
tab:app-tabllm-reference-envelope,printed decimal 11,+.105,0.104925336834296,-7.4663165703994783e-05,0.0005,PASS,experiments/tabllm_reference_space_v1/summary_v1/SUMMARY_V1.json,reproducibility/verify_reported_results.py,datasets/calhousing/maximum_utility,
tab:app-tabllm-reference-envelope,printed decimal 12,.116,0.11585380500399473,-0.00014619499600528052,0.0005,PASS,experiments/tabllm_reference_space_v1/summary_v1/SUMMARY_V1.json,reproducibility/verify_reported_results.py,datasets/calhousing/span,
tab:app-tabllm-reference-envelope,printed decimal 13,+.300,0.30037579402504855,0.00037579402504855919,0.0005,PASS,experiments/tabllm_reference_space_v1/summary_v1/SUMMARY_V1.json,reproducibility/verify_reported_results.py,datasets/car/canonical_utility,
tab:app-tabllm-reference-envelope,printed decimal 14,+.270,0.27007531933181084,7.5319331810819179e-05,0.0005,PASS,experiments/tabllm_reference_space_v1/summary_v1/SUMMARY_V1.json,reproducibility/verify_reported_results.py,datasets/car/minimum_utility,
tab:app-tabllm-reference-envelope,printed decimal 15,+.345,0.34527888980074128,0.00027888980074131098,0.0005,PASS,experiments/tabllm_reference_space_v1/summary_v1/SUMMARY_V1.json,reproducibility/verify_reported_results.py,datasets/car/maximum_utility,
tab:app-tabllm-reference-envelope,printed decimal 16,.075,0.075203570468930447,0.00020357046893045017,0.0005,PASS,experiments/tabllm_reference_space_v1/summary_v1/SUMMARY_V1.json,reproducibility/verify_reported_results.py,datasets/car/span,
tab:app-tabllm-reference-envelope,printed decimal 17,-.003,-0.0034793299901669794,-0.00047932999016697935,0.0005,PASS,experiments/tabllm_reference_space_v1/summary_v1/SUMMARY_V1.json,reproducibility/verify_reported_results.py,datasets/creditg/canonical_utility,
tab:app-tabllm-reference-envelope,printed decimal 18,-.040,-0.040243677248559484,-0.00024367724855948319,0.0005,PASS,experiments/tabllm_reference_space_v1/summary_v1/SUMMARY_V1.json,reproducibility/verify_reported_results.py,datasets/creditg/minimum_utility,
tab:app-tabllm-reference-envelope,printed decimal 19,+.045,0.045350879403843691,0.00035087940384369298,0.0005,PASS,experiments/tabllm_reference_space_v1/summary_v1/SUMMARY_V1.json,reproducibility/verify_reported_results.py,datasets/creditg/maximum_utility,
tab:app-tabllm-reference-envelope,printed decimal 20,.086,0.085594556652403175,-0.00040544334759681777,0.0005,PASS,experiments/tabllm_reference_space_v1/summary_v1/SUMMARY_V1.json,reproducibility/verify_reported_results.py,datasets/creditg/span,
tab:app-tabllm-reference-envelope,printed decimal 21,+.164,0.16404511050886156,4.5110508861551102e-05,0.0005,PASS,experiments/tabllm_reference_space_v1/summary_v1/SUMMARY_V1.json,reproducibility/verify_reported_results.py,datasets/diabetes/canonical_utility,
tab:app-tabllm-reference-envelope,printed decimal 22,+.088,0.087697905668815634,-0.00030209433118436047,0.0005,PASS,experiments/tabllm_reference_space_v1/summary_v1/SUMMARY_V1.json,reproducibility/verify_reported_results.py,datasets/diabetes/minimum_utility,
tab:app-tabllm-reference-envelope,printed decimal 23,+.217,0.21744290259222737,0.00044290259222737327,0.0005,PASS,experiments/tabllm_reference_space_v1/summary_v1/SUMMARY_V1.json,reproducibility/verify_reported_results.py,datasets/diabetes/maximum_utility,
tab:app-tabllm-reference-envelope,printed decimal 24,.130,0.12974499692341174,-0.00025500307658826715,0.0005,PASS,experiments/tabllm_reference_space_v1/summary_v1/SUMMARY_V1.json,reproducibility/verify_reported_results.py,datasets/diabetes/span,
tab:app-tabllm-reference-envelope,printed decimal 25,-.021,-0.020782058812377491,0.00021794118762251055,0.0005,PASS,experiments/tabllm_reference_space_v1/summary_v1/SUMMARY_V1.json,reproducibility/verify_reported_results.py,datasets/heart/canonical_utility,
tab:app-tabllm-reference-envelope,printed decimal 26,-.021,-0.020782058812377491,0.00021794118762251055,0.0005,PASS,experiments/tabllm_reference_space_v1/summary_v1/SUMMARY_V1.json,reproducibility/verify_reported_results.py,datasets/heart/minimum_utility,
tab:app-tabllm-reference-envelope,printed decimal 27,+.143,0.14251812173207618,-0.00048187826792381316,0.0005,PASS,experiments/tabllm_reference_space_v1/summary_v1/SUMMARY_V1.json,reproducibility/verify_reported_results.py,datasets/heart/maximum_utility,
tab:app-tabllm-reference-envelope,printed decimal 28,.163,0.16330018054445367,0.00030018054445365983,0.0005,PASS,experiments/tabllm_reference_space_v1/summary_v1/SUMMARY_V1.json,reproducibility/verify_reported_results.py,datasets/heart/span,
tab:app-tabllm-reference-envelope,printed decimal 29,+.074,0.073816415903759203,-0.00018358409624079364,0.0005,PASS,experiments/tabllm_reference_space_v1/summary_v1/SUMMARY_V1.json,reproducibility/verify_reported_results.py,datasets/income/canonical_utility,
tab:app-tabllm-reference-envelope,printed decimal 30,+.055,0.055252824483858709,0.00025282448385870876,0.0005,PASS,experiments/tabllm_reference_space_v1/summary_v1/SUMMARY_V1.json,reproducibility/verify_reported_results.py,datasets/income/minimum_utility,
tab:app-tabllm-reference-envelope,printed decimal 31,+.106,0.10626247372983233,0.00026247372983233264,0.0005,PASS,experiments/tabllm_reference_space_v1/summary_v1/SUMMARY_V1.json,reproducibility/verify_reported_results.py,datasets/income/maximum_utility,
tab:app-tabllm-reference-envelope,printed decimal 32,.051,0.051009649245973621,9.6492459736238767e-06,0.0005,PASS,experiments/tabllm_reference_space_v1/summary_v1/SUMMARY_V1.json,reproducibility/verify_reported_results.py,datasets/income/span,
tab:app-tabllm-reference-envelope,printed decimal 33,+.025,0.024512071694031801,-0.00048792830596820075,0.0005,PASS,experiments/tabllm_reference_space_v1/summary_v1/SUMMARY_V1.json,reproducibility/verify_reported_results.py,datasets/jungle/canonical_utility,
tab:app-tabllm-reference-envelope,printed decimal 34,-.020,-0.019571230476507551,0.00042876952349244976,0.0005,PASS,experiments/tabllm_reference_space_v1/summary_v1/SUMMARY_V1.json,reproducibility/verify_reported_results.py,datasets/jungle/minimum_utility,
tab:app-tabllm-reference-envelope,printed decimal 35,+.083,0.082756626020670687,-0.00024337397932931715,0.0005,PASS,experiments/tabllm_reference_space_v1/summary_v1/SUMMARY_V1.json,reproducibility/verify_reported_results.py,datasets/jungle/maximum_utility,
tab:app-tabllm-reference-envelope,printed decimal 36,.102,0.10232785649717824,0.00032785649717824439,0.0005,PASS,experiments/tabllm_reference_space_v1/summary_v1/SUMMARY_V1.json,reproducibility/verify_reported_results.py,datasets/jungle/span,
tab:app-measurement-full,printed decimal 1,+.292,0.29153286845757809,-0.0004671315424218947,0.0005,PASS,experiments/crta_v3_survey_label_panel_v1/SUMMARY_V1.json,reproducibility/verify_reported_results.py,A2_pipeline_vs_placebo/mean_gain,
tab:app-measurement-full,printed decimal 2,+.145,0.14481297351334599,-0.00018702648665400168,0.0005,PASS,experiments/crta_v3_survey_label_panel_v1/SUMMARY_V1.json,reproducibility/verify_reported_results.py,A2_pipeline_vs_placebo/ci95/0,
tab:app-measurement-full,printed decimal 3,+.431,0.43140215050565706,0.00040215050565706179,0.0005,PASS,experiments/crta_v3_survey_label_panel_v1/SUMMARY_V1.json,reproducibility/verify_reported_results.py,A2_pipeline_vs_placebo/ci95/1,
tab:app-measurement-full,printed decimal 4,+.384,0.38448125473696143,0.00048125473696142285,0.0005,PASS,experiments/crta_v3_survey_label_panel_v1/SUMMARY_V1.json,reproducibility/verify_reported_results.py,raw_vs_pipeline_descriptive/mean_gain * -1,
tab:app-measurement-full,printed decimal 5,+.202,0.20249609808284305,0.00049609808284303836,0.0005,PASS,experiments/crta_v3_survey_label_panel_v1/SUMMARY_V1.json,reproducibility/verify_reported_results.py,raw_vs_pipeline_descriptive/ci95/1 * -1,
tab:app-measurement-full,printed decimal 6,+.553,0.55304438699587244,4.4386995872391921e-05,0.0005,PASS,experiments/crta_v3_survey_label_panel_v1/SUMMARY_V1.json,reproducibility/verify_reported_results.py,raw_vs_pipeline_descriptive/ci95/0 * -1,
tab:app-measurement-full,printed decimal 7,-.093,-0.092948386279383344,5.161372061665559e-05,0.0005,PASS,experiments/crta_v3_survey_label_panel_v1/SUMMARY_V1.json,reproducibility/verify_reported_results.py,"content - utility(A2_pipeline_vs_placebo/mean_gain,raw_vs_pipeline_descriptive/mean_gain * -1)",
tab:app-measurement-full,printed decimal 8,-.228,-0.22762012719341471,0.00037987280658530187,0.0005,PASS,iclr_latex_v3/generated/table2_reference_vs_wrong_v1.json,reproducibility/verify_reported_results.py,measurement reference-altered/ci95/0,
tab:app-measurement-full,printed decimal 9,+.012,0.011981608686234125,-1.8391313765875675e-05,0.0005,PASS,iclr_latex_v3/generated/table2_reference_vs_wrong_v1.json,reproducibility/verify_reported_results.py,measurement reference-altered/ci95/1,
tab:app-measurement-full,printed decimal 10,.450,0.45010807710377471,0.00010807710377469526,0.0005,PASS,experiments/crta_v3_survey_label_panel_v1/SUMMARY_V1.json,reproducibility/verify_reported_results.py,"endpoint mean raw AUROC(raw_absolute_auroc_per_target/current_smoking_status,raw_absolute_auroc_per_target/diabetes_history,raw_absolute_auroc_per_target/hypertension_history)",
tab:app-measurement-full,printed decimal 11,+.249,0.24940841380427212,0.00040841380427211749,0.0005,PASS,experiments/crta_v3_survey_label_panel_endpoint_expansion_v1/SUMMARY_V1.json,reproducibility/verify_reported_results.py,P1_pipeline_vs_placebo/mean,
tab:app-measurement-full,printed decimal 12,+.182,0.18240808666115557,0.00040808666115557668,0.0005,PASS,experiments/crta_v3_survey_label_panel_endpoint_expansion_v1/SUMMARY_V1.json,reproducibility/verify_reported_results.py,P1_pipeline_vs_placebo/ci95/0,
tab:app-measurement-full,printed decimal 13,+.309,0.30867115481826157,-0.00032884518173842414,0.0005,PASS,experiments/crta_v3_survey_label_panel_endpoint_expansion_v1/SUMMARY_V1.json,reproducibility/verify_reported_results.py,P1_pipeline_vs_placebo/ci95/1,
tab:app-measurement-full,printed decimal 14,+.197,0.19734726316652948,0.0003472631665294712,0.0005,PASS,experiments/crta_v3_survey_label_panel_endpoint_expansion_v1/SUMMARY_V1.json,reproducibility/verify_reported_results.py,raw_minus_pipeline_descriptive/mean * -1,
tab:app-measurement-full,printed decimal 15,+.110,0.11017661495081875,0.00017661495081874867,0.0005,PASS,experiments/crta_v3_survey_label_panel_endpoint_expansion_v1/SUMMARY_V1.json,reproducibility/verify_reported_results.py,raw_minus_pipeline_descriptive/ci95/1 * -1,
tab:app-measurement-full,printed decimal 16,+.294,0.29390734110684597,-9.2658893154018429e-05,0.0005,PASS,experiments/crta_v3_survey_label_panel_endpoint_expansion_v1/SUMMARY_V1.json,reproducibility/verify_reported_results.py,raw_minus_pipeline_descriptive/ci95/0 * -1,
tab:app-measurement-full,printed decimal 17,.556,0.55566582646561702,-0.00033417353438303099,0.0005,PASS,experiments/crta_v3_survey_label_panel_endpoint_expansion_v1/SUMMARY_V1.json,reproducibility/verify_reported_results.py,R1_raw_absolute_reversal/mean,
tab:app-measurement-full,printed decimal 18,.499,0.49910828293527348,0.00010828293527348487,0.0005,PASS,experiments/crta_v3_survey_label_panel_endpoint_expansion_v1/SUMMARY_V1.json,reproducibility/verify_reported_results.py,R1_raw_absolute_reversal/ci95/0,
tab:app-measurement-full,printed decimal 19,.608,0.60797058348626942,-2.9416513730562421e-05,0.0005,PASS,experiments/crta_v3_survey_label_panel_endpoint_expansion_v1/SUMMARY_V1.json,reproducibility/verify_reported_results.py,R1_raw_absolute_reversal/ci95/1,
tab:app-exam-no-bridge,printed decimal 1,+.070,0.069568852895404959,-0.00043114710459504768,0.0005,PASS,experiments/crta_v3_exam_no_bridge_reference_v1/SUMMARY_V1.json,reproducibility/verify_reported_results.py,contrasts/content_S_minus_W/mean,
tab:app-exam-no-bridge,printed decimal 2,+.029,0.028580579138995126,-0.00041942086100487525,0.0005,PASS,experiments/crta_v3_exam_no_bridge_reference_v1/SUMMARY_V1.json,reproducibility/verify_reported_results.py,contrasts/content_S_minus_W/ci95/0,
tab:app-exam-no-bridge,printed decimal 3,+.121,0.12094153193910395,-5.8468060896044172e-05,0.0005,PASS,experiments/crta_v3_exam_no_bridge_reference_v1/SUMMARY_V1.json,reproducibility/verify_reported_results.py,contrasts/content_S_minus_W/ci95/1,
tab:app-exam-no-bridge,printed decimal 4,+.047,0.047345008851163627,0.00034500885116362651,0.0005,PASS,experiments/crta_v3_exam_no_bridge_reference_v1/SUMMARY_V1.json,reproducibility/verify_reported_results.py,contrasts/utility_S_minus_R/mean,
tab:app-exam-no-bridge,printed decimal 5,+.017,0.01714623946011468,0.00014623946011467839,0.0005,PASS,experiments/crta_v3_exam_no_bridge_reference_v1/SUMMARY_V1.json,reproducibility/verify_reported_results.py,contrasts/utility_S_minus_R/ci95/0,
tab:app-exam-no-bridge,printed decimal 6,+.084,0.084422894597831866,0.00042289459783186045,0.0005,PASS,experiments/crta_v3_exam_no_bridge_reference_v1/SUMMARY_V1.json,reproducibility/verify_reported_results.py,contrasts/utility_S_minus_R/ci95/1,
tab:app-exam-no-bridge,printed decimal 7,+.022,0.022223844044241336,0.00022384404424133711,0.0005,PASS,experiments/crta_v3_exam_no_bridge_reference_v1/SUMMARY_V1.json,reproducibility/verify_reported_results.py,contrasts/reference_minus_wrong_R_minus_W/mean,
tab:app-exam-no-bridge,printed decimal 8,+.002,0.0019614223715243304,-3.8577628475669652e-05,0.0005,PASS,experiments/crta_v3_exam_no_bridge_reference_v1/SUMMARY_V1.json,reproducibility/verify_reported_results.py,contrasts/reference_minus_wrong_R_minus_W/ci95/0,
tab:app-exam-no-bridge,printed decimal 9,+.043,0.042920850428460972,-7.9149571539025021e-05,0.0005,PASS,experiments/crta_v3_exam_no_bridge_reference_v1/SUMMARY_V1.json,reproducibility/verify_reported_results.py,contrasts/reference_minus_wrong_R_minus_W/ci95/1,
tab:app-relation-altered-construction,printed decimal 1,+.183,0.18339184012361803,0.00039184012361803688,0.0005,PASS,experiments/crta_v3_relation_random_wrong_v1/TABLE2_RANDOM_WRONG_V1.json,reproducibility/verify_reported_results.py,R_nhkn_v1_content_vs_reversal/mean,
tab:app-relation-altered-construction,printed decimal 2,+.081,0.080641458737780336,-0.00035854126221966653,0.0005,PASS,experiments/crta_v3_relation_random_wrong_v1/TABLE2_RANDOM_WRONG_V1.json,reproducibility/verify_reported_results.py,R_nhkn_v1_content_vs_reversal/ci95/0,
tab:app-relation-altered-construction,printed decimal 3,+.298,0.29753601333008994,-0.00046398666991004367,0.0005,PASS,experiments/crta_v3_relation_random_wrong_v1/TABLE2_RANDOM_WRONG_V1.json,reproducibility/verify_reported_results.py,R_nhkn_v1_content_vs_reversal/ci95/1,
tab:app-relation-altered-construction,printed decimal 4,-.001,-0.0013570163432061624,-0.00035701634320616242,0.0005,PASS,experiments/crta_v3_relation_random_wrong_v1/TABLE2_RANDOM_WRONG_V1.json,reproducibility/verify_reported_results.py,R_nhkn_v1_content_vs_random/mean,
tab:app-relation-altered-construction,printed decimal 5,-.006,-0.0064903503202115966,-0.00049035032021159646,0.0005,PASS,experiments/crta_v3_relation_random_wrong_v1/TABLE2_RANDOM_WRONG_V1.json,reproducibility/verify_reported_results.py,R_nhkn_v1_content_vs_random/ci95/0,
tab:app-relation-altered-construction,printed decimal 6,+.003,0.0032976652506444015,0.00029766525064440141,0.0005,PASS,experiments/crta_v3_relation_random_wrong_v1/TABLE2_RANDOM_WRONG_V1.json,reproducibility/verify_reported_results.py,R_nhkn_v1_content_vs_random/ci95/1,
tab:app-relation-altered-construction,printed decimal 7,-.002,-0.0019674892914510866,3.251070854891347e-05,0.0005,PASS,experiments/crta_v3_relation_random_wrong_v1/TABLE2_RANDOM_WRONG_V1.json,reproducibility/verify_reported_results.py,R_nhkn_v1_utility_vs_free/mean,
tab:app-relation-altered-construction,printed decimal 8,+.266,0.26600161815444245,1.6181544424398453e-06,0.0005,PASS,experiments/crta_v3_relation_random_wrong_v1/TABLE2_RANDOM_WRONG_V1.json,reproducibility/verify_reported_results.py,R_hrs_content_vs_reversal/mean,
tab:app-relation-altered-construction,printed decimal 9,+.175,0.1745072387433251,-0.00049276125667488402,0.0005,PASS,experiments/crta_v3_relation_random_wrong_v1/TABLE2_RANDOM_WRONG_V1.json,reproducibility/verify_reported_results.py,R_hrs_content_vs_reversal/ci95/0,
tab:app-relation-altered-construction,printed decimal 10,+.367,0.36745867182250241,0.00045867182250242111,0.0005,PASS,experiments/crta_v3_relation_random_wrong_v1/TABLE2_RANDOM_WRONG_V1.json,reproducibility/verify_reported_results.py,R_hrs_content_vs_reversal/ci95/1,
tab:app-relation-altered-construction,printed decimal 11,+.041,0.040908319251799198,-9.168074820080363e-05,0.0005,PASS,experiments/crta_v3_relation_random_wrong_v1/TABLE2_RANDOM_WRONG_V1.json,reproducibility/verify_reported_results.py,R_hrs_content_vs_random/mean,
tab:app-relation-altered-construction,printed decimal 12,+.016,0.016171774329288797,0.00017177432928879716,0.0005,PASS,experiments/crta_v3_relation_random_wrong_v1/TABLE2_RANDOM_WRONG_V1.json,reproducibility/verify_reported_results.py,R_hrs_content_vs_random/ci95/0,
tab:app-relation-altered-construction,printed decimal 13,+.077,0.076903852485294522,-9.6147514705477444e-05,0.0005,PASS,experiments/crta_v3_relation_random_wrong_v1/TABLE2_RANDOM_WRONG_V1.json,reproducibility/verify_reported_results.py,R_hrs_content_vs_random/ci95/1,
tab:app-relation-altered-construction,printed decimal 14,+.002,0.0023415281918917228,0.00034152819189172279,0.0005,PASS,experiments/crta_v3_relation_random_wrong_v1/TABLE2_RANDOM_WRONG_V1.json,reproducibility/verify_reported_results.py,R_hrs_utility_vs_free/mean,
tab:app-relation-altered-construction,printed decimal 15,+.144,0.14428994326906641,0.00028994326906642276,0.0005,PASS,experiments/crta_v3_relation_random_wrong_v1/TABLE2_RANDOM_WRONG_V1.json,reproducibility/verify_reported_results.py,R_camels120_content_vs_reversal/mean,
tab:app-relation-altered-construction,printed decimal 16,+.127,0.12654495469706897,-0.00045504530293102863,0.0005,PASS,experiments/crta_v3_relation_random_wrong_v1/TABLE2_RANDOM_WRONG_V1.json,reproducibility/verify_reported_results.py,R_camels120_content_vs_reversal/ci95/0,
tab:app-relation-altered-construction,printed decimal 17,+.163,0.16283121352582114,-0.00016878647417886694,0.0005,PASS,experiments/crta_v3_relation_random_wrong_v1/TABLE2_RANDOM_WRONG_V1.json,reproducibility/verify_reported_results.py,R_camels120_content_vs_reversal/ci95/1,
tab:app-relation-altered-construction,printed decimal 18,+.002,0.0015237982607585639,-0.00047620173924143618,0.0005,PASS,experiments/crta_v3_relation_random_wrong_v1/TABLE2_RANDOM_WRONG_V1.json,reproducibility/verify_reported_results.py,R_camels120_content_vs_random/mean,
tab:app-relation-altered-construction,printed decimal 19,+.000,0.00026223253923191042,0.00026223253923191042,0.0005,PASS,experiments/crta_v3_relation_random_wrong_v1/TABLE2_RANDOM_WRONG_V1.json,reproducibility/verify_reported_results.py,R_camels120_content_vs_random/ci95/0,
tab:app-relation-altered-construction,printed decimal 20,+.003,0.0028311515341911328,-0.00016884846580886726,0.0005,PASS,experiments/crta_v3_relation_random_wrong_v1/TABLE2_RANDOM_WRONG_V1.json,reproducibility/verify_reported_results.py,R_camels120_content_vs_random/ci95/1,
tab:app-relation-altered-construction,printed decimal 21,.000,-1.3069552290737955e-06,-1.3069552290737955e-06,0.0005,PASS,experiments/crta_v3_relation_random_wrong_v1/TABLE2_RANDOM_WRONG_V1.json,reproducibility/verify_reported_results.py,R_camels120_utility_vs_free/mean,
tab:app-relation-altered-construction,printed decimal 22,-.001,-0.0011329598001888971,-0.00013295980018889712,0.0005,PASS,experiments/crta_v3_relation_random_wrong_v1/TABLE2_RANDOM_WRONG_V1.json,reproducibility/verify_reported_results.py,R_camels120_utility_vs_free/ci95/0,
tab:app-relation-altered-construction,printed decimal 23,+.001,0.0011882858324785003,0.00018828583247850026,0.0005,PASS,experiments/crta_v3_relation_random_wrong_v1/TABLE2_RANDOM_WRONG_V1.json,reproducibility/verify_reported_results.py,R_camels120_utility_vs_free/ci95/1,
tab:app-measurement-dose-stats,printed decimal 1,.78,0.78499999999999992,0.0049999999999998934,0.005,PASS,experiments/crta_v3_mcr_mismatch_dose_v1/SUMMARY_V1.json,reproducibility/verify_reported_results.py,"family minimum(sections/xgb_K32/additive/MD_P1_spearman/mean,sections/xgb_K32/pairwise/MD_P1_spearman/mean,sections/xgb_K32/sparse/MD_P1_spearman/mean)",
tab:app-measurement-dose-stats,printed decimal 2,.90,0.8999999999999998,-2.2204460492503131e-16,0.005,PASS,experiments/crta_v3_mcr_mismatch_dose_v1/SUMMARY_V1.json,reproducibility/verify_reported_results.py,"family maximum(sections/xgb_K32/additive/MD_P1_spearman/mean,sections/xgb_K32/pairwise/MD_P1_spearman/mean,sections/xgb_K32/sparse/MD_P1_spearman/mean)",
tab:app-measurement-dose-stats,printed decimal 3,+.259,0.25886878492032211,-0.00013121507967789325,0.0005,PASS,experiments/crta_v3_mcr_mismatch_dose_v1/SUMMARY_V1.json,reproducibility/verify_reported_results.py,"family minimum(sections/xgb_K32/additive/MD_P2_u8/mean,sections/xgb_K32/pairwise/MD_P2_u8/mean,sections/xgb_K32/sparse/MD_P2_u8/mean)",
tab:app-measurement-dose-stats,printed decimal 4,+.260,0.25958121625679198,-0.0004187837432080288,0.0005,PASS,experiments/crta_v3_mcr_mismatch_dose_v1/SUMMARY_V1.json,reproducibility/verify_reported_results.py,"family maximum(sections/xgb_K32/additive/MD_P2_u8/mean,sections/xgb_K32/pairwise/MD_P2_u8/mean,sections/xgb_K32/sparse/MD_P2_u8/mean)",
tab:app-measurement-dose-stats,printed decimal 5,.79,0.78999999999999981,-2.2204460492503131e-16,0.005,PASS,experiments/crta_v3_mcr_mismatch_dose_v1/SUMMARY_V1.json,reproducibility/verify_reported_results.py,"family minimum(sections/histgb_K32/additive/MD_P1_spearman/mean,sections/histgb_K32/pairwise/MD_P1_spearman/mean,sections/histgb_K32/sparse/MD_P1_spearman/mean)",
tab:app-measurement-dose-stats,printed decimal 6,.89,0.89499999999999991,0.0049999999999998934,0.005,PASS,experiments/crta_v3_mcr_mismatch_dose_v1/SUMMARY_V1.json,reproducibility/verify_reported_results.py,"family maximum(sections/histgb_K32/additive/MD_P1_spearman/mean,sections/histgb_K32/pairwise/MD_P1_spearman/mean,sections/histgb_K32/sparse/MD_P1_spearman/mean)",
tab:app-measurement-dose-stats,printed decimal 7,+.257,0.25737940852739738,0.00037940852739737352,0.0005,PASS,experiments/crta_v3_mcr_mismatch_dose_v1/SUMMARY_V1.json,reproducibility/verify_reported_results.py,"family minimum(sections/histgb_K32/additive/MD_P2_u8/mean,sections/histgb_K32/pairwise/MD_P2_u8/mean,sections/histgb_K32/sparse/MD_P2_u8/mean)",
tab:app-measurement-dose-stats,printed decimal 8,+.264,0.26427846008452305,0.00027846008452303561,0.0005,PASS,experiments/crta_v3_mcr_mismatch_dose_v1/SUMMARY_V1.json,reproducibility/verify_reported_results.py,"family maximum(sections/histgb_K32/additive/MD_P2_u8/mean,sections/histgb_K32/pairwise/MD_P2_u8/mean,sections/histgb_K32/sparse/MD_P2_u8/mean)",
tab:app-measurement-dose-stats,printed decimal 9,.75,0.74999999999999989,-1.1102230246251565e-16,0.005,PASS,experiments/crta_v3_mcr_mismatch_dose_tabpfn_v1/SUMMARY_V1.json,reproducibility/verify_reported_results.py,"family minimum(sections/additive/MDT_P1_spearman/mean,sections/pairwise/MDT_P1_spearman/mean,sections/sparse/MDT_P1_spearman/mean)",
tab:app-measurement-dose-stats,printed decimal 10,.85,0.84999999999999987,-1.1102230246251565e-16,0.005,PASS,experiments/crta_v3_mcr_mismatch_dose_tabpfn_v1/SUMMARY_V1.json,reproducibility/verify_reported_results.py,"family maximum(sections/additive/MDT_P1_spearman/mean,sections/pairwise/MDT_P1_spearman/mean,sections/sparse/MDT_P1_spearman/mean)",
tab:app-measurement-dose-stats,printed decimal 11,+.176,0.17642444665033585,0.00042444665033586348,0.0005,PASS,experiments/crta_v3_mcr_mismatch_dose_tabpfn_v1/SUMMARY_V1.json,reproducibility/verify_reported_results.py,"family minimum(sections/additive/MDT_P2_u8/mean,sections/pairwise/MDT_P2_u8/mean,sections/sparse/MDT_P2_u8/mean)",
tab:app-measurement-dose-stats,printed decimal 12,+.249,0.24858509455493943,-0.00041490544506056493,0.0005,PASS,experiments/crta_v3_mcr_mismatch_dose_tabpfn_v1/SUMMARY_V1.json,reproducibility/verify_reported_results.py,"family maximum(sections/additive/MDT_P2_u8/mean,sections/pairwise/MDT_P2_u8/mean,sections/sparse/MDT_P2_u8/mean)",
tab:app-measurement-dose-stats,printed decimal 13,.55,0.55000000000000004,0,0.005,PASS,experiments/crta_v3_mcr_mismatch_dose_v1/SUMMARY_V1.json,reproducibility/verify_reported_results.py,"family minimum(sections/xgb_K512/additive/MD_P1_spearman/mean,sections/xgb_K512/pairwise/MD_P1_spearman/mean,sections/xgb_K512/sparse/MD_P1_spearman/mean)",
tab:app-measurement-dose-stats,printed decimal 14,.77,0.77499999999999991,0.0049999999999998934,0.005,PASS,experiments/crta_v3_mcr_mismatch_dose_v1/SUMMARY_V1.json,reproducibility/verify_reported_results.py,"family maximum(sections/xgb_K512/additive/MD_P1_spearman/mean,sections/xgb_K512/pairwise/MD_P1_spearman/mean,sections/xgb_K512/sparse/MD_P1_spearman/mean)",
tab:app-measurement-dose-stats,printed decimal 15,+.028,0.02835862514864379,0.00035862514864378955,0.0005,PASS,experiments/crta_v3_mcr_mismatch_dose_v1/SUMMARY_V1.json,reproducibility/verify_reported_results.py,"family minimum(sections/xgb_K512/additive/MD_P2_u8/mean,sections/xgb_K512/pairwise/MD_P2_u8/mean,sections/xgb_K512/sparse/MD_P2_u8/mean)",
tab:app-measurement-dose-stats,printed decimal 16,+.037,0.036836228780600763,-0.00016377121939923495,0.0005,PASS,experiments/crta_v3_mcr_mismatch_dose_v1/SUMMARY_V1.json,reproducibility/verify_reported_results.py,"family maximum(sections/xgb_K512/additive/MD_P2_u8/mean,sections/xgb_K512/pairwise/MD_P2_u8/mean,sections/xgb_K512/sparse/MD_P2_u8/mean)",
tab:app-measurement-dose-stats,printed decimal 17,.63,0.62999999999999989,-1.1102230246251565e-16,0.005,PASS,experiments/crta_v3_mcr_mismatch_dose_k512_extension_v1/SUMMARY_V1.json,reproducibility/verify_reported_results.py,"family minimum(sections/histgb_K512/additive/rho_dose_utility/mean,sections/histgb_K512/pairwise/rho_dose_utility/mean,sections/histgb_K512/sparse/rho_dose_utility/mean)",
tab:app-measurement-dose-stats,printed decimal 18,.76,0.7649999999999999,0.0049999999999998934,0.005,PASS,experiments/crta_v3_mcr_mismatch_dose_k512_extension_v1/SUMMARY_V1.json,reproducibility/verify_reported_results.py,"family maximum(sections/histgb_K512/additive/rho_dose_utility/mean,sections/histgb_K512/pairwise/rho_dose_utility/mean,sections/histgb_K512/sparse/rho_dose_utility/mean)",
tab:app-measurement-dose-stats,printed decimal 19,+.030,0.030382061844190855,0.00038206184419085562,0.0005,PASS,experiments/crta_v3_mcr_mismatch_dose_k512_extension_v1/SUMMARY_V1.json,reproducibility/verify_reported_results.py,"family minimum(sections/histgb_K512/additive/u8/mean,sections/histgb_K512/pairwise/u8/mean,sections/histgb_K512/sparse/u8/mean)",
tab:app-measurement-dose-stats,printed decimal 20,+.035,0.035288572354086264,0.00028857235408626114,0.0005,PASS,experiments/crta_v3_mcr_mismatch_dose_k512_extension_v1/SUMMARY_V1.json,reproducibility/verify_reported_results.py,"family maximum(sections/histgb_K512/additive/u8/mean,sections/histgb_K512/pairwise/u8/mean,sections/histgb_K512/sparse/u8/mean)",
tab:app-measurement-dose-stats,printed decimal 21,.57,0.57499999999999996,0.0050000000000000044,0.005,PASS,experiments/crta_v3_mcr_mismatch_dose_k512_extension_v1/SUMMARY_V1.json,reproducibility/verify_reported_results.py,"family minimum(sections/tabpfn_K512/additive/rho_dose_utility/mean,sections/tabpfn_K512/pairwise/rho_dose_utility/mean,sections/tabpfn_K512/sparse/rho_dose_utility/mean)",
tab:app-measurement-dose-stats,printed decimal 22,.80,0.80000000000000004,0,0.005,PASS,experiments/crta_v3_mcr_mismatch_dose_k512_extension_v1/SUMMARY_V1.json,reproducibility/verify_reported_results.py,"family maximum(sections/tabpfn_K512/additive/rho_dose_utility/mean,sections/tabpfn_K512/pairwise/rho_dose_utility/mean,sections/tabpfn_K512/sparse/rho_dose_utility/mean)",
tab:app-measurement-dose-stats,printed decimal 23,+.022,0.021672753863419082,-0.0003272461365809165,0.0005,PASS,experiments/crta_v3_mcr_mismatch_dose_k512_extension_v1/SUMMARY_V1.json,reproducibility/verify_reported_results.py,"family minimum(sections/tabpfn_K512/additive/u8/mean,sections/tabpfn_K512/pairwise/u8/mean,sections/tabpfn_K512/sparse/u8/mean)",
tab:app-measurement-dose-stats,printed decimal 24,+.035,0.035060361975175786,6.0361975175782234e-05,0.0005,PASS,experiments/crta_v3_mcr_mismatch_dose_k512_extension_v1/SUMMARY_V1.json,reproducibility/verify_reported_results.py,"family maximum(sections/tabpfn_K512/additive/u8/mean,sections/tabpfn_K512/pairwise/u8/mean,sections/tabpfn_K512/sparse/u8/mean)",
tab:app-tabllm-support-ladder,printed decimal 1,+.088,0.088369992896076222,0.00036999289607622665,0.0005,PASS,experiments/tabllm_ranon_support_ladder_v1/SUMMARY_V1.json,reproducibility/verify_reported_results.py,macro/utility/0/estimate,
tab:app-tabllm-support-ladder,printed decimal 2,+.033,0.033498248405477805,0.00049824840547780386,0.0005,PASS,experiments/tabllm_ranon_support_ladder_v1/SUMMARY_V1.json,reproducibility/verify_reported_results.py,macro/utility/0/bootstrap_ci95/0,
tab:app-tabllm-support-ladder,printed decimal 3,+.153,0.15251066737227661,-0.00048933262772338226,0.0005,PASS,experiments/tabllm_ranon_support_ladder_v1/SUMMARY_V1.json,reproducibility/verify_reported_results.py,macro/utility/0/bootstrap_ci95/1,
tab:app-tabllm-support-ladder,printed decimal 4,+.073,0.072723240428914662,-0.00027675957108533322,0.0005,PASS,experiments/tabllm_ranon_support_ladder_v1/SUMMARY_V1.json,reproducibility/verify_reported_results.py,macro/utility/4/estimate,
tab:app-tabllm-support-ladder,printed decimal 5,+.012,0.012169165833570488,0.00016916583357048758,0.0005,PASS,experiments/tabllm_ranon_support_ladder_v1/SUMMARY_V1.json,reproducibility/verify_reported_results.py,macro/utility/4/bootstrap_ci95/0,
tab:app-tabllm-support-ladder,printed decimal 6,+.144,0.14442679103771244,0.00042679103771245397,0.0005,PASS,experiments/tabllm_ranon_support_ladder_v1/SUMMARY_V1.json,reproducibility/verify_reported_results.py,macro/utility/4/bootstrap_ci95/1,
tab:app-tabllm-support-ladder,printed decimal 7,+.035,0.0350303054965935,3.0305496593496795e-05,0.0005,PASS,experiments/tabllm_ranon_support_ladder_v1/SUMMARY_V1.json,reproducibility/verify_reported_results.py,macro/utility/32/estimate,
tab:app-tabllm-support-ladder,printed decimal 8,+.017,0.017271720795826864,0.00027172079582686234,0.0005,PASS,experiments/tabllm_ranon_support_ladder_v1/SUMMARY_V1.json,reproducibility/verify_reported_results.py,macro/utility/32/bootstrap_ci95/0,
tab:app-tabllm-support-ladder,printed decimal 9,+.054,0.054411550222839694,0.00041155022283969472,0.0005,PASS,experiments/tabllm_ranon_support_ladder_v1/SUMMARY_V1.json,reproducibility/verify_reported_results.py,macro/utility/32/bootstrap_ci95/1,
tab:app-tabllm-support-ladder,printed decimal 10,+.007,0.0070909340465451932,9.0934046545193027e-05,0.0005,PASS,experiments/tabllm_ranon_support_ladder_v1/SUMMARY_V1.json,reproducibility/verify_reported_results.py,macro/utility/512/estimate,
tab:app-tabllm-support-ladder,printed decimal 11,+.003,0.0025317527573045827,-0.00046824724269541734,0.0005,PASS,experiments/tabllm_ranon_support_ladder_v1/SUMMARY_V1.json,reproducibility/verify_reported_results.py,macro/utility/512/bootstrap_ci95/0,
tab:app-tabllm-support-ladder,printed decimal 12,+.011,0.010965836997274546,-3.4163002725453792e-05,0.0005,PASS,experiments/tabllm_ranon_support_ladder_v1/SUMMARY_V1.json,reproducibility/verify_reported_results.py,macro/utility/512/bootstrap_ci95/1,
tab:app-tabllm-support-ladder,printed decimal 13,+.081,0.08127905884953103,0.00027905884953102755,0.0005,PASS,experiments/tabllm_ranon_support_ladder_v1/SUMMARY_V1.json,reproducibility/verify_reported_results.py,primary_decay_0_to_512/estimate,
tab:app-tabllm-support-ladder,printed decimal 14,+.025,0.024526206356051676,-0.00047379364394832535,0.0005,PASS,experiments/tabllm_ranon_support_ladder_v1/SUMMARY_V1.json,reproducibility/verify_reported_results.py,primary_decay_0_to_512/bootstrap_ci95/0,
tab:app-tabllm-support-ladder,printed decimal 15,+.148,0.14788822710037669,-0.0001117728996233025,0.0005,PASS,experiments/tabllm_ranon_support_ladder_v1/SUMMARY_V1.json,reproducibility/verify_reported_results.py,primary_decay_0_to_512/bootstrap_ci95/1,
tab:app-exam-support-ladder,printed decimal 1,+.070,0.069742249688951846,-0.00025775031104816049,0.0005,PASS,experiments/crta_v3_exam_support_ladder_v1/SUMMARY_V1.json,reproducibility/verify_reported_results.py,levels/classA_primary/utility_S_minus_R/64/mean,
tab:app-exam-support-ladder,printed decimal 2,+.037,0.037366376781537911,0.00036637678153791237,0.0005,PASS,experiments/crta_v3_exam_support_ladder_v1/SUMMARY_V1.json,reproducibility/verify_reported_results.py,levels/classA_primary/utility_S_minus_R/64/ci95/0,
tab:app-exam-support-ladder,printed decimal 3,+.102,0.10246439928555802,0.0004643992855580259,0.0005,PASS,experiments/crta_v3_exam_support_ladder_v1/SUMMARY_V1.json,reproducibility/verify_reported_results.py,levels/classA_primary/utility_S_minus_R/64/ci95/1,
tab:app-exam-support-ladder,printed decimal 4,+.047,0.047345008851163627,0.00034500885116362651,0.0005,PASS,experiments/crta_v3_exam_support_ladder_v1/SUMMARY_V1.json,reproducibility/verify_reported_results.py,levels/classA_primary/utility_S_minus_R/256/mean,
tab:app-exam-support-ladder,printed decimal 5,+.018,0.017531453233812583,-0.00046854676618741584,0.0005,PASS,experiments/crta_v3_exam_support_ladder_v1/SUMMARY_V1.json,reproducibility/verify_reported_results.py,levels/classA_primary/utility_S_minus_R/256/ci95/0,
tab:app-exam-support-ladder,printed decimal 6,+.084,0.084220068441911142,0.0002200684419111365,0.0005,PASS,experiments/crta_v3_exam_support_ladder_v1/SUMMARY_V1.json,reproducibility/verify_reported_results.py,levels/classA_primary/utility_S_minus_R/256/ci95/1,
tab:app-exam-support-ladder,printed decimal 7,+.018,0.017988927057346019,-1.1072942653980039e-05,0.0005,PASS,experiments/crta_v3_exam_support_ladder_v1/SUMMARY_V1.json,reproducibility/verify_reported_results.py,levels/classA_primary/utility_S_minus_R/1024/mean,
tab:app-exam-support-ladder,printed decimal 8,+.008,0.0078905527909689296,-0.00010944720903107059,0.0005,PASS,experiments/crta_v3_exam_support_ladder_v1/SUMMARY_V1.json,reproducibility/verify_reported_results.py,levels/classA_primary/utility_S_minus_R/1024/ci95/0,
tab:app-exam-support-ladder,printed decimal 9,+.028,0.027955259927200354,-4.474007279964623e-05,0.0005,PASS,experiments/crta_v3_exam_support_ladder_v1/SUMMARY_V1.json,reproducibility/verify_reported_results.py,levels/classA_primary/utility_S_minus_R/1024/ci95/1,
tab:app-exam-support-ladder,printed decimal 10,+.052,0.051753322631605807,-0.00024667736839419085,0.0005,PASS,experiments/crta_v3_exam_support_ladder_v1/SUMMARY_V1.json,reproducibility/verify_reported_results.py,decays/classA_primary/decay_utility_S_minus_R_64_minus_1024/mean,
tab:app-exam-support-ladder,printed decimal 11,+.028,0.027930496877680646,-6.9503122319354571e-05,0.0005,PASS,experiments/crta_v3_exam_support_ladder_v1/SUMMARY_V1.json,reproducibility/verify_reported_results.py,decays/classA_primary/decay_utility_S_minus_R_64_minus_1024/ci95/0,
tab:app-exam-support-ladder,printed decimal 12,+.077,0.076560026711476659,-0.00043997328852334039,0.0005,PASS,experiments/crta_v3_exam_support_ladder_v1/SUMMARY_V1.json,reproducibility/verify_reported_results.py,decays/classA_primary/decay_utility_S_minus_R_64_minus_1024/ci95/1,
tab:app-exam-support-ladder,printed decimal 13,+.039,0.039081281882317187,8.1281882317187082e-05,0.0005,PASS,experiments/crta_v3_exam_support_ladder_v1/SUMMARY_V1.json,reproducibility/verify_reported_results.py,levels/all13/utility_S_minus_R/64/mean,
tab:app-exam-support-ladder,printed decimal 14,+.007,0.0072672535443445993,0.00026725354434459919,0.0005,PASS,experiments/crta_v3_exam_support_ladder_v1/SUMMARY_V1.json,reproducibility/verify_reported_results.py,levels/all13/utility_S_minus_R/64/ci95/0,
tab:app-exam-support-ladder,printed decimal 15,+.069,0.06887240024451087,-0.0001275997554891356,0.0005,PASS,experiments/crta_v3_exam_support_ladder_v1/SUMMARY_V1.json,reproducibility/verify_reported_results.py,levels/all13/utility_S_minus_R/64/ci95/1,
tab:app-exam-support-ladder,printed decimal 16,+.014,0.013691646956008177,-0.00030835304399182313,0.0005,PASS,experiments/crta_v3_exam_support_ladder_v1/SUMMARY_V1.json,reproducibility/verify_reported_results.py,levels/all13/utility_S_minus_R/256/mean,
tab:app-exam-support-ladder,printed decimal 17,-.013,-0.012628134680582031,0.00037186531941796851,0.0005,PASS,experiments/crta_v3_exam_support_ladder_v1/SUMMARY_V1.json,reproducibility/verify_reported_results.py,levels/all13/utility_S_minus_R/256/ci95/0,
tab:app-exam-support-ladder,printed decimal 18,+.042,0.041669403268221245,-0.00033059673177875809,0.0005,PASS,experiments/crta_v3_exam_support_ladder_v1/SUMMARY_V1.json,reproducibility/verify_reported_results.py,levels/all13/utility_S_minus_R/256/ci95/1,
tab:app-exam-support-ladder,printed decimal 19,+.008,0.0083519535398957449,0.00035195353989574477,0.0005,PASS,experiments/crta_v3_exam_support_ladder_v1/SUMMARY_V1.json,reproducibility/verify_reported_results.py,levels/all13/utility_S_minus_R/1024/mean,
tab:app-exam-support-ladder,printed decimal 20,-.001,-0.00053289887936956227,0.00046710112063043775,0.0005,PASS,experiments/crta_v3_exam_support_ladder_v1/SUMMARY_V1.json,reproducibility/verify_reported_results.py,levels/all13/utility_S_minus_R/1024/ci95/0,
tab:app-exam-support-ladder,printed decimal 21,+.017,0.017399563654507139,0.00039956365450713807,0.0005,PASS,experiments/crta_v3_exam_support_ladder_v1/SUMMARY_V1.json,reproducibility/verify_reported_results.py,levels/all13/utility_S_minus_R/1024/ci95/1,
tab:app-exam-support-ladder,printed decimal 22,+.031,0.030729328342421439,-0.00027067165757856115,0.0005,PASS,experiments/crta_v3_exam_support_ladder_v1/SUMMARY_V1.json,reproducibility/verify_reported_results.py,decays/all13/decay_utility_S_minus_R_64_minus_1024/mean,
tab:app-exam-support-ladder,printed decimal 23,+.003,0.0028521623250469482,-0.00014783767495305184,0.0005,PASS,experiments/crta_v3_exam_support_ladder_v1/SUMMARY_V1.json,reproducibility/verify_reported_results.py,decays/all13/decay_utility_S_minus_R_64_minus_1024/ci95/0,
tab:app-exam-support-ladder,printed decimal 24,+.056,0.056299560598789933,0.00029956059878993163,0.0005,PASS,experiments/crta_v3_exam_support_ladder_v1/SUMMARY_V1.json,reproducibility/verify_reported_results.py,decays/all13/decay_utility_S_minus_R_64_minus_1024/ci95/1,
tab:app-relation-capacity,printed decimal 1,+.0244,0.024428904346399421,2.8904346399419301e-05,5e-05,PASS,experiments/crta_v3_relation_capacity_sensitivity_v1/SUMMARY_V1.json,reproducibility/verify_reported_results.py,results/additive/32/total_utility/baseline/mean,
tab:app-relation-capacity,printed decimal 2,+.0017,0.0016912608386526861,-8.7391613473137772e-06,5e-05,PASS,experiments/crta_v3_relation_capacity_sensitivity_v1/SUMMARY_V1.json,reproducibility/verify_reported_results.py,results/additive/32/total_utility/depth2/mean,
tab:app-relation-capacity,printed decimal 3,+.0212,0.021154706138551794,-4.5293861448206241e-05,5e-05,PASS,experiments/crta_v3_relation_capacity_sensitivity_v1/SUMMARY_V1.json,reproducibility/verify_reported_results.py,results/additive/512/total_utility/baseline/mean,
tab:app-relation-capacity,printed decimal 4,+.0012,0.0012035589268895419,3.5589268895419753e-06,5e-05,PASS,experiments/crta_v3_relation_capacity_sensitivity_v1/SUMMARY_V1.json,reproducibility/verify_reported_results.py,results/additive/512/total_utility/depth2/mean,
tab:app-relation-capacity,printed decimal 5,+.0096,0.009586075494318164,-1.3924505681835175e-05,5e-05,PASS,experiments/crta_v3_relation_capacity_sensitivity_v1/SUMMARY_V1.json,reproducibility/verify_reported_results.py,results/pairwise/32/total_utility/baseline/mean,
tab:app-relation-capacity,printed decimal 6,+.0003,0.0003103319985134134,1.0331998513413425e-05,5e-05,PASS,experiments/crta_v3_relation_capacity_sensitivity_v1/SUMMARY_V1.json,reproducibility/verify_reported_results.py,results/pairwise/32/total_utility/depth2/mean,
tab:app-relation-capacity,printed decimal 7,+.0105,0.010460321656822352,-3.9678343177649081e-05,5e-05,PASS,experiments/crta_v3_relation_capacity_sensitivity_v1/SUMMARY_V1.json,reproducibility/verify_reported_results.py,results/pairwise/512/total_utility/baseline/mean,
tab:app-relation-capacity,printed decimal 8,+.0003,0.00026839291892993833,-3.1607081070061645e-05,5e-05,PASS,experiments/crta_v3_relation_capacity_sensitivity_v1/SUMMARY_V1.json,reproducibility/verify_reported_results.py,results/pairwise/512/total_utility/depth2/mean,
tab:app-relation-capacity,printed decimal 9,+.0068,0.0067900230565777096,-9.9769434222900244e-06,5e-05,PASS,experiments/crta_v3_relation_capacity_sensitivity_v1/SUMMARY_V1.json,reproducibility/verify_reported_results.py,results/sparse/32/total_utility/baseline/mean,
tab:app-relation-capacity,printed decimal 10,-.0014,-0.0013958713180780679,4.1286819219320606e-06,5e-05,PASS,experiments/crta_v3_relation_capacity_sensitivity_v1/SUMMARY_V1.json,reproducibility/verify_reported_results.py,results/sparse/32/total_utility/depth2/mean,
tab:app-relation-capacity,printed decimal 11,+.0067,0.0067244295352791531,2.4429535279152891e-05,5e-05,PASS,experiments/crta_v3_relation_capacity_sensitivity_v1/SUMMARY_V1.json,reproducibility/verify_reported_results.py,results/sparse/512/total_utility/baseline/mean,
tab:app-relation-capacity,printed decimal 12,-.0015,-0.0015139135175527064,-1.3913517552706367e-05,5e-05,PASS,experiments/crta_v3_relation_capacity_sensitivity_v1/SUMMARY_V1.json,reproducibility/verify_reported_results.py,results/sparse/512/total_utility/depth2/mean,
tab:app-measurement-rank-alignment,printed decimal 1,+.259,0.25886878492032211,-0.00013121507967789325,0.0005,PASS,experiments/crta_v3_mcr_nonsemantic_rank_alignment_v1/SUMMARY_V1.json,reproducibility/verify_reported_results.py,"family minimum(sections/xgb_K32/support_only/additive/U_raw/by_dose/4/mean,sections/xgb_K32/support_only/pairwise/U_raw/by_dose/4/mean,sections/xgb_K32/support_only/sparse/U_raw/by_dose/4/mean)",
tab:app-measurement-rank-alignment,printed decimal 2,+.260,0.25958121625679198,-0.0004187837432080288,0.0005,PASS,experiments/crta_v3_mcr_nonsemantic_rank_alignment_v1/SUMMARY_V1.json,reproducibility/verify_reported_results.py,"family maximum(sections/xgb_K32/support_only/additive/U_raw/by_dose/4/mean,sections/xgb_K32/support_only/pairwise/U_raw/by_dose/4/mean,sections/xgb_K32/support_only/sparse/U_raw/by_dose/4/mean)",
tab:app-measurement-rank-alignment,printed decimal 3,+.169,0.16865620602585704,-0.00034379397414296964,0.0005,PASS,experiments/crta_v3_mcr_nonsemantic_rank_alignment_v1/SUMMARY_V1.json,reproducibility/verify_reported_results.py,"family minimum(sections/xgb_K32/support_only/additive/U_rank/by_dose/4/mean,sections/xgb_K32/support_only/pairwise/U_rank/by_dose/4/mean,sections/xgb_K32/support_only/sparse/U_rank/by_dose/4/mean)",
tab:app-measurement-rank-alignment,printed decimal 4,+.275,0.27493162153020834,-6.8378469791685603e-05,0.0005,PASS,experiments/crta_v3_mcr_nonsemantic_rank_alignment_v1/SUMMARY_V1.json,reproducibility/verify_reported_results.py,"family maximum(sections/xgb_K32/support_only/additive/U_rank/by_dose/4/mean,sections/xgb_K32/support_only/pairwise/U_rank/by_dose/4/mean,sections/xgb_K32/support_only/sparse/U_rank/by_dose/4/mean)",
tab:app-measurement-rank-alignment,printed decimal 5,+.088,0.088209260522979352,0.00020926052297935704,0.0005,PASS,experiments/crta_v3_mcr_nonsemantic_rank_alignment_v1/POLARITY_DOSE_V1.json,reproducibility/verify_reported_results.py,primary_K32_support_only/mean_slope,
tab:app-measurement-rank-alignment,printed decimal 6,+.046,0.045832531943526877,-0.0001674680564731218,0.0005,PASS,experiments/crta_v3_mcr_nonsemantic_rank_alignment_v1/POLARITY_DOSE_V1.json,reproducibility/verify_reported_results.py,primary_K32_support_only/mean_slope_cluster_ci95/0,
tab:app-measurement-rank-alignment,printed decimal 7,+.129,0.12867722305150692,-0.00032277694849308647,0.0005,PASS,experiments/crta_v3_mcr_nonsemantic_rank_alignment_v1/POLARITY_DOSE_V1.json,reproducibility/verify_reported_results.py,primary_K32_support_only/mean_slope_cluster_ci95/1,
tab:app-measurement-rank-alignment,printed decimal 8,+.257,0.25737940852739738,0.00037940852739737352,0.0005,PASS,experiments/crta_v3_mcr_nonsemantic_rank_alignment_v1/SUMMARY_V1.json,reproducibility/verify_reported_results.py,"family minimum(sections/histgb_K32/support_only/additive/U_raw/by_dose/4/mean,sections/histgb_K32/support_only/pairwise/U_raw/by_dose/4/mean,sections/histgb_K32/support_only/sparse/U_raw/by_dose/4/mean)",
tab:app-measurement-rank-alignment,printed decimal 9,+.264,0.26427846008452305,0.00027846008452303561,0.0005,PASS,experiments/crta_v3_mcr_nonsemantic_rank_alignment_v1/SUMMARY_V1.json,reproducibility/verify_reported_results.py,"family maximum(sections/histgb_K32/support_only/additive/U_raw/by_dose/4/mean,sections/histgb_K32/support_only/pairwise/U_raw/by_dose/4/mean,sections/histgb_K32/support_only/sparse/U_raw/by_dose/4/mean)",
tab:app-measurement-rank-alignment,printed decimal 10,+.167,0.16660530375433646,-0.000394696245663545,0.0005,PASS,experiments/crta_v3_mcr_nonsemantic_rank_alignment_v1/SUMMARY_V1.json,reproducibility/verify_reported_results.py,"family minimum(sections/histgb_K32/support_only/additive/U_rank/by_dose/4/mean,sections/histgb_K32/support_only/pairwise/U_rank/by_dose/4/mean,sections/histgb_K32/support_only/sparse/U_rank/by_dose/4/mean)",
tab:app-measurement-rank-alignment,printed decimal 11,+.278,0.27803008899426812,3.008899426809597e-05,0.0005,PASS,experiments/crta_v3_mcr_nonsemantic_rank_alignment_v1/SUMMARY_V1.json,reproducibility/verify_reported_results.py,"family maximum(sections/histgb_K32/support_only/additive/U_rank/by_dose/4/mean,sections/histgb_K32/support_only/pairwise/U_rank/by_dose/4/mean,sections/histgb_K32/support_only/sparse/U_rank/by_dose/4/mean)",
tab:app-measurement-rank-alignment,printed decimal 12,+.088,0.088209260522979352,0.00020926052297935704,0.0005,PASS,experiments/crta_v3_mcr_nonsemantic_rank_alignment_v1/POLARITY_DOSE_V1.json,reproducibility/verify_reported_results.py,primary_K32_support_only/mean_slope,
tab:app-measurement-rank-alignment,printed decimal 13,+.046,0.045832531943526877,-0.0001674680564731218,0.0005,PASS,experiments/crta_v3_mcr_nonsemantic_rank_alignment_v1/POLARITY_DOSE_V1.json,reproducibility/verify_reported_results.py,primary_K32_support_only/mean_slope_cluster_ci95/0,
tab:app-measurement-rank-alignment,printed decimal 14,+.129,0.12867722305150692,-0.00032277694849308647,0.0005,PASS,experiments/crta_v3_mcr_nonsemantic_rank_alignment_v1/POLARITY_DOSE_V1.json,reproducibility/verify_reported_results.py,primary_K32_support_only/mean_slope_cluster_ci95/1,
tab:app-measurement-rank-alignment,printed decimal 15,+.028,0.02835862514864379,0.00035862514864378955,0.0005,PASS,experiments/crta_v3_mcr_nonsemantic_rank_alignment_v1/SUMMARY_V1.json,reproducibility/verify_reported_results.py,"family minimum(sections/xgb_K512/support_only/additive/U_raw/by_dose/4/mean,sections/xgb_K512/support_only/pairwise/U_raw/by_dose/4/mean,sections/xgb_K512/support_only/sparse/U_raw/by_dose/4/mean)",
tab:app-measurement-rank-alignment,printed decimal 16,+.037,0.036836228780600763,-0.00016377121939923495,0.0005,PASS,experiments/crta_v3_mcr_nonsemantic_rank_alignment_v1/SUMMARY_V1.json,reproducibility/verify_reported_results.py,"family maximum(sections/xgb_K512/support_only/additive/U_raw/by_dose/4/mean,sections/xgb_K512/support_only/pairwise/U_raw/by_dose/4/mean,sections/xgb_K512/support_only/sparse/U_raw/by_dose/4/mean)",
tab:app-measurement-rank-alignment,printed decimal 17,+.008,0.0082287074231256196,0.00022870742312561948,0.0005,PASS,experiments/crta_v3_mcr_nonsemantic_rank_alignment_v1/SUMMARY_V1.json,reproducibility/verify_reported_results.py,"family minimum(sections/xgb_K512/support_only/additive/U_rank/by_dose/4/mean,sections/xgb_K512/support_only/pairwise/U_rank/by_dose/4/mean,sections/xgb_K512/support_only/sparse/U_rank/by_dose/4/mean)",
tab:app-measurement-rank-alignment,printed decimal 18,+.019,0.018620660513964292,-0.00037933948603570758,0.0005,PASS,experiments/crta_v3_mcr_nonsemantic_rank_alignment_v1/SUMMARY_V1.json,reproducibility/verify_reported_results.py,"family maximum(sections/xgb_K512/support_only/additive/U_rank/by_dose/4/mean,sections/xgb_K512/support_only/pairwise/U_rank/by_dose/4/mean,sections/xgb_K512/support_only/sparse/U_rank/by_dose/4/mean)",
tab:app-measurement-rank-alignment,printed decimal 19,+.004,0.0042827347968046586,0.00028273479680465848,0.0005,PASS,experiments/crta_v3_mcr_nonsemantic_rank_alignment_v1/POLARITY_DOSE_V1.json,reproducibility/verify_reported_results.py,sensitivity_K512_support_only/mean_slope,
tab:app-measurement-rank-alignment,printed decimal 20,+.001,0.001292923223824992,0.00029292322382499202,0.0005,PASS,experiments/crta_v3_mcr_nonsemantic_rank_alignment_v1/POLARITY_DOSE_V1.json,reproducibility/verify_reported_results.py,sensitivity_K512_support_only/mean_slope_cluster_ci95/0,
tab:app-measurement-rank-alignment,printed decimal 21,+.008,0.0075079401124761034,-0.00049205988752389681,0.0005,PASS,experiments/crta_v3_mcr_nonsemantic_rank_alignment_v1/POLARITY_DOSE_V1.json,reproducibility/verify_reported_results.py,sensitivity_K512_support_only/mean_slope_cluster_ci95/1,
tab:app-model-coverage-compact,K32 harm share min percent,74,73.53365097339848,-0.46634902660152022,0.5,PASS,experiments/crta_v3_mcr_transtab_bridge_decomposition_v1/SUMMARY_V1.json,reproducibility/verify_reported_results.py,-100 * false_bridge / conventional_content_gap,
tab:app-model-coverage-compact,K32 harm share max percent,80,80.421977749054065,0.42197774905406504,0.5,PASS,experiments/crta_v3_mcr_transtab_bridge_decomposition_v1/SUMMARY_V1.json,reproducibility/verify_reported_results.py,-100 * false_bridge / conventional_content_gap,
tab:app-model-coverage-compact,K512 harm share min percent,97,96.911382834414354,-0.088617165585645807,0.5,PASS,experiments/crta_v3_mcr_transtab_bridge_decomposition_v1/SUMMARY_V1.json,reproducibility/verify_reported_results.py,-100 * false_bridge / conventional_content_gap,
tab:app-model-coverage-compact,K512 harm share max percent,100,99.543740282203785,-0.45625971779621466,0.5,PASS,experiments/crta_v3_mcr_transtab_bridge_decomposition_v1/SUMMARY_V1.json,reproducibility/verify_reported_results.py,-100 * false_bridge / conventional_content_gap,
tab:app-model-coverage-compact,printed decimal 1,+.114,0.11420869208331616,0.00020869208331615596,0.0005,PASS,experiments/crta_v3_mcr_transtab_bridge_decomposition_v1/SUMMARY_V1.json,reproducibility/verify_reported_results.py,"family minimum(results/32/shared_identity_bridge/additive/mean,results/32/shared_identity_bridge/pairwise/mean,results/32/shared_identity_bridge/sparse/mean)",
tab:app-model-coverage-compact,printed decimal 2,+.129,0.12894555717465056,-5.4442825349443336e-05,0.0005,PASS,experiments/crta_v3_mcr_transtab_bridge_decomposition_v1/SUMMARY_V1.json,reproducibility/verify_reported_results.py,"family maximum(results/32/shared_identity_bridge/additive/mean,results/32/shared_identity_bridge/pairwise/mean,results/32/shared_identity_bridge/sparse/mean)",
tab:app-model-coverage-compact,printed decimal 3,+.007,0.0068173768895809063,-0.00018262311041909382,0.0005,PASS,experiments/crta_v3_mcr_transtab_bridge_decomposition_v1/SUMMARY_V1.json,reproducibility/verify_reported_results.py,"family minimum(results/512/shared_identity_bridge/additive/mean,results/512/shared_identity_bridge/pairwise/mean,results/512/shared_identity_bridge/sparse/mean)",
tab:app-model-coverage-compact,printed decimal 4,+.009,0.0090250060888033886,2.5006088803389281e-05,0.0005,PASS,experiments/crta_v3_mcr_transtab_bridge_decomposition_v1/SUMMARY_V1.json,reproducibility/verify_reported_results.py,"family maximum(results/512/shared_identity_bridge/additive/mean,results/512/shared_identity_bridge/pairwise/mean,results/512/shared_identity_bridge/sparse/mean)",
tab:app-model-coverage-compact,CARTE K32 M_utility_correct_vs_raw positive families,0,0,0,0,PASS,experiments/crta_v3_mcr_carte_v1/SUMMARY_V1.json,reproducibility/verify_reported_results.py,supports/32/M_utility_correct_vs_raw/families: count CI lower >0,
tab:app-model-coverage-compact,CARTE K32 C_utility_correct_vs_reference positive families,0,0,0,0,PASS,experiments/crta_v3_mcr_carte_v1/SUMMARY_V1.json,reproducibility/verify_reported_results.py,supports/32/C_utility_correct_vs_reference/families: count CI lower >0,
tab:app-model-coverage-compact,CARTE K32 R_utility_correct_vs_free positive families,0,0,0,0,PASS,experiments/crta_v3_mcr_carte_v1/SUMMARY_V1.json,reproducibility/verify_reported_results.py,supports/32/R_utility_correct_vs_free/families: count CI lower >0,
tab:app-model-coverage-compact,CARTE K512 M_utility_correct_vs_raw positive families,2,2,0,0,PASS,experiments/crta_v3_mcr_carte_v1/SUMMARY_V1.json,reproducibility/verify_reported_results.py,supports/512/M_utility_correct_vs_raw/families: count CI lower >0,
tab:app-model-coverage-compact,CARTE K512 C_utility_correct_vs_reference positive families,2,2,0,0,PASS,experiments/crta_v3_mcr_carte_v1/SUMMARY_V1.json,reproducibility/verify_reported_results.py,supports/512/C_utility_correct_vs_reference/families: count CI lower >0,
tab:app-model-coverage-compact,CARTE K512 R_utility_correct_vs_free positive families,0,0,0,0,PASS,experiments/crta_v3_mcr_carte_v1/SUMMARY_V1.json,reproducibility/verify_reported_results.py,supports/512/R_utility_correct_vs_free/families: count CI lower >0,
tab:app-unit-attribution-summary,printed decimal 1,+.022,0.021614782577123414,-0.00038521742287658464,0.0005,PASS,experiments/crta_v3_m1m2_stage_factorial_v1/SUMMARY_V1.json,reproducibility/verify_reported_results.py,"unit minimum(S2_binding_content/per_target_mean/current_smoking_status,S2_binding_content/per_target_mean/diabetes_history,S2_binding_content/per_target_mean/hypertension_history)",
tab:app-unit-attribution-summary,printed decimal 2,+.072,0.071542844686937127,-0.00045715531306286805,0.0005,PASS,experiments/crta_v3_m1m2_stage_factorial_v1/SUMMARY_V1.json,reproducibility/verify_reported_results.py,"unit maximum(S2_binding_content/per_target_mean/current_smoking_status,S2_binding_content/per_target_mean/diabetes_history,S2_binding_content/per_target_mean/hypertension_history)",
tab:app-unit-attribution-summary,printed decimal 3,-.010,-0.0098166300826602274,0.00018336991733977279,0.0005,PASS,experiments/crta_v3_m1m2_stage_factorial_v1/SUMMARY_V1.json,reproducibility/verify_reported_results.py,"unit minimum(desc_columns_at_stage/per_target_mean/current_smoking_status,desc_columns_at_stage/per_target_mean/diabetes_history,desc_columns_at_stage/per_target_mean/hypertension_history)",
tab:app-unit-attribution-summary,printed decimal 4,+.076,0.076189852985816445,0.00018985298581644661,0.0005,PASS,experiments/crta_v3_m1m2_stage_factorial_v1/SUMMARY_V1.json,reproducibility/verify_reported_results.py,"unit maximum(desc_columns_at_stage/per_target_mean/current_smoking_status,desc_columns_at_stage/per_target_mean/diabetes_history,desc_columns_at_stage/per_target_mean/hypertension_history)",
tab:app-unit-attribution-summary,printed decimal 5,+.025,0.025193726673951734,0.00019372667395173293,0.0005,PASS,experiments/crta_v3_binding_backbone_generality_v1/SUMMARY_V1.json,reproducibility/verify_reported_results.py,"unit minimum(sections/K256/S5_P1_binding_content/target_means/current_smoking_status,sections/K256/S5_P1_binding_content/target_means/diabetes_history,sections/K256/S5_P1_binding_content/target_means/hypertension_history)",
tab:app-unit-attribution-summary,printed decimal 6,+.089,0.089309596305593736,0.00030959630559374007,0.0005,PASS,experiments/crta_v3_binding_backbone_generality_v1/SUMMARY_V1.json,reproducibility/verify_reported_results.py,"unit maximum(sections/K256/S5_P1_binding_content/target_means/current_smoking_status,sections/K256/S5_P1_binding_content/target_means/diabetes_history,sections/K256/S5_P1_binding_content/target_means/hypertension_history)",
tab:app-unit-attribution-summary,printed decimal 7,-.024,-0.023541358838887406,0.0004586411611125947,0.0005,PASS,experiments/crta_v3_binding_backbone_generality_v1/SUMMARY_V1.json,reproducibility/verify_reported_results.py,"unit minimum(sections/K256/S5_P2_columns_on_stage/target_means/current_smoking_status,sections/K256/S5_P2_columns_on_stage/target_means/diabetes_history,sections/K256/S5_P2_columns_on_stage/target_means/hypertension_history)",
tab:app-unit-attribution-summary,printed decimal 8,+.073,0.072580449796021976,-0.00041955020397801968,0.0005,PASS,experiments/crta_v3_binding_backbone_generality_v1/SUMMARY_V1.json,reproducibility/verify_reported_results.py,"unit maximum(sections/K256/S5_P2_columns_on_stage/target_means/current_smoking_status,sections/K256/S5_P2_columns_on_stage/target_means/diabetes_history,sections/K256/S5_P2_columns_on_stage/target_means/hypertension_history)",
tab:app-unit-attribution-summary,printed decimal 9,+.010,0.010389203301499218,0.00038920330149921738,0.0005,PASS,experiments/crta_v3_pam_constraint_relations_v1/SUMMARY_V1.json,reproducibility/verify_reported_results.py,"unit minimum(V_SIGN_CONTENT_flip_must_hurt/per_target_mean/dbp,V_SIGN_CONTENT_flip_must_hurt/per_target_mean/glucose,V_SIGN_CONTENT_flip_must_hurt/per_target_mean/sbp,V_SIGN_CONTENT_flip_must_hurt/per_target_mean/total_cholesterol,V_SIGN_CONTENT_flip_must_hurt/per_target_mean/triglycerides,V_SIGN_CONTENT_flip_must_hurt/per_target_mean/waist_cm)",
tab:app-unit-attribution-summary,printed decimal 10,+.445,0.44455097825603385,-0.00044902174396616035,0.0005,PASS,experiments/crta_v3_pam_constraint_relations_v1/SUMMARY_V1.json,reproducibility/verify_reported_results.py,"unit maximum(V_SIGN_CONTENT_flip_must_hurt/per_target_mean/dbp,V_SIGN_CONTENT_flip_must_hurt/per_target_mean/glucose,V_SIGN_CONTENT_flip_must_hurt/per_target_mean/sbp,V_SIGN_CONTENT_flip_must_hurt/per_target_mean/total_cholesterol,V_SIGN_CONTENT_flip_must_hurt/per_target_mean/triglycerides,V_SIGN_CONTENT_flip_must_hurt/per_target_mean/waist_cm)",
tab:app-unit-attribution-summary,printed decimal 11,-.013,-0.012702482954323713,0.00029751704567628628,0.0005,PASS,experiments/crta_v3_pam_constraint_relations_v1/SUMMARY_V1.json,reproducibility/verify_reported_results.py,"unit minimum(declared_sign_vs_free_tax_expected/per_target_mean/dbp,declared_sign_vs_free_tax_expected/per_target_mean/glucose,declared_sign_vs_free_tax_expected/per_target_mean/sbp,declared_sign_vs_free_tax_expected/per_target_mean/total_cholesterol,declared_sign_vs_free_tax_expected/per_target_mean/triglycerides,declared_sign_vs_free_tax_expected/per_target_mean/waist_cm)",
tab:app-unit-attribution-summary,printed decimal 12,+.007,0.0071646392637614853,0.00016463926376148515,0.0005,PASS,experiments/crta_v3_pam_constraint_relations_v1/SUMMARY_V1.json,reproducibility/verify_reported_results.py,"unit maximum(declared_sign_vs_free_tax_expected/per_target_mean/dbp,declared_sign_vs_free_tax_expected/per_target_mean/glucose,declared_sign_vs_free_tax_expected/per_target_mean/sbp,declared_sign_vs_free_tax_expected/per_target_mean/total_cholesterol,declared_sign_vs_free_tax_expected/per_target_mean/triglycerides,declared_sign_vs_free_tax_expected/per_target_mean/waist_cm)",
tab:app-unit-attribution-summary,printed decimal 13,+.068,0.068100861311500199,0.00010086131150019439,0.0005,PASS,experiments/crta_v3_m3_sign_probe_v1/SUMMARY_V1.json,reproducibility/verify_reported_results.py,"unit minimum(GS_P1_identification_flipped/per_endpoint_mean/bun,GS_P1_identification_flipped/per_endpoint_mean/dbp,GS_P1_identification_flipped/per_endpoint_mean/glucose,GS_P1_identification_flipped/per_endpoint_mean/hba1c,GS_P1_identification_flipped/per_endpoint_mean/hematocrit,GS_P1_identification_flipped/per_endpoint_mean/rbc,GS_P1_identification_flipped/per_endpoint_mean/sbp)",
tab:app-unit-attribution-summary,printed decimal 14,+.531,0.53107686875613758,7.6868756137549177e-05,0.0005,PASS,experiments/crta_v3_m3_sign_probe_v1/SUMMARY_V1.json,reproducibility/verify_reported_results.py,"unit maximum(GS_P1_identification_flipped/per_endpoint_mean/bun,GS_P1_identification_flipped/per_endpoint_mean/dbp,GS_P1_identification_flipped/per_endpoint_mean/glucose,GS_P1_identification_flipped/per_endpoint_mean/hba1c,GS_P1_identification_flipped/per_endpoint_mean/hematocrit,GS_P1_identification_flipped/per_endpoint_mean/rbc,GS_P1_identification_flipped/per_endpoint_mean/sbp)",
tab:app-unit-attribution-summary,printed decimal 15,-.014,-0.013584379272702079,0.00041562072729792177,0.0005,PASS,experiments/crta_v3_m3_sign_probe_v1/SUMMARY_V1.json,reproducibility/verify_reported_results.py,"unit minimum(GS_P3_utility_vs_free/per_endpoint_mean/bun,GS_P3_utility_vs_free/per_endpoint_mean/dbp,GS_P3_utility_vs_free/per_endpoint_mean/glucose,GS_P3_utility_vs_free/per_endpoint_mean/hba1c,GS_P3_utility_vs_free/per_endpoint_mean/hematocrit,GS_P3_utility_vs_free/per_endpoint_mean/rbc,GS_P3_utility_vs_free/per_endpoint_mean/sbp)",
tab:app-unit-attribution-summary,printed decimal 16,+.019,0.019281216031360262,0.00028121603136026241,0.0005,PASS,experiments/crta_v3_m3_sign_probe_v1/SUMMARY_V1.json,reproducibility/verify_reported_results.py,"unit maximum(GS_P3_utility_vs_free/per_endpoint_mean/bun,GS_P3_utility_vs_free/per_endpoint_mean/dbp,GS_P3_utility_vs_free/per_endpoint_mean/glucose,GS_P3_utility_vs_free/per_endpoint_mean/hba1c,GS_P3_utility_vs_free/per_endpoint_mean/hematocrit,GS_P3_utility_vs_free/per_endpoint_mean/rbc,GS_P3_utility_vs_free/per_endpoint_mean/sbp)",
tab:app-unit-attribution-summary,printed decimal 17,+.032,0.03225453326893437,0.00025453326893436906,0.0005,PASS,experiments/crta_v3_camels_sign_probe_v2/SUMMARY_V2.json,reproducibility/verify_reported_results.py,"unit minimum(GCv2_P1_identification/log1p_rmse/per_basin_mean/25006,GCv2_P1_identification/log1p_rmse/per_basin_mean/33058,GCv2_P1_identification/log1p_rmse/per_basin_mean/34012,GCv2_P1_identification/log1p_rmse/per_basin_mean/37008,GCv2_P1_identification/log1p_rmse/per_basin_mean/39054,GCv2_P1_identification/log1p_rmse/per_basin_mean/52006,GCv2_P1_identification/log1p_rmse/per_basin_mean/60005,GCv2_P1_identification/log1p_rmse/per_basin_mean/7003,GCv2_P1_identification/log1p_rmse/per_basin_mean/73015,GCv2_P1_identification/log1p_rmse/per_basin_mean/80006,GCv2_P1_identification/log1p_rmse/per_basin_mean/82001,GCv2_P1_identification/log1p_rmse/per_basin_mean/84008)",
tab:app-unit-attribution-summary,printed decimal 18,+.463,0.46325223435155416,0.00025223435155413698,0.0005,PASS,experiments/crta_v3_camels_sign_probe_v2/SUMMARY_V2.json,reproducibility/verify_reported_results.py,"unit maximum(GCv2_P1_identification/log1p_rmse/per_basin_mean/25006,GCv2_P1_identification/log1p_rmse/per_basin_mean/33058,GCv2_P1_identification/log1p_rmse/per_basin_mean/34012,GCv2_P1_identification/log1p_rmse/per_basin_mean/37008,GCv2_P1_identification/log1p_rmse/per_basin_mean/39054,GCv2_P1_identification/log1p_rmse/per_basin_mean/52006,GCv2_P1_identification/log1p_rmse/per_basin_mean/60005,GCv2_P1_identification/log1p_rmse/per_basin_mean/7003,GCv2_P1_identification/log1p_rmse/per_basin_mean/73015,GCv2_P1_identification/log1p_rmse/per_basin_mean/80006,GCv2_P1_identification/log1p_rmse/per_basin_mean/82001,GCv2_P1_identification/log1p_rmse/per_basin_mean/84008)",
tab:app-unit-attribution-summary,printed decimal 19,-.004,-0.0037910741110152662,0.00020892588898473391,0.0005,PASS,experiments/crta_v3_camels_sign_probe_v2/SUMMARY_V2.json,reproducibility/verify_reported_results.py,"unit minimum(GCv2_P2_utility/log1p_rmse/per_basin_mean/25006,GCv2_P2_utility/log1p_rmse/per_basin_mean/33058,GCv2_P2_utility/log1p_rmse/per_basin_mean/34012,GCv2_P2_utility/log1p_rmse/per_basin_mean/37008,GCv2_P2_utility/log1p_rmse/per_basin_mean/39054,GCv2_P2_utility/log1p_rmse/per_basin_mean/52006,GCv2_P2_utility/log1p_rmse/per_basin_mean/60005,GCv2_P2_utility/log1p_rmse/per_basin_mean/7003,GCv2_P2_utility/log1p_rmse/per_basin_mean/73015,GCv2_P2_utility/log1p_rmse/per_basin_mean/80006,GCv2_P2_utility/log1p_rmse/per_basin_mean/82001,GCv2_P2_utility/log1p_rmse/per_basin_mean/84008)",
tab:app-unit-attribution-summary,printed decimal 20,+.008,0.0083877117353631462,0.00038771173536314603,0.0005,PASS,experiments/crta_v3_camels_sign_probe_v2/SUMMARY_V2.json,reproducibility/verify_reported_results.py,"unit maximum(GCv2_P2_utility/log1p_rmse/per_basin_mean/25006,GCv2_P2_utility/log1p_rmse/per_basin_mean/33058,GCv2_P2_utility/log1p_rmse/per_basin_mean/34012,GCv2_P2_utility/log1p_rmse/per_basin_mean/37008,GCv2_P2_utility/log1p_rmse/per_basin_mean/39054,GCv2_P2_utility/log1p_rmse/per_basin_mean/52006,GCv2_P2_utility/log1p_rmse/per_basin_mean/60005,GCv2_P2_utility/log1p_rmse/per_basin_mean/7003,GCv2_P2_utility/log1p_rmse/per_basin_mean/73015,GCv2_P2_utility/log1p_rmse/per_basin_mean/80006,GCv2_P2_utility/log1p_rmse/per_basin_mean/82001,GCv2_P2_utility/log1p_rmse/per_basin_mean/84008)",
fig:ref_sensitivity,library size,24,24,0,0,PASS,experiments/tabllm_reference_space_v1/summary_v1/SUMMARY_V1.json,reproducibility/verify_reported_results.py,reference_count,
fig:ref_sensitivity,datasets,9,9,0,0,PASS,experiments/tabllm_reference_space_v1/summary_v1/SUMMARY_V1.json,reproducibility/verify_reported_results.py,dataset_count,
fig:ref_sensitivity,reference cells,216,216,0,0,PASS,experiments/tabllm_reference_space_v1/summary_v1/SUMMARY_V1.json,reproducibility/verify_reported_results.py,cell_count,
Section 4.3,minimum macro utility,+.088,0.088369992896076194,0.0003699928960761989,0.0005,PASS,experiments/tabllm_reference_space_v1/summary_v1/SUMMARY_V1.json,reproducibility/verify_reported_results.py,aligned_reference_index_macro_distribution/minimum,
Section 4.3,maximum macro utility,+.124,0.1240386098676735,3.86098676734975e-05,0.0005,PASS,experiments/tabllm_reference_space_v1/summary_v1/SUMMARY_V1.json,reproducibility/verify_reported_results.py,aligned_reference_index_macro_distribution/maximum,
fig:ref_sensitivity,point sign crossings,4,4,0,0,PASS,experiments/tabllm_reference_space_v1/summary_v1/SUMMARY_V1.json,reproducibility/verify_reported_results.py,count of dataset ranges crossing zero,
fig:ref_sensitivity,bank/ref_00,0.08937909419942802,0.089379094199428133,1.1102230246251565e-16,1e-12,PASS,experiments/tabllm_reference_space_v1/evidence_v1/ref_00/bank/metrics.json,reproducibility/verify_reported_results.py,intended mean AUROC - mean of five reference split AUROCs,"Independent aggregation consistency, stricter than printed rounding"
fig:ref_sensitivity,bank/ref_01,0.14256787121773257,0.14256787121773273,1.6653345369377348e-16,1e-12,PASS,experiments/tabllm_reference_space_v1/evidence_v1/ref_01/bank/metrics.json,reproducibility/verify_reported_results.py,intended mean AUROC - mean of five reference split AUROCs,"Independent aggregation consistency, stricter than printed rounding"
fig:ref_sensitivity,bank/ref_02,0.11426766063410859,0.1142676606341087,1.1102230246251565e-16,1e-12,PASS,experiments/tabllm_reference_space_v1/evidence_v1/ref_02/bank/metrics.json,reproducibility/verify_reported_results.py,intended mean AUROC - mean of five reference split AUROCs,"Independent aggregation consistency, stricter than printed rounding"
fig:ref_sensitivity,bank/ref_03,0.022308562432474144,0.022308562432474255,1.1102230246251565e-16,1e-12,PASS,experiments/tabllm_reference_space_v1/evidence_v1/ref_03/bank/metrics.json,reproducibility/verify_reported_results.py,intended mean AUROC - mean of five reference split AUROCs,"Independent aggregation consistency, stricter than printed rounding"
fig:ref_sensitivity,bank/ref_04,0.11971715967314805,0.11971715967314822,1.6653345369377348e-16,1e-12,PASS,experiments/tabllm_reference_space_v1/evidence_v1/ref_04/bank/metrics.json,reproducibility/verify_reported_results.py,intended mean AUROC - mean of five reference split AUROCs,"Independent aggregation consistency, stricter than printed rounding"
fig:ref_sensitivity,bank/ref_05,0.15516696838730698,0.15516696838730709,1.1102230246251565e-16,1e-12,PASS,experiments/tabllm_reference_space_v1/evidence_v1/ref_05/bank/metrics.json,reproducibility/verify_reported_results.py,intended mean AUROC - mean of five reference split AUROCs,"Independent aggregation consistency, stricter than printed rounding"
fig:ref_sensitivity,bank/ref_06,0.08717748514066981,0.087177485140669919,1.1102230246251565e-16,1e-12,PASS,experiments/tabllm_reference_space_v1/evidence_v1/ref_06/bank/metrics.json,reproducibility/verify_reported_results.py,intended mean AUROC - mean of five reference split AUROCs,"Independent aggregation consistency, stricter than printed rounding"
fig:ref_sensitivity,bank/ref_07,0.10104170971899984,0.10104170971899984,0,1e-12,PASS,experiments/tabllm_reference_space_v1/evidence_v1/ref_07/bank/metrics.json,reproducibility/verify_reported_results.py,intended mean AUROC - mean of five reference split AUROCs,"Independent aggregation consistency, stricter than printed rounding"
fig:ref_sensitivity,bank/ref_08,0.09802522850049655,0.098025228500496664,1.1102230246251565e-16,1e-12,PASS,experiments/tabllm_reference_space_v1/evidence_v1/ref_08/bank/metrics.json,reproducibility/verify_reported_results.py,intended mean AUROC - mean of five reference split AUROCs,"Independent aggregation consistency, stricter than printed rounding"
fig:ref_sensitivity,bank/ref_09,0.12115333748913759,0.12115333748913765,5.5511151231257827e-17,1e-12,PASS,experiments/tabllm_reference_space_v1/evidence_v1/ref_09/bank/metrics.json,reproducibility/verify_reported_results.py,intended mean AUROC - mean of five reference split AUROCs,"Independent aggregation consistency, stricter than printed rounding"
fig:ref_sensitivity,bank/ref_10,0.16588429160944618,0.16588429160944629,1.1102230246251565e-16,1e-12,PASS,experiments/tabllm_reference_space_v1/evidence_v1/ref_10/bank/metrics.json,reproducibility/verify_reported_results.py,intended mean AUROC - mean of five reference split AUROCs,"Independent aggregation consistency, stricter than printed rounding"
fig:ref_sensitivity,bank/ref_11,0.10905031016390765,0.10905031016390765,0,1e-12,PASS,experiments/tabllm_reference_space_v1/evidence_v1/ref_11/bank/metrics.json,reproducibility/verify_reported_results.py,intended mean AUROC - mean of five reference split AUROCs,"Independent aggregation consistency, stricter than printed rounding"
fig:ref_sensitivity,bank/ref_12,0.15681073205354834,0.15681073205354845,1.1102230246251565e-16,1e-12,PASS,experiments/tabllm_reference_space_v1/evidence_v1/ref_12/bank/metrics.json,reproducibility/verify_reported_results.py,intended mean AUROC - mean of five reference split AUROCs,"Independent aggregation consistency, stricter than printed rounding"
fig:ref_sensitivity,bank/ref_13,0.05531569039765294,0.05531569039765305,1.1102230246251565e-16,1e-12,PASS,experiments/tabllm_reference_space_v1/evidence_v1/ref_13/bank/metrics.json,reproducibility/verify_reported_results.py,intended mean AUROC - mean of five reference split AUROCs,"Independent aggregation consistency, stricter than printed rounding"
fig:ref_sensitivity,bank/ref_14,0.12389263553360652,0.12389263553360663,1.1102230246251565e-16,1e-12,PASS,experiments/tabllm_reference_space_v1/evidence_v1/ref_14/bank/metrics.json,reproducibility/verify_reported_results.py,intended mean AUROC - mean of five reference split AUROCs,"Independent aggregation consistency, stricter than printed rounding"
fig:ref_sensitivity,bank/ref_15,0.05894382896365824,0.058943828963658462,2.2204460492503131e-16,1e-12,PASS,experiments/tabllm_reference_space_v1/evidence_v1/ref_15/bank/metrics.json,reproducibility/verify_reported_results.py,intended mean AUROC - mean of five reference split AUROCs,"Independent aggregation consistency, stricter than printed rounding"
fig:ref_sensitivity,bank/ref_16,0.1639287166141113,0.1639287166141114,1.1102230246251565e-16,1e-12,PASS,experiments/tabllm_reference_space_v1/evidence_v1/ref_16/bank/metrics.json,reproducibility/verify_reported_results.py,intended mean AUROC - mean of five reference split AUROCs,"Independent aggregation consistency, stricter than printed rounding"
fig:ref_sensitivity,bank/ref_17,0.11367223920368885,0.11367223920368891,5.5511151231257827e-17,1e-12,PASS,experiments/tabllm_reference_space_v1/evidence_v1/ref_17/bank/metrics.json,reproducibility/verify_reported_results.py,intended mean AUROC - mean of five reference split AUROCs,"Independent aggregation consistency, stricter than printed rounding"
fig:ref_sensitivity,bank/ref_18,0.14656301670063487,0.14656301670063493,5.5511151231257827e-17,1e-12,PASS,experiments/tabllm_reference_space_v1/evidence_v1/ref_18/bank/metrics.json,reproducibility/verify_reported_results.py,intended mean AUROC - mean of five reference split AUROCs,"Independent aggregation consistency, stricter than printed rounding"
fig:ref_sensitivity,bank/ref_19,0.08149741787255194,0.081497417872552047,1.1102230246251565e-16,1e-12,PASS,experiments/tabllm_reference_space_v1/evidence_v1/ref_19/bank/metrics.json,reproducibility/verify_reported_results.py,intended mean AUROC - mean of five reference split AUROCs,"Independent aggregation consistency, stricter than printed rounding"
fig:ref_sensitivity,bank/ref_20,0.14712817745381834,0.1471281774538184,5.5511151231257827e-17,1e-12,PASS,experiments/tabllm_reference_space_v1/evidence_v1/ref_20/bank/metrics.json,reproducibility/verify_reported_results.py,intended mean AUROC - mean of five reference split AUROCs,"Independent aggregation consistency, stricter than printed rounding"
fig:ref_sensitivity,bank/ref_21,0.12152172555271623,0.12152172555271634,1.1102230246251565e-16,1e-12,PASS,experiments/tabllm_reference_space_v1/evidence_v1/ref_21/bank/metrics.json,reproducibility/verify_reported_results.py,intended mean AUROC - mean of five reference split AUROCs,"Independent aggregation consistency, stricter than printed rounding"
fig:ref_sensitivity,bank/ref_22,0.0932516269209106,0.093251626920910713,1.1102230246251565e-16,1e-12,PASS,experiments/tabllm_reference_space_v1/evidence_v1/ref_22/bank/metrics.json,reproducibility/verify_reported_results.py,intended mean AUROC - mean of five reference split AUROCs,"Independent aggregation consistency, stricter than printed rounding"
fig:ref_sensitivity,bank/ref_23,0.0920842932851188,0.092084293285118912,1.1102230246251565e-16,1e-12,PASS,experiments/tabllm_reference_space_v1/evidence_v1/ref_23/bank/metrics.json,reproducibility/verify_reported_results.py,intended mean AUROC - mean of five reference split AUROCs,"Independent aggregation consistency, stricter than printed rounding"
fig:ref_sensitivity,blood/ref_00,0.11432846027725946,0.11432846027725951,5.5511151231257827e-17,1e-12,PASS,experiments/tabllm_reference_space_v1/evidence_v1/ref_00/blood/metrics.json,reproducibility/verify_reported_results.py,intended mean AUROC - mean of five reference split AUROCs,"Independent aggregation consistency, stricter than printed rounding"
fig:ref_sensitivity,blood/ref_01,0.2180276333502213,0.21802763335022129,0,1e-12,PASS,experiments/tabllm_reference_space_v1/evidence_v1/ref_01/blood/metrics.json,reproducibility/verify_reported_results.py,intended mean AUROC - mean of five reference split AUROCs,"Independent aggregation consistency, stricter than printed rounding"
fig:ref_sensitivity,blood/ref_02,0.167403479882466,0.16740347988246607,5.5511151231257827e-17,1e-12,PASS,experiments/tabllm_reference_space_v1/evidence_v1/ref_02/blood/metrics.json,reproducibility/verify_reported_results.py,intended mean AUROC - mean of five reference split AUROCs,"Independent aggregation consistency, stricter than printed rounding"
fig:ref_sensitivity,blood/ref_03,0.18094486334059035,0.1809448633405904,5.5511151231257827e-17,1e-12,PASS,experiments/tabllm_reference_space_v1/evidence_v1/ref_03/blood/metrics.json,reproducibility/verify_reported_results.py,intended mean AUROC - mean of five reference split AUROCs,"Independent aggregation consistency, stricter than printed rounding"
fig:ref_sensitivity,blood/ref_04,0.1743296569565861,0.17432965695658603,-5.5511151231257827e-17,1e-12,PASS,experiments/tabllm_reference_space_v1/evidence_v1/ref_04/blood/metrics.json,reproducibility/verify_reported_results.py,intended mean AUROC - mean of five reference split AUROCs,"Independent aggregation consistency, stricter than printed rounding"
fig:ref_sensitivity,blood/ref_05,0.20597201235220974,0.20597201235220974,0,1e-12,PASS,experiments/tabllm_reference_space_v1/evidence_v1/ref_05/blood/metrics.json,reproducibility/verify_reported_results.py,intended mean AUROC - mean of five reference split AUROCs,"Independent aggregation consistency, stricter than printed rounding"
fig:ref_sensitivity,blood/ref_06,0.18477063080222877,0.18477063080222883,5.5511151231257827e-17,1e-12,PASS,experiments/tabllm_reference_space_v1/evidence_v1/ref_06/blood/metrics.json,reproducibility/verify_reported_results.py,intended mean AUROC - mean of five reference split AUROCs,"Independent aggregation consistency, stricter than printed rounding"
fig:ref_sensitivity,blood/ref_07,0.09334397355869761,0.093343973558697613,0,1e-12,PASS,experiments/tabllm_reference_space_v1/evidence_v1/ref_07/blood/metrics.json,reproducibility/verify_reported_results.py,intended mean AUROC - mean of five reference split AUROCs,"Independent aggregation consistency, stricter than printed rounding"
fig:ref_sensitivity,blood/ref_08,0.22779691030446808,0.22779691030446808,0,1e-12,PASS,experiments/tabllm_reference_space_v1/evidence_v1/ref_08/blood/metrics.json,reproducibility/verify_reported_results.py,intended mean AUROC - mean of five reference split AUROCs,"Independent aggregation consistency, stricter than printed rounding"
fig:ref_sensitivity,blood/ref_09,0.20346925654239162,0.20346925654239162,0,1e-12,PASS,experiments/tabllm_reference_space_v1/evidence_v1/ref_09/blood/metrics.json,reproducibility/verify_reported_results.py,intended mean AUROC - mean of five reference split AUROCs,"Independent aggregation consistency, stricter than printed rounding"
fig:ref_sensitivity,blood/ref_10,0.19873819789652375,0.1987381978965238,5.5511151231257827e-17,1e-12,PASS,experiments/tabllm_reference_space_v1/evidence_v1/ref_10/blood/metrics.json,reproducibility/verify_reported_results.py,intended mean AUROC - mean of five reference split AUROCs,"Independent aggregation consistency, stricter than printed rounding"
fig:ref_sensitivity,blood/ref_11,0.24609308659756363,0.24609308659756357,-5.5511151231257827e-17,1e-12,PASS,experiments/tabllm_reference_space_v1/evidence_v1/ref_11/blood/metrics.json,reproducibility/verify_reported_results.py,intended mean AUROC - mean of five reference split AUROCs,"Independent aggregation consistency, stricter than printed rounding"
fig:ref_sensitivity,blood/ref_12,0.23068707992709947,0.23068707992709947,0,1e-12,PASS,experiments/tabllm_reference_space_v1/evidence_v1/ref_12/blood/metrics.json,reproducibility/verify_reported_results.py,intended mean AUROC - mean of five reference split AUROCs,"Independent aggregation consistency, stricter than printed rounding"
fig:ref_sensitivity,blood/ref_13,0.22408014901271106,0.22408014901271106,0,1e-12,PASS,experiments/tabllm_reference_space_v1/evidence_v1/ref_13/blood/metrics.json,reproducibility/verify_reported_results.py,intended mean AUROC - mean of five reference split AUROCs,"Independent aggregation consistency, stricter than printed rounding"
fig:ref_sensitivity,blood/ref_14,0.13449068639911,0.13449068639910999,0,1e-12,PASS,experiments/tabllm_reference_space_v1/evidence_v1/ref_14/blood/metrics.json,reproducibility/verify_reported_results.py,intended mean AUROC - mean of five reference split AUROCs,"Independent aggregation consistency, stricter than printed rounding"
fig:ref_sensitivity,blood/ref_15,0.2175011546297973,0.2175011546297973,0,1e-12,PASS,experiments/tabllm_reference_space_v1/evidence_v1/ref_15/blood/metrics.json,reproducibility/verify_reported_results.py,intended mean AUROC - mean of five reference split AUROCs,"Independent aggregation consistency, stricter than printed rounding"
fig:ref_sensitivity,blood/ref_16,0.23148536151052168,0.23148536151052168,0,1e-12,PASS,experiments/tabllm_reference_space_v1/evidence_v1/ref_16/blood/metrics.json,reproducibility/verify_reported_results.py,intended mean AUROC - mean of five reference split AUROCs,"Independent aggregation consistency, stricter than printed rounding"
fig:ref_sensitivity,blood/ref_17,0.17796143237875828,0.17796143237875833,5.5511151231257827e-17,1e-12,PASS,experiments/tabllm_reference_space_v1/evidence_v1/ref_17/blood/metrics.json,reproducibility/verify_reported_results.py,intended mean AUROC - mean of five reference split AUROCs,"Independent aggregation consistency, stricter than printed rounding"
fig:ref_sensitivity,blood/ref_18,0.18716039674834062,0.18716039674834067,5.5511151231257827e-17,1e-12,PASS,experiments/tabllm_reference_space_v1/evidence_v1/ref_18/blood/metrics.json,reproducibility/verify_reported_results.py,intended mean AUROC - mean of five reference split AUROCs,"Independent aggregation consistency, stricter than printed rounding"
fig:ref_sensitivity,blood/ref_19,0.13766752433153168,0.13766752433153168,0,1e-12,PASS,experiments/tabllm_reference_space_v1/evidence_v1/ref_19/blood/metrics.json,reproducibility/verify_reported_results.py,intended mean AUROC - mean of five reference split AUROCs,"Independent aggregation consistency, stricter than printed rounding"
fig:ref_sensitivity,blood/ref_20,0.15459188372212052,0.15459188372212057,5.5511151231257827e-17,1e-12,PASS,experiments/tabllm_reference_space_v1/evidence_v1/ref_20/blood/metrics.json,reproducibility/verify_reported_results.py,intended mean AUROC - mean of five reference split AUROCs,"Independent aggregation consistency, stricter than printed rounding"
fig:ref_sensitivity,blood/ref_21,0.2102298198188176,0.21022981981881761,0,1e-12,PASS,experiments/tabllm_reference_space_v1/evidence_v1/ref_21/blood/metrics.json,reproducibility/verify_reported_results.py,intended mean AUROC - mean of five reference split AUROCs,"Independent aggregation consistency, stricter than printed rounding"
fig:ref_sensitivity,blood/ref_22,0.18930934947601968,0.18930934947601968,0,1e-12,PASS,experiments/tabllm_reference_space_v1/evidence_v1/ref_22/blood/metrics.json,reproducibility/verify_reported_results.py,intended mean AUROC - mean of five reference split AUROCs,"Independent aggregation consistency, stricter than printed rounding"
fig:ref_sensitivity,blood/ref_23,0.22436710591574344,0.22436710591574338,-5.5511151231257827e-17,1e-12,PASS,experiments/tabllm_reference_space_v1/evidence_v1/ref_23/blood/metrics.json,reproducibility/verify_reported_results.py,intended mean AUROC - mean of five reference split AUROCs,"Independent aggregation consistency, stricter than printed rounding"
fig:ref_sensitivity,calhousing/ref_00,0.0531343782588416,0.053134378258841486,-1.1102230246251565e-16,1e-12,PASS,experiments/tabllm_reference_space_v1/evidence_v1/ref_00/calhousing/metrics.json,reproducibility/verify_reported_results.py,intended mean AUROC - mean of five reference split AUROCs,"Independent aggregation consistency, stricter than printed rounding"
fig:ref_sensitivity,calhousing/ref_01,-0.009306610564989937,-0.0093066105649900477,-1.1102230246251565e-16,1e-12,PASS,experiments/tabllm_reference_space_v1/evidence_v1/ref_01/calhousing/metrics.json,reproducibility/verify_reported_results.py,intended mean AUROC - mean of five reference split AUROCs,"Independent aggregation consistency, stricter than printed rounding"
fig:ref_sensitivity,calhousing/ref_02,0.01338012182287529,0.013380121822875179,-1.1102230246251565e-16,1e-12,PASS,experiments/tabllm_reference_space_v1/evidence_v1/ref_02/calhousing/metrics.json,reproducibility/verify_reported_results.py,intended mean AUROC - mean of five reference split AUROCs,"Independent aggregation consistency, stricter than printed rounding"
fig:ref_sensitivity,calhousing/ref_03,0.08108936149283708,0.081089361492836964,-1.1102230246251565e-16,1e-12,PASS,experiments/tabllm_reference_space_v1/evidence_v1/ref_03/calhousing/metrics.json,reproducibility/verify_reported_results.py,intended mean AUROC - mean of five reference split AUROCs,"Independent aggregation consistency, stricter than printed rounding"
fig:ref_sensitivity,calhousing/ref_04,0.028254917560587844,0.028254917560587733,-1.1102230246251565e-16,1e-12,PASS,experiments/tabllm_reference_space_v1/evidence_v1/ref_04/calhousing/metrics.json,reproducibility/verify_reported_results.py,intended mean AUROC - mean of five reference split AUROCs,"Independent aggregation consistency, stricter than printed rounding"
fig:ref_sensitivity,calhousing/ref_05,-0.010928468169698724,-0.010928468169698835,-1.1102230246251565e-16,1e-12,PASS,experiments/tabllm_reference_space_v1/evidence_v1/ref_05/calhousing/metrics.json,reproducibility/verify_reported_results.py,intended mean AUROC - mean of five reference split AUROCs,"Independent aggregation consistency, stricter than printed rounding"
fig:ref_sensitivity,calhousing/ref_06,0.010049897910787253,0.010049897910787253,0,1e-12,PASS,experiments/tabllm_reference_space_v1/evidence_v1/ref_06/calhousing/metrics.json,reproducibility/verify_reported_results.py,intended mean AUROC - mean of five reference split AUROCs,"Independent aggregation consistency, stricter than printed rounding"
fig:ref_sensitivity,calhousing/ref_07,0.004654106620334053,0.0046541066203339421,-1.1102230246251565e-16,1e-12,PASS,experiments/tabllm_reference_space_v1/evidence_v1/ref_07/calhousing/metrics.json,reproducibility/verify_reported_results.py,intended mean AUROC - mean of five reference split AUROCs,"Independent aggregation consistency, stricter than printed rounding"
fig:ref_sensitivity,calhousing/ref_08,0.004391126173865834,0.0043911261738657226,-1.1102230246251565e-16,1e-12,PASS,experiments/tabllm_reference_space_v1/evidence_v1/ref_08/calhousing/metrics.json,reproducibility/verify_reported_results.py,intended mean AUROC - mean of five reference split AUROCs,"Independent aggregation consistency, stricter than printed rounding"
fig:ref_sensitivity,calhousing/ref_09,0.03490386774807064,0.034903867748070527,-1.1102230246251565e-16,1e-12,PASS,experiments/tabllm_reference_space_v1/evidence_v1/ref_09/calhousing/metrics.json,reproducibility/verify_reported_results.py,intended mean AUROC - mean of five reference split AUROCs,"Independent aggregation consistency, stricter than printed rounding"
fig:ref_sensitivity,calhousing/ref_10,0.011751274035398884,0.011751274035398662,-2.2204460492503131e-16,1e-12,PASS,experiments/tabllm_reference_space_v1/evidence_v1/ref_10/calhousing/metrics.json,reproducibility/verify_reported_results.py,intended mean AUROC - mean of five reference split AUROCs,"Independent aggregation consistency, stricter than printed rounding"
fig:ref_sensitivity,calhousing/ref_11,0.028286315285394048,0.028286315285393937,-1.1102230246251565e-16,1e-12,PASS,experiments/tabllm_reference_space_v1/evidence_v1/ref_11/calhousing/metrics.json,reproducibility/verify_reported_results.py,intended mean AUROC - mean of five reference split AUROCs,"Independent aggregation consistency, stricter than printed rounding"
fig:ref_sensitivity,calhousing/ref_12,0.05573952437949925,0.055739524379499139,-1.1102230246251565e-16,1e-12,PASS,experiments/tabllm_reference_space_v1/evidence_v1/ref_12/calhousing/metrics.json,reproducibility/verify_reported_results.py,intended mean AUROC - mean of five reference split AUROCs,"Independent aggregation consistency, stricter than printed rounding"
fig:ref_sensitivity,calhousing/ref_13,0.06672836718642894,0.066728367186428716,-2.2204460492503131e-16,1e-12,PASS,experiments/tabllm_reference_space_v1/evidence_v1/ref_13/calhousing/metrics.json,reproducibility/verify_reported_results.py,intended mean AUROC - mean of five reference split AUROCs,"Independent aggregation consistency, stricter than printed rounding"
fig:ref_sensitivity,calhousing/ref_14,0.009119271768133319,0.0091192717681332081,-1.1102230246251565e-16,1e-12,PASS,experiments/tabllm_reference_space_v1/evidence_v1/ref_14/calhousing/metrics.json,reproducibility/verify_reported_results.py,intended mean AUROC - mean of five reference split AUROCs,"Independent aggregation consistency, stricter than printed rounding"
fig:ref_sensitivity,calhousing/ref_15,0.07080379052929486,0.070803790529294752,-1.1102230246251565e-16,1e-12,PASS,experiments/tabllm_reference_space_v1/evidence_v1/ref_15/calhousing/metrics.json,reproducibility/verify_reported_results.py,intended mean AUROC - mean of five reference split AUROCs,"Independent aggregation consistency, stricter than printed rounding"
fig:ref_sensitivity,calhousing/ref_16,0.061387570573005146,0.061387570573005035,-1.1102230246251565e-16,1e-12,PASS,experiments/tabllm_reference_space_v1/evidence_v1/ref_16/calhousing/metrics.json,reproducibility/verify_reported_results.py,intended mean AUROC - mean of five reference split AUROCs,"Independent aggregation consistency, stricter than printed rounding"
fig:ref_sensitivity,calhousing/ref_17,0.01906229466408793,0.01906229466408782,-1.1102230246251565e-16,1e-12,PASS,experiments/tabllm_reference_space_v1/evidence_v1/ref_17/calhousing/metrics.json,reproducibility/verify_reported_results.py,intended mean AUROC - mean of five reference split AUROCs,"Independent aggregation consistency, stricter than printed rounding"
fig:ref_sensitivity,calhousing/ref_18,0.104925336834296,0.10492533683429589,-1.1102230246251565e-16,1e-12,PASS,experiments/tabllm_reference_space_v1/evidence_v1/ref_18/calhousing/metrics.json,reproducibility/verify_reported_results.py,intended mean AUROC - mean of five reference split AUROCs,"Independent aggregation consistency, stricter than printed rounding"
fig:ref_sensitivity,calhousing/ref_19,0.007644281741460923,0.0076442817414608122,-1.1102230246251565e-16,1e-12,PASS,experiments/tabllm_reference_space_v1/evidence_v1/ref_19/calhousing/metrics.json,reproducibility/verify_reported_results.py,intended mean AUROC - mean of five reference split AUROCs,"Independent aggregation consistency, stricter than printed rounding"
fig:ref_sensitivity,calhousing/ref_20,0.0015414196538212632,0.0015414196538211522,-1.1102230246251565e-16,1e-12,PASS,experiments/tabllm_reference_space_v1/evidence_v1/ref_20/calhousing/metrics.json,reproducibility/verify_reported_results.py,intended mean AUROC - mean of five reference split AUROCs,"Independent aggregation consistency, stricter than printed rounding"
fig:ref_sensitivity,calhousing/ref_21,0.02115531852921204,0.021155318529212042,0,1e-12,PASS,experiments/tabllm_reference_space_v1/evidence_v1/ref_21/calhousing/metrics.json,reproducibility/verify_reported_results.py,intended mean AUROC - mean of five reference split AUROCs,"Independent aggregation consistency, stricter than printed rounding"
fig:ref_sensitivity,calhousing/ref_22,0.007442626706941846,0.0074426267069417351,-1.1102230246251565e-16,1e-12,PASS,experiments/tabllm_reference_space_v1/evidence_v1/ref_22/calhousing/metrics.json,reproducibility/verify_reported_results.py,intended mean AUROC - mean of five reference split AUROCs,"Independent aggregation consistency, stricter than printed rounding"
fig:ref_sensitivity,calhousing/ref_23,-0.004312976237209165,-0.0043129762372092761,-1.1102230246251565e-16,1e-12,PASS,experiments/tabllm_reference_space_v1/evidence_v1/ref_23/calhousing/metrics.json,reproducibility/verify_reported_results.py,intended mean AUROC - mean of five reference split AUROCs,"Independent aggregation consistency, stricter than printed rounding"
fig:ref_sensitivity,car/ref_00,0.30037579402504855,0.30037579402504849,-5.5511151231257827e-17,1e-12,PASS,experiments/tabllm_reference_space_v1/evidence_v1/ref_00/car/metrics.json,reproducibility/verify_reported_results.py,intended mean AUROC - mean of five reference split AUROCs,"Independent aggregation consistency, stricter than printed rounding"
fig:ref_sensitivity,car/ref_01,0.30175398468278547,0.30175398468278553,5.5511151231257827e-17,1e-12,PASS,experiments/tabllm_reference_space_v1/evidence_v1/ref_01/car/metrics.json,reproducibility/verify_reported_results.py,intended mean AUROC - mean of five reference split AUROCs,"Independent aggregation consistency, stricter than printed rounding"
fig:ref_sensitivity,car/ref_02,0.2752512754052502,0.27525127540525018,0,1e-12,PASS,experiments/tabllm_reference_space_v1/evidence_v1/ref_02/car/metrics.json,reproducibility/verify_reported_results.py,intended mean AUROC - mean of five reference split AUROCs,"Independent aggregation consistency, stricter than printed rounding"
fig:ref_sensitivity,car/ref_03,0.2842024363013965,0.28420243630139652,0,1e-12,PASS,experiments/tabllm_reference_space_v1/evidence_v1/ref_03/car/metrics.json,reproducibility/verify_reported_results.py,intended mean AUROC - mean of five reference split AUROCs,"Independent aggregation consistency, stricter than printed rounding"
fig:ref_sensitivity,car/ref_04,0.327038121519747,0.32703812151974698,0,1e-12,PASS,experiments/tabllm_reference_space_v1/evidence_v1/ref_04/car/metrics.json,reproducibility/verify_reported_results.py,intended mean AUROC - mean of five reference split AUROCs,"Independent aggregation consistency, stricter than printed rounding"
fig:ref_sensitivity,car/ref_05,0.3345573010753303,0.33455730107533033,0,1e-12,PASS,experiments/tabllm_reference_space_v1/evidence_v1/ref_05/car/metrics.json,reproducibility/verify_reported_results.py,intended mean AUROC - mean of five reference split AUROCs,"Independent aggregation consistency, stricter than printed rounding"
fig:ref_sensitivity,car/ref_06,0.2889362232938964,0.28893622329389645,5.5511151231257827e-17,1e-12,PASS,experiments/tabllm_reference_space_v1/evidence_v1/ref_06/car/metrics.json,reproducibility/verify_reported_results.py,intended mean AUROC - mean of five reference split AUROCs,"Independent aggregation consistency, stricter than printed rounding"
fig:ref_sensitivity,car/ref_07,0.30735407311113183,0.30735407311113183,0,1e-12,PASS,experiments/tabllm_reference_space_v1/evidence_v1/ref_07/car/metrics.json,reproducibility/verify_reported_results.py,intended mean AUROC - mean of five reference split AUROCs,"Independent aggregation consistency, stricter than printed rounding"
fig:ref_sensitivity,car/ref_08,0.27761613298202237,0.27761613298202226,-1.1102230246251565e-16,1e-12,PASS,experiments/tabllm_reference_space_v1/evidence_v1/ref_08/car/metrics.json,reproducibility/verify_reported_results.py,intended mean AUROC - mean of five reference split AUROCs,"Independent aggregation consistency, stricter than printed rounding"
fig:ref_sensitivity,car/ref_09,0.3263965101945786,0.32639651019457866,5.5511151231257827e-17,1e-12,PASS,experiments/tabllm_reference_space_v1/evidence_v1/ref_09/car/metrics.json,reproducibility/verify_reported_results.py,intended mean AUROC - mean of five reference split AUROCs,"Independent aggregation consistency, stricter than printed rounding"
fig:ref_sensitivity,car/ref_10,0.3170352440868246,0.3170352440868246,0,1e-12,PASS,experiments/tabllm_reference_space_v1/evidence_v1/ref_10/car/metrics.json,reproducibility/verify_reported_results.py,intended mean AUROC - mean of five reference split AUROCs,"Independent aggregation consistency, stricter than printed rounding"
fig:ref_sensitivity,car/ref_11,0.27142956464809,0.27142956464808998,0,1e-12,PASS,experiments/tabllm_reference_space_v1/evidence_v1/ref_11/car/metrics.json,reproducibility/verify_reported_results.py,intended mean AUROC - mean of five reference split AUROCs,"Independent aggregation consistency, stricter than printed rounding"
fig:ref_sensitivity,car/ref_12,0.3148714077620568,0.31487140776205685,5.5511151231257827e-17,1e-12,PASS,experiments/tabllm_reference_space_v1/evidence_v1/ref_12/car/metrics.json,reproducibility/verify_reported_results.py,intended mean AUROC - mean of five reference split AUROCs,"Independent aggregation consistency, stricter than printed rounding"
fig:ref_sensitivity,car/ref_13,0.29662920047504415,0.29662920047504415,0,1e-12,PASS,experiments/tabllm_reference_space_v1/evidence_v1/ref_13/car/metrics.json,reproducibility/verify_reported_results.py,intended mean AUROC - mean of five reference split AUROCs,"Independent aggregation consistency, stricter than printed rounding"
fig:ref_sensitivity,car/ref_14,0.30200241575191006,0.30200241575191011,5.5511151231257827e-17,1e-12,PASS,experiments/tabllm_reference_space_v1/evidence_v1/ref_14/car/metrics.json,reproducibility/verify_reported_results.py,intended mean AUROC - mean of five reference split AUROCs,"Independent aggregation consistency, stricter than printed rounding"
fig:ref_sensitivity,car/ref_15,0.2763966686061503,0.27639666860615031,0,1e-12,PASS,experiments/tabllm_reference_space_v1/evidence_v1/ref_15/car/metrics.json,reproducibility/verify_reported_results.py,intended mean AUROC - mean of five reference split AUROCs,"Independent aggregation consistency, stricter than printed rounding"
fig:ref_sensitivity,car/ref_16,0.304574022490138,0.30457402249013799,0,1e-12,PASS,experiments/tabllm_reference_space_v1/evidence_v1/ref_16/car/metrics.json,reproducibility/verify_reported_results.py,intended mean AUROC - mean of five reference split AUROCs,"Independent aggregation consistency, stricter than printed rounding"
fig:ref_sensitivity,car/ref_17,0.29167225848310163,0.29167225848310163,0,1e-12,PASS,experiments/tabllm_reference_space_v1/evidence_v1/ref_17/car/metrics.json,reproducibility/verify_reported_results.py,intended mean AUROC - mean of five reference split AUROCs,"Independent aggregation consistency, stricter than printed rounding"
fig:ref_sensitivity,car/ref_18,0.3452788898007413,0.34527888980074128,0,1e-12,PASS,experiments/tabllm_reference_space_v1/evidence_v1/ref_18/car/metrics.json,reproducibility/verify_reported_results.py,intended mean AUROC - mean of five reference split AUROCs,"Independent aggregation consistency, stricter than printed rounding"
fig:ref_sensitivity,car/ref_19,0.3195278462982293,0.31952784629822928,0,1e-12,PASS,experiments/tabllm_reference_space_v1/evidence_v1/ref_19/car/metrics.json,reproducibility/verify_reported_results.py,intended mean AUROC - mean of five reference split AUROCs,"Independent aggregation consistency, stricter than printed rounding"
fig:ref_sensitivity,car/ref_20,0.3281498702333466,0.32814987023334663,5.5511151231257827e-17,1e-12,PASS,experiments/tabllm_reference_space_v1/evidence_v1/ref_20/car/metrics.json,reproducibility/verify_reported_results.py,intended mean AUROC - mean of five reference split AUROCs,"Independent aggregation consistency, stricter than printed rounding"
fig:ref_sensitivity,car/ref_21,0.2885615544265771,0.28856155442657716,5.5511151231257827e-17,1e-12,PASS,experiments/tabllm_reference_space_v1/evidence_v1/ref_21/car/metrics.json,reproducibility/verify_reported_results.py,intended mean AUROC - mean of five reference split AUROCs,"Independent aggregation consistency, stricter than printed rounding"
fig:ref_sensitivity,car/ref_22,0.27007531933181084,0.27007531933181095,1.1102230246251565e-16,1e-12,PASS,experiments/tabllm_reference_space_v1/evidence_v1/ref_22/car/metrics.json,reproducibility/verify_reported_results.py,intended mean AUROC - mean of five reference split AUROCs,"Independent aggregation consistency, stricter than printed rounding"
fig:ref_sensitivity,car/ref_23,0.29334157496642194,0.29334157496642194,0,1e-12,PASS,experiments/tabllm_reference_space_v1/evidence_v1/ref_23/car/metrics.json,reproducibility/verify_reported_results.py,intended mean AUROC - mean of five reference split AUROCs,"Independent aggregation consistency, stricter than printed rounding"
fig:ref_sensitivity,creditg/ref_00,-0.0034793299901669794,-0.0034793299901668684,1.1102230246251565e-16,1e-12,PASS,experiments/tabllm_reference_space_v1/evidence_v1/ref_00/creditg/metrics.json,reproducibility/verify_reported_results.py,intended mean AUROC - mean of five reference split AUROCs,"Independent aggregation consistency, stricter than printed rounding"
fig:ref_sensitivity,creditg/ref_01,-0.01112853313054818,-0.011128533130547957,2.2204460492503131e-16,1e-12,PASS,experiments/tabllm_reference_space_v1/evidence_v1/ref_01/creditg/metrics.json,reproducibility/verify_reported_results.py,intended mean AUROC - mean of five reference split AUROCs,"Independent aggregation consistency, stricter than printed rounding"
fig:ref_sensitivity,creditg/ref_02,0.0008419176542040496,0.00084191765420416065,1.1102230246251565e-16,1e-12,PASS,experiments/tabllm_reference_space_v1/evidence_v1/ref_02/creditg/metrics.json,reproducibility/verify_reported_results.py,intended mean AUROC - mean of five reference split AUROCs,"Independent aggregation consistency, stricter than printed rounding"
fig:ref_sensitivity,creditg/ref_03,0.0033855380651467426,0.0033855380651467426,0,1e-12,PASS,experiments/tabllm_reference_space_v1/evidence_v1/ref_03/creditg/metrics.json,reproducibility/verify_reported_results.py,intended mean AUROC - mean of five reference split AUROCs,"Independent aggregation consistency, stricter than printed rounding"
fig:ref_sensitivity,creditg/ref_04,0.028175910525903514,0.028175910525903625,1.1102230246251565e-16,1e-12,PASS,experiments/tabllm_reference_space_v1/evidence_v1/ref_04/creditg/metrics.json,reproducibility/verify_reported_results.py,intended mean AUROC - mean of five reference split AUROCs,"Independent aggregation consistency, stricter than printed rounding"
fig:ref_sensitivity,creditg/ref_05,-0.029476344751474093,-0.029476344751474093,0,1e-12,PASS,experiments/tabllm_reference_space_v1/evidence_v1/ref_05/creditg/metrics.json,reproducibility/verify_reported_results.py,intended mean AUROC - mean of five reference split AUROCs,"Independent aggregation consistency, stricter than printed rounding"
fig:ref_sensitivity,creditg/ref_06,0.027990410863231452,0.027990410863231563,1.1102230246251565e-16,1e-12,PASS,experiments/tabllm_reference_space_v1/evidence_v1/ref_06/creditg/metrics.json,reproducibility/verify_reported_results.py,intended mean AUROC - mean of five reference split AUROCs,"Independent aggregation consistency, stricter than printed rounding"
fig:ref_sensitivity,creditg/ref_07,0.04535087940384369,0.045350879403843858,1.6653345369377348e-16,1e-12,PASS,experiments/tabllm_reference_space_v1/evidence_v1/ref_07/creditg/metrics.json,reproducibility/verify_reported_results.py,intended mean AUROC - mean of five reference split AUROCs,"Independent aggregation consistency, stricter than printed rounding"
fig:ref_sensitivity,creditg/ref_08,0.010529153555337456,0.010529153555337678,2.2204460492503131e-16,1e-12,PASS,experiments/tabllm_reference_space_v1/evidence_v1/ref_08/creditg/metrics.json,reproducibility/verify_reported_results.py,intended mean AUROC - mean of five reference split AUROCs,"Independent aggregation consistency, stricter than printed rounding"
fig:ref_sensitivity,creditg/ref_09,0.01463691491600827,0.014636914916008381,1.1102230246251565e-16,1e-12,PASS,experiments/tabllm_reference_space_v1/evidence_v1/ref_09/creditg/metrics.json,reproducibility/verify_reported_results.py,intended mean AUROC - mean of five reference split AUROCs,"Independent aggregation consistency, stricter than printed rounding"
fig:ref_sensitivity,creditg/ref_10,0.0015979425057418561,0.0015979425057419672,1.1102230246251565e-16,1e-12,PASS,experiments/tabllm_reference_space_v1/evidence_v1/ref_10/creditg/metrics.json,reproducibility/verify_reported_results.py,intended mean AUROC - mean of five reference split AUROCs,"Independent aggregation consistency, stricter than printed rounding"
fig:ref_sensitivity,creditg/ref_11,0.023007350795738124,0.023007350795738235,1.1102230246251565e-16,1e-12,PASS,experiments/tabllm_reference_space_v1/evidence_v1/ref_11/creditg/metrics.json,reproducibility/verify_reported_results.py,intended mean AUROC - mean of five reference split AUROCs,"Independent aggregation consistency, stricter than printed rounding"
fig:ref_sensitivity,creditg/ref_12,0.001546459302288472,0.0015464593022885831,1.1102230246251565e-16,1e-12,PASS,experiments/tabllm_reference_space_v1/evidence_v1/ref_12/creditg/metrics.json,reproducibility/verify_reported_results.py,intended mean AUROC - mean of five reference split AUROCs,"Independent aggregation consistency, stricter than printed rounding"
fig:ref_sensitivity,creditg/ref_13,-0.02031239704531551,-0.0203123970453154,1.1102230246251565e-16,1e-12,PASS,experiments/tabllm_reference_space_v1/evidence_v1/ref_13/creditg/metrics.json,reproducibility/verify_reported_results.py,intended mean AUROC - mean of five reference split AUROCs,"Independent aggregation consistency, stricter than printed rounding"
fig:ref_sensitivity,creditg/ref_14,-0.016682219192323045,-0.016682219192322822,2.2204460492503131e-16,1e-12,PASS,experiments/tabllm_reference_space_v1/evidence_v1/ref_14/creditg/metrics.json,reproducibility/verify_reported_results.py,intended mean AUROC - mean of five reference split AUROCs,"Independent aggregation consistency, stricter than printed rounding"
fig:ref_sensitivity,creditg/ref_15,-0.02244294571852612,-0.022442945718526008,1.1102230246251565e-16,1e-12,PASS,experiments/tabllm_reference_space_v1/evidence_v1/ref_15/creditg/metrics.json,reproducibility/verify_reported_results.py,intended mean AUROC - mean of five reference split AUROCs,"Independent aggregation consistency, stricter than printed rounding"
fig:ref_sensitivity,creditg/ref_16,0.028226324601553887,0.028226324601553998,1.1102230246251565e-16,1e-12,PASS,experiments/tabllm_reference_space_v1/evidence_v1/ref_16/creditg/metrics.json,reproducibility/verify_reported_results.py,intended mean AUROC - mean of five reference split AUROCs,"Independent aggregation consistency, stricter than printed rounding"
fig:ref_sensitivity,creditg/ref_17,-0.004292407453916347,-0.004292407453916236,1.1102230246251565e-16,1e-12,PASS,experiments/tabllm_reference_space_v1/evidence_v1/ref_17/creditg/metrics.json,reproducibility/verify_reported_results.py,intended mean AUROC - mean of five reference split AUROCs,"Independent aggregation consistency, stricter than printed rounding"
fig:ref_sensitivity,creditg/ref_18,0.007857960336058345,0.007857960336058456,1.1102230246251565e-16,1e-12,PASS,experiments/tabllm_reference_space_v1/evidence_v1/ref_18/creditg/metrics.json,reproducibility/verify_reported_results.py,intended mean AUROC - mean of five reference split AUROCs,"Independent aggregation consistency, stricter than printed rounding"
fig:ref_sensitivity,creditg/ref_19,-0.040243677248559484,-0.040243677248559373,1.1102230246251565e-16,1e-12,PASS,experiments/tabllm_reference_space_v1/evidence_v1/ref_19/creditg/metrics.json,reproducibility/verify_reported_results.py,intended mean AUROC - mean of five reference split AUROCs,"Independent aggregation consistency, stricter than printed rounding"
fig:ref_sensitivity,creditg/ref_20,-0.01598323090233067,-0.015983230902330448,2.2204460492503131e-16,1e-12,PASS,experiments/tabllm_reference_space_v1/evidence_v1/ref_20/creditg/metrics.json,reproducibility/verify_reported_results.py,intended mean AUROC - mean of five reference split AUROCs,"Independent aggregation consistency, stricter than printed rounding"
fig:ref_sensitivity,creditg/ref_21,0.0047588218229741575,0.0047588218229743795,2.2204460492503131e-16,1e-12,PASS,experiments/tabllm_reference_space_v1/evidence_v1/ref_21/creditg/metrics.json,reproducibility/verify_reported_results.py,intended mean AUROC - mean of five reference split AUROCs,"Independent aggregation consistency, stricter than printed rounding"
fig:ref_sensitivity,creditg/ref_22,0.011059211177818828,0.011059211177818939,1.1102230246251565e-16,1e-12,PASS,experiments/tabllm_reference_space_v1/evidence_v1/ref_22/creditg/metrics.json,reproducibility/verify_reported_results.py,intended mean AUROC - mean of five reference split AUROCs,"Independent aggregation consistency, stricter than printed rounding"
fig:ref_sensitivity,creditg/ref_23,0.017716849708763194,0.017716849708763305,1.1102230246251565e-16,1e-12,PASS,experiments/tabllm_reference_space_v1/evidence_v1/ref_23/creditg/metrics.json,reproducibility/verify_reported_results.py,intended mean AUROC - mean of five reference split AUROCs,"Independent aggregation consistency, stricter than printed rounding"
fig:ref_sensitivity,diabetes/ref_00,0.16404511050886156,0.16404511050886161,5.5511151231257827e-17,1e-12,PASS,experiments/tabllm_reference_space_v1/evidence_v1/ref_00/diabetes/metrics.json,reproducibility/verify_reported_results.py,intended mean AUROC - mean of five reference split AUROCs,"Independent aggregation consistency, stricter than printed rounding"
fig:ref_sensitivity,diabetes/ref_01,0.15969991432627334,0.15969991432627328,-5.5511151231257827e-17,1e-12,PASS,experiments/tabllm_reference_space_v1/evidence_v1/ref_01/diabetes/metrics.json,reproducibility/verify_reported_results.py,intended mean AUROC - mean of five reference split AUROCs,"Independent aggregation consistency, stricter than printed rounding"
fig:ref_sensitivity,diabetes/ref_02,0.15762333276290796,0.15762333276290802,5.5511151231257827e-17,1e-12,PASS,experiments/tabllm_reference_space_v1/evidence_v1/ref_02/diabetes/metrics.json,reproducibility/verify_reported_results.py,intended mean AUROC - mean of five reference split AUROCs,"Independent aggregation consistency, stricter than printed rounding"
fig:ref_sensitivity,diabetes/ref_03,0.09839280198418021,0.098392801984180212,0,1e-12,PASS,experiments/tabllm_reference_space_v1/evidence_v1/ref_03/diabetes/metrics.json,reproducibility/verify_reported_results.py,intended mean AUROC - mean of five reference split AUROCs,"Independent aggregation consistency, stricter than printed rounding"
fig:ref_sensitivity,diabetes/ref_04,0.1726461054434401,0.17264610544344017,5.5511151231257827e-17,1e-12,PASS,experiments/tabllm_reference_space_v1/evidence_v1/ref_04/diabetes/metrics.json,reproducibility/verify_reported_results.py,intended mean AUROC - mean of five reference split AUROCs,"Independent aggregation consistency, stricter than printed rounding"
fig:ref_sensitivity,diabetes/ref_05,0.1429518664689826,0.14295186646898261,0,1e-12,PASS,experiments/tabllm_reference_space_v1/evidence_v1/ref_05/diabetes/metrics.json,reproducibility/verify_reported_results.py,intended mean AUROC - mean of five reference split AUROCs,"Independent aggregation consistency, stricter than printed rounding"
fig:ref_sensitivity,diabetes/ref_06,0.1828761991533392,0.18287619915333914,-5.5511151231257827e-17,1e-12,PASS,experiments/tabllm_reference_space_v1/evidence_v1/ref_06/diabetes/metrics.json,reproducibility/verify_reported_results.py,intended mean AUROC - mean of five reference split AUROCs,"Independent aggregation consistency, stricter than printed rounding"
fig:ref_sensitivity,diabetes/ref_07,0.15081163326209485,0.15081163326209479,-5.5511151231257827e-17,1e-12,PASS,experiments/tabllm_reference_space_v1/evidence_v1/ref_07/diabetes/metrics.json,reproducibility/verify_reported_results.py,intended mean AUROC - mean of five reference split AUROCs,"Independent aggregation consistency, stricter than printed rounding"
fig:ref_sensitivity,diabetes/ref_08,0.14226208866650636,0.14226208866650647,1.1102230246251565e-16,1e-12,PASS,experiments/tabllm_reference_space_v1/evidence_v1/ref_08/diabetes/metrics.json,reproducibility/verify_reported_results.py,intended mean AUROC - mean of five reference split AUROCs,"Independent aggregation consistency, stricter than printed rounding"
fig:ref_sensitivity,diabetes/ref_09,0.17082824833434085,0.17082824833434085,0,1e-12,PASS,experiments/tabllm_reference_space_v1/evidence_v1/ref_09/diabetes/metrics.json,reproducibility/verify_reported_results.py,intended mean AUROC - mean of five reference split AUROCs,"Independent aggregation consistency, stricter than printed rounding"
fig:ref_sensitivity,diabetes/ref_10,0.1008306086497267,0.10083060864972671,0,1e-12,PASS,experiments/tabllm_reference_space_v1/evidence_v1/ref_10/diabetes/metrics.json,reproducibility/verify_reported_results.py,intended mean AUROC - mean of five reference split AUROCs,"Independent aggregation consistency, stricter than printed rounding"
fig:ref_sensitivity,diabetes/ref_11,0.10764457126077209,0.10764457126077209,0,1e-12,PASS,experiments/tabllm_reference_space_v1/evidence_v1/ref_11/diabetes/metrics.json,reproducibility/verify_reported_results.py,intended mean AUROC - mean of five reference split AUROCs,"Independent aggregation consistency, stricter than printed rounding"
fig:ref_sensitivity,diabetes/ref_12,0.1562946727737592,0.15629467277375919,0,1e-12,PASS,experiments/tabllm_reference_space_v1/evidence_v1/ref_12/diabetes/metrics.json,reproducibility/verify_reported_results.py,intended mean AUROC - mean of five reference split AUROCs,"Independent aggregation consistency, stricter than printed rounding"
fig:ref_sensitivity,diabetes/ref_13,0.21744290259222737,0.21744290259222737,0,1e-12,PASS,experiments/tabllm_reference_space_v1/evidence_v1/ref_13/diabetes/metrics.json,reproducibility/verify_reported_results.py,intended mean AUROC - mean of five reference split AUROCs,"Independent aggregation consistency, stricter than printed rounding"
fig:ref_sensitivity,diabetes/ref_14,0.17071517150932453,0.17071517150932453,0,1e-12,PASS,experiments/tabllm_reference_space_v1/evidence_v1/ref_14/diabetes/metrics.json,reproducibility/verify_reported_results.py,intended mean AUROC - mean of five reference split AUROCs,"Independent aggregation consistency, stricter than printed rounding"
fig:ref_sensitivity,diabetes/ref_15,0.10911291511223808,0.10911291511223797,-1.1102230246251565e-16,1e-12,PASS,experiments/tabllm_reference_space_v1/evidence_v1/ref_15/diabetes/metrics.json,reproducibility/verify_reported_results.py,intended mean AUROC - mean of five reference split AUROCs,"Independent aggregation consistency, stricter than printed rounding"
fig:ref_sensitivity,diabetes/ref_16,0.08769790566881563,0.087697905668815523,-1.1102230246251565e-16,1e-12,PASS,experiments/tabllm_reference_space_v1/evidence_v1/ref_16/diabetes/metrics.json,reproducibility/verify_reported_results.py,intended mean AUROC - mean of five reference split AUROCs,"Independent aggregation consistency, stricter than printed rounding"
fig:ref_sensitivity,diabetes/ref_17,0.16466386943543315,0.16466386943543315,0,1e-12,PASS,experiments/tabllm_reference_space_v1/evidence_v1/ref_17/diabetes/metrics.json,reproducibility/verify_reported_results.py,intended mean AUROC - mean of five reference split AUROCs,"Independent aggregation consistency, stricter than printed rounding"
fig:ref_sensitivity,diabetes/ref_18,0.19789140494025276,0.1978914049402527,-5.5511151231257827e-17,1e-12,PASS,experiments/tabllm_reference_space_v1/evidence_v1/ref_18/diabetes/metrics.json,reproducibility/verify_reported_results.py,intended mean AUROC - mean of five reference split AUROCs,"Independent aggregation consistency, stricter than printed rounding"
fig:ref_sensitivity,diabetes/ref_19,0.20076235668192222,0.20076235668192222,0,1e-12,PASS,experiments/tabllm_reference_space_v1/evidence_v1/ref_19/diabetes/metrics.json,reproducibility/verify_reported_results.py,intended mean AUROC - mean of five reference split AUROCs,"Independent aggregation consistency, stricter than printed rounding"
fig:ref_sensitivity,diabetes/ref_20,0.213844137947453,0.21384413794745305,5.5511151231257827e-17,1e-12,PASS,experiments/tabllm_reference_space_v1/evidence_v1/ref_20/diabetes/metrics.json,reproducibility/verify_reported_results.py,intended mean AUROC - mean of five reference split AUROCs,"Independent aggregation consistency, stricter than printed rounding"
fig:ref_sensitivity,diabetes/ref_21,0.1784495925716063,0.17844959257160631,0,1e-12,PASS,experiments/tabllm_reference_space_v1/evidence_v1/ref_21/diabetes/metrics.json,reproducibility/verify_reported_results.py,intended mean AUROC - mean of five reference split AUROCs,"Independent aggregation consistency, stricter than printed rounding"
fig:ref_sensitivity,diabetes/ref_22,0.15542663903096443,0.15542663903096438,-5.5511151231257827e-17,1e-12,PASS,experiments/tabllm_reference_space_v1/evidence_v1/ref_22/diabetes/metrics.json,reproducibility/verify_reported_results.py,intended mean AUROC - mean of five reference split AUROCs,"Independent aggregation consistency, stricter than printed rounding"
fig:ref_sensitivity,diabetes/ref_23,0.18312181384748222,0.18312181384748227,5.5511151231257827e-17,1e-12,PASS,experiments/tabllm_reference_space_v1/evidence_v1/ref_23/diabetes/metrics.json,reproducibility/verify_reported_results.py,intended mean AUROC - mean of five reference split AUROCs,"Independent aggregation consistency, stricter than printed rounding"
fig:ref_sensitivity,heart/ref_00,-0.02078205881237749,-0.020782058812377824,-3.3306690738754696e-16,1e-12,PASS,experiments/tabllm_reference_space_v1/evidence_v1/ref_00/heart/metrics.json,reproducibility/verify_reported_results.py,intended mean AUROC - mean of five reference split AUROCs,"Independent aggregation consistency, stricter than printed rounding"
fig:ref_sensitivity,heart/ref_01,0.020006686480786517,0.020006686480786184,-3.3306690738754696e-16,1e-12,PASS,experiments/tabllm_reference_space_v1/evidence_v1/ref_01/heart/metrics.json,reproducibility/verify_reported_results.py,intended mean AUROC - mean of five reference split AUROCs,"Independent aggregation consistency, stricter than printed rounding"
fig:ref_sensitivity,heart/ref_02,0.017125930130227895,0.017125930130227784,-1.1102230246251565e-16,1e-12,PASS,experiments/tabllm_reference_space_v1/evidence_v1/ref_02/heart/metrics.json,reproducibility/verify_reported_results.py,intended mean AUROC - mean of five reference split AUROCs,"Independent aggregation consistency, stricter than printed rounding"
fig:ref_sensitivity,heart/ref_03,0.020672993270637097,0.020672993270636875,-2.2204460492503131e-16,1e-12,PASS,experiments/tabllm_reference_space_v1/evidence_v1/ref_03/heart/metrics.json,reproducibility/verify_reported_results.py,intended mean AUROC - mean of five reference split AUROCs,"Independent aggregation consistency, stricter than printed rounding"
fig:ref_sensitivity,heart/ref_04,0.14251812173207618,0.14251812173207595,-2.2204460492503131e-16,1e-12,PASS,experiments/tabllm_reference_space_v1/evidence_v1/ref_04/heart/metrics.json,reproducibility/verify_reported_results.py,intended mean AUROC - mean of five reference split AUROCs,"Independent aggregation consistency, stricter than printed rounding"
fig:ref_sensitivity,heart/ref_05,0.019718415734505612,0.01971841573450539,-2.2204460492503131e-16,1e-12,PASS,experiments/tabllm_reference_space_v1/evidence_v1/ref_05/heart/metrics.json,reproducibility/verify_reported_results.py,intended mean AUROC - mean of five reference split AUROCs,"Independent aggregation consistency, stricter than printed rounding"
fig:ref_sensitivity,heart/ref_06,0.08427818399404369,0.08427818399404341,-2.7755575615628914e-16,1e-12,PASS,experiments/tabllm_reference_space_v1/evidence_v1/ref_06/heart/metrics.json,reproducibility/verify_reported_results.py,intended mean AUROC - mean of five reference split AUROCs,"Independent aggregation consistency, stricter than printed rounding"
fig:ref_sensitivity,heart/ref_07,0.045500214876993794,0.045500214876993517,-2.7755575615628914e-16,1e-12,PASS,experiments/tabllm_reference_space_v1/evidence_v1/ref_07/heart/metrics.json,reproducibility/verify_reported_results.py,intended mean AUROC - mean of five reference split AUROCs,"Independent aggregation consistency, stricter than printed rounding"
fig:ref_sensitivity,heart/ref_08,-0.01884084075673087,-0.018840840756731092,-2.2204460492503131e-16,1e-12,PASS,experiments/tabllm_reference_space_v1/evidence_v1/ref_08/heart/metrics.json,reproducibility/verify_reported_results.py,intended mean AUROC - mean of five reference split AUROCs,"Independent aggregation consistency, stricter than printed rounding"
fig:ref_sensitivity,heart/ref_09,0.08369592497535494,0.083695924975354719,-2.2204460492503131e-16,1e-12,PASS,experiments/tabllm_reference_space_v1/evidence_v1/ref_09/heart/metrics.json,reproducibility/verify_reported_results.py,intended mean AUROC - mean of five reference split AUROCs,"Independent aggregation consistency, stricter than printed rounding"
fig:ref_sensitivity,heart/ref_10,0.0017902962885268936,0.0017902962885266716,-2.2204460492503131e-16,1e-12,PASS,experiments/tabllm_reference_space_v1/evidence_v1/ref_10/heart/metrics.json,reproducibility/verify_reported_results.py,intended mean AUROC - mean of five reference split AUROCs,"Independent aggregation consistency, stricter than printed rounding"
fig:ref_sensitivity,heart/ref_11,0.07696965078012596,0.076969650780125687,-2.7755575615628914e-16,1e-12,PASS,experiments/tabllm_reference_space_v1/evidence_v1/ref_11/heart/metrics.json,reproducibility/verify_reported_results.py,intended mean AUROC - mean of five reference split AUROCs,"Independent aggregation consistency, stricter than printed rounding"
fig:ref_sensitivity,heart/ref_12,-0.014686087550834448,-0.01468608755083467,-2.2204460492503131e-16,1e-12,PASS,experiments/tabllm_reference_space_v1/evidence_v1/ref_12/heart/metrics.json,reproducibility/verify_reported_results.py,intended mean AUROC - mean of five reference split AUROCs,"Independent aggregation consistency, stricter than printed rounding"
fig:ref_sensitivity,heart/ref_13,0.045861463412554204,0.045861463412554093,-1.1102230246251565e-16,1e-12,PASS,experiments/tabllm_reference_space_v1/evidence_v1/ref_13/heart/metrics.json,reproducibility/verify_reported_results.py,intended mean AUROC - mean of five reference split AUROCs,"Independent aggregation consistency, stricter than printed rounding"
fig:ref_sensitivity,heart/ref_14,0.06088712032781124,0.060887120327811017,-2.2204460492503131e-16,1e-12,PASS,experiments/tabllm_reference_space_v1/evidence_v1/ref_14/heart/metrics.json,reproducibility/verify_reported_results.py,intended mean AUROC - mean of five reference split AUROCs,"Independent aggregation consistency, stricter than printed rounding"
fig:ref_sensitivity,heart/ref_15,0.12153767553831657,0.1215376755383164,-1.6653345369377348e-16,1e-12,PASS,experiments/tabllm_reference_space_v1/evidence_v1/ref_15/heart/metrics.json,reproducibility/verify_reported_results.py,intended mean AUROC - mean of five reference split AUROCs,"Independent aggregation consistency, stricter than printed rounding"
fig:ref_sensitivity,heart/ref_16,0.08021690149072641,0.080216901490726189,-2.2204460492503131e-16,1e-12,PASS,experiments/tabllm_reference_space_v1/evidence_v1/ref_16/heart/metrics.json,reproducibility/verify_reported_results.py,intended mean AUROC - mean of five reference split AUROCs,"Independent aggregation consistency, stricter than printed rounding"
fig:ref_sensitivity,heart/ref_17,0.057628956490923866,0.057628956490923589,-2.7755575615628914e-16,1e-12,PASS,experiments/tabllm_reference_space_v1/evidence_v1/ref_17/heart/metrics.json,reproducibility/verify_reported_results.py,intended mean AUROC - mean of five reference split AUROCs,"Independent aggregation consistency, stricter than printed rounding"
fig:ref_sensitivity,heart/ref_18,0.0396060502750919,0.039606050275091675,-2.2204460492503131e-16,1e-12,PASS,experiments/tabllm_reference_space_v1/evidence_v1/ref_18/heart/metrics.json,reproducibility/verify_reported_results.py,intended mean AUROC - mean of five reference split AUROCs,"Independent aggregation consistency, stricter than printed rounding"
fig:ref_sensitivity,heart/ref_19,0.06030753535069505,0.06030753535069483,-2.2204460492503131e-16,1e-12,PASS,experiments/tabllm_reference_space_v1/evidence_v1/ref_19/heart/metrics.json,reproducibility/verify_reported_results.py,intended mean AUROC - mean of five reference split AUROCs,"Independent aggregation consistency, stricter than printed rounding"
fig:ref_sensitivity,heart/ref_20,-0.0077472895219857785,-0.0077472895219860005,-2.2204460492503131e-16,1e-12,PASS,experiments/tabllm_reference_space_v1/evidence_v1/ref_20/heart/metrics.json,reproducibility/verify_reported_results.py,intended mean AUROC - mean of five reference split AUROCs,"Independent aggregation consistency, stricter than printed rounding"
fig:ref_sensitivity,heart/ref_21,0.04840521712849288,0.048405217128492661,-2.2204460492503131e-16,1e-12,PASS,experiments/tabllm_reference_space_v1/evidence_v1/ref_21/heart/metrics.json,reproducibility/verify_reported_results.py,intended mean AUROC - mean of five reference split AUROCs,"Independent aggregation consistency, stricter than printed rounding"
fig:ref_sensitivity,heart/ref_22,0.0734925815516384,0.073492581551638125,-2.7755575615628914e-16,1e-12,PASS,experiments/tabllm_reference_space_v1/evidence_v1/ref_22/heart/metrics.json,reproducibility/verify_reported_results.py,intended mean AUROC - mean of five reference split AUROCs,"Independent aggregation consistency, stricter than printed rounding"
fig:ref_sensitivity,heart/ref_23,0.09385696166302626,0.093856961663026039,-2.2204460492503131e-16,1e-12,PASS,experiments/tabllm_reference_space_v1/evidence_v1/ref_23/heart/metrics.json,reproducibility/verify_reported_results.py,intended mean AUROC - mean of five reference split AUROCs,"Independent aggregation consistency, stricter than printed rounding"
fig:ref_sensitivity,income/ref_00,0.0738164159037592,0.073816415903759203,0,1e-12,PASS,experiments/tabllm_reference_space_v1/evidence_v1/ref_00/income/metrics.json,reproducibility/verify_reported_results.py,intended mean AUROC - mean of five reference split AUROCs,"Independent aggregation consistency, stricter than printed rounding"
fig:ref_sensitivity,income/ref_01,0.0845562647387208,0.084556264738720799,0,1e-12,PASS,experiments/tabllm_reference_space_v1/evidence_v1/ref_01/income/metrics.json,reproducibility/verify_reported_results.py,intended mean AUROC - mean of five reference split AUROCs,"Independent aggregation consistency, stricter than printed rounding"
fig:ref_sensitivity,income/ref_02,0.09428132817154034,0.094281328171540446,1.1102230246251565e-16,1e-12,PASS,experiments/tabllm_reference_space_v1/evidence_v1/ref_02/income/metrics.json,reproducibility/verify_reported_results.py,intended mean AUROC - mean of five reference split AUROCs,"Independent aggregation consistency, stricter than printed rounding"
fig:ref_sensitivity,income/ref_03,0.0778569212011796,0.077856921201179596,0,1e-12,PASS,experiments/tabllm_reference_space_v1/evidence_v1/ref_03/income/metrics.json,reproducibility/verify_reported_results.py,intended mean AUROC - mean of five reference split AUROCs,"Independent aggregation consistency, stricter than printed rounding"
fig:ref_sensitivity,income/ref_04,0.07914634089528239,0.079146340895282274,-1.1102230246251565e-16,1e-12,PASS,experiments/tabllm_reference_space_v1/evidence_v1/ref_04/income/metrics.json,reproducibility/verify_reported_results.py,intended mean AUROC - mean of five reference split AUROCs,"Independent aggregation consistency, stricter than printed rounding"
fig:ref_sensitivity,income/ref_05,0.08672923054506532,0.086729230545065317,0,1e-12,PASS,experiments/tabllm_reference_space_v1/evidence_v1/ref_05/income/metrics.json,reproducibility/verify_reported_results.py,intended mean AUROC - mean of five reference split AUROCs,"Independent aggregation consistency, stricter than printed rounding"
fig:ref_sensitivity,income/ref_06,0.09195825019247972,0.091958250192479718,0,1e-12,PASS,experiments/tabllm_reference_space_v1/evidence_v1/ref_06/income/metrics.json,reproducibility/verify_reported_results.py,intended mean AUROC - mean of five reference split AUROCs,"Independent aggregation consistency, stricter than printed rounding"
fig:ref_sensitivity,income/ref_07,0.09932346067560305,0.099323460675603159,1.1102230246251565e-16,1e-12,PASS,experiments/tabllm_reference_space_v1/evidence_v1/ref_07/income/metrics.json,reproducibility/verify_reported_results.py,intended mean AUROC - mean of five reference split AUROCs,"Independent aggregation consistency, stricter than printed rounding"
fig:ref_sensitivity,income/ref_08,0.08571953313709224,0.085719533137092241,0,1e-12,PASS,experiments/tabllm_reference_space_v1/evidence_v1/ref_08/income/metrics.json,reproducibility/verify_reported_results.py,intended mean AUROC - mean of five reference split AUROCs,"Independent aggregation consistency, stricter than printed rounding"
fig:ref_sensitivity,income/ref_09,0.0762592764375043,0.076259276437504409,1.1102230246251565e-16,1e-12,PASS,experiments/tabllm_reference_space_v1/evidence_v1/ref_09/income/metrics.json,reproducibility/verify_reported_results.py,intended mean AUROC - mean of five reference split AUROCs,"Independent aggregation consistency, stricter than printed rounding"
fig:ref_sensitivity,income/ref_10,0.09094353538496658,0.090943535384966467,-1.1102230246251565e-16,1e-12,PASS,experiments/tabllm_reference_space_v1/evidence_v1/ref_10/income/metrics.json,reproducibility/verify_reported_results.py,intended mean AUROC - mean of five reference split AUROCs,"Independent aggregation consistency, stricter than printed rounding"
fig:ref_sensitivity,income/ref_11,0.08139808873372356,0.081398088733723561,0,1e-12,PASS,experiments/tabllm_reference_space_v1/evidence_v1/ref_11/income/metrics.json,reproducibility/verify_reported_results.py,intended mean AUROC - mean of five reference split AUROCs,"Independent aggregation consistency, stricter than printed rounding"
fig:ref_sensitivity,income/ref_12,0.05525282448385871,0.055252824483858598,-1.1102230246251565e-16,1e-12,PASS,experiments/tabllm_reference_space_v1/evidence_v1/ref_12/income/metrics.json,reproducibility/verify_reported_results.py,intended mean AUROC - mean of five reference split AUROCs,"Independent aggregation consistency, stricter than printed rounding"
fig:ref_sensitivity,income/ref_13,0.0955655358163976,0.095565535816397484,-1.1102230246251565e-16,1e-12,PASS,experiments/tabllm_reference_space_v1/evidence_v1/ref_13/income/metrics.json,reproducibility/verify_reported_results.py,intended mean AUROC - mean of five reference split AUROCs,"Independent aggregation consistency, stricter than printed rounding"
fig:ref_sensitivity,income/ref_14,0.09587837134883048,0.095878371348830482,0,1e-12,PASS,experiments/tabllm_reference_space_v1/evidence_v1/ref_14/income/metrics.json,reproducibility/verify_reported_results.py,intended mean AUROC - mean of five reference split AUROCs,"Independent aggregation consistency, stricter than printed rounding"
fig:ref_sensitivity,income/ref_15,0.07730236761014875,0.077302367610148748,0,1e-12,PASS,experiments/tabllm_reference_space_v1/evidence_v1/ref_15/income/metrics.json,reproducibility/verify_reported_results.py,intended mean AUROC - mean of five reference split AUROCs,"Independent aggregation consistency, stricter than printed rounding"
fig:ref_sensitivity,income/ref_16,0.10626247372983233,0.10626247372983233,0,1e-12,PASS,experiments/tabllm_reference_space_v1/evidence_v1/ref_16/income/metrics.json,reproducibility/verify_reported_results.py,intended mean AUROC - mean of five reference split AUROCs,"Independent aggregation consistency, stricter than printed rounding"
fig:ref_sensitivity,income/ref_17,0.07980598112550907,0.079805981125509073,0,1e-12,PASS,experiments/tabllm_reference_space_v1/evidence_v1/ref_17/income/metrics.json,reproducibility/verify_reported_results.py,intended mean AUROC - mean of five reference split AUROCs,"Independent aggregation consistency, stricter than printed rounding"
fig:ref_sensitivity,income/ref_18,0.07809588610974394,0.078095886109743939,0,1e-12,PASS,experiments/tabllm_reference_space_v1/evidence_v1/ref_18/income/metrics.json,reproducibility/verify_reported_results.py,intended mean AUROC - mean of five reference split AUROCs,"Independent aggregation consistency, stricter than printed rounding"
fig:ref_sensitivity,income/ref_19,0.08241848228486726,0.082418482284867256,0,1e-12,PASS,experiments/tabllm_reference_space_v1/evidence_v1/ref_19/income/metrics.json,reproducibility/verify_reported_results.py,intended mean AUROC - mean of five reference split AUROCs,"Independent aggregation consistency, stricter than printed rounding"
fig:ref_sensitivity,income/ref_20,0.07764826244680412,0.077648262446804117,0,1e-12,PASS,experiments/tabllm_reference_space_v1/evidence_v1/ref_20/income/metrics.json,reproducibility/verify_reported_results.py,intended mean AUROC - mean of five reference split AUROCs,"Independent aggregation consistency, stricter than printed rounding"
fig:ref_sensitivity,income/ref_21,0.09057921359559518,0.090579213595595176,0,1e-12,PASS,experiments/tabllm_reference_space_v1/evidence_v1/ref_21/income/metrics.json,reproducibility/verify_reported_results.py,intended mean AUROC - mean of five reference split AUROCs,"Independent aggregation consistency, stricter than printed rounding"
fig:ref_sensitivity,income/ref_22,0.09645227034748638,0.09645227034748638,0,1e-12,PASS,experiments/tabllm_reference_space_v1/evidence_v1/ref_22/income/metrics.json,reproducibility/verify_reported_results.py,intended mean AUROC - mean of five reference split AUROCs,"Independent aggregation consistency, stricter than printed rounding"
fig:ref_sensitivity,income/ref_23,0.07189122235189616,0.071891222351896156,0,1e-12,PASS,experiments/tabllm_reference_space_v1/evidence_v1/ref_23/income/metrics.json,reproducibility/verify_reported_results.py,intended mean AUROC - mean of five reference split AUROCs,"Independent aggregation consistency, stricter than printed rounding"
fig:ref_sensitivity,jungle/ref_00,0.0245120716940318,0.024512071694031801,0,1e-12,PASS,experiments/tabllm_reference_space_v1/evidence_v1/ref_00/jungle/metrics.json,reproducibility/verify_reported_results.py,intended mean AUROC - mean of five reference split AUROCs,"Independent aggregation consistency, stricter than printed rounding"
fig:ref_sensitivity,jungle/ref_01,0.04649861182926385,0.046498611829263736,-1.1102230246251565e-16,1e-12,PASS,experiments/tabllm_reference_space_v1/evidence_v1/ref_01/jungle/metrics.json,reproducibility/verify_reported_results.py,intended mean AUROC - mean of five reference split AUROCs,"Independent aggregation consistency, stricter than printed rounding"
fig:ref_sensitivity,jungle/ref_02,0.056394552531470965,0.056394552531470965,0,1e-12,PASS,experiments/tabllm_reference_space_v1/evidence_v1/ref_02/jungle/metrics.json,reproducibility/verify_reported_results.py,intended mean AUROC - mean of five reference split AUROCs,"Independent aggregation consistency, stricter than printed rounding"
fig:ref_sensitivity,jungle/ref_03,0.036823116475178,0.036823116475177886,-1.1102230246251565e-16,1e-12,PASS,experiments/tabllm_reference_space_v1/evidence_v1/ref_03/jungle/metrics.json,reproducibility/verify_reported_results.py,intended mean AUROC - mean of five reference split AUROCs,"Independent aggregation consistency, stricter than printed rounding"
fig:ref_sensitivity,jungle/ref_04,0.04452115450229033,0.044521154502290328,0,1e-12,PASS,experiments/tabllm_reference_space_v1/evidence_v1/ref_04/jungle/metrics.json,reproducibility/verify_reported_results.py,intended mean AUROC - mean of five reference split AUROCs,"Independent aggregation consistency, stricter than printed rounding"
fig:ref_sensitivity,jungle/ref_05,0.020384988213446142,0.020384988213446142,0,1e-12,PASS,experiments/tabllm_reference_space_v1/evidence_v1/ref_05/jungle/metrics.json,reproducibility/verify_reported_results.py,intended mean AUROC - mean of five reference split AUROCs,"Independent aggregation consistency, stricter than printed rounding"
fig:ref_sensitivity,jungle/ref_06,0.029972576883091184,0.029972576883091184,0,1e-12,PASS,experiments/tabllm_reference_space_v1/evidence_v1/ref_06/jungle/metrics.json,reproducibility/verify_reported_results.py,intended mean AUROC - mean of five reference split AUROCs,"Independent aggregation consistency, stricter than printed rounding"
fig:ref_sensitivity,jungle/ref_07,0.006148298513398709,0.0061482985133988199,1.1102230246251565e-16,1e-12,PASS,experiments/tabllm_reference_space_v1/evidence_v1/ref_07/jungle/metrics.json,reproducibility/verify_reported_results.py,intended mean AUROC - mean of five reference split AUROCs,"Independent aggregation consistency, stricter than printed rounding"
fig:ref_sensitivity,jungle/ref_08,0.01112884029870509,0.011128840298705089,0,1e-12,PASS,experiments/tabllm_reference_space_v1/evidence_v1/ref_08/jungle/metrics.json,reproducibility/verify_reported_results.py,intended mean AUROC - mean of five reference split AUROCs,"Independent aggregation consistency, stricter than printed rounding"
fig:ref_sensitivity,jungle/ref_09,0.059068035805220465,0.059068035805220465,0,1e-12,PASS,experiments/tabllm_reference_space_v1/evidence_v1/ref_09/jungle/metrics.json,reproducibility/verify_reported_results.py,intended mean AUROC - mean of five reference split AUROCs,"Independent aggregation consistency, stricter than printed rounding"
fig:ref_sensitivity,jungle/ref_10,0.029415660579631964,0.029415660579631964,0,1e-12,PASS,experiments/tabllm_reference_space_v1/evidence_v1/ref_10/jungle/metrics.json,reproducibility/verify_reported_results.py,intended mean AUROC - mean of five reference split AUROCs,"Independent aggregation consistency, stricter than printed rounding"
fig:ref_sensitivity,jungle/ref_11,0.023238340985187955,0.023238340985188066,1.1102230246251565e-16,1e-12,PASS,experiments/tabllm_reference_space_v1/evidence_v1/ref_11/jungle/metrics.json,reproducibility/verify_reported_results.py,intended mean AUROC - mean of five reference split AUROCs,"Independent aggregation consistency, stricter than printed rounding"
fig:ref_sensitivity,jungle/ref_12,0.0032562057260879795,0.0032562057260878685,-1.1102230246251565e-16,1e-12,PASS,experiments/tabllm_reference_space_v1/evidence_v1/ref_12/jungle/metrics.json,reproducibility/verify_reported_results.py,intended mean AUROC - mean of five reference split AUROCs,"Independent aggregation consistency, stricter than printed rounding"
fig:ref_sensitivity,jungle/ref_13,0.0018976937373872405,0.0018976937373872405,0,1e-12,PASS,experiments/tabllm_reference_space_v1/evidence_v1/ref_13/jungle/metrics.json,reproducibility/verify_reported_results.py,intended mean AUROC - mean of five reference split AUROCs,"Independent aggregation consistency, stricter than printed rounding"
fig:ref_sensitivity,jungle/ref_14,0.08275662602067069,0.082756626020670687,0,1e-12,PASS,experiments/tabllm_reference_space_v1/evidence_v1/ref_14/jungle/metrics.json,reproducibility/verify_reported_results.py,intended mean AUROC - mean of five reference split AUROCs,"Independent aggregation consistency, stricter than printed rounding"
fig:ref_sensitivity,jungle/ref_15,0.03265718004915685,0.032657180049156853,0,1e-12,PASS,experiments/tabllm_reference_space_v1/evidence_v1/ref_15/jungle/metrics.json,reproducibility/verify_reported_results.py,intended mean AUROC - mean of five reference split AUROCs,"Independent aggregation consistency, stricter than printed rounding"
fig:ref_sensitivity,jungle/ref_16,-0.01957123047650755,-0.01957123047650744,1.1102230246251565e-16,1e-12,PASS,experiments/tabllm_reference_space_v1/evidence_v1/ref_16/jungle/metrics.json,reproducibility/verify_reported_results.py,intended mean AUROC - mean of five reference split AUROCs,"Independent aggregation consistency, stricter than printed rounding"
fig:ref_sensitivity,jungle/ref_17,0.014721530072188793,0.014721530072188793,0,1e-12,PASS,experiments/tabllm_reference_space_v1/evidence_v1/ref_17/jungle/metrics.json,reproducibility/verify_reported_results.py,intended mean AUROC - mean of five reference split AUROCs,"Independent aggregation consistency, stricter than printed rounding"
fig:ref_sensitivity,jungle/ref_18,-0.0009331711293080192,-0.00093317112930813018,-1.1102230246251565e-16,1e-12,PASS,experiments/tabllm_reference_space_v1/evidence_v1/ref_18/jungle/metrics.json,reproducibility/verify_reported_results.py,intended mean AUROC - mean of five reference split AUROCs,"Independent aggregation consistency, stricter than printed rounding"
fig:ref_sensitivity,jungle/ref_19,0.024344896984530795,0.024344896984530906,1.1102230246251565e-16,1e-12,PASS,experiments/tabllm_reference_space_v1/evidence_v1/ref_19/jungle/metrics.json,reproducibility/verify_reported_results.py,intended mean AUROC - mean of five reference split AUROCs,"Independent aggregation consistency, stricter than printed rounding"
fig:ref_sensitivity,jungle/ref_20,0.08100017615360156,0.081000176153601555,0,1e-12,PASS,experiments/tabllm_reference_space_v1/evidence_v1/ref_20/jungle/metrics.json,reproducibility/verify_reported_results.py,intended mean AUROC - mean of five reference split AUROCs,"Independent aggregation consistency, stricter than printed rounding"
fig:ref_sensitivity,jungle/ref_21,0.030974732383049708,0.030974732383049708,0,1e-12,PASS,experiments/tabllm_reference_space_v1/evidence_v1/ref_21/jungle/metrics.json,reproducibility/verify_reported_results.py,intended mean AUROC - mean of five reference split AUROCs,"Independent aggregation consistency, stricter than printed rounding"
fig:ref_sensitivity,jungle/ref_22,0.057742924494025405,0.057742924494025405,0,1e-12,PASS,experiments/tabllm_reference_space_v1/evidence_v1/ref_22/jungle/metrics.json,reproducibility/verify_reported_results.py,intended mean AUROC - mean of five reference split AUROCs,"Independent aggregation consistency, stricter than printed rounding"
fig:ref_sensitivity,jungle/ref_23,0.02710450455926161,0.027104504559261611,0,1e-12,PASS,experiments/tabllm_reference_space_v1/evidence_v1/ref_23/jungle/metrics.json,reproducibility/verify_reported_results.py,intended mean AUROC - mean of five reference split AUROCs,"Independent aggregation consistency, stricter than printed rounding"
fig:app-tabllm-reference-noise,remaining reference variance minimum percent,79.2,79.170296569797173,-0.029703430202829395,0.05,PASS,experiments/tabllm_paired_reference_decomposition_v2/SUMMARY_V1.json,reproducibility/verify_reported_results.py,min(100*(1-noise_fraction)),
fig:app-tabllm-reference-noise,remaining reference variance maximum percent,99.7,99.701160790891109,0.0011607908911059894,0.05,PASS,experiments/tabllm_paired_reference_decomposition_v2/SUMMARY_V1.json,reproducibility/verify_reported_results.py,max(100*(1-noise_fraction)),
fig:app-tabllm-reference-noise,paired resamples,5000,5000,0,0,PASS,experiments/tabllm_paired_reference_decomposition_v2/SUMMARY_V1.json,reproducibility/verify_reported_results.py,datasets/jungle/draw_count,
Section 4.1; Appendix B.1,published means within .015,21,21,0,0,PASS,experiments/tabllm_retrospective_audit_v1/SUMMARY_V1.json,reproducibility/verify_reported_results.py,count of published_arm_absolute_errors <= .015,
Appendix B.1,maximum compatibility deviation,.0347,0.034698822721351719,-1.1772786482830422e-06,5e-05,PASS,experiments/tabllm_retrospective_audit_v1/SUMMARY_V1.json,reproducibility/verify_reported_results.py,maximum published_arm_absolute_errors,
Section 4.4,ten-endpoint utility mean,+.197,0.19734726316652948,0.0003472631665294712,0.0005,PASS,experiments/crta_v3_survey_label_panel_endpoint_expansion_v1/SUMMARY_V1.json,reproducibility/verify_reported_results.py,raw_minus_pipeline_descriptive/mean * -1,
Section 4.4,ten-endpoint utility CI lower,+.110,0.11017661495081875,0.00017661495081874867,0.0005,PASS,experiments/crta_v3_survey_label_panel_endpoint_expansion_v1/SUMMARY_V1.json,reproducibility/verify_reported_results.py,raw_minus_pipeline_descriptive/ci95/1 * -1,
Section 4.4,ten-endpoint utility CI upper,+.294,0.29390734110684597,-9.2658893154018429e-05,0.0005,PASS,experiments/crta_v3_survey_label_panel_endpoint_expansion_v1/SUMMARY_V1.json,reproducibility/verify_reported_results.py,raw_minus_pipeline_descriptive/ci95/0 * -1,
Section 4.4,six-endpoint K64 utility,+.070,0.069742249688951846,-0.00025775031104816049,0.0005,PASS,experiments/crta_v3_exam_support_ladder_v1/SUMMARY_V1.json,reproducibility/verify_reported_results.py,levels/classA_primary/utility_S_minus_R/64/mean,Main and Appendix D.3 use the same three-decimal rounding
Section 4.4,classA_primary/S_shared_bridge/64,.738,0.73847397850898178,0.00047397850898178717,0.0005,PASS,experiments/crta_v3_exam_support_ladder_v1/SUMMARY_V1.json,reproducibility/verify_reported_results.py,absolute_nrmse_trajectories/classA_primary/S_shared_bridge/64,
Section 4.4,classA_primary/S_shared_bridge/1024,.676,0.67613859585879121,0.00013859585879116842,0.0005,PASS,experiments/crta_v3_exam_support_ladder_v1/SUMMARY_V1.json,reproducibility/verify_reported_results.py,absolute_nrmse_trajectories/classA_primary/S_shared_bridge/1024,
Section 4.4,classA_primary/R_domain_local/64,.808,0.80821622819793382,0.00021622819793376546,0.0005,PASS,experiments/crta_v3_exam_support_ladder_v1/SUMMARY_V1.json,reproducibility/verify_reported_results.py,absolute_nrmse_trajectories/classA_primary/R_domain_local/64,
Section 4.4,classA_primary/R_domain_local/1024,.694,0.69412752291613722,0.00012752291613726818,0.0005,PASS,experiments/crta_v3_exam_support_ladder_v1/SUMMARY_V1.json,reproducibility/verify_reported_results.py,absolute_nrmse_trajectories/classA_primary/R_domain_local/1024,
Appendix D.3,references with positive decay,24,24,0,0,PASS,experiments/tabllm_all_reference_k512_v1/summary_v1/SUMMARY_V1.json,reproducibility/verify_reported_results.py,positive decay estimates over all references,
Appendix D.3,minimum decay interval 0,+.017,0.016923752892801909,-7.624710719809219e-05,0.0005,PASS,experiments/tabllm_all_reference_k512_v1/summary_v1/SUMMARY_V1.json,reproducibility/verify_reported_results.py,minimum_decay_envelope/dataset_bootstrap_ci95/0,
Appendix D.3,minimum decay interval 1,+.138,0.13773286982161898,-0.00026713017838103648,0.0005,PASS,experiments/tabllm_all_reference_k512_v1/summary_v1/SUMMARY_V1.json,reproducibility/verify_reported_results.py,minimum_decay_envelope/dataset_bootstrap_ci95/1,
Appendix E.1,folded utility 3 estimate,+.276,0.27573049140198658,-0.00026950859801344595,0.0005,PASS,reanalysis_20260903/A3_measurement_folded/summary.json,reproducibility/verify_reported_results.py,results/3/estimate,
Appendix E.1,folded utility 3 ci95_low,+.090,0.090030515621881746,3.0515621881749277e-05,0.0005,PASS,reanalysis_20260903/A3_measurement_folded/summary.json,reproducibility/verify_reported_results.py,results/3/ci95_low,
Appendix E.1,folded utility 3 ci95_high,+.385,0.3845524386474351,-0.00044756135256490692,0.0005,PASS,reanalysis_20260903/A3_measurement_folded/summary.json,reproducibility/verify_reported_results.py,results/3/ci95_high,
Appendix E.1,folded utility 7 estimate,+.156,0.15596064043401073,-3.9359565989272038e-05,0.0005,PASS,reanalysis_20260903/A3_measurement_folded/summary.json,reproducibility/verify_reported_results.py,results/7/estimate,
Appendix E.1,folded utility 7 ci95_low,+.089,0.089304022183597953,0.0003040221835979573,0.0005,PASS,reanalysis_20260903/A3_measurement_folded/summary.json,reproducibility/verify_reported_results.py,results/7/ci95_low,
Appendix E.1,folded utility 7 ci95_high,+.225,0.22492077666497037,-7.9223335029632302e-05,0.0005,PASS,reanalysis_20260903/A3_measurement_folded/summary.json,reproducibility/verify_reported_results.py,results/7/ci95_high,
Appendix C.3,lexical R1,+.0887,0.088721987952067261,2.1987952067259453e-05,5e-05,PASS,experiments/tabllm_w2_fixed_mapping_v2/full_analysis/SUMMARY.json,reproducibility/verify_reported_results.py,primary_macro/R1/estimate,
Appendix C.3,lexical R2,+.0716,0.071637385732524927,3.7385732524930493e-05,5e-05,PASS,experiments/tabllm_w2_fixed_mapping_v2/full_analysis/SUMMARY.json,reproducibility/verify_reported_results.py,primary_macro/R2/estimate,
Appendix C.3,lexical R3,+.0792,0.079239030845865838,3.9030845865831165e-05,5e-05,PASS,experiments/tabllm_w2_fixed_mapping_v2/full_analysis/SUMMARY.json,reproducibility/verify_reported_results.py,primary_macro/R3/estimate,
Appendix C.3,lexical R2-R1,-.0171,-0.017084602219542333,1.539778045766757e-05,5e-05,PASS,experiments/tabllm_w2_fixed_mapping_v2/full_analysis/SUMMARY.json,reproducibility/verify_reported_results.py,primary_macro/R2-R1/estimate,
Appendix C.3,lexical R3-R1,-.0095,-0.0094829571062014228,1.7042893798576916e-05,5e-05,PASS,experiments/tabllm_w2_fixed_mapping_v2/full_analysis/SUMMARY.json,reproducibility/verify_reported_results.py,primary_macro/R3-R1/estimate,
Appendix C.3,Field minus primary CI 0,-.0268,-0.02684755232891229,-4.7552328912289082e-05,5e-05,PASS,experiments/tabllm_w2_fixed_mapping_v2/full_analysis/SUMMARY.json,reproducibility/verify_reported_results.py,primary_macro/R2-R1/ci95/0,
Appendix C.3,Field minus primary CI 1,-.0077,-0.007716195601117643,-1.619560111764274e-05,5e-05,PASS,experiments/tabllm_w2_fixed_mapping_v2/full_analysis/SUMMARY.json,reproducibility/verify_reported_results.py,primary_macro/R2-R1/ci95/1,
Appendix E.3,MDE 0,.0095,0.0094769272412591355,-2.3072758740864258e-05,5e-05,PASS,iclr_latex_v3/generated/real_utility_resolution.json,reproducibility/verify_reported_results.py,panels/0/mde_80,
Appendix E.3,MDE 1,.0122,0.012201821484984771,1.8214849847701664e-06,5e-05,PASS,iclr_latex_v3/generated/real_utility_resolution.json,reproducibility/verify_reported_results.py,panels/1/mde_80,
Appendix E.3,MDE 2,.0029,0.0029121231570319122,1.2123157031912381e-05,5e-05,PASS,iclr_latex_v3/generated/real_utility_resolution.json,reproducibility/verify_reported_results.py,panels/2/mde_80,
Appendix E.3,MDE 3,.0015,0.0015085341599522021,8.5341599522020199e-06,5e-05,PASS,iclr_latex_v3/generated/real_utility_resolution.json,reproducibility/verify_reported_results.py,panels/3/mde_80,
Appendix E.3,MDE 4,.1443,0.14426201933271043,-3.7980667289577719e-05,5e-05,PASS,iclr_latex_v3/generated/real_utility_resolution.json,reproducibility/verify_reported_results.py,panels/4/mde_80,
Appendix E.3,MDE 5,.1586,0.15859272238113944,-7.2776188605461201e-06,5e-05,PASS,iclr_latex_v3/generated/real_utility_resolution.json,reproducibility/verify_reported_results.py,panels/5/mde_80,
fig:ref_sensitivity,regeneration from frozen numeric inputs,1,1,0,0,PASS,experiments/tabllm_reference_space_v1/summary_v1/SUMMARY_V1.json;experiments/tabllm_reference_space_v1/summary_v1/reference_utilities.csv,reproducibility/verify_reported_results.py,iclr_latex_v3/scripts/make_reference_sensitivity_figure.py,Generation check; stored intervals are not independently refit.
fig:real_support_reference,regeneration from frozen numeric inputs,1,1,0,0,PASS,experiments/crta_v3_mcr_mismatch_support_ladder_v1/SUMMARY_V1.json;experiments/tabllm_ranon_support_ladder_v1/SUMMARY_V1.json;experiments/crta_v3_exam_support_ladder_v1/SUMMARY_V1.json,reproducibility/verify_reported_results.py,iclr_latex_v3/scripts/make_main_figures.py:make_real_support_reference_figure,Generation check; stored intervals are not independently refit.
fig:app-correspondence-decoy-damage,regeneration from frozen numeric inputs,1,1,0,0,PASS,experiments/crta_v3_decoy_compiler_specificity_v1/SUMMARY_V1.json,reproducibility/verify_reported_results.py,iclr_latex_v3/scripts/make_appendix_assets.py:plot_a7_decoy_damage,Generation check; stored intervals are not independently refit.
fig:app-measurement-dose,regeneration from frozen numeric inputs,1,1,0,0,PASS,experiments/crta_v3_mcr_mismatch_dose_v1/SUMMARY_V1.json;experiments/crta_v3_mcr_mismatch_dose_tabpfn_v1/SUMMARY_V1.json;experiments/crta_v3_mcr_mismatch_dose_k512_extension_v1/SUMMARY_V1.json,reproducibility/verify_reported_results.py,iclr_latex_v3/scripts/make_appendix_assets.py:plot_a2_mismatch_grid,Generation check; stored intervals are not independently refit.
fig:app-redundancy-ladder,regeneration from frozen numeric inputs,1,1,0,0,PASS,experiments/crta_v3_mcr_redundancy_ladder_v1/SUMMARY_V1.json,reproducibility/verify_reported_results.py,iclr_latex_v3/scripts/make_appendix_assets.py:plot_redundancy_ladder,Generation check; stored intervals are not independently refit.
fig:app-tabllm-support-by-dataset,regeneration from frozen numeric inputs,1,1,0,0,PASS,experiments/tabllm_ranon_support_ladder_v1/SUMMARY_V1.json,reproducibility/verify_reported_results.py,iclr_latex_v3/scripts/make_appendix_assets.py:plot_tabllm_support_by_dataset,Generation check; stored intervals are not independently refit.
fig:app-interaction-controlled-real,regeneration from frozen numeric inputs,1,1,0,0,PASS,experiments/crta_v3_mcr_source_informativeness_ladder_v1/SUMMARY_V1.json;experiments/crta_v3_stage_source_informativeness_ladder_v1/SUMMARY_V1.json;experiments/crta_v3_stage_source_ladder_v2_source_only_v1/SUMMARY_V1.json,reproducibility/verify_reported_results.py,iclr_latex_v3/scripts/make_appendix_assets.py:plot_controlled_real_mechanism,Generation check; stored intervals are not independently refit.
fig:app-tabllm-reference-noise,regeneration from frozen numeric inputs,1,1,0,0,PASS,experiments/tabllm_paired_reference_decomposition_v2/SUMMARY_V1.json;experiments/tabllm_paired_reference_decomposition_v2/utility_intervals.csv,reproducibility/verify_reported_results.py,scripts/plot_tabllm_paired_reference_v1.py,Generation check; stored intervals are not independently refit.
tab:published_audit,standalone final content records,4,4,0,0,PASS,published_audit/content_sensitivity_final_adjudication.csv,reproducibility/verify_reported_results.py,standalone final content records,
tab:published_audit,standalone content record ID coverage,1,1,0,0,PASS,published_audit/content_sensitivity_final_adjudication.csv,reproducibility/verify_reported_results.py,standalone content record ID coverage,
tab:published_audit,C01-A original coder a content label retained,1,1,0,0,PASS,published_audit/content_sensitivity_final_adjudication.csv,reproducibility/verify_reported_results.py,C01-A original coder a content label retained,
tab:published_audit,C01-A original coder b content label retained,1,1,0,0,PASS,published_audit/content_sensitivity_final_adjudication.csv,reproducibility/verify_reported_results.py,C01-A original coder b content label retained,
tab:published_audit,C01-A final content projection matches adjudication,1,1,0,0,PASS,published_audit/content_sensitivity_final_adjudication.csv,reproducibility/verify_reported_results.py,C01-A final content projection matches adjudication,
tab:published_audit,C01-A final content points to adjudication source,1,1,0,0,PASS,published_audit/content_sensitivity_final_adjudication.csv,reproducibility/verify_reported_results.py,C01-A final content points to adjudication source,
tab:published_audit,C01-A original construction evidence retained,1,1,0,0,PASS,published_audit/content_sensitivity_final_adjudication.csv,reproducibility/verify_reported_results.py,C01-A original construction evidence retained,
tab:published_audit,C01-A finalization provenance and rationale present,1,1,0,0,PASS,published_audit/content_sensitivity_final_adjudication.csv,reproducibility/verify_reported_results.py,C01-A finalization provenance and rationale present,
tab:published_audit,C01-A agreed initial label carried forward,1,1,0,0,PASS,published_audit/content_sensitivity_final_adjudication.csv,reproducibility/verify_reported_results.py,C01-A agreed initial label carried forward,
tab:published_audit,C01-B original coder a content label retained,1,1,0,0,PASS,published_audit/content_sensitivity_final_adjudication.csv,reproducibility/verify_reported_results.py,C01-B original coder a content label retained,
tab:published_audit,C01-B original coder b content label retained,1,1,0,0,PASS,published_audit/content_sensitivity_final_adjudication.csv,reproducibility/verify_reported_results.py,C01-B original coder b content label retained,
tab:published_audit,C01-B final content projection matches adjudication,1,1,0,0,PASS,published_audit/content_sensitivity_final_adjudication.csv,reproducibility/verify_reported_results.py,C01-B final content projection matches adjudication,
tab:published_audit,C01-B final content points to adjudication source,1,1,0,0,PASS,published_audit/content_sensitivity_final_adjudication.csv,reproducibility/verify_reported_results.py,C01-B final content points to adjudication source,
tab:published_audit,C01-B original construction evidence retained,1,1,0,0,PASS,published_audit/content_sensitivity_final_adjudication.csv,reproducibility/verify_reported_results.py,C01-B original construction evidence retained,
tab:published_audit,C01-B finalization provenance and rationale present,1,1,0,0,PASS,published_audit/content_sensitivity_final_adjudication.csv,reproducibility/verify_reported_results.py,C01-B finalization provenance and rationale present,
tab:published_audit,C01-B author-supplied final decision matches record,1,1,0,0,PASS,published_audit/content_sensitivity_final_adjudication.csv,reproducibility/verify_reported_results.py,C01-B author-supplied final decision matches record,
tab:published_audit,C01-B original disagreement and missing historic record disclosed,1,1,0,0,PASS,published_audit/content_sensitivity_final_adjudication.csv,reproducibility/verify_reported_results.py,C01-B original disagreement and missing historic record disclosed,
tab:published_audit,C03-A original coder a content label retained,1,1,0,0,PASS,published_audit/content_sensitivity_final_adjudication.csv,reproducibility/verify_reported_results.py,C03-A original coder a content label retained,
tab:published_audit,C03-A original coder b content label retained,1,1,0,0,PASS,published_audit/content_sensitivity_final_adjudication.csv,reproducibility/verify_reported_results.py,C03-A original coder b content label retained,
tab:published_audit,C03-A final content projection matches adjudication,1,1,0,0,PASS,published_audit/content_sensitivity_final_adjudication.csv,reproducibility/verify_reported_results.py,C03-A final content projection matches adjudication,
tab:published_audit,C03-A final content points to adjudication source,1,1,0,0,PASS,published_audit/content_sensitivity_final_adjudication.csv,reproducibility/verify_reported_results.py,C03-A final content points to adjudication source,
tab:published_audit,C03-A original construction evidence retained,1,1,0,0,PASS,published_audit/content_sensitivity_final_adjudication.csv,reproducibility/verify_reported_results.py,C03-A original construction evidence retained,
tab:published_audit,C03-A finalization provenance and rationale present,1,1,0,0,PASS,published_audit/content_sensitivity_final_adjudication.csv,reproducibility/verify_reported_results.py,C03-A finalization provenance and rationale present,
tab:published_audit,C03-A agreed initial label carried forward,1,1,0,0,PASS,published_audit/content_sensitivity_final_adjudication.csv,reproducibility/verify_reported_results.py,C03-A agreed initial label carried forward,
tab:published_audit,C03-C original coder a content label retained,1,1,0,0,PASS,published_audit/content_sensitivity_final_adjudication.csv,reproducibility/verify_reported_results.py,C03-C original coder a content label retained,
tab:published_audit,C03-C original coder b content label retained,1,1,0,0,PASS,published_audit/content_sensitivity_final_adjudication.csv,reproducibility/verify_reported_results.py,C03-C original coder b content label retained,
tab:published_audit,C03-C final content projection matches adjudication,1,1,0,0,PASS,published_audit/content_sensitivity_final_adjudication.csv,reproducibility/verify_reported_results.py,C03-C final content projection matches adjudication,
tab:published_audit,C03-C final content points to adjudication source,1,1,0,0,PASS,published_audit/content_sensitivity_final_adjudication.csv,reproducibility/verify_reported_results.py,C03-C final content points to adjudication source,
tab:published_audit,C03-C original construction evidence retained,1,1,0,0,PASS,published_audit/content_sensitivity_final_adjudication.csv,reproducibility/verify_reported_results.py,C03-C original construction evidence retained,
tab:published_audit,C03-C finalization provenance and rationale present,1,1,0,0,PASS,published_audit/content_sensitivity_final_adjudication.csv,reproducibility/verify_reported_results.py,C03-C finalization provenance and rationale present,
tab:published_audit,C03-C agreed initial label carried forward,1,1,0,0,PASS,published_audit/content_sensitivity_final_adjudication.csv,reproducibility/verify_reported_results.py,C03-C agreed initial label carried forward,
tab:published_audit,standalone content adjudication Supported,3,3,0,0,PASS,published_audit/content_sensitivity_final_adjudication.csv,reproducibility/verify_reported_results.py,standalone content adjudication Supported,
tab:published_audit,standalone content adjudication Unsupported,1,1,0,0,PASS,published_audit/content_sensitivity_final_adjudication.csv,reproducibility/verify_reported_results.py,standalone content adjudication Unsupported,
tab:published_audit,standalone content adjudication Indeterminate,0,0,0,0,PASS,published_audit/content_sensitivity_final_adjudication.csv,reproducibility/verify_reported_results.py,standalone content adjudication Indeterminate,
tab:published_audit,comparison count,25,25,0,0,PASS,published_audit/comparison_level_final.csv,reproducibility/verify_reported_results.py,comparison count,
tab:published_audit,content_sensitivity explicit claims,4,4,0,0,PASS,published_audit/comparison_level_final.csv,reproducibility/verify_reported_results.py,content_sensitivity explicit claims,
tab:published_audit,content_sensitivity Supported,3,3,0,0,PASS,published_audit/comparison_level_final.csv,reproducibility/verify_reported_results.py,content_sensitivity Supported,
tab:published_audit,content_sensitivity Unsupported,1,1,0,0,PASS,published_audit/comparison_level_final.csv,reproducibility/verify_reported_results.py,content_sensitivity Unsupported,
tab:published_audit,content_sensitivity Indeterminate,0,0,0,0,PASS,published_audit/comparison_level_final.csv,reproducibility/verify_reported_results.py,content_sensitivity Indeterminate,
tab:published_audit,predictive_utility explicit claims,18,18,0,0,PASS,published_audit/comparison_level_final.csv,reproducibility/verify_reported_results.py,predictive_utility explicit claims,
tab:published_audit,predictive_utility Supported,1,1,0,0,PASS,published_audit/comparison_level_final.csv,reproducibility/verify_reported_results.py,predictive_utility Supported,
tab:published_audit,predictive_utility Unsupported,11,11,0,0,PASS,published_audit/comparison_level_final.csv,reproducibility/verify_reported_results.py,predictive_utility Unsupported,
tab:published_audit,predictive_utility Indeterminate,6,6,0,0,PASS,published_audit/comparison_level_final.csv,reproducibility/verify_reported_results.py,predictive_utility Indeterminate,
tab:app-published-audit,C01-A printed coding field 1,1,1,0,0,PASS,published_audit/comparison_level_final.csv,reproducibility/verify_reported_results.py,C01-A printed coding field 1,Printed=Y; frozen coding=Y; content adjudication source is explicitly labelled.
tab:app-published-audit,C01-A printed coding field 2,1,1,0,0,PASS,published_audit/comparison_level_final.csv,reproducibility/verify_reported_results.py,C01-A printed coding field 2,Printed=S; frozen coding=S; content adjudication source is explicitly labelled.
tab:app-published-audit,C01-A printed coding field 3,1,1,0,0,PASS,published_audit/comparison_level_final.csv,reproducibility/verify_reported_results.py,C01-A printed coding field 3,Printed=Y; frozen coding=Y; content adjudication source is explicitly labelled.
tab:app-published-audit,C01-A printed coding field 4,1,1,0,0,PASS,published_audit/comparison_level_final.csv,reproducibility/verify_reported_results.py,C01-A printed coding field 4,Printed=U; frozen coding=U; content adjudication source is explicitly labelled.
tab:app-published-audit,C01-A derived preservation,1,1,0,0,PASS,published_audit/comparison_level_final.csv,reproducibility/verify_reported_results.py,C01-A derived preservation,
tab:app-published-audit,C01-A derived interface,1,1,0,0,PASS,published_audit/comparison_level_final.csv,reproducibility/verify_reported_results.py,C01-A derived interface,
tab:app-published-audit,C01-A derived support,1,1,0,0,PASS,published_audit/comparison_level_final.csv,reproducibility/verify_reported_results.py,C01-A derived support,
tab:app-published-audit,C01-B printed coding field 1,1,1,0,0,PASS,published_audit/comparison_level_final.csv,reproducibility/verify_reported_results.py,C01-B printed coding field 1,Printed=Y; frozen coding=Y; content adjudication source is explicitly labelled.
tab:app-published-audit,C01-B printed coding field 2,1,1,0,0,PASS,published_audit/comparison_level_final.csv,reproducibility/verify_reported_results.py,C01-B printed coding field 2,Printed=S; frozen coding=S; content adjudication source is explicitly labelled.
tab:app-published-audit,C01-B printed coding field 3,1,1,0,0,PASS,published_audit/comparison_level_final.csv,reproducibility/verify_reported_results.py,C01-B printed coding field 3,Printed=Y; frozen coding=Y; content adjudication source is explicitly labelled.
tab:app-published-audit,C01-B printed coding field 4,1,1,0,0,PASS,published_audit/comparison_level_final.csv,reproducibility/verify_reported_results.py,C01-B printed coding field 4,Printed=U; frozen coding=U; content adjudication source is explicitly labelled.
tab:app-published-audit,C01-B derived preservation,1,1,0,0,PASS,published_audit/comparison_level_final.csv,reproducibility/verify_reported_results.py,C01-B derived preservation,
tab:app-published-audit,C01-B derived interface,1,1,0,0,PASS,published_audit/comparison_level_final.csv,reproducibility/verify_reported_results.py,C01-B derived interface,
tab:app-published-audit,C01-B derived support,1,1,0,0,PASS,published_audit/comparison_level_final.csv,reproducibility/verify_reported_results.py,C01-B derived support,
tab:app-published-audit,C01-C printed coding field 1,1,1,0,0,PASS,published_audit/comparison_level_final.csv,reproducibility/verify_reported_results.py,C01-C printed coding field 1,Printed=N; frozen coding=N; content adjudication source is explicitly labelled.
tab:app-published-audit,C01-C printed coding field 2,1,1,0,0,PASS,published_audit/comparison_level_final.csv,reproducibility/verify_reported_results.py,C01-C printed coding field 2,Printed=--; frozen coding=--; content adjudication source is explicitly labelled.
tab:app-published-audit,C01-C printed coding field 3,1,1,0,0,PASS,published_audit/comparison_level_final.csv,reproducibility/verify_reported_results.py,C01-C printed coding field 3,Printed=Y; frozen coding=Y; content adjudication source is explicitly labelled.
tab:app-published-audit,C01-C printed coding field 4,1,1,0,0,PASS,published_audit/comparison_level_final.csv,reproducibility/verify_reported_results.py,C01-C printed coding field 4,Printed=U; frozen coding=U; content adjudication source is explicitly labelled.
tab:app-published-audit,C01-C derived preservation,1,1,0,0,PASS,published_audit/comparison_level_final.csv,reproducibility/verify_reported_results.py,C01-C derived preservation,
tab:app-published-audit,C01-C derived interface,1,1,0,0,PASS,published_audit/comparison_level_final.csv,reproducibility/verify_reported_results.py,C01-C derived interface,
tab:app-published-audit,C01-C derived support,1,1,0,0,PASS,published_audit/comparison_level_final.csv,reproducibility/verify_reported_results.py,C01-C derived support,
tab:app-published-audit,C01-D printed coding field 1,1,1,0,0,PASS,published_audit/comparison_level_final.csv,reproducibility/verify_reported_results.py,C01-D printed coding field 1,Printed=N; frozen coding=N; content adjudication source is explicitly labelled.
tab:app-published-audit,C01-D printed coding field 2,1,1,0,0,PASS,published_audit/comparison_level_final.csv,reproducibility/verify_reported_results.py,C01-D printed coding field 2,Printed=--; frozen coding=--; content adjudication source is explicitly labelled.
tab:app-published-audit,C01-D printed coding field 3,1,1,0,0,PASS,published_audit/comparison_level_final.csv,reproducibility/verify_reported_results.py,C01-D printed coding field 3,Printed=Y; frozen coding=Y; content adjudication source is explicitly labelled.
tab:app-published-audit,C01-D printed coding field 4,1,1,0,0,PASS,published_audit/comparison_level_final.csv,reproducibility/verify_reported_results.py,C01-D printed coding field 4,Printed=I; frozen coding=I; content adjudication source is explicitly labelled.
tab:app-published-audit,C01-D derived preservation,1,1,0,0,PASS,published_audit/comparison_level_final.csv,reproducibility/verify_reported_results.py,C01-D derived preservation,
tab:app-published-audit,C01-D derived interface,1,1,0,0,PASS,published_audit/comparison_level_final.csv,reproducibility/verify_reported_results.py,C01-D derived interface,
tab:app-published-audit,C01-D derived support,1,1,0,0,PASS,published_audit/comparison_level_final.csv,reproducibility/verify_reported_results.py,C01-D derived support,
tab:app-published-audit,C03-A printed coding field 1,1,1,0,0,PASS,published_audit/comparison_level_final.csv,reproducibility/verify_reported_results.py,C03-A printed coding field 1,Printed=Y; frozen coding=Y; content adjudication source is explicitly labelled.
tab:app-published-audit,C03-A printed coding field 2,1,1,0,0,PASS,published_audit/comparison_level_final.csv,reproducibility/verify_reported_results.py,C03-A printed coding field 2,Printed=S; frozen coding=S; content adjudication source is explicitly labelled.
tab:app-published-audit,C03-A printed coding field 3,1,1,0,0,PASS,published_audit/comparison_level_final.csv,reproducibility/verify_reported_results.py,C03-A printed coding field 3,Printed=N; frozen coding=N; content adjudication source is explicitly labelled.
tab:app-published-audit,C03-A printed coding field 4,1,1,0,0,PASS,published_audit/comparison_level_final.csv,reproducibility/verify_reported_results.py,C03-A printed coding field 4,Printed=--; frozen coding=--; content adjudication source is explicitly labelled.
tab:app-published-audit,C03-A derived preservation,1,1,0,0,PASS,published_audit/comparison_level_final.csv,reproducibility/verify_reported_results.py,C03-A derived preservation,
tab:app-published-audit,C03-A derived interface,1,1,0,0,PASS,published_audit/comparison_level_final.csv,reproducibility/verify_reported_results.py,C03-A derived interface,
tab:app-published-audit,C03-A derived support,1,1,0,0,PASS,published_audit/comparison_level_final.csv,reproducibility/verify_reported_results.py,C03-A derived support,
tab:app-published-audit,C03-B printed coding field 1,1,1,0,0,PASS,published_audit/comparison_level_final.csv,reproducibility/verify_reported_results.py,C03-B printed coding field 1,Printed=N; frozen coding=N; content adjudication source is explicitly labelled.
tab:app-published-audit,C03-B printed coding field 2,1,1,0,0,PASS,published_audit/comparison_level_final.csv,reproducibility/verify_reported_results.py,C03-B printed coding field 2,Printed=--; frozen coding=--; content adjudication source is explicitly labelled.
tab:app-published-audit,C03-B printed coding field 3,1,1,0,0,PASS,published_audit/comparison_level_final.csv,reproducibility/verify_reported_results.py,C03-B printed coding field 3,Printed=N; frozen coding=N; content adjudication source is explicitly labelled.
tab:app-published-audit,C03-B printed coding field 4,1,1,0,0,PASS,published_audit/comparison_level_final.csv,reproducibility/verify_reported_results.py,C03-B printed coding field 4,Printed=--; frozen coding=--; content adjudication source is explicitly labelled.
tab:app-published-audit,C03-B derived preservation,1,1,0,0,PASS,published_audit/comparison_level_final.csv,reproducibility/verify_reported_results.py,C03-B derived preservation,
tab:app-published-audit,C03-B derived interface,1,1,0,0,PASS,published_audit/comparison_level_final.csv,reproducibility/verify_reported_results.py,C03-B derived interface,
tab:app-published-audit,C03-B derived support,1,1,0,0,PASS,published_audit/comparison_level_final.csv,reproducibility/verify_reported_results.py,C03-B derived support,
tab:app-published-audit,C03-C printed coding field 1,1,1,0,0,PASS,published_audit/comparison_level_final.csv,reproducibility/verify_reported_results.py,C03-C printed coding field 1,Printed=Y; frozen coding=Y; content adjudication source is explicitly labelled.
tab:app-published-audit,C03-C printed coding field 2,1,1,0,0,PASS,published_audit/comparison_level_final.csv,reproducibility/verify_reported_results.py,C03-C printed coding field 2,Printed=U; frozen coding=U; content adjudication source is explicitly labelled.
tab:app-published-audit,C03-C printed coding field 3,1,1,0,0,PASS,published_audit/comparison_level_final.csv,reproducibility/verify_reported_results.py,C03-C printed coding field 3,Printed=N; frozen coding=N; content adjudication source is explicitly labelled.
tab:app-published-audit,C03-C printed coding field 4,1,1,0,0,PASS,published_audit/comparison_level_final.csv,reproducibility/verify_reported_results.py,C03-C printed coding field 4,Printed=--; frozen coding=--; content adjudication source is explicitly labelled.
tab:app-published-audit,C03-C derived preservation,1,1,0,0,PASS,published_audit/comparison_level_final.csv,reproducibility/verify_reported_results.py,C03-C derived preservation,
tab:app-published-audit,C03-C derived interface,1,1,0,0,PASS,published_audit/comparison_level_final.csv,reproducibility/verify_reported_results.py,C03-C derived interface,
tab:app-published-audit,C03-C derived support,1,1,0,0,PASS,published_audit/comparison_level_final.csv,reproducibility/verify_reported_results.py,C03-C derived support,
tab:app-published-audit,C04-A printed coding field 1,1,1,0,0,PASS,published_audit/comparison_level_final.csv,reproducibility/verify_reported_results.py,C04-A printed coding field 1,Printed=N; frozen coding=N; content adjudication source is explicitly labelled.
tab:app-published-audit,C04-A printed coding field 2,1,1,0,0,PASS,published_audit/comparison_level_final.csv,reproducibility/verify_reported_results.py,C04-A printed coding field 2,Printed=--; frozen coding=--; content adjudication source is explicitly labelled.
tab:app-published-audit,C04-A printed coding field 3,1,1,0,0,PASS,published_audit/comparison_level_final.csv,reproducibility/verify_reported_results.py,C04-A printed coding field 3,Printed=Y; frozen coding=Y; content adjudication source is explicitly labelled.
tab:app-published-audit,C04-A printed coding field 4,1,1,0,0,PASS,published_audit/comparison_level_final.csv,reproducibility/verify_reported_results.py,C04-A printed coding field 4,Printed=I; frozen coding=I; content adjudication source is explicitly labelled.
tab:app-published-audit,C04-A derived preservation,1,1,0,0,PASS,published_audit/comparison_level_final.csv,reproducibility/verify_reported_results.py,C04-A derived preservation,
tab:app-published-audit,C04-A derived interface,1,1,0,0,PASS,published_audit/comparison_level_final.csv,reproducibility/verify_reported_results.py,C04-A derived interface,
tab:app-published-audit,C04-A derived support,1,1,0,0,PASS,published_audit/comparison_level_final.csv,reproducibility/verify_reported_results.py,C04-A derived support,
tab:app-published-audit,C04-B printed coding field 1,1,1,0,0,PASS,published_audit/comparison_level_final.csv,reproducibility/verify_reported_results.py,C04-B printed coding field 1,Printed=N; frozen coding=N; content adjudication source is explicitly labelled.
tab:app-published-audit,C04-B printed coding field 2,1,1,0,0,PASS,published_audit/comparison_level_final.csv,reproducibility/verify_reported_results.py,C04-B printed coding field 2,Printed=--; frozen coding=--; content adjudication source is explicitly labelled.
tab:app-published-audit,C04-B printed coding field 3,1,1,0,0,PASS,published_audit/comparison_level_final.csv,reproducibility/verify_reported_results.py,C04-B printed coding field 3,Printed=Y; frozen coding=Y; content adjudication source is explicitly labelled.
tab:app-published-audit,C04-B printed coding field 4,1,1,0,0,PASS,published_audit/comparison_level_final.csv,reproducibility/verify_reported_results.py,C04-B printed coding field 4,Printed=U; frozen coding=U; content adjudication source is explicitly labelled.
tab:app-published-audit,C04-B derived preservation,1,1,0,0,PASS,published_audit/comparison_level_final.csv,reproducibility/verify_reported_results.py,C04-B derived preservation,
tab:app-published-audit,C04-B derived interface,1,1,0,0,PASS,published_audit/comparison_level_final.csv,reproducibility/verify_reported_results.py,C04-B derived interface,
tab:app-published-audit,C04-B derived support,1,1,0,0,PASS,published_audit/comparison_level_final.csv,reproducibility/verify_reported_results.py,C04-B derived support,
tab:app-published-audit,C04-C printed coding field 1,1,1,0,0,PASS,published_audit/comparison_level_final.csv,reproducibility/verify_reported_results.py,C04-C printed coding field 1,Printed=N; frozen coding=N; content adjudication source is explicitly labelled.
tab:app-published-audit,C04-C printed coding field 2,1,1,0,0,PASS,published_audit/comparison_level_final.csv,reproducibility/verify_reported_results.py,C04-C printed coding field 2,Printed=--; frozen coding=--; content adjudication source is explicitly labelled.
tab:app-published-audit,C04-C printed coding field 3,1,1,0,0,PASS,published_audit/comparison_level_final.csv,reproducibility/verify_reported_results.py,C04-C printed coding field 3,Printed=N; frozen coding=N; content adjudication source is explicitly labelled.
tab:app-published-audit,C04-C printed coding field 4,1,1,0,0,PASS,published_audit/comparison_level_final.csv,reproducibility/verify_reported_results.py,C04-C printed coding field 4,Printed=--; frozen coding=--; content adjudication source is explicitly labelled.
tab:app-published-audit,C04-C derived preservation,1,1,0,0,PASS,published_audit/comparison_level_final.csv,reproducibility/verify_reported_results.py,C04-C derived preservation,
tab:app-published-audit,C04-C derived interface,1,1,0,0,PASS,published_audit/comparison_level_final.csv,reproducibility/verify_reported_results.py,C04-C derived interface,
tab:app-published-audit,C04-C derived support,1,1,0,0,PASS,published_audit/comparison_level_final.csv,reproducibility/verify_reported_results.py,C04-C derived support,
tab:app-published-audit,C05-A printed coding field 1,1,1,0,0,PASS,published_audit/comparison_level_final.csv,reproducibility/verify_reported_results.py,C05-A printed coding field 1,Printed=N; frozen coding=N; content adjudication source is explicitly labelled.
tab:app-published-audit,C05-A printed coding field 2,1,1,0,0,PASS,published_audit/comparison_level_final.csv,reproducibility/verify_reported_results.py,C05-A printed coding field 2,Printed=--; frozen coding=--; content adjudication source is explicitly labelled.
tab:app-published-audit,C05-A printed coding field 3,1,1,0,0,PASS,published_audit/comparison_level_final.csv,reproducibility/verify_reported_results.py,C05-A printed coding field 3,Printed=Y; frozen coding=Y; content adjudication source is explicitly labelled.
tab:app-published-audit,C05-A printed coding field 4,1,1,0,0,PASS,published_audit/comparison_level_final.csv,reproducibility/verify_reported_results.py,C05-A printed coding field 4,Printed=U; frozen coding=U; content adjudication source is explicitly labelled.
tab:app-published-audit,C05-A derived preservation,1,1,0,0,PASS,published_audit/comparison_level_final.csv,reproducibility/verify_reported_results.py,C05-A derived preservation,
tab:app-published-audit,C05-A derived interface,1,1,0,0,PASS,published_audit/comparison_level_final.csv,reproducibility/verify_reported_results.py,C05-A derived interface,
tab:app-published-audit,C05-A derived support,1,1,0,0,PASS,published_audit/comparison_level_final.csv,reproducibility/verify_reported_results.py,C05-A derived support,
tab:app-published-audit,C05-B printed coding field 1,1,1,0,0,PASS,published_audit/comparison_level_final.csv,reproducibility/verify_reported_results.py,C05-B printed coding field 1,Printed=N; frozen coding=N; content adjudication source is explicitly labelled.
tab:app-published-audit,C05-B printed coding field 2,1,1,0,0,PASS,published_audit/comparison_level_final.csv,reproducibility/verify_reported_results.py,C05-B printed coding field 2,Printed=--; frozen coding=--; content adjudication source is explicitly labelled.
tab:app-published-audit,C05-B printed coding field 3,1,1,0,0,PASS,published_audit/comparison_level_final.csv,reproducibility/verify_reported_results.py,C05-B printed coding field 3,Printed=Y; frozen coding=Y; content adjudication source is explicitly labelled.
tab:app-published-audit,C05-B printed coding field 4,1,1,0,0,PASS,published_audit/comparison_level_final.csv,reproducibility/verify_reported_results.py,C05-B printed coding field 4,Printed=I; frozen coding=I; content adjudication source is explicitly labelled.
tab:app-published-audit,C05-B derived preservation,1,1,0,0,PASS,published_audit/comparison_level_final.csv,reproducibility/verify_reported_results.py,C05-B derived preservation,
tab:app-published-audit,C05-B derived interface,1,1,0,0,PASS,published_audit/comparison_level_final.csv,reproducibility/verify_reported_results.py,C05-B derived interface,
tab:app-published-audit,C05-B derived support,1,1,0,0,PASS,published_audit/comparison_level_final.csv,reproducibility/verify_reported_results.py,C05-B derived support,
tab:app-published-audit,C05-C printed coding field 1,1,1,0,0,PASS,published_audit/comparison_level_final.csv,reproducibility/verify_reported_results.py,C05-C printed coding field 1,Printed=N; frozen coding=N; content adjudication source is explicitly labelled.
tab:app-published-audit,C05-C printed coding field 2,1,1,0,0,PASS,published_audit/comparison_level_final.csv,reproducibility/verify_reported_results.py,C05-C printed coding field 2,Printed=--; frozen coding=--; content adjudication source is explicitly labelled.
tab:app-published-audit,C05-C printed coding field 3,1,1,0,0,PASS,published_audit/comparison_level_final.csv,reproducibility/verify_reported_results.py,C05-C printed coding field 3,Printed=Y; frozen coding=Y; content adjudication source is explicitly labelled.
tab:app-published-audit,C05-C printed coding field 4,1,1,0,0,PASS,published_audit/comparison_level_final.csv,reproducibility/verify_reported_results.py,C05-C printed coding field 4,Printed=U; frozen coding=U; content adjudication source is explicitly labelled.
tab:app-published-audit,C05-C derived preservation,1,1,0,0,PASS,published_audit/comparison_level_final.csv,reproducibility/verify_reported_results.py,C05-C derived preservation,
tab:app-published-audit,C05-C derived interface,1,1,0,0,PASS,published_audit/comparison_level_final.csv,reproducibility/verify_reported_results.py,C05-C derived interface,
tab:app-published-audit,C05-C derived support,1,1,0,0,PASS,published_audit/comparison_level_final.csv,reproducibility/verify_reported_results.py,C05-C derived support,
tab:app-published-audit,C06-A printed coding field 1,1,1,0,0,PASS,published_audit/comparison_level_final.csv,reproducibility/verify_reported_results.py,C06-A printed coding field 1,Printed=N; frozen coding=N; content adjudication source is explicitly labelled.
tab:app-published-audit,C06-A printed coding field 2,1,1,0,0,PASS,published_audit/comparison_level_final.csv,reproducibility/verify_reported_results.py,C06-A printed coding field 2,Printed=--; frozen coding=--; content adjudication source is explicitly labelled.
tab:app-published-audit,C06-A printed coding field 3,1,1,0,0,PASS,published_audit/comparison_level_final.csv,reproducibility/verify_reported_results.py,C06-A printed coding field 3,Printed=Y; frozen coding=Y; content adjudication source is explicitly labelled.
tab:app-published-audit,C06-A printed coding field 4,1,1,0,0,PASS,published_audit/comparison_level_final.csv,reproducibility/verify_reported_results.py,C06-A printed coding field 4,Printed=I; frozen coding=I; content adjudication source is explicitly labelled.
tab:app-published-audit,C06-A derived preservation,1,1,0,0,PASS,published_audit/comparison_level_final.csv,reproducibility/verify_reported_results.py,C06-A derived preservation,
tab:app-published-audit,C06-A derived interface,1,1,0,0,PASS,published_audit/comparison_level_final.csv,reproducibility/verify_reported_results.py,C06-A derived interface,
tab:app-published-audit,C06-A derived support,1,1,0,0,PASS,published_audit/comparison_level_final.csv,reproducibility/verify_reported_results.py,C06-A derived support,
tab:app-published-audit,C07-A printed coding field 1,1,1,0,0,PASS,published_audit/comparison_level_final.csv,reproducibility/verify_reported_results.py,C07-A printed coding field 1,Printed=?; frozen coding=?; content adjudication source is explicitly labelled.
tab:app-published-audit,C07-A printed coding field 2,1,1,0,0,PASS,published_audit/comparison_level_final.csv,reproducibility/verify_reported_results.py,C07-A printed coding field 2,Printed=--; frozen coding=--; content adjudication source is explicitly labelled.
tab:app-published-audit,C07-A printed coding field 3,1,1,0,0,PASS,published_audit/comparison_level_final.csv,reproducibility/verify_reported_results.py,C07-A printed coding field 3,Printed=Y; frozen coding=Y; content adjudication source is explicitly labelled.
tab:app-published-audit,C07-A printed coding field 4,1,1,0,0,PASS,published_audit/comparison_level_final.csv,reproducibility/verify_reported_results.py,C07-A printed coding field 4,Printed=S; frozen coding=S; content adjudication source is explicitly labelled.
tab:app-published-audit,C07-A derived preservation,1,1,0,0,PASS,published_audit/comparison_level_final.csv,reproducibility/verify_reported_results.py,C07-A derived preservation,
tab:app-published-audit,C07-A derived interface,1,1,0,0,PASS,published_audit/comparison_level_final.csv,reproducibility/verify_reported_results.py,C07-A derived interface,
tab:app-published-audit,C07-A derived support,1,1,0,0,PASS,published_audit/comparison_level_final.csv,reproducibility/verify_reported_results.py,C07-A derived support,
tab:app-published-audit,C08-A printed coding field 1,1,1,0,0,PASS,published_audit/comparison_level_final.csv,reproducibility/verify_reported_results.py,C08-A printed coding field 1,Printed=N; frozen coding=N; content adjudication source is explicitly labelled.
tab:app-published-audit,C08-A printed coding field 2,1,1,0,0,PASS,published_audit/comparison_level_final.csv,reproducibility/verify_reported_results.py,C08-A printed coding field 2,Printed=--; frozen coding=--; content adjudication source is explicitly labelled.
tab:app-published-audit,C08-A printed coding field 3,1,1,0,0,PASS,published_audit/comparison_level_final.csv,reproducibility/verify_reported_results.py,C08-A printed coding field 3,Printed=Y; frozen coding=Y; content adjudication source is explicitly labelled.
tab:app-published-audit,C08-A printed coding field 4,1,1,0,0,PASS,published_audit/comparison_level_final.csv,reproducibility/verify_reported_results.py,C08-A printed coding field 4,Printed=U; frozen coding=U; content adjudication source is explicitly labelled.
tab:app-published-audit,C08-A derived preservation,1,1,0,0,PASS,published_audit/comparison_level_final.csv,reproducibility/verify_reported_results.py,C08-A derived preservation,
tab:app-published-audit,C08-A derived interface,1,1,0,0,PASS,published_audit/comparison_level_final.csv,reproducibility/verify_reported_results.py,C08-A derived interface,
tab:app-published-audit,C08-A derived support,1,1,0,0,PASS,published_audit/comparison_level_final.csv,reproducibility/verify_reported_results.py,C08-A derived support,
tab:app-published-audit,C08-B printed coding field 1,1,1,0,0,PASS,published_audit/comparison_level_final.csv,reproducibility/verify_reported_results.py,C08-B printed coding field 1,Printed=N; frozen coding=N; content adjudication source is explicitly labelled.
tab:app-published-audit,C08-B printed coding field 2,1,1,0,0,PASS,published_audit/comparison_level_final.csv,reproducibility/verify_reported_results.py,C08-B printed coding field 2,Printed=--; frozen coding=--; content adjudication source is explicitly labelled.
tab:app-published-audit,C08-B printed coding field 3,1,1,0,0,PASS,published_audit/comparison_level_final.csv,reproducibility/verify_reported_results.py,C08-B printed coding field 3,Printed=Y; frozen coding=Y; content adjudication source is explicitly labelled.
tab:app-published-audit,C08-B printed coding field 4,1,1,0,0,PASS,published_audit/comparison_level_final.csv,reproducibility/verify_reported_results.py,C08-B printed coding field 4,Printed=U; frozen coding=U; content adjudication source is explicitly labelled.
tab:app-published-audit,C08-B derived preservation,1,1,0,0,PASS,published_audit/comparison_level_final.csv,reproducibility/verify_reported_results.py,C08-B derived preservation,
tab:app-published-audit,C08-B derived interface,1,1,0,0,PASS,published_audit/comparison_level_final.csv,reproducibility/verify_reported_results.py,C08-B derived interface,
tab:app-published-audit,C08-B derived support,1,1,0,0,PASS,published_audit/comparison_level_final.csv,reproducibility/verify_reported_results.py,C08-B derived support,
tab:app-published-audit,C08-C printed coding field 1,1,1,0,0,PASS,published_audit/comparison_level_final.csv,reproducibility/verify_reported_results.py,C08-C printed coding field 1,Printed=N; frozen coding=N; content adjudication source is explicitly labelled.
tab:app-published-audit,C08-C printed coding field 2,1,1,0,0,PASS,published_audit/comparison_level_final.csv,reproducibility/verify_reported_results.py,C08-C printed coding field 2,Printed=--; frozen coding=--; content adjudication source is explicitly labelled.
tab:app-published-audit,C08-C printed coding field 3,1,1,0,0,PASS,published_audit/comparison_level_final.csv,reproducibility/verify_reported_results.py,C08-C printed coding field 3,Printed=Y; frozen coding=Y; content adjudication source is explicitly labelled.
tab:app-published-audit,C08-C printed coding field 4,1,1,0,0,PASS,published_audit/comparison_level_final.csv,reproducibility/verify_reported_results.py,C08-C printed coding field 4,Printed=U; frozen coding=U; content adjudication source is explicitly labelled.
tab:app-published-audit,C08-C derived preservation,1,1,0,0,PASS,published_audit/comparison_level_final.csv,reproducibility/verify_reported_results.py,C08-C derived preservation,
tab:app-published-audit,C08-C derived interface,1,1,0,0,PASS,published_audit/comparison_level_final.csv,reproducibility/verify_reported_results.py,C08-C derived interface,
tab:app-published-audit,C08-C derived support,1,1,0,0,PASS,published_audit/comparison_level_final.csv,reproducibility/verify_reported_results.py,C08-C derived support,
tab:app-published-audit,C08-D printed coding field 1,1,1,0,0,PASS,published_audit/comparison_level_final.csv,reproducibility/verify_reported_results.py,C08-D printed coding field 1,Printed=N; frozen coding=N; content adjudication source is explicitly labelled.
tab:app-published-audit,C08-D printed coding field 2,1,1,0,0,PASS,published_audit/comparison_level_final.csv,reproducibility/verify_reported_results.py,C08-D printed coding field 2,Printed=--; frozen coding=--; content adjudication source is explicitly labelled.
tab:app-published-audit,C08-D printed coding field 3,1,1,0,0,PASS,published_audit/comparison_level_final.csv,reproducibility/verify_reported_results.py,C08-D printed coding field 3,Printed=Y; frozen coding=Y; content adjudication source is explicitly labelled.
tab:app-published-audit,C08-D printed coding field 4,1,1,0,0,PASS,published_audit/comparison_level_final.csv,reproducibility/verify_reported_results.py,C08-D printed coding field 4,Printed=U; frozen coding=U; content adjudication source is explicitly labelled.
tab:app-published-audit,C08-D derived preservation,1,1,0,0,PASS,published_audit/comparison_level_final.csv,reproducibility/verify_reported_results.py,C08-D derived preservation,
tab:app-published-audit,C08-D derived interface,1,1,0,0,PASS,published_audit/comparison_level_final.csv,reproducibility/verify_reported_results.py,C08-D derived interface,
tab:app-published-audit,C08-D derived support,1,1,0,0,PASS,published_audit/comparison_level_final.csv,reproducibility/verify_reported_results.py,C08-D derived support,
tab:app-published-audit,C08-E printed coding field 1,1,1,0,0,PASS,published_audit/comparison_level_final.csv,reproducibility/verify_reported_results.py,C08-E printed coding field 1,Printed=N; frozen coding=N; content adjudication source is explicitly labelled.
tab:app-published-audit,C08-E printed coding field 2,1,1,0,0,PASS,published_audit/comparison_level_final.csv,reproducibility/verify_reported_results.py,C08-E printed coding field 2,Printed=--; frozen coding=--; content adjudication source is explicitly labelled.
tab:app-published-audit,C08-E printed coding field 3,1,1,0,0,PASS,published_audit/comparison_level_final.csv,reproducibility/verify_reported_results.py,C08-E printed coding field 3,Printed=Y; frozen coding=Y; content adjudication source is explicitly labelled.
tab:app-published-audit,C08-E printed coding field 4,1,1,0,0,PASS,published_audit/comparison_level_final.csv,reproducibility/verify_reported_results.py,C08-E printed coding field 4,Printed=I; frozen coding=I; content adjudication source is explicitly labelled.
tab:app-published-audit,C08-E derived preservation,1,1,0,0,PASS,published_audit/comparison_level_final.csv,reproducibility/verify_reported_results.py,C08-E derived preservation,
tab:app-published-audit,C08-E derived interface,1,1,0,0,PASS,published_audit/comparison_level_final.csv,reproducibility/verify_reported_results.py,C08-E derived interface,
tab:app-published-audit,C08-E derived support,1,1,0,0,PASS,published_audit/comparison_level_final.csv,reproducibility/verify_reported_results.py,C08-E derived support,
tab:app-published-audit,C08-F printed coding field 1,1,1,0,0,PASS,published_audit/comparison_level_final.csv,reproducibility/verify_reported_results.py,C08-F printed coding field 1,Printed=N; frozen coding=N; content adjudication source is explicitly labelled.
tab:app-published-audit,C08-F printed coding field 2,1,1,0,0,PASS,published_audit/comparison_level_final.csv,reproducibility/verify_reported_results.py,C08-F printed coding field 2,Printed=--; frozen coding=--; content adjudication source is explicitly labelled.
tab:app-published-audit,C08-F printed coding field 3,1,1,0,0,PASS,published_audit/comparison_level_final.csv,reproducibility/verify_reported_results.py,C08-F printed coding field 3,Printed=?; frozen coding=?; content adjudication source is explicitly labelled.
tab:app-published-audit,C08-F printed coding field 4,1,1,0,0,PASS,published_audit/comparison_level_final.csv,reproducibility/verify_reported_results.py,C08-F printed coding field 4,Printed=I; frozen coding=I; content adjudication source is explicitly labelled.
tab:app-published-audit,C08-F derived preservation,1,1,0,0,PASS,published_audit/comparison_level_final.csv,reproducibility/verify_reported_results.py,C08-F derived preservation,
tab:app-published-audit,C08-F derived interface,1,1,0,0,PASS,published_audit/comparison_level_final.csv,reproducibility/verify_reported_results.py,C08-F derived interface,
tab:app-published-audit,C08-F derived support,1,1,0,0,PASS,published_audit/comparison_level_final.csv,reproducibility/verify_reported_results.py,C08-F derived support,
tab:app-published-audit,C09-A printed coding field 1,1,1,0,0,PASS,published_audit/comparison_level_final.csv,reproducibility/verify_reported_results.py,C09-A printed coding field 1,Printed=N; frozen coding=N; content adjudication source is explicitly labelled.
tab:app-published-audit,C09-A printed coding field 2,1,1,0,0,PASS,published_audit/comparison_level_final.csv,reproducibility/verify_reported_results.py,C09-A printed coding field 2,Printed=--; frozen coding=--; content adjudication source is explicitly labelled.
tab:app-published-audit,C09-A printed coding field 3,1,1,0,0,PASS,published_audit/comparison_level_final.csv,reproducibility/verify_reported_results.py,C09-A printed coding field 3,Printed=?; frozen coding=?; content adjudication source is explicitly labelled.
tab:app-published-audit,C09-A printed coding field 4,1,1,0,0,PASS,published_audit/comparison_level_final.csv,reproducibility/verify_reported_results.py,C09-A printed coding field 4,Printed=S; frozen coding=S; content adjudication source is explicitly labelled.
tab:app-published-audit,C09-A derived preservation,1,1,0,0,PASS,published_audit/comparison_level_final.csv,reproducibility/verify_reported_results.py,C09-A derived preservation,
tab:app-published-audit,C09-A derived interface,1,1,0,0,PASS,published_audit/comparison_level_final.csv,reproducibility/verify_reported_results.py,C09-A derived interface,
tab:app-published-audit,C09-A derived support,1,1,0,0,PASS,published_audit/comparison_level_final.csv,reproducibility/verify_reported_results.py,C09-A derived support,
tab:app-published-audit,C09-B printed coding field 1,1,1,0,0,PASS,published_audit/comparison_level_final.csv,reproducibility/verify_reported_results.py,C09-B printed coding field 1,Printed=N; frozen coding=N; content adjudication source is explicitly labelled.
tab:app-published-audit,C09-B printed coding field 2,1,1,0,0,PASS,published_audit/comparison_level_final.csv,reproducibility/verify_reported_results.py,C09-B printed coding field 2,Printed=--; frozen coding=--; content adjudication source is explicitly labelled.
tab:app-published-audit,C09-B printed coding field 3,1,1,0,0,PASS,published_audit/comparison_level_final.csv,reproducibility/verify_reported_results.py,C09-B printed coding field 3,Printed=Y; frozen coding=Y; content adjudication source is explicitly labelled.
tab:app-published-audit,C09-B printed coding field 4,1,1,0,0,PASS,published_audit/comparison_level_final.csv,reproducibility/verify_reported_results.py,C09-B printed coding field 4,Printed=I; frozen coding=I; content adjudication source is explicitly labelled.
tab:app-published-audit,C09-B derived preservation,1,1,0,0,PASS,published_audit/comparison_level_final.csv,reproducibility/verify_reported_results.py,C09-B derived preservation,
tab:app-published-audit,C09-B derived interface,1,1,0,0,PASS,published_audit/comparison_level_final.csv,reproducibility/verify_reported_results.py,C09-B derived interface,
tab:app-published-audit,C09-B derived support,1,1,0,0,PASS,published_audit/comparison_level_final.csv,reproducibility/verify_reported_results.py,C09-B derived support,
tab:app-published-audit,C10-A printed coding field 1,1,1,0,0,PASS,published_audit/comparison_level_final.csv,reproducibility/verify_reported_results.py,C10-A printed coding field 1,Printed=N; frozen coding=N; content adjudication source is explicitly labelled.
tab:app-published-audit,C10-A printed coding field 2,1,1,0,0,PASS,published_audit/comparison_level_final.csv,reproducibility/verify_reported_results.py,C10-A printed coding field 2,Printed=--; frozen coding=--; content adjudication source is explicitly labelled.
tab:app-published-audit,C10-A printed coding field 3,1,1,0,0,PASS,published_audit/comparison_level_final.csv,reproducibility/verify_reported_results.py,C10-A printed coding field 3,Printed=N; frozen coding=N; content adjudication source is explicitly labelled.
tab:app-published-audit,C10-A printed coding field 4,1,1,0,0,PASS,published_audit/comparison_level_final.csv,reproducibility/verify_reported_results.py,C10-A printed coding field 4,Printed=--; frozen coding=--; content adjudication source is explicitly labelled.
tab:app-published-audit,C10-A derived preservation,1,1,0,0,PASS,published_audit/comparison_level_final.csv,reproducibility/verify_reported_results.py,C10-A derived preservation,
tab:app-published-audit,C10-A derived interface,1,1,0,0,PASS,published_audit/comparison_level_final.csv,reproducibility/verify_reported_results.py,C10-A derived interface,
tab:app-published-audit,C10-A derived support,1,1,0,0,PASS,published_audit/comparison_level_final.csv,reproducibility/verify_reported_results.py,C10-A derived support,
tab:app-published-audit,C10-B printed coding field 1,1,1,0,0,PASS,published_audit/comparison_level_final.csv,reproducibility/verify_reported_results.py,C10-B printed coding field 1,Printed=N; frozen coding=N; content adjudication source is explicitly labelled.
tab:app-published-audit,C10-B printed coding field 2,1,1,0,0,PASS,published_audit/comparison_level_final.csv,reproducibility/verify_reported_results.py,C10-B printed coding field 2,Printed=--; frozen coding=--; content adjudication source is explicitly labelled.
tab:app-published-audit,C10-B printed coding field 3,1,1,0,0,PASS,published_audit/comparison_level_final.csv,reproducibility/verify_reported_results.py,C10-B printed coding field 3,Printed=Y; frozen coding=Y; content adjudication source is explicitly labelled.
tab:app-published-audit,C10-B printed coding field 4,1,1,0,0,PASS,published_audit/comparison_level_final.csv,reproducibility/verify_reported_results.py,C10-B printed coding field 4,Printed=U; frozen coding=U; content adjudication source is explicitly labelled.
tab:app-published-audit,C10-B derived preservation,1,1,0,0,PASS,published_audit/comparison_level_final.csv,reproducibility/verify_reported_results.py,C10-B derived preservation,
tab:app-published-audit,C10-B derived interface,1,1,0,0,PASS,published_audit/comparison_level_final.csv,reproducibility/verify_reported_results.py,C10-B derived interface,
tab:app-published-audit,C10-B derived support,1,1,0,0,PASS,published_audit/comparison_level_final.csv,reproducibility/verify_reported_results.py,C10-B derived support,
tab:app-published-audit-agreement,printed agreement rows,7,7,0,0,PASS,published_audit/comparison_level_final.csv,reproducibility/verify_reported_results.py,printed agreement rows,
Appendix F.2,unique evidence checks,150,150,0,0,PASS,published_audit/comparison_level_final.csv,reproducibility/verify_reported_results.py,unique evidence checks,
tab:published_audit,unique comparison IDs,25,25,0,0,PASS,published_audit/comparison_level_final.csv,reproducibility/verify_reported_results.py,unique comparison IDs,
tab:app-published-audit-agreement,Content-sensitivity claim agree,25,25,0,0,PASS,published_audit/agreement_summary.csv,reproducibility/verify_reported_results.py,Content-sensitivity claim agree,
tab:app-published-audit-agreement,Content-sensitivity claim percent,100,100,0,0,PASS,published_audit/agreement_summary.csv,reproducibility/verify_reported_results.py,Content-sensitivity claim percent,
tab:app-published-audit-agreement,Content-sensitivity claim kappa,1.000,1,0,0.0005,PASS,published_audit/agreement_summary.csv,reproducibility/verify_reported_results.py,Content-sensitivity claim kappa,
tab:app-published-audit-agreement,Predictive-utility claim agree,24,24,0,0,PASS,published_audit/agreement_summary.csv,reproducibility/verify_reported_results.py,Predictive-utility claim agree,
tab:app-published-audit-agreement,Predictive-utility claim percent,96,96,0,0,PASS,published_audit/agreement_summary.csv,reproducibility/verify_reported_results.py,Predictive-utility claim percent,
tab:app-published-audit-agreement,Predictive-utility claim kappa,.907,0.90706319702602223,6.3197026022199232e-05,0.0005,PASS,published_audit/agreement_summary.csv,reproducibility/verify_reported_results.py,Predictive-utility claim kappa,
tab:app-published-audit-agreement,Content-sensitivity support agree,24,24,0,0,PASS,published_audit/agreement_summary.csv,reproducibility/verify_reported_results.py,Content-sensitivity support agree,
tab:app-published-audit-agreement,Content-sensitivity support percent,96,96,0,0,PASS,published_audit/agreement_summary.csv,reproducibility/verify_reported_results.py,Content-sensitivity support percent,
tab:app-published-audit-agreement,Content-sensitivity support kappa,.815,0.81481481481481466,-0.00018518518518528815,0.0005,PASS,published_audit/agreement_summary.csv,reproducibility/verify_reported_results.py,Content-sensitivity support kappa,
tab:app-published-audit-agreement,Removal agree,25,25,0,0,PASS,published_audit/agreement_summary.csv,reproducibility/verify_reported_results.py,Removal agree,
tab:app-published-audit-agreement,Removal percent,100,100,0,0,PASS,published_audit/agreement_summary.csv,reproducibility/verify_reported_results.py,Removal percent,
tab:app-published-audit-agreement,Removal kappa,1.000,1,0,0.0005,PASS,published_audit/agreement_summary.csv,reproducibility/verify_reported_results.py,Removal kappa,
tab:app-published-audit-agreement,Preservation agree,15,15,0,0,PASS,published_audit/agreement_summary.csv,reproducibility/verify_reported_results.py,Preservation agree,
tab:app-published-audit-agreement,Preservation percent,60,60,0,0,PASS,published_audit/agreement_summary.csv,reproducibility/verify_reported_results.py,Preservation percent,
tab:app-published-audit-agreement,Preservation kappa,.265,0.26470588235294107,-0.00029411764705894461,0.0005,PASS,published_audit/agreement_summary.csv,reproducibility/verify_reported_results.py,Preservation kappa,
tab:app-published-audit-agreement,Interface agree,22,22,0,0,PASS,published_audit/agreement_summary.csv,reproducibility/verify_reported_results.py,Interface agree,
tab:app-published-audit-agreement,Interface percent,88,88,0,0,PASS,published_audit/agreement_summary.csv,reproducibility/verify_reported_results.py,Interface percent,
tab:app-published-audit-agreement,Interface kappa,.784,0.78386167146974062,-0.00013832853025941283,0.0005,PASS,published_audit/agreement_summary.csv,reproducibility/verify_reported_results.py,Interface kappa,
tab:app-published-audit-agreement,Predictive-utility support agree,19,19,0,0,PASS,published_audit/agreement_summary.csv,reproducibility/verify_reported_results.py,Predictive-utility support agree,
tab:app-published-audit-agreement,Predictive-utility support percent,76,76,0,0,PASS,published_audit/agreement_summary.csv,reproducibility/verify_reported_results.py,Predictive-utility support percent,
tab:app-published-audit-agreement,Predictive-utility support kappa,.649,0.64871194379391095,-0.00028805620608907123,0.0005,PASS,published_audit/agreement_summary.csv,reproducibility/verify_reported_results.py,Predictive-utility support kappa,
Appendix F.2,Content-sensitivity claim standalone summary equality,1,1,0,0,PASS,published_audit/agreement_summary.csv,reproducibility/verify_reported_results.py,Content-sensitivity claim standalone summary equality,
Appendix F.2,Predictive-utility claim standalone summary equality,1,1,0,0,PASS,published_audit/agreement_summary.csv,reproducibility/verify_reported_results.py,Predictive-utility claim standalone summary equality,
Appendix F.2,Content-sensitivity support standalone summary equality,1,1,0,0,PASS,published_audit/agreement_summary.csv,reproducibility/verify_reported_results.py,Content-sensitivity support standalone summary equality,
Appendix F.2,Removal standalone summary equality,1,1,0,0,PASS,published_audit/agreement_summary.csv,reproducibility/verify_reported_results.py,Removal standalone summary equality,
Appendix F.2,Preservation standalone summary equality,1,1,0,0,PASS,published_audit/agreement_summary.csv,reproducibility/verify_reported_results.py,Preservation standalone summary equality,
Appendix F.2,Interface standalone summary equality,1,1,0,0,PASS,published_audit/agreement_summary.csv,reproducibility/verify_reported_results.py,Interface standalone summary equality,
Appendix F.2,Predictive-utility support standalone summary equality,1,1,0,0,PASS,published_audit/agreement_summary.csv,reproducibility/verify_reported_results.py,Predictive-utility support standalone summary equality,
Appendix F.2,P1-P6 check agreement standalone summary equality,1,1,0,0,PASS,published_audit/agreement_summary.csv,reproducibility/verify_reported_results.py,P1-P6 check agreement standalone summary equality,
Appendix F.2,Utility support among final explicit claims standalone summary equality,1,1,0,0,PASS,published_audit/agreement_summary.csv,reproducibility/verify_reported_results.py,Utility support among final explicit claims standalone summary equality,
Appendix F.2,independent P1-P6 matches,105,105,0,0,PASS,published_audit/p1_p6_coder_a.csv;published_audit/p1_p6_coder_b.csv,reproducibility/verify_reported_results.py,independent P1-P6 matches,
Appendix F.2,independent P1-P6 total,150,150,0,0,PASS,published_audit/comparison_level_final.csv,reproducibility/verify_reported_results.py,independent P1-P6 total,
Appendix F.2,independent explicit utility support matches,15,15,0,0,PASS,published_audit/comparison_level_final.csv,reproducibility/verify_reported_results.py,independent explicit utility support matches,
Appendix F.2,independent explicit utility support kappa,.693,0.69318181818181834,0.00018181818181839393,0.0005,PASS,published_audit/comparison_level_final.csv,reproducibility/verify_reported_results.py,independent explicit utility support kappa,
tab:app-published-audit,C01-A/P1 evidence and independent/final labels,1,1,0,0,PASS,published_audit/p1_p6_evidence_150.csv,reproducibility/verify_reported_results.py,C01-A/P1 evidence and independent/final labels,
tab:app-published-audit,C01-A/P2 evidence and independent/final labels,1,1,0,0,PASS,published_audit/p1_p6_evidence_150.csv,reproducibility/verify_reported_results.py,C01-A/P2 evidence and independent/final labels,
tab:app-published-audit,C01-A/P3 evidence and independent/final labels,1,1,0,0,PASS,published_audit/p1_p6_evidence_150.csv,reproducibility/verify_reported_results.py,C01-A/P3 evidence and independent/final labels,
tab:app-published-audit,C01-A/P4 evidence and independent/final labels,1,1,0,0,PASS,published_audit/p1_p6_evidence_150.csv,reproducibility/verify_reported_results.py,C01-A/P4 evidence and independent/final labels,
tab:app-published-audit,C01-A/P5 evidence and independent/final labels,1,1,0,0,PASS,published_audit/p1_p6_evidence_150.csv,reproducibility/verify_reported_results.py,C01-A/P5 evidence and independent/final labels,
tab:app-published-audit,C01-A/P6 evidence and independent/final labels,1,1,0,0,PASS,published_audit/p1_p6_evidence_150.csv,reproducibility/verify_reported_results.py,C01-A/P6 evidence and independent/final labels,
tab:app-published-audit,C01-B/P1 evidence and independent/final labels,1,1,0,0,PASS,published_audit/p1_p6_evidence_150.csv,reproducibility/verify_reported_results.py,C01-B/P1 evidence and independent/final labels,
tab:app-published-audit,C01-B/P2 evidence and independent/final labels,1,1,0,0,PASS,published_audit/p1_p6_evidence_150.csv,reproducibility/verify_reported_results.py,C01-B/P2 evidence and independent/final labels,
tab:app-published-audit,C01-B/P3 evidence and independent/final labels,1,1,0,0,PASS,published_audit/p1_p6_evidence_150.csv,reproducibility/verify_reported_results.py,C01-B/P3 evidence and independent/final labels,
tab:app-published-audit,C01-B/P4 evidence and independent/final labels,1,1,0,0,PASS,published_audit/p1_p6_evidence_150.csv,reproducibility/verify_reported_results.py,C01-B/P4 evidence and independent/final labels,
tab:app-published-audit,C01-B/P5 evidence and independent/final labels,1,1,0,0,PASS,published_audit/p1_p6_evidence_150.csv,reproducibility/verify_reported_results.py,C01-B/P5 evidence and independent/final labels,
tab:app-published-audit,C01-B/P6 evidence and independent/final labels,1,1,0,0,PASS,published_audit/p1_p6_evidence_150.csv,reproducibility/verify_reported_results.py,C01-B/P6 evidence and independent/final labels,
tab:app-published-audit,C01-C/P1 evidence and independent/final labels,1,1,0,0,PASS,published_audit/p1_p6_evidence_150.csv,reproducibility/verify_reported_results.py,C01-C/P1 evidence and independent/final labels,
tab:app-published-audit,C01-C/P2 evidence and independent/final labels,1,1,0,0,PASS,published_audit/p1_p6_evidence_150.csv,reproducibility/verify_reported_results.py,C01-C/P2 evidence and independent/final labels,
tab:app-published-audit,C01-C/P3 evidence and independent/final labels,1,1,0,0,PASS,published_audit/p1_p6_evidence_150.csv,reproducibility/verify_reported_results.py,C01-C/P3 evidence and independent/final labels,
tab:app-published-audit,C01-C/P4 evidence and independent/final labels,1,1,0,0,PASS,published_audit/p1_p6_evidence_150.csv,reproducibility/verify_reported_results.py,C01-C/P4 evidence and independent/final labels,
tab:app-published-audit,C01-C/P5 evidence and independent/final labels,1,1,0,0,PASS,published_audit/p1_p6_evidence_150.csv,reproducibility/verify_reported_results.py,C01-C/P5 evidence and independent/final labels,
tab:app-published-audit,C01-C/P6 evidence and independent/final labels,1,1,0,0,PASS,published_audit/p1_p6_evidence_150.csv,reproducibility/verify_reported_results.py,C01-C/P6 evidence and independent/final labels,
tab:app-published-audit,C01-D/P1 evidence and independent/final labels,1,1,0,0,PASS,published_audit/p1_p6_evidence_150.csv,reproducibility/verify_reported_results.py,C01-D/P1 evidence and independent/final labels,
tab:app-published-audit,C01-D/P2 evidence and independent/final labels,1,1,0,0,PASS,published_audit/p1_p6_evidence_150.csv,reproducibility/verify_reported_results.py,C01-D/P2 evidence and independent/final labels,
tab:app-published-audit,C01-D/P3 evidence and independent/final labels,1,1,0,0,PASS,published_audit/p1_p6_evidence_150.csv,reproducibility/verify_reported_results.py,C01-D/P3 evidence and independent/final labels,
tab:app-published-audit,C01-D/P4 evidence and independent/final labels,1,1,0,0,PASS,published_audit/p1_p6_evidence_150.csv,reproducibility/verify_reported_results.py,C01-D/P4 evidence and independent/final labels,
tab:app-published-audit,C01-D/P5 evidence and independent/final labels,1,1,0,0,PASS,published_audit/p1_p6_evidence_150.csv,reproducibility/verify_reported_results.py,C01-D/P5 evidence and independent/final labels,
tab:app-published-audit,C01-D/P6 evidence and independent/final labels,1,1,0,0,PASS,published_audit/p1_p6_evidence_150.csv,reproducibility/verify_reported_results.py,C01-D/P6 evidence and independent/final labels,
tab:app-published-audit,C03-A/P1 evidence and independent/final labels,1,1,0,0,PASS,published_audit/p1_p6_evidence_150.csv,reproducibility/verify_reported_results.py,C03-A/P1 evidence and independent/final labels,
tab:app-published-audit,C03-A/P2 evidence and independent/final labels,1,1,0,0,PASS,published_audit/p1_p6_evidence_150.csv,reproducibility/verify_reported_results.py,C03-A/P2 evidence and independent/final labels,
tab:app-published-audit,C03-A/P3 evidence and independent/final labels,1,1,0,0,PASS,published_audit/p1_p6_evidence_150.csv,reproducibility/verify_reported_results.py,C03-A/P3 evidence and independent/final labels,
tab:app-published-audit,C03-A/P4 evidence and independent/final labels,1,1,0,0,PASS,published_audit/p1_p6_evidence_150.csv,reproducibility/verify_reported_results.py,C03-A/P4 evidence and independent/final labels,
tab:app-published-audit,C03-A/P5 evidence and independent/final labels,1,1,0,0,PASS,published_audit/p1_p6_evidence_150.csv,reproducibility/verify_reported_results.py,C03-A/P5 evidence and independent/final labels,
tab:app-published-audit,C03-A/P6 evidence and independent/final labels,1,1,0,0,PASS,published_audit/p1_p6_evidence_150.csv,reproducibility/verify_reported_results.py,C03-A/P6 evidence and independent/final labels,
tab:app-published-audit,C03-B/P1 evidence and independent/final labels,1,1,0,0,PASS,published_audit/p1_p6_evidence_150.csv,reproducibility/verify_reported_results.py,C03-B/P1 evidence and independent/final labels,
tab:app-published-audit,C03-B/P2 evidence and independent/final labels,1,1,0,0,PASS,published_audit/p1_p6_evidence_150.csv,reproducibility/verify_reported_results.py,C03-B/P2 evidence and independent/final labels,
tab:app-published-audit,C03-B/P3 evidence and independent/final labels,1,1,0,0,PASS,published_audit/p1_p6_evidence_150.csv,reproducibility/verify_reported_results.py,C03-B/P3 evidence and independent/final labels,
tab:app-published-audit,C03-B/P4 evidence and independent/final labels,1,1,0,0,PASS,published_audit/p1_p6_evidence_150.csv,reproducibility/verify_reported_results.py,C03-B/P4 evidence and independent/final labels,
tab:app-published-audit,C03-B/P5 evidence and independent/final labels,1,1,0,0,PASS,published_audit/p1_p6_evidence_150.csv,reproducibility/verify_reported_results.py,C03-B/P5 evidence and independent/final labels,
tab:app-published-audit,C03-B/P6 evidence and independent/final labels,1,1,0,0,PASS,published_audit/p1_p6_evidence_150.csv,reproducibility/verify_reported_results.py,C03-B/P6 evidence and independent/final labels,
tab:app-published-audit,C03-C/P1 evidence and independent/final labels,1,1,0,0,PASS,published_audit/p1_p6_evidence_150.csv,reproducibility/verify_reported_results.py,C03-C/P1 evidence and independent/final labels,
tab:app-published-audit,C03-C/P2 evidence and independent/final labels,1,1,0,0,PASS,published_audit/p1_p6_evidence_150.csv,reproducibility/verify_reported_results.py,C03-C/P2 evidence and independent/final labels,
tab:app-published-audit,C03-C/P3 evidence and independent/final labels,1,1,0,0,PASS,published_audit/p1_p6_evidence_150.csv,reproducibility/verify_reported_results.py,C03-C/P3 evidence and independent/final labels,
tab:app-published-audit,C03-C/P4 evidence and independent/final labels,1,1,0,0,PASS,published_audit/p1_p6_evidence_150.csv,reproducibility/verify_reported_results.py,C03-C/P4 evidence and independent/final labels,
tab:app-published-audit,C03-C/P5 evidence and independent/final labels,1,1,0,0,PASS,published_audit/p1_p6_evidence_150.csv,reproducibility/verify_reported_results.py,C03-C/P5 evidence and independent/final labels,
tab:app-published-audit,C03-C/P6 evidence and independent/final labels,1,1,0,0,PASS,published_audit/p1_p6_evidence_150.csv,reproducibility/verify_reported_results.py,C03-C/P6 evidence and independent/final labels,
tab:app-published-audit,C04-A/P1 evidence and independent/final labels,1,1,0,0,PASS,published_audit/p1_p6_evidence_150.csv,reproducibility/verify_reported_results.py,C04-A/P1 evidence and independent/final labels,
tab:app-published-audit,C04-A/P2 evidence and independent/final labels,1,1,0,0,PASS,published_audit/p1_p6_evidence_150.csv,reproducibility/verify_reported_results.py,C04-A/P2 evidence and independent/final labels,
tab:app-published-audit,C04-A/P3 evidence and independent/final labels,1,1,0,0,PASS,published_audit/p1_p6_evidence_150.csv,reproducibility/verify_reported_results.py,C04-A/P3 evidence and independent/final labels,
tab:app-published-audit,C04-A/P4 evidence and independent/final labels,1,1,0,0,PASS,published_audit/p1_p6_evidence_150.csv,reproducibility/verify_reported_results.py,C04-A/P4 evidence and independent/final labels,
tab:app-published-audit,C04-A/P5 evidence and independent/final labels,1,1,0,0,PASS,published_audit/p1_p6_evidence_150.csv,reproducibility/verify_reported_results.py,C04-A/P5 evidence and independent/final labels,
tab:app-published-audit,C04-A/P6 evidence and independent/final labels,1,1,0,0,PASS,published_audit/p1_p6_evidence_150.csv,reproducibility/verify_reported_results.py,C04-A/P6 evidence and independent/final labels,
tab:app-published-audit,C04-B/P1 evidence and independent/final labels,1,1,0,0,PASS,published_audit/p1_p6_evidence_150.csv,reproducibility/verify_reported_results.py,C04-B/P1 evidence and independent/final labels,
tab:app-published-audit,C04-B/P2 evidence and independent/final labels,1,1,0,0,PASS,published_audit/p1_p6_evidence_150.csv,reproducibility/verify_reported_results.py,C04-B/P2 evidence and independent/final labels,
tab:app-published-audit,C04-B/P3 evidence and independent/final labels,1,1,0,0,PASS,published_audit/p1_p6_evidence_150.csv,reproducibility/verify_reported_results.py,C04-B/P3 evidence and independent/final labels,
tab:app-published-audit,C04-B/P4 evidence and independent/final labels,1,1,0,0,PASS,published_audit/p1_p6_evidence_150.csv,reproducibility/verify_reported_results.py,C04-B/P4 evidence and independent/final labels,
tab:app-published-audit,C04-B/P5 evidence and independent/final labels,1,1,0,0,PASS,published_audit/p1_p6_evidence_150.csv,reproducibility/verify_reported_results.py,C04-B/P5 evidence and independent/final labels,
tab:app-published-audit,C04-B/P6 evidence and independent/final labels,1,1,0,0,PASS,published_audit/p1_p6_evidence_150.csv,reproducibility/verify_reported_results.py,C04-B/P6 evidence and independent/final labels,
tab:app-published-audit,C04-C/P1 evidence and independent/final labels,1,1,0,0,PASS,published_audit/p1_p6_evidence_150.csv,reproducibility/verify_reported_results.py,C04-C/P1 evidence and independent/final labels,
tab:app-published-audit,C04-C/P2 evidence and independent/final labels,1,1,0,0,PASS,published_audit/p1_p6_evidence_150.csv,reproducibility/verify_reported_results.py,C04-C/P2 evidence and independent/final labels,
tab:app-published-audit,C04-C/P3 evidence and independent/final labels,1,1,0,0,PASS,published_audit/p1_p6_evidence_150.csv,reproducibility/verify_reported_results.py,C04-C/P3 evidence and independent/final labels,
tab:app-published-audit,C04-C/P4 evidence and independent/final labels,1,1,0,0,PASS,published_audit/p1_p6_evidence_150.csv,reproducibility/verify_reported_results.py,C04-C/P4 evidence and independent/final labels,
tab:app-published-audit,C04-C/P5 evidence and independent/final labels,1,1,0,0,PASS,published_audit/p1_p6_evidence_150.csv,reproducibility/verify_reported_results.py,C04-C/P5 evidence and independent/final labels,
tab:app-published-audit,C04-C/P6 evidence and independent/final labels,1,1,0,0,PASS,published_audit/p1_p6_evidence_150.csv,reproducibility/verify_reported_results.py,C04-C/P6 evidence and independent/final labels,
tab:app-published-audit,C05-A/P1 evidence and independent/final labels,1,1,0,0,PASS,published_audit/p1_p6_evidence_150.csv,reproducibility/verify_reported_results.py,C05-A/P1 evidence and independent/final labels,
tab:app-published-audit,C05-A/P2 evidence and independent/final labels,1,1,0,0,PASS,published_audit/p1_p6_evidence_150.csv,reproducibility/verify_reported_results.py,C05-A/P2 evidence and independent/final labels,
tab:app-published-audit,C05-A/P3 evidence and independent/final labels,1,1,0,0,PASS,published_audit/p1_p6_evidence_150.csv,reproducibility/verify_reported_results.py,C05-A/P3 evidence and independent/final labels,
tab:app-published-audit,C05-A/P4 evidence and independent/final labels,1,1,0,0,PASS,published_audit/p1_p6_evidence_150.csv,reproducibility/verify_reported_results.py,C05-A/P4 evidence and independent/final labels,
tab:app-published-audit,C05-A/P5 evidence and independent/final labels,1,1,0,0,PASS,published_audit/p1_p6_evidence_150.csv,reproducibility/verify_reported_results.py,C05-A/P5 evidence and independent/final labels,
tab:app-published-audit,C05-A/P6 evidence and independent/final labels,1,1,0,0,PASS,published_audit/p1_p6_evidence_150.csv,reproducibility/verify_reported_results.py,C05-A/P6 evidence and independent/final labels,
tab:app-published-audit,C05-B/P1 evidence and independent/final labels,1,1,0,0,PASS,published_audit/p1_p6_evidence_150.csv,reproducibility/verify_reported_results.py,C05-B/P1 evidence and independent/final labels,
tab:app-published-audit,C05-B/P2 evidence and independent/final labels,1,1,0,0,PASS,published_audit/p1_p6_evidence_150.csv,reproducibility/verify_reported_results.py,C05-B/P2 evidence and independent/final labels,
tab:app-published-audit,C05-B/P3 evidence and independent/final labels,1,1,0,0,PASS,published_audit/p1_p6_evidence_150.csv,reproducibility/verify_reported_results.py,C05-B/P3 evidence and independent/final labels,
tab:app-published-audit,C05-B/P4 evidence and independent/final labels,1,1,0,0,PASS,published_audit/p1_p6_evidence_150.csv,reproducibility/verify_reported_results.py,C05-B/P4 evidence and independent/final labels,
tab:app-published-audit,C05-B/P5 evidence and independent/final labels,1,1,0,0,PASS,published_audit/p1_p6_evidence_150.csv,reproducibility/verify_reported_results.py,C05-B/P5 evidence and independent/final labels,
tab:app-published-audit,C05-B/P6 evidence and independent/final labels,1,1,0,0,PASS,published_audit/p1_p6_evidence_150.csv,reproducibility/verify_reported_results.py,C05-B/P6 evidence and independent/final labels,
tab:app-published-audit,C05-C/P1 evidence and independent/final labels,1,1,0,0,PASS,published_audit/p1_p6_evidence_150.csv,reproducibility/verify_reported_results.py,C05-C/P1 evidence and independent/final labels,
tab:app-published-audit,C05-C/P2 evidence and independent/final labels,1,1,0,0,PASS,published_audit/p1_p6_evidence_150.csv,reproducibility/verify_reported_results.py,C05-C/P2 evidence and independent/final labels,
tab:app-published-audit,C05-C/P3 evidence and independent/final labels,1,1,0,0,PASS,published_audit/p1_p6_evidence_150.csv,reproducibility/verify_reported_results.py,C05-C/P3 evidence and independent/final labels,
tab:app-published-audit,C05-C/P4 evidence and independent/final labels,1,1,0,0,PASS,published_audit/p1_p6_evidence_150.csv,reproducibility/verify_reported_results.py,C05-C/P4 evidence and independent/final labels,
tab:app-published-audit,C05-C/P5 evidence and independent/final labels,1,1,0,0,PASS,published_audit/p1_p6_evidence_150.csv,reproducibility/verify_reported_results.py,C05-C/P5 evidence and independent/final labels,
tab:app-published-audit,C05-C/P6 evidence and independent/final labels,1,1,0,0,PASS,published_audit/p1_p6_evidence_150.csv,reproducibility/verify_reported_results.py,C05-C/P6 evidence and independent/final labels,
tab:app-published-audit,C06-A/P1 evidence and independent/final labels,1,1,0,0,PASS,published_audit/p1_p6_evidence_150.csv,reproducibility/verify_reported_results.py,C06-A/P1 evidence and independent/final labels,
tab:app-published-audit,C06-A/P2 evidence and independent/final labels,1,1,0,0,PASS,published_audit/p1_p6_evidence_150.csv,reproducibility/verify_reported_results.py,C06-A/P2 evidence and independent/final labels,
tab:app-published-audit,C06-A/P3 evidence and independent/final labels,1,1,0,0,PASS,published_audit/p1_p6_evidence_150.csv,reproducibility/verify_reported_results.py,C06-A/P3 evidence and independent/final labels,
tab:app-published-audit,C06-A/P4 evidence and independent/final labels,1,1,0,0,PASS,published_audit/p1_p6_evidence_150.csv,reproducibility/verify_reported_results.py,C06-A/P4 evidence and independent/final labels,
tab:app-published-audit,C06-A/P5 evidence and independent/final labels,1,1,0,0,PASS,published_audit/p1_p6_evidence_150.csv,reproducibility/verify_reported_results.py,C06-A/P5 evidence and independent/final labels,
tab:app-published-audit,C06-A/P6 evidence and independent/final labels,1,1,0,0,PASS,published_audit/p1_p6_evidence_150.csv,reproducibility/verify_reported_results.py,C06-A/P6 evidence and independent/final labels,
tab:app-published-audit,C07-A/P1 evidence and independent/final labels,1,1,0,0,PASS,published_audit/p1_p6_evidence_150.csv,reproducibility/verify_reported_results.py,C07-A/P1 evidence and independent/final labels,
tab:app-published-audit,C07-A/P2 evidence and independent/final labels,1,1,0,0,PASS,published_audit/p1_p6_evidence_150.csv,reproducibility/verify_reported_results.py,C07-A/P2 evidence and independent/final labels,
tab:app-published-audit,C07-A/P3 evidence and independent/final labels,1,1,0,0,PASS,published_audit/p1_p6_evidence_150.csv,reproducibility/verify_reported_results.py,C07-A/P3 evidence and independent/final labels,
tab:app-published-audit,C07-A/P4 evidence and independent/final labels,1,1,0,0,PASS,published_audit/p1_p6_evidence_150.csv,reproducibility/verify_reported_results.py,C07-A/P4 evidence and independent/final labels,
tab:app-published-audit,C07-A/P5 evidence and independent/final labels,1,1,0,0,PASS,published_audit/p1_p6_evidence_150.csv,reproducibility/verify_reported_results.py,C07-A/P5 evidence and independent/final labels,
tab:app-published-audit,C07-A/P6 evidence and independent/final labels,1,1,0,0,PASS,published_audit/p1_p6_evidence_150.csv,reproducibility/verify_reported_results.py,C07-A/P6 evidence and independent/final labels,
tab:app-published-audit,C08-A/P1 evidence and independent/final labels,1,1,0,0,PASS,published_audit/p1_p6_evidence_150.csv,reproducibility/verify_reported_results.py,C08-A/P1 evidence and independent/final labels,
tab:app-published-audit,C08-A/P2 evidence and independent/final labels,1,1,0,0,PASS,published_audit/p1_p6_evidence_150.csv,reproducibility/verify_reported_results.py,C08-A/P2 evidence and independent/final labels,
tab:app-published-audit,C08-A/P3 evidence and independent/final labels,1,1,0,0,PASS,published_audit/p1_p6_evidence_150.csv,reproducibility/verify_reported_results.py,C08-A/P3 evidence and independent/final labels,
tab:app-published-audit,C08-A/P4 evidence and independent/final labels,1,1,0,0,PASS,published_audit/p1_p6_evidence_150.csv,reproducibility/verify_reported_results.py,C08-A/P4 evidence and independent/final labels,
tab:app-published-audit,C08-A/P5 evidence and independent/final labels,1,1,0,0,PASS,published_audit/p1_p6_evidence_150.csv,reproducibility/verify_reported_results.py,C08-A/P5 evidence and independent/final labels,
tab:app-published-audit,C08-A/P6 evidence and independent/final labels,1,1,0,0,PASS,published_audit/p1_p6_evidence_150.csv,reproducibility/verify_reported_results.py,C08-A/P6 evidence and independent/final labels,
tab:app-published-audit,C08-B/P1 evidence and independent/final labels,1,1,0,0,PASS,published_audit/p1_p6_evidence_150.csv,reproducibility/verify_reported_results.py,C08-B/P1 evidence and independent/final labels,
tab:app-published-audit,C08-B/P2 evidence and independent/final labels,1,1,0,0,PASS,published_audit/p1_p6_evidence_150.csv,reproducibility/verify_reported_results.py,C08-B/P2 evidence and independent/final labels,
tab:app-published-audit,C08-B/P3 evidence and independent/final labels,1,1,0,0,PASS,published_audit/p1_p6_evidence_150.csv,reproducibility/verify_reported_results.py,C08-B/P3 evidence and independent/final labels,
tab:app-published-audit,C08-B/P4 evidence and independent/final labels,1,1,0,0,PASS,published_audit/p1_p6_evidence_150.csv,reproducibility/verify_reported_results.py,C08-B/P4 evidence and independent/final labels,
tab:app-published-audit,C08-B/P5 evidence and independent/final labels,1,1,0,0,PASS,published_audit/p1_p6_evidence_150.csv,reproducibility/verify_reported_results.py,C08-B/P5 evidence and independent/final labels,
tab:app-published-audit,C08-B/P6 evidence and independent/final labels,1,1,0,0,PASS,published_audit/p1_p6_evidence_150.csv,reproducibility/verify_reported_results.py,C08-B/P6 evidence and independent/final labels,
tab:app-published-audit,C08-C/P1 evidence and independent/final labels,1,1,0,0,PASS,published_audit/p1_p6_evidence_150.csv,reproducibility/verify_reported_results.py,C08-C/P1 evidence and independent/final labels,
tab:app-published-audit,C08-C/P2 evidence and independent/final labels,1,1,0,0,PASS,published_audit/p1_p6_evidence_150.csv,reproducibility/verify_reported_results.py,C08-C/P2 evidence and independent/final labels,
tab:app-published-audit,C08-C/P3 evidence and independent/final labels,1,1,0,0,PASS,published_audit/p1_p6_evidence_150.csv,reproducibility/verify_reported_results.py,C08-C/P3 evidence and independent/final labels,
tab:app-published-audit,C08-C/P4 evidence and independent/final labels,1,1,0,0,PASS,published_audit/p1_p6_evidence_150.csv,reproducibility/verify_reported_results.py,C08-C/P4 evidence and independent/final labels,
tab:app-published-audit,C08-C/P5 evidence and independent/final labels,1,1,0,0,PASS,published_audit/p1_p6_evidence_150.csv,reproducibility/verify_reported_results.py,C08-C/P5 evidence and independent/final labels,
tab:app-published-audit,C08-C/P6 evidence and independent/final labels,1,1,0,0,PASS,published_audit/p1_p6_evidence_150.csv,reproducibility/verify_reported_results.py,C08-C/P6 evidence and independent/final labels,
tab:app-published-audit,C08-D/P1 evidence and independent/final labels,1,1,0,0,PASS,published_audit/p1_p6_evidence_150.csv,reproducibility/verify_reported_results.py,C08-D/P1 evidence and independent/final labels,
tab:app-published-audit,C08-D/P2 evidence and independent/final labels,1,1,0,0,PASS,published_audit/p1_p6_evidence_150.csv,reproducibility/verify_reported_results.py,C08-D/P2 evidence and independent/final labels,
tab:app-published-audit,C08-D/P3 evidence and independent/final labels,1,1,0,0,PASS,published_audit/p1_p6_evidence_150.csv,reproducibility/verify_reported_results.py,C08-D/P3 evidence and independent/final labels,
tab:app-published-audit,C08-D/P4 evidence and independent/final labels,1,1,0,0,PASS,published_audit/p1_p6_evidence_150.csv,reproducibility/verify_reported_results.py,C08-D/P4 evidence and independent/final labels,
tab:app-published-audit,C08-D/P5 evidence and independent/final labels,1,1,0,0,PASS,published_audit/p1_p6_evidence_150.csv,reproducibility/verify_reported_results.py,C08-D/P5 evidence and independent/final labels,
tab:app-published-audit,C08-D/P6 evidence and independent/final labels,1,1,0,0,PASS,published_audit/p1_p6_evidence_150.csv,reproducibility/verify_reported_results.py,C08-D/P6 evidence and independent/final labels,
tab:app-published-audit,C08-E/P1 evidence and independent/final labels,1,1,0,0,PASS,published_audit/p1_p6_evidence_150.csv,reproducibility/verify_reported_results.py,C08-E/P1 evidence and independent/final labels,
tab:app-published-audit,C08-E/P2 evidence and independent/final labels,1,1,0,0,PASS,published_audit/p1_p6_evidence_150.csv,reproducibility/verify_reported_results.py,C08-E/P2 evidence and independent/final labels,
tab:app-published-audit,C08-E/P3 evidence and independent/final labels,1,1,0,0,PASS,published_audit/p1_p6_evidence_150.csv,reproducibility/verify_reported_results.py,C08-E/P3 evidence and independent/final labels,
tab:app-published-audit,C08-E/P4 evidence and independent/final labels,1,1,0,0,PASS,published_audit/p1_p6_evidence_150.csv,reproducibility/verify_reported_results.py,C08-E/P4 evidence and independent/final labels,
tab:app-published-audit,C08-E/P5 evidence and independent/final labels,1,1,0,0,PASS,published_audit/p1_p6_evidence_150.csv,reproducibility/verify_reported_results.py,C08-E/P5 evidence and independent/final labels,
tab:app-published-audit,C08-E/P6 evidence and independent/final labels,1,1,0,0,PASS,published_audit/p1_p6_evidence_150.csv,reproducibility/verify_reported_results.py,C08-E/P6 evidence and independent/final labels,
tab:app-published-audit,C08-F/P1 evidence and independent/final labels,1,1,0,0,PASS,published_audit/p1_p6_evidence_150.csv,reproducibility/verify_reported_results.py,C08-F/P1 evidence and independent/final labels,
tab:app-published-audit,C08-F/P2 evidence and independent/final labels,1,1,0,0,PASS,published_audit/p1_p6_evidence_150.csv,reproducibility/verify_reported_results.py,C08-F/P2 evidence and independent/final labels,
tab:app-published-audit,C08-F/P3 evidence and independent/final labels,1,1,0,0,PASS,published_audit/p1_p6_evidence_150.csv,reproducibility/verify_reported_results.py,C08-F/P3 evidence and independent/final labels,
tab:app-published-audit,C08-F/P4 evidence and independent/final labels,1,1,0,0,PASS,published_audit/p1_p6_evidence_150.csv,reproducibility/verify_reported_results.py,C08-F/P4 evidence and independent/final labels,
tab:app-published-audit,C08-F/P5 evidence and independent/final labels,1,1,0,0,PASS,published_audit/p1_p6_evidence_150.csv,reproducibility/verify_reported_results.py,C08-F/P5 evidence and independent/final labels,
tab:app-published-audit,C08-F/P6 evidence and independent/final labels,1,1,0,0,PASS,published_audit/p1_p6_evidence_150.csv,reproducibility/verify_reported_results.py,C08-F/P6 evidence and independent/final labels,
tab:app-published-audit,C09-A/P1 evidence and independent/final labels,1,1,0,0,PASS,published_audit/p1_p6_evidence_150.csv,reproducibility/verify_reported_results.py,C09-A/P1 evidence and independent/final labels,
tab:app-published-audit,C09-A/P2 evidence and independent/final labels,1,1,0,0,PASS,published_audit/p1_p6_evidence_150.csv,reproducibility/verify_reported_results.py,C09-A/P2 evidence and independent/final labels,
tab:app-published-audit,C09-A/P3 evidence and independent/final labels,1,1,0,0,PASS,published_audit/p1_p6_evidence_150.csv,reproducibility/verify_reported_results.py,C09-A/P3 evidence and independent/final labels,
tab:app-published-audit,C09-A/P4 evidence and independent/final labels,1,1,0,0,PASS,published_audit/p1_p6_evidence_150.csv,reproducibility/verify_reported_results.py,C09-A/P4 evidence and independent/final labels,
tab:app-published-audit,C09-A/P5 evidence and independent/final labels,1,1,0,0,PASS,published_audit/p1_p6_evidence_150.csv,reproducibility/verify_reported_results.py,C09-A/P5 evidence and independent/final labels,
tab:app-published-audit,C09-A/P6 evidence and independent/final labels,1,1,0,0,PASS,published_audit/p1_p6_evidence_150.csv,reproducibility/verify_reported_results.py,C09-A/P6 evidence and independent/final labels,
tab:app-published-audit,C09-B/P1 evidence and independent/final labels,1,1,0,0,PASS,published_audit/p1_p6_evidence_150.csv,reproducibility/verify_reported_results.py,C09-B/P1 evidence and independent/final labels,
tab:app-published-audit,C09-B/P2 evidence and independent/final labels,1,1,0,0,PASS,published_audit/p1_p6_evidence_150.csv,reproducibility/verify_reported_results.py,C09-B/P2 evidence and independent/final labels,
tab:app-published-audit,C09-B/P3 evidence and independent/final labels,1,1,0,0,PASS,published_audit/p1_p6_evidence_150.csv,reproducibility/verify_reported_results.py,C09-B/P3 evidence and independent/final labels,
tab:app-published-audit,C09-B/P4 evidence and independent/final labels,1,1,0,0,PASS,published_audit/p1_p6_evidence_150.csv,reproducibility/verify_reported_results.py,C09-B/P4 evidence and independent/final labels,
tab:app-published-audit,C09-B/P5 evidence and independent/final labels,1,1,0,0,PASS,published_audit/p1_p6_evidence_150.csv,reproducibility/verify_reported_results.py,C09-B/P5 evidence and independent/final labels,
tab:app-published-audit,C09-B/P6 evidence and independent/final labels,1,1,0,0,PASS,published_audit/p1_p6_evidence_150.csv,reproducibility/verify_reported_results.py,C09-B/P6 evidence and independent/final labels,
tab:app-published-audit,C10-A/P1 evidence and independent/final labels,1,1,0,0,PASS,published_audit/p1_p6_evidence_150.csv,reproducibility/verify_reported_results.py,C10-A/P1 evidence and independent/final labels,
tab:app-published-audit,C10-A/P2 evidence and independent/final labels,1,1,0,0,PASS,published_audit/p1_p6_evidence_150.csv,reproducibility/verify_reported_results.py,C10-A/P2 evidence and independent/final labels,
tab:app-published-audit,C10-A/P3 evidence and independent/final labels,1,1,0,0,PASS,published_audit/p1_p6_evidence_150.csv,reproducibility/verify_reported_results.py,C10-A/P3 evidence and independent/final labels,
tab:app-published-audit,C10-A/P4 evidence and independent/final labels,1,1,0,0,PASS,published_audit/p1_p6_evidence_150.csv,reproducibility/verify_reported_results.py,C10-A/P4 evidence and independent/final labels,
tab:app-published-audit,C10-A/P5 evidence and independent/final labels,1,1,0,0,PASS,published_audit/p1_p6_evidence_150.csv,reproducibility/verify_reported_results.py,C10-A/P5 evidence and independent/final labels,
tab:app-published-audit,C10-A/P6 evidence and independent/final labels,1,1,0,0,PASS,published_audit/p1_p6_evidence_150.csv,reproducibility/verify_reported_results.py,C10-A/P6 evidence and independent/final labels,
tab:app-published-audit,C10-B/P1 evidence and independent/final labels,1,1,0,0,PASS,published_audit/p1_p6_evidence_150.csv,reproducibility/verify_reported_results.py,C10-B/P1 evidence and independent/final labels,
tab:app-published-audit,C10-B/P2 evidence and independent/final labels,1,1,0,0,PASS,published_audit/p1_p6_evidence_150.csv,reproducibility/verify_reported_results.py,C10-B/P2 evidence and independent/final labels,
tab:app-published-audit,C10-B/P3 evidence and independent/final labels,1,1,0,0,PASS,published_audit/p1_p6_evidence_150.csv,reproducibility/verify_reported_results.py,C10-B/P3 evidence and independent/final labels,
tab:app-published-audit,C10-B/P4 evidence and independent/final labels,1,1,0,0,PASS,published_audit/p1_p6_evidence_150.csv,reproducibility/verify_reported_results.py,C10-B/P4 evidence and independent/final labels,
tab:app-published-audit,C10-B/P5 evidence and independent/final labels,1,1,0,0,PASS,published_audit/p1_p6_evidence_150.csv,reproducibility/verify_reported_results.py,C10-B/P5 evidence and independent/final labels,
tab:app-published-audit,C10-B/P6 evidence and independent/final labels,1,1,0,0,PASS,published_audit/p1_p6_evidence_150.csv,reproducibility/verify_reported_results.py,C10-B/P6 evidence and independent/final labels,
tab:app-published-claim-provenance,source table comparison coverage,20,20,0,0,PASS,published_audit/source_evidence.csv,reproducibility/verify_reported_results.py,source table comparison coverage,
tab:app-audit-screening,screened studies,12,12,0,0,PASS,iclr_latex_v3/design_audit/ELIGIBILITY_SCREEN_V1.csv;published_audit/revision_screening_record.csv,reproducibility/verify_reported_results.py,screened studies,
tab:app-audit-screening,included studies,9,9,0,0,PASS,published_audit/comparison_level_final.csv,reproducibility/verify_reported_results.py,included studies,
Appendix D.2,"realizations ('pairwise', 'histgb', '32', '0.125')",20,20,0,0,PASS,experiments/crta_v3_mcr_noisy_proxy_recoverability_v1/CELL_DOSE_V1.csv,reproducibility/verify_reported_results.py,"realizations ('pairwise', 'histgb', '32', '0.125')",
Appendix D.2,"realizations ('pairwise', 'histgb', '32', '0.25')",20,20,0,0,PASS,experiments/crta_v3_mcr_noisy_proxy_recoverability_v1/CELL_DOSE_V1.csv,reproducibility/verify_reported_results.py,"realizations ('pairwise', 'histgb', '32', '0.25')",
Appendix D.2,"realizations ('pairwise', 'histgb', '32', '0.5')",20,20,0,0,PASS,experiments/crta_v3_mcr_noisy_proxy_recoverability_v1/CELL_DOSE_V1.csv,reproducibility/verify_reported_results.py,"realizations ('pairwise', 'histgb', '32', '0.5')",
Appendix D.2,"realizations ('pairwise', 'histgb', '32', '1.0')",20,20,0,0,PASS,experiments/crta_v3_mcr_noisy_proxy_recoverability_v1/CELL_DOSE_V1.csv,reproducibility/verify_reported_results.py,"realizations ('pairwise', 'histgb', '32', '1.0')",
Appendix D.2,"realizations ('pairwise', 'histgb', '32', '2.0')",20,20,0,0,PASS,experiments/crta_v3_mcr_noisy_proxy_recoverability_v1/CELL_DOSE_V1.csv,reproducibility/verify_reported_results.py,"realizations ('pairwise', 'histgb', '32', '2.0')",
Appendix D.2,"realizations ('pairwise', 'histgb', '32', '4.0')",20,20,0,0,PASS,experiments/crta_v3_mcr_noisy_proxy_recoverability_v1/CELL_DOSE_V1.csv,reproducibility/verify_reported_results.py,"realizations ('pairwise', 'histgb', '32', '4.0')",
Appendix D.2,"realizations ('pairwise', 'histgb', '512', '0.125')",20,20,0,0,PASS,experiments/crta_v3_mcr_noisy_proxy_recoverability_v1/CELL_DOSE_V1.csv,reproducibility/verify_reported_results.py,"realizations ('pairwise', 'histgb', '512', '0.125')",
Appendix D.2,"realizations ('pairwise', 'histgb', '512', '0.25')",20,20,0,0,PASS,experiments/crta_v3_mcr_noisy_proxy_recoverability_v1/CELL_DOSE_V1.csv,reproducibility/verify_reported_results.py,"realizations ('pairwise', 'histgb', '512', '0.25')",
Appendix D.2,"realizations ('pairwise', 'histgb', '512', '0.5')",20,20,0,0,PASS,experiments/crta_v3_mcr_noisy_proxy_recoverability_v1/CELL_DOSE_V1.csv,reproducibility/verify_reported_results.py,"realizations ('pairwise', 'histgb', '512', '0.5')",
Appendix D.2,"realizations ('pairwise', 'histgb', '512', '1.0')",20,20,0,0,PASS,experiments/crta_v3_mcr_noisy_proxy_recoverability_v1/CELL_DOSE_V1.csv,reproducibility/verify_reported_results.py,"realizations ('pairwise', 'histgb', '512', '1.0')",
Appendix D.2,"realizations ('pairwise', 'histgb', '512', '2.0')",20,20,0,0,PASS,experiments/crta_v3_mcr_noisy_proxy_recoverability_v1/CELL_DOSE_V1.csv,reproducibility/verify_reported_results.py,"realizations ('pairwise', 'histgb', '512', '2.0')",
Appendix D.2,"realizations ('pairwise', 'histgb', '512', '4.0')",20,20,0,0,PASS,experiments/crta_v3_mcr_noisy_proxy_recoverability_v1/CELL_DOSE_V1.csv,reproducibility/verify_reported_results.py,"realizations ('pairwise', 'histgb', '512', '4.0')",
Appendix D.2,"realizations ('pairwise', 'xgb', '32', '0.125')",20,20,0,0,PASS,experiments/crta_v3_mcr_noisy_proxy_recoverability_v1/CELL_DOSE_V1.csv,reproducibility/verify_reported_results.py,"realizations ('pairwise', 'xgb', '32', '0.125')",
Appendix D.2,"realizations ('pairwise', 'xgb', '32', '0.25')",20,20,0,0,PASS,experiments/crta_v3_mcr_noisy_proxy_recoverability_v1/CELL_DOSE_V1.csv,reproducibility/verify_reported_results.py,"realizations ('pairwise', 'xgb', '32', '0.25')",
Appendix D.2,"realizations ('pairwise', 'xgb', '32', '0.5')",20,20,0,0,PASS,experiments/crta_v3_mcr_noisy_proxy_recoverability_v1/CELL_DOSE_V1.csv,reproducibility/verify_reported_results.py,"realizations ('pairwise', 'xgb', '32', '0.5')",
Appendix D.2,"realizations ('pairwise', 'xgb', '32', '1.0')",20,20,0,0,PASS,experiments/crta_v3_mcr_noisy_proxy_recoverability_v1/CELL_DOSE_V1.csv,reproducibility/verify_reported_results.py,"realizations ('pairwise', 'xgb', '32', '1.0')",
Appendix D.2,"realizations ('pairwise', 'xgb', '32', '2.0')",20,20,0,0,PASS,experiments/crta_v3_mcr_noisy_proxy_recoverability_v1/CELL_DOSE_V1.csv,reproducibility/verify_reported_results.py,"realizations ('pairwise', 'xgb', '32', '2.0')",
Appendix D.2,"realizations ('pairwise', 'xgb', '32', '4.0')",20,20,0,0,PASS,experiments/crta_v3_mcr_noisy_proxy_recoverability_v1/CELL_DOSE_V1.csv,reproducibility/verify_reported_results.py,"realizations ('pairwise', 'xgb', '32', '4.0')",
Appendix D.2,"realizations ('pairwise', 'xgb', '512', '0.125')",20,20,0,0,PASS,experiments/crta_v3_mcr_noisy_proxy_recoverability_v1/CELL_DOSE_V1.csv,reproducibility/verify_reported_results.py,"realizations ('pairwise', 'xgb', '512', '0.125')",
Appendix D.2,"realizations ('pairwise', 'xgb', '512', '0.25')",20,20,0,0,PASS,experiments/crta_v3_mcr_noisy_proxy_recoverability_v1/CELL_DOSE_V1.csv,reproducibility/verify_reported_results.py,"realizations ('pairwise', 'xgb', '512', '0.25')",
Appendix D.2,"realizations ('pairwise', 'xgb', '512', '0.5')",20,20,0,0,PASS,experiments/crta_v3_mcr_noisy_proxy_recoverability_v1/CELL_DOSE_V1.csv,reproducibility/verify_reported_results.py,"realizations ('pairwise', 'xgb', '512', '0.5')",
Appendix D.2,"realizations ('pairwise', 'xgb', '512', '1.0')",20,20,0,0,PASS,experiments/crta_v3_mcr_noisy_proxy_recoverability_v1/CELL_DOSE_V1.csv,reproducibility/verify_reported_results.py,"realizations ('pairwise', 'xgb', '512', '1.0')",
Appendix D.2,"realizations ('pairwise', 'xgb', '512', '2.0')",20,20,0,0,PASS,experiments/crta_v3_mcr_noisy_proxy_recoverability_v1/CELL_DOSE_V1.csv,reproducibility/verify_reported_results.py,"realizations ('pairwise', 'xgb', '512', '2.0')",
Appendix D.2,"realizations ('pairwise', 'xgb', '512', '4.0')",20,20,0,0,PASS,experiments/crta_v3_mcr_noisy_proxy_recoverability_v1/CELL_DOSE_V1.csv,reproducibility/verify_reported_results.py,"realizations ('pairwise', 'xgb', '512', '4.0')",
Appendix D.2,"realizations ('sparse', 'histgb', '32', '0.125')",20,20,0,0,PASS,experiments/crta_v3_mcr_noisy_proxy_recoverability_v1/CELL_DOSE_V1.csv,reproducibility/verify_reported_results.py,"realizations ('sparse', 'histgb', '32', '0.125')",
Appendix D.2,"realizations ('sparse', 'histgb', '32', '0.25')",20,20,0,0,PASS,experiments/crta_v3_mcr_noisy_proxy_recoverability_v1/CELL_DOSE_V1.csv,reproducibility/verify_reported_results.py,"realizations ('sparse', 'histgb', '32', '0.25')",
Appendix D.2,"realizations ('sparse', 'histgb', '32', '0.5')",20,20,0,0,PASS,experiments/crta_v3_mcr_noisy_proxy_recoverability_v1/CELL_DOSE_V1.csv,reproducibility/verify_reported_results.py,"realizations ('sparse', 'histgb', '32', '0.5')",
Appendix D.2,"realizations ('sparse', 'histgb', '32', '1.0')",20,20,0,0,PASS,experiments/crta_v3_mcr_noisy_proxy_recoverability_v1/CELL_DOSE_V1.csv,reproducibility/verify_reported_results.py,"realizations ('sparse', 'histgb', '32', '1.0')",
Appendix D.2,"realizations ('sparse', 'histgb', '32', '2.0')",20,20,0,0,PASS,experiments/crta_v3_mcr_noisy_proxy_recoverability_v1/CELL_DOSE_V1.csv,reproducibility/verify_reported_results.py,"realizations ('sparse', 'histgb', '32', '2.0')",
Appendix D.2,"realizations ('sparse', 'histgb', '32', '4.0')",20,20,0,0,PASS,experiments/crta_v3_mcr_noisy_proxy_recoverability_v1/CELL_DOSE_V1.csv,reproducibility/verify_reported_results.py,"realizations ('sparse', 'histgb', '32', '4.0')",
Appendix D.2,"realizations ('sparse', 'histgb', '512', '0.125')",20,20,0,0,PASS,experiments/crta_v3_mcr_noisy_proxy_recoverability_v1/CELL_DOSE_V1.csv,reproducibility/verify_reported_results.py,"realizations ('sparse', 'histgb', '512', '0.125')",
Appendix D.2,"realizations ('sparse', 'histgb', '512', '0.25')",20,20,0,0,PASS,experiments/crta_v3_mcr_noisy_proxy_recoverability_v1/CELL_DOSE_V1.csv,reproducibility/verify_reported_results.py,"realizations ('sparse', 'histgb', '512', '0.25')",
Appendix D.2,"realizations ('sparse', 'histgb', '512', '0.5')",20,20,0,0,PASS,experiments/crta_v3_mcr_noisy_proxy_recoverability_v1/CELL_DOSE_V1.csv,reproducibility/verify_reported_results.py,"realizations ('sparse', 'histgb', '512', '0.5')",
Appendix D.2,"realizations ('sparse', 'histgb', '512', '1.0')",20,20,0,0,PASS,experiments/crta_v3_mcr_noisy_proxy_recoverability_v1/CELL_DOSE_V1.csv,reproducibility/verify_reported_results.py,"realizations ('sparse', 'histgb', '512', '1.0')",
Appendix D.2,"realizations ('sparse', 'histgb', '512', '2.0')",20,20,0,0,PASS,experiments/crta_v3_mcr_noisy_proxy_recoverability_v1/CELL_DOSE_V1.csv,reproducibility/verify_reported_results.py,"realizations ('sparse', 'histgb', '512', '2.0')",
Appendix D.2,"realizations ('sparse', 'histgb', '512', '4.0')",20,20,0,0,PASS,experiments/crta_v3_mcr_noisy_proxy_recoverability_v1/CELL_DOSE_V1.csv,reproducibility/verify_reported_results.py,"realizations ('sparse', 'histgb', '512', '4.0')",
Appendix D.2,"realizations ('sparse', 'xgb', '32', '0.125')",20,20,0,0,PASS,experiments/crta_v3_mcr_noisy_proxy_recoverability_v1/CELL_DOSE_V1.csv,reproducibility/verify_reported_results.py,"realizations ('sparse', 'xgb', '32', '0.125')",
Appendix D.2,"realizations ('sparse', 'xgb', '32', '0.25')",20,20,0,0,PASS,experiments/crta_v3_mcr_noisy_proxy_recoverability_v1/CELL_DOSE_V1.csv,reproducibility/verify_reported_results.py,"realizations ('sparse', 'xgb', '32', '0.25')",
Appendix D.2,"realizations ('sparse', 'xgb', '32', '0.5')",20,20,0,0,PASS,experiments/crta_v3_mcr_noisy_proxy_recoverability_v1/CELL_DOSE_V1.csv,reproducibility/verify_reported_results.py,"realizations ('sparse', 'xgb', '32', '0.5')",
Appendix D.2,"realizations ('sparse', 'xgb', '32', '1.0')",20,20,0,0,PASS,experiments/crta_v3_mcr_noisy_proxy_recoverability_v1/CELL_DOSE_V1.csv,reproducibility/verify_reported_results.py,"realizations ('sparse', 'xgb', '32', '1.0')",
Appendix D.2,"realizations ('sparse', 'xgb', '32', '2.0')",20,20,0,0,PASS,experiments/crta_v3_mcr_noisy_proxy_recoverability_v1/CELL_DOSE_V1.csv,reproducibility/verify_reported_results.py,"realizations ('sparse', 'xgb', '32', '2.0')",
Appendix D.2,"realizations ('sparse', 'xgb', '32', '4.0')",20,20,0,0,PASS,experiments/crta_v3_mcr_noisy_proxy_recoverability_v1/CELL_DOSE_V1.csv,reproducibility/verify_reported_results.py,"realizations ('sparse', 'xgb', '32', '4.0')",
Appendix D.2,"realizations ('sparse', 'xgb', '512', '0.125')",20,20,0,0,PASS,experiments/crta_v3_mcr_noisy_proxy_recoverability_v1/CELL_DOSE_V1.csv,reproducibility/verify_reported_results.py,"realizations ('sparse', 'xgb', '512', '0.125')",
Appendix D.2,"realizations ('sparse', 'xgb', '512', '0.25')",20,20,0,0,PASS,experiments/crta_v3_mcr_noisy_proxy_recoverability_v1/CELL_DOSE_V1.csv,reproducibility/verify_reported_results.py,"realizations ('sparse', 'xgb', '512', '0.25')",
Appendix D.2,"realizations ('sparse', 'xgb', '512', '0.5')",20,20,0,0,PASS,experiments/crta_v3_mcr_noisy_proxy_recoverability_v1/CELL_DOSE_V1.csv,reproducibility/verify_reported_results.py,"realizations ('sparse', 'xgb', '512', '0.5')",
Appendix D.2,"realizations ('sparse', 'xgb', '512', '1.0')",20,20,0,0,PASS,experiments/crta_v3_mcr_noisy_proxy_recoverability_v1/CELL_DOSE_V1.csv,reproducibility/verify_reported_results.py,"realizations ('sparse', 'xgb', '512', '1.0')",
Appendix D.2,"realizations ('sparse', 'xgb', '512', '2.0')",20,20,0,0,PASS,experiments/crta_v3_mcr_noisy_proxy_recoverability_v1/CELL_DOSE_V1.csv,reproducibility/verify_reported_results.py,"realizations ('sparse', 'xgb', '512', '2.0')",
Appendix D.2,"realizations ('sparse', 'xgb', '512', '4.0')",20,20,0,0,PASS,experiments/crta_v3_mcr_noisy_proxy_recoverability_v1/CELL_DOSE_V1.csv,reproducibility/verify_reported_results.py,"realizations ('sparse', 'xgb', '512', '4.0')",
Appendix D.2,0.125 settings,8,8,0,0,PASS,experiments/crta_v3_mcr_noisy_proxy_recoverability_v1/CELL_DOSE_V1.csv,reproducibility/verify_reported_results.py,0.125 settings,
Appendix D.2,0.125 dose mean matches archived table,.188,0.18796992481203006,-3.0075187969935691e-05,0.0005,PASS,experiments/crta_v3_mcr_noisy_proxy_recoverability_v1/CELL_DOSE_V1.csv,reproducibility/verify_reported_results.py,mean across eight per-stratum Spearman coefficients,
Appendix D.2,0.125 exported recomputation,0.18796992481203006,0.18796992481203006,0,1e-12,PASS,experiments/crta_v3_mcr_noisy_proxy_recoverability_v1/CELL_DOSE_V1.csv,reproducibility/verify_reported_results.py,mean across eight per-stratum Spearman coefficients,
Appendix D.2,0.25 settings,8,8,0,0,PASS,experiments/crta_v3_mcr_noisy_proxy_recoverability_v1/CELL_DOSE_V1.csv,reproducibility/verify_reported_results.py,0.25 settings,
Appendix D.2,0.25 dose mean matches archived table,.215,0.21466165413533836,-0.00033834586466163774,0.0005,PASS,experiments/crta_v3_mcr_noisy_proxy_recoverability_v1/CELL_DOSE_V1.csv,reproducibility/verify_reported_results.py,mean across eight per-stratum Spearman coefficients,
Appendix D.2,0.25 exported recomputation,0.21466165413533833,0.21466165413533836,2.7755575615628914e-17,1e-12,PASS,experiments/crta_v3_mcr_noisy_proxy_recoverability_v1/CELL_DOSE_V1.csv,reproducibility/verify_reported_results.py,mean across eight per-stratum Spearman coefficients,
Appendix D.2,0.5 settings,8,8,0,0,PASS,experiments/crta_v3_mcr_noisy_proxy_recoverability_v1/CELL_DOSE_V1.csv,reproducibility/verify_reported_results.py,0.5 settings,
Appendix D.2,0.5 dose mean matches archived table,.329,0.32857142857142857,-0.00042857142857144481,0.0005,PASS,experiments/crta_v3_mcr_noisy_proxy_recoverability_v1/CELL_DOSE_V1.csv,reproducibility/verify_reported_results.py,mean across eight per-stratum Spearman coefficients,
Appendix D.2,0.5 exported recomputation,0.32857142857142857,0.32857142857142857,0,1e-12,PASS,experiments/crta_v3_mcr_noisy_proxy_recoverability_v1/CELL_DOSE_V1.csv,reproducibility/verify_reported_results.py,mean across eight per-stratum Spearman coefficients,
Appendix D.2,1.0 settings,8,8,0,0,PASS,experiments/crta_v3_mcr_noisy_proxy_recoverability_v1/CELL_DOSE_V1.csv,reproducibility/verify_reported_results.py,1.0 settings,
Appendix D.2,1.0 dose mean matches archived table,.165,0.16466165413533834,-0.0003383458646616655,0.0005,PASS,experiments/crta_v3_mcr_noisy_proxy_recoverability_v1/CELL_DOSE_V1.csv,reproducibility/verify_reported_results.py,mean across eight per-stratum Spearman coefficients,
Appendix D.2,1.0 exported recomputation,0.16466165413533834,0.16466165413533834,0,1e-12,PASS,experiments/crta_v3_mcr_noisy_proxy_recoverability_v1/CELL_DOSE_V1.csv,reproducibility/verify_reported_results.py,mean across eight per-stratum Spearman coefficients,
Appendix D.2,2.0 settings,8,8,0,0,PASS,experiments/crta_v3_mcr_noisy_proxy_recoverability_v1/CELL_DOSE_V1.csv,reproducibility/verify_reported_results.py,2.0 settings,
Appendix D.2,2.0 dose mean matches archived table,.283,0.28308270676691727,8.2706766917295393e-05,0.0005,PASS,experiments/crta_v3_mcr_noisy_proxy_recoverability_v1/CELL_DOSE_V1.csv,reproducibility/verify_reported_results.py,mean across eight per-stratum Spearman coefficients,
Appendix D.2,2.0 exported recomputation,0.28308270676691727,0.28308270676691727,0,1e-12,PASS,experiments/crta_v3_mcr_noisy_proxy_recoverability_v1/CELL_DOSE_V1.csv,reproducibility/verify_reported_results.py,mean across eight per-stratum Spearman coefficients,
Appendix D.2,4.0 settings,8,8,0,0,PASS,experiments/crta_v3_mcr_noisy_proxy_recoverability_v1/CELL_DOSE_V1.csv,reproducibility/verify_reported_results.py,4.0 settings,
Appendix D.2,4.0 dose mean matches archived table,.232,0.23176691729323309,-0.00023308270676691834,0.0005,PASS,experiments/crta_v3_mcr_noisy_proxy_recoverability_v1/CELL_DOSE_V1.csv,reproducibility/verify_reported_results.py,mean across eight per-stratum Spearman coefficients,
Appendix D.2,4.0 exported recomputation,0.23176691729323312,0.23176691729323309,-2.7755575615628914e-17,1e-12,PASS,experiments/crta_v3_mcr_noisy_proxy_recoverability_v1/CELL_DOSE_V1.csv,reproducibility/verify_reported_results.py,mean across eight per-stratum Spearman coefficients,
Appendix D.2,minimum dose mean,.165,0.16466165413533834,-0.0003383458646616655,0.0005,PASS,experiments/crta_v3_mcr_noisy_proxy_recoverability_v1/CELL_DOSE_V1.csv,reproducibility/verify_reported_results.py,minimum dose mean,
Appendix D.2,maximum dose mean,.329,0.32857142857142857,-0.00042857142857144481,0.0005,PASS,experiments/crta_v3_mcr_noisy_proxy_recoverability_v1/CELL_DOSE_V1.csv,reproducibility/verify_reported_results.py,maximum dose mean,
Appendix D.2,nonzero doses,6,6,0,0,PASS,experiments/crta_v3_mcr_noisy_proxy_recoverability_v1/CELL_DOSE_V1.csv,reproducibility/verify_reported_results.py,nonzero doses,
Appendix B.3,unique full-universe names,1315,1315,0,0,PASS,robustness/correspondence/candidate_inventory_1315.csv,reproducibility/verify_reported_results.py,unique full-universe names,
Appendix B.3,full-universe rows,1315,1315,0,0,PASS,robustness/correspondence/candidate_inventory_1315.csv,reproducibility/verify_reported_results.py,full-universe rows,
Appendix B.3,frozen full-universe pool hash comparisons,50,50,0,0,PASS,experiments/crta_v3_open_world_schema_matcher_v1/SUMMARY_V1.json,reproducibility/verify_reported_results.py,frozen full-universe pool hash comparisons,
Appendix B.3,all frozen pool hashes equal exported names,1,1,0,0,PASS,robustness/correspondence/candidate_inventory_1315.csv;experiments/crta_v3_open_world_schema_matcher_v1/SUMMARY_V1.json,reproducibility/verify_reported_results.py,all frozen pool hashes equal exported names,
Appendix C.3,paired bootstrap resamples,2000,2000,0,0,PASS,experiments/tabllm_w2_fixed_mapping_v2/full_analysis/SUMMARY.json,reproducibility/verify_reported_results.py,paired bootstrap resamples,
tab:app-measurement-full,cancer_history KN2NH finite pairs,4,4,0,0,PASS,experiments/crta_v3_survey_label_panel_endpoint_expansion_v1/SUMMARY_V1.json,reproducibility/verify_reported_results.py,cancer_history KN2NH finite pairs,
tab:app-measurement-full,minimum required finite pairs,8,8,0,0,PASS,experiments/crta_v3_survey_label_panel_endpoint_expansion_v1/SUMMARY_V1.json,reproducibility/verify_reported_results.py,minimum required finite pairs,
tab:app-measurement-full,coverage gate failed,0,0,0,0,PASS,experiments/crta_v3_survey_label_panel_endpoint_expansion_v1/SUMMARY_V1.json,reproducibility/verify_reported_results.py,coverage gate failed,
Appendix C.3,bootstrap exception disclosed,1,1,0,0,PASS,iclr_latex_v3/appendix_new.tex,reproducibility/verify_reported_results.py,bootstrap exception disclosed,
tab:app-software-environment,version comparisons,77,77,0,0,PASS,reproducibility/environments/version_audit.csv,reproducibility/verify_reported_results.py,version comparisons,
tab:app-software-environment,crta_v3_exam_support_ladder_v1/numpy/versions/numpy,1,1,0,0,PASS,experiments/crta_v3_exam_support_ladder_v1/triglycerides/seed_55/metrics.json,reproducibility/verify_reported_results.py,crta_v3_exam_support_ladder_v1/numpy/versions/numpy,Per-run recorded version; principal baseline retained in version_audit.csv
tab:app-software-environment,crta_v3_exam_support_ladder_v1/pandas/versions/pandas,1,1,0,0,PASS,experiments/crta_v3_exam_support_ladder_v1/triglycerides/seed_55/metrics.json,reproducibility/verify_reported_results.py,crta_v3_exam_support_ladder_v1/pandas/versions/pandas,Per-run recorded version; principal baseline retained in version_audit.csv
tab:app-software-environment,crta_v3_exam_support_ladder_v1/python/versions/python,1,1,0,0,PASS,experiments/crta_v3_exam_support_ladder_v1/triglycerides/seed_55/metrics.json,reproducibility/verify_reported_results.py,crta_v3_exam_support_ladder_v1/python/versions/python,Per-run recorded version; principal baseline retained in version_audit.csv
tab:app-software-environment,crta_v3_exam_support_ladder_v1/sklearn/versions/sklearn,1,1,0,0,PASS,experiments/crta_v3_exam_support_ladder_v1/triglycerides/seed_55/metrics.json,reproducibility/verify_reported_results.py,crta_v3_exam_support_ladder_v1/sklearn/versions/sklearn,Per-run recorded version; principal baseline retained in version_audit.csv
tab:app-software-environment,crta_v3_exam_support_ladder_v1/xgboost/versions/xgboost,1,1,0,0,PASS,experiments/crta_v3_exam_support_ladder_v1/triglycerides/seed_55/metrics.json,reproducibility/verify_reported_results.py,crta_v3_exam_support_ladder_v1/xgboost/versions/xgboost,Per-run recorded version; principal baseline retained in version_audit.csv
tab:app-software-environment,tabllm_all_reference_k512_v1/datasets/versions/datasets,1,1,0,0,PASS,experiments/tabllm_all_reference_k512_v1/evidence_v1/ref_11/income/k512/seed1/metrics.json,reproducibility/verify_reported_results.py,tabllm_all_reference_k512_v1/datasets/versions/datasets,Per-run recorded version; principal baseline retained in version_audit.csv
tab:app-software-environment,tabllm_all_reference_k512_v1/numpy/versions/numpy,1,1,0,0,PASS,experiments/tabllm_all_reference_k512_v1/evidence_v1/ref_11/income/k512/seed1/metrics.json,reproducibility/verify_reported_results.py,tabllm_all_reference_k512_v1/numpy/versions/numpy,Per-run recorded version; principal baseline retained in version_audit.csv
tab:app-software-environment,tabllm_all_reference_k512_v1/pandas/versions/pandas,1,1,0,0,PASS,experiments/tabllm_all_reference_k512_v1/evidence_v1/ref_11/income/k512/seed1/metrics.json,reproducibility/verify_reported_results.py,tabllm_all_reference_k512_v1/pandas/versions/pandas,Per-run recorded version; principal baseline retained in version_audit.csv
tab:app-software-environment,tabllm_all_reference_k512_v1/python/versions/python,1,1,0,0,PASS,experiments/tabllm_all_reference_k512_v1/evidence_v1/ref_11/income/k512/seed1/metrics.json,reproducibility/verify_reported_results.py,tabllm_all_reference_k512_v1/python/versions/python,Per-run recorded version; principal baseline retained in version_audit.csv
tab:app-software-environment,tabllm_all_reference_k512_v1/torch/versions/torch,1,1,0,0,PASS,experiments/tabllm_all_reference_k512_v1/evidence_v1/ref_11/income/k512/seed1/metrics.json,reproducibility/verify_reported_results.py,tabllm_all_reference_k512_v1/torch/versions/torch,Per-run recorded version; principal baseline retained in version_audit.csv
tab:app-software-environment,tabllm_all_reference_k512_v1/transformers/versions/transformers,1,1,0,0,PASS,experiments/tabllm_all_reference_k512_v1/evidence_v1/ref_11/income/k512/seed1/metrics.json,reproducibility/verify_reported_results.py,tabllm_all_reference_k512_v1/transformers/versions/transformers,Per-run recorded version; principal baseline retained in version_audit.csv
tab:app-software-environment,crta_v3_exam_reference_sensitivity_v2/numpy/versions/numpy,1,1,0,0,PASS,experiments/crta_v3_exam_reference_sensitivity_v2/triglycerides/seed_55/metrics.json,reproducibility/verify_reported_results.py,crta_v3_exam_reference_sensitivity_v2/numpy/versions/numpy,Per-run recorded version; principal baseline retained in version_audit.csv
tab:app-software-environment,crta_v3_exam_reference_sensitivity_v2/pandas/versions/pandas,1,1,0,0,PASS,experiments/crta_v3_exam_reference_sensitivity_v2/triglycerides/seed_55/metrics.json,reproducibility/verify_reported_results.py,crta_v3_exam_reference_sensitivity_v2/pandas/versions/pandas,Per-run recorded version; principal baseline retained in version_audit.csv
tab:app-software-environment,crta_v3_exam_reference_sensitivity_v2/python/versions/python,1,1,0,0,PASS,experiments/crta_v3_exam_reference_sensitivity_v2/triglycerides/seed_55/metrics.json,reproducibility/verify_reported_results.py,crta_v3_exam_reference_sensitivity_v2/python/versions/python,Per-run recorded version; principal baseline retained in version_audit.csv
tab:app-software-environment,crta_v3_exam_reference_sensitivity_v2/sklearn/versions/sklearn,1,1,0,0,PASS,experiments/crta_v3_exam_reference_sensitivity_v2/triglycerides/seed_55/metrics.json,reproducibility/verify_reported_results.py,crta_v3_exam_reference_sensitivity_v2/sklearn/versions/sklearn,Per-run recorded version; principal baseline retained in version_audit.csv
tab:app-software-environment,crta_v3_exam_reference_sensitivity_v2/xgboost/versions/xgboost,1,1,0,0,PASS,experiments/crta_v3_exam_reference_sensitivity_v2/triglycerides/seed_55/metrics.json,reproducibility/verify_reported_results.py,crta_v3_exam_reference_sensitivity_v2/xgboost/versions/xgboost,Per-run recorded version; principal baseline retained in version_audit.csv
tab:app-software-environment,crta_v3_mcr_carte_v1/numpy/versions/numpy,1,1,0,0,PASS,experiments/crta_v3_mcr_carte_v1/pairwise/r03/metrics.json,reproducibility/verify_reported_results.py,crta_v3_mcr_carte_v1/numpy/versions/numpy,Per-run recorded version; principal baseline retained in version_audit.csv
tab:app-software-environment,crta_v3_mcr_carte_v1/pandas/versions/pandas,1,1,0,0,PASS,experiments/crta_v3_mcr_carte_v1/pairwise/r03/metrics.json,reproducibility/verify_reported_results.py,crta_v3_mcr_carte_v1/pandas/versions/pandas,Per-run recorded version; principal baseline retained in version_audit.csv
tab:app-software-environment,crta_v3_mcr_carte_v1/python/versions/python,1,1,0,0,PASS,experiments/crta_v3_mcr_carte_v1/pairwise/r03/metrics.json,reproducibility/verify_reported_results.py,crta_v3_mcr_carte_v1/python/versions/python,Per-run recorded version; principal baseline retained in version_audit.csv
tab:app-software-environment,crta_v3_mcr_carte_v1/torch/versions/torch,1,1,0,0,PASS,experiments/crta_v3_mcr_carte_v1/pairwise/r03/metrics.json,reproducibility/verify_reported_results.py,crta_v3_mcr_carte_v1/torch/versions/torch,Per-run recorded version; principal baseline retained in version_audit.csv
tab:app-software-environment,crta_v3_mcr_transtab_bridge_decomposition_v1/numpy/versions/numpy,1,1,0,0,PASS,experiments/crta_v3_mcr_transtab_bridge_decomposition_v1/pairwise/r03/metrics.json,reproducibility/verify_reported_results.py,crta_v3_mcr_transtab_bridge_decomposition_v1/numpy/versions/numpy,Per-run recorded version; principal baseline retained in version_audit.csv
tab:app-software-environment,crta_v3_mcr_transtab_bridge_decomposition_v1/pandas/versions/pandas,1,1,0,0,PASS,experiments/crta_v3_mcr_transtab_bridge_decomposition_v1/pairwise/r03/metrics.json,reproducibility/verify_reported_results.py,crta_v3_mcr_transtab_bridge_decomposition_v1/pandas/versions/pandas,Per-run recorded version; principal baseline retained in version_audit.csv
tab:app-software-environment,crta_v3_mcr_transtab_bridge_decomposition_v1/python/versions/python,1,1,0,0,PASS,experiments/crta_v3_mcr_transtab_bridge_decomposition_v1/pairwise/r03/metrics.json,reproducibility/verify_reported_results.py,crta_v3_mcr_transtab_bridge_decomposition_v1/python/versions/python,Per-run recorded version; principal baseline retained in version_audit.csv
tab:app-software-environment,crta_v3_mcr_transtab_bridge_decomposition_v1/torch/versions/torch,1,1,0,0,PASS,experiments/crta_v3_mcr_transtab_bridge_decomposition_v1/pairwise/r03/metrics.json,reproducibility/verify_reported_results.py,crta_v3_mcr_transtab_bridge_decomposition_v1/torch/versions/torch,Per-run recorded version; principal baseline retained in version_audit.csv
tab:app-software-environment,crta_v3_mcr_transtab_bridge_decomposition_v1/transformers/versions/transformers,1,1,0,0,PASS,experiments/crta_v3_mcr_transtab_bridge_decomposition_v1/pairwise/r03/metrics.json,reproducibility/verify_reported_results.py,crta_v3_mcr_transtab_bridge_decomposition_v1/transformers/versions/transformers,Per-run recorded version; principal baseline retained in version_audit.csv
tab:app-software-environment,crta_v3_mcr_factorial_semisynth_v1/numpy/versions/numpy,1,1,0,0,PASS,experiments/crta_v3_mcr_factorial_semisynth_v1/primary/pairwise/r03/metrics.json,reproducibility/verify_reported_results.py,crta_v3_mcr_factorial_semisynth_v1/numpy/versions/numpy,Per-run recorded version; principal baseline retained in version_audit.csv
tab:app-software-environment,crta_v3_mcr_factorial_semisynth_v1/pandas/versions/pandas,1,1,0,0,PASS,experiments/crta_v3_mcr_factorial_semisynth_v1/primary/pairwise/r03/metrics.json,reproducibility/verify_reported_results.py,crta_v3_mcr_factorial_semisynth_v1/pandas/versions/pandas,Per-run recorded version; principal baseline retained in version_audit.csv
tab:app-software-environment,crta_v3_mcr_factorial_semisynth_v1/sklearn/versions/sklearn,1,1,0,0,PASS,experiments/crta_v3_mcr_factorial_semisynth_v1/primary/pairwise/r03/metrics.json,reproducibility/verify_reported_results.py,crta_v3_mcr_factorial_semisynth_v1/sklearn/versions/sklearn,Per-run recorded version; principal baseline retained in version_audit.csv
tab:app-software-environment,crta_v3_mcr_factorial_semisynth_v1/xgboost/versions/xgboost,1,1,0,0,PASS,experiments/crta_v3_mcr_factorial_semisynth_v1/primary/pairwise/r03/metrics.json,reproducibility/verify_reported_results.py,crta_v3_mcr_factorial_semisynth_v1/xgboost/versions/xgboost,Per-run recorded version; principal baseline retained in version_audit.csv
tab:app-software-environment,crta_v3_mcr_value_redundancy_v1/numpy/versions/numpy,1,1,0,0,PASS,experiments/crta_v3_mcr_value_redundancy_v1/pairwise/r03/metrics.json,reproducibility/verify_reported_results.py,crta_v3_mcr_value_redundancy_v1/numpy/versions/numpy,Per-run recorded version; principal baseline retained in version_audit.csv
tab:app-software-environment,crta_v3_mcr_value_redundancy_v1/python/versions/python,1,1,0,0,PASS,experiments/crta_v3_mcr_value_redundancy_v1/pairwise/r03/metrics.json,reproducibility/verify_reported_results.py,crta_v3_mcr_value_redundancy_v1/python/versions/python,Per-run recorded version; principal baseline retained in version_audit.csv
tab:app-software-environment,crta_v3_mcr_value_redundancy_v1/sklearn/versions/sklearn,1,1,0,0,PASS,experiments/crta_v3_mcr_value_redundancy_v1/pairwise/r03/metrics.json,reproducibility/verify_reported_results.py,crta_v3_mcr_value_redundancy_v1/sklearn/versions/sklearn,Per-run recorded version; principal baseline retained in version_audit.csv
tab:app-software-environment,crta_v3_mcr_value_redundancy_v1/xgboost/versions/xgboost,1,1,0,0,PASS,experiments/crta_v3_mcr_value_redundancy_v1/pairwise/r03/metrics.json,reproducibility/verify_reported_results.py,crta_v3_mcr_value_redundancy_v1/xgboost/versions/xgboost,Per-run recorded version; principal baseline retained in version_audit.csv
tab:app-software-environment,crta_v3_mcr_transtab_c_tf430_v1/python/python,1,1,0,0,PASS,experiments/crta_v3_mcr_transtab_c_tf430_v1/ENVIRONMENT_AUDIT.json,reproducibility/verify_reported_results.py,crta_v3_mcr_transtab_c_tf430_v1/python/python,Per-run recorded version; principal baseline retained in version_audit.csv
tab:app-software-environment,crta_v3_mcr_transtab_c_tf430_v1/torch/torch,1,1,0,0,PASS,experiments/crta_v3_mcr_transtab_c_tf430_v1/ENVIRONMENT_AUDIT.json,reproducibility/verify_reported_results.py,crta_v3_mcr_transtab_c_tf430_v1/torch/torch,Per-run recorded version; principal baseline retained in version_audit.csv
tab:app-software-environment,crta_v3_mcr_transtab_c_tf430_v1/transformers/transformers,1,1,0,0,PASS,experiments/crta_v3_mcr_transtab_c_tf430_v1/ENVIRONMENT_AUDIT.json,reproducibility/verify_reported_results.py,crta_v3_mcr_transtab_c_tf430_v1/transformers/transformers,Per-run recorded version; principal baseline retained in version_audit.csv
tab:app-software-environment,crta_v3_mcr_transtab_c_tf430_v1/numpy/versions/numpy,1,1,0,0,PASS,experiments/crta_v3_mcr_transtab_c_tf430_v1/pairwise/r03/metrics.json,reproducibility/verify_reported_results.py,crta_v3_mcr_transtab_c_tf430_v1/numpy/versions/numpy,Per-run recorded version; principal baseline retained in version_audit.csv
tab:app-software-environment,crta_v3_mcr_transtab_c_tf430_v1/pandas/versions/pandas,1,1,0,0,PASS,experiments/crta_v3_mcr_transtab_c_tf430_v1/pairwise/r03/metrics.json,reproducibility/verify_reported_results.py,crta_v3_mcr_transtab_c_tf430_v1/pandas/versions/pandas,Per-run recorded version; principal baseline retained in version_audit.csv
tab:app-software-environment,crta_v3_mcr_transtab_c_tf430_v1/python/versions/python,1,1,0,0,PASS,experiments/crta_v3_mcr_transtab_c_tf430_v1/pairwise/r03/metrics.json,reproducibility/verify_reported_results.py,crta_v3_mcr_transtab_c_tf430_v1/python/versions/python,Per-run recorded version; principal baseline retained in version_audit.csv
tab:app-software-environment,_recheck_vr_threads1/numpy/versions/numpy,1,1,0,0,PASS,experiments/_recheck_vr_threads1/pairwise/r03/metrics.json,reproducibility/verify_reported_results.py,_recheck_vr_threads1/numpy/versions/numpy,Per-run recorded version; principal baseline retained in version_audit.csv
tab:app-software-environment,_recheck_vr_threads1/python/versions/python,1,1,0,0,PASS,experiments/_recheck_vr_threads1/pairwise/r03/metrics.json,reproducibility/verify_reported_results.py,_recheck_vr_threads1/python/versions/python,Per-run recorded version; principal baseline retained in version_audit.csv
tab:app-software-environment,_recheck_vr_threads1/sklearn/versions/sklearn,1,1,0,0,PASS,experiments/_recheck_vr_threads1/pairwise/r03/metrics.json,reproducibility/verify_reported_results.py,_recheck_vr_threads1/sklearn/versions/sklearn,Per-run recorded version; principal baseline retained in version_audit.csv
tab:app-software-environment,_recheck_vr_threads1/xgboost/versions/xgboost,1,1,0,0,PASS,experiments/_recheck_vr_threads1/pairwise/r03/metrics.json,reproducibility/verify_reported_results.py,_recheck_vr_threads1/xgboost/versions/xgboost,Per-run recorded version; principal baseline retained in version_audit.csv
tab:app-software-environment,tabllm_reference_space_v1/datasets/versions/datasets,1,1,0,0,PASS,experiments/tabllm_reference_space_v1/evidence_v1/ref_11/income/metrics.json,reproducibility/verify_reported_results.py,tabllm_reference_space_v1/datasets/versions/datasets,Per-run recorded version; principal baseline retained in version_audit.csv
tab:app-software-environment,tabllm_reference_space_v1/numpy/versions/numpy,1,1,0,0,PASS,experiments/tabllm_reference_space_v1/evidence_v1/ref_11/income/metrics.json,reproducibility/verify_reported_results.py,tabllm_reference_space_v1/numpy/versions/numpy,Per-run recorded version; principal baseline retained in version_audit.csv
tab:app-software-environment,tabllm_reference_space_v1/python/versions/python,1,1,0,0,PASS,experiments/tabllm_reference_space_v1/evidence_v1/ref_11/income/metrics.json,reproducibility/verify_reported_results.py,tabllm_reference_space_v1/python/versions/python,Per-run recorded version; principal baseline retained in version_audit.csv
tab:app-software-environment,tabllm_reference_space_v1/torch/versions/torch,1,1,0,0,PASS,experiments/tabllm_reference_space_v1/evidence_v1/ref_11/income/metrics.json,reproducibility/verify_reported_results.py,tabllm_reference_space_v1/torch/versions/torch,Per-run recorded version; principal baseline retained in version_audit.csv
tab:app-software-environment,tabllm_reference_space_v1/transformers/versions/transformers,1,1,0,0,PASS,experiments/tabllm_reference_space_v1/evidence_v1/ref_11/income/metrics.json,reproducibility/verify_reported_results.py,tabllm_reference_space_v1/transformers/versions/transformers,Per-run recorded version; principal baseline retained in version_audit.csv
tab:app-software-environment,tabllm_retrospective_audit_v1/datasets/versions/datasets,1,1,0,0,PASS,experiments/tabllm_retrospective_audit_v1/list_only_values/income/metrics.json,reproducibility/verify_reported_results.py,tabllm_retrospective_audit_v1/datasets/versions/datasets,Per-run recorded version; principal baseline retained in version_audit.csv
tab:app-software-environment,tabllm_retrospective_audit_v1/numpy/versions/numpy,1,1,0,0,PASS,experiments/tabllm_retrospective_audit_v1/list_only_values/income/metrics.json,reproducibility/verify_reported_results.py,tabllm_retrospective_audit_v1/numpy/versions/numpy,Per-run recorded version; principal baseline retained in version_audit.csv
tab:app-software-environment,tabllm_retrospective_audit_v1/pandas/versions/pandas,1,1,0,0,PASS,experiments/tabllm_retrospective_audit_v1/list_only_values/income/metrics.json,reproducibility/verify_reported_results.py,tabllm_retrospective_audit_v1/pandas/versions/pandas,Per-run recorded version; principal baseline retained in version_audit.csv
tab:app-software-environment,tabllm_retrospective_audit_v1/python/versions/python,1,1,0,0,PASS,experiments/tabllm_retrospective_audit_v1/list_only_values/income/metrics.json,reproducibility/verify_reported_results.py,tabllm_retrospective_audit_v1/python/versions/python,Per-run recorded version; principal baseline retained in version_audit.csv
tab:app-software-environment,tabllm_retrospective_audit_v1/torch/versions/torch,1,1,0,0,PASS,experiments/tabllm_retrospective_audit_v1/list_only_values/income/metrics.json,reproducibility/verify_reported_results.py,tabllm_retrospective_audit_v1/torch/versions/torch,Per-run recorded version; principal baseline retained in version_audit.csv
tab:app-software-environment,tabllm_retrospective_audit_v1/transformers/versions/transformers,1,1,0,0,PASS,experiments/tabllm_retrospective_audit_v1/list_only_values/income/metrics.json,reproducibility/verify_reported_results.py,tabllm_retrospective_audit_v1/transformers/versions/transformers,Per-run recorded version; principal baseline retained in version_audit.csv
tab:app-software-environment,crta_v3_mcr_null_source_v1/numpy/versions/numpy,1,1,0,0,PASS,experiments/crta_v3_mcr_null_source_v1/pairwise/r03/metrics.json,reproducibility/verify_reported_results.py,crta_v3_mcr_null_source_v1/numpy/versions/numpy,Per-run recorded version; principal baseline retained in version_audit.csv
tab:app-software-environment,crta_v3_mcr_null_source_v1/sklearn/versions/sklearn,1,1,0,0,PASS,experiments/crta_v3_mcr_null_source_v1/pairwise/r03/metrics.json,reproducibility/verify_reported_results.py,crta_v3_mcr_null_source_v1/sklearn/versions/sklearn,Per-run recorded version; principal baseline retained in version_audit.csv
tab:app-software-environment,crta_v3_mcr_null_source_v1/xgboost/versions/xgboost,1,1,0,0,PASS,experiments/crta_v3_mcr_null_source_v1/pairwise/r03/metrics.json,reproducibility/verify_reported_results.py,crta_v3_mcr_null_source_v1/xgboost/versions/xgboost,Per-run recorded version; principal baseline retained in version_audit.csv
tab:app-software-environment,crta_v3_mcr_transtab_c_v1/numpy/versions/numpy,1,1,0,0,PASS,experiments/crta_v3_mcr_transtab_c_v1/pairwise/r03/metrics.json,reproducibility/verify_reported_results.py,crta_v3_mcr_transtab_c_v1/numpy/versions/numpy,Per-run recorded version; principal baseline retained in version_audit.csv
tab:app-software-environment,crta_v3_mcr_transtab_c_v1/pandas/versions/pandas,1,1,0,0,PASS,experiments/crta_v3_mcr_transtab_c_v1/pairwise/r03/metrics.json,reproducibility/verify_reported_results.py,crta_v3_mcr_transtab_c_v1/pandas/versions/pandas,Per-run recorded version; principal baseline retained in version_audit.csv
tab:app-software-environment,crta_v3_mcr_transtab_c_v1/python/versions/python,1,1,0,0,PASS,experiments/crta_v3_mcr_transtab_c_v1/pairwise/r03/metrics.json,reproducibility/verify_reported_results.py,crta_v3_mcr_transtab_c_v1/python/versions/python,Per-run recorded version; principal baseline retained in version_audit.csv
tab:app-software-environment,crta_v3_mcr_transtab_c_v1/torch/versions/torch,1,1,0,0,PASS,experiments/crta_v3_mcr_transtab_c_v1/pairwise/r03/metrics.json,reproducibility/verify_reported_results.py,crta_v3_mcr_transtab_c_v1/torch/versions/torch,Per-run recorded version; principal baseline retained in version_audit.csv
tab:app-software-environment,crta_v3_mcr_transtab_c_v1/transformers/versions/transformers,1,1,0,0,PASS,experiments/crta_v3_mcr_transtab_c_v1/pairwise/r03/metrics.json,reproducibility/verify_reported_results.py,crta_v3_mcr_transtab_c_v1/transformers/versions/transformers,Per-run recorded version; principal baseline retained in version_audit.csv
tab:app-software-environment,crta_v3_mcr_redundancy_ladder_v1/numpy/versions/numpy,1,1,0,0,PASS,experiments/crta_v3_mcr_redundancy_ladder_v1/pairwise/r03/metrics.json,reproducibility/verify_reported_results.py,crta_v3_mcr_redundancy_ladder_v1/numpy/versions/numpy,Per-run recorded version; principal baseline retained in version_audit.csv
tab:app-software-environment,crta_v3_mcr_redundancy_ladder_v1/python/versions/python,1,1,0,0,PASS,experiments/crta_v3_mcr_redundancy_ladder_v1/pairwise/r03/metrics.json,reproducibility/verify_reported_results.py,crta_v3_mcr_redundancy_ladder_v1/python/versions/python,Per-run recorded version; principal baseline retained in version_audit.csv
tab:app-software-environment,crta_v3_mcr_redundancy_ladder_v1/sklearn/versions/sklearn,1,1,0,0,PASS,experiments/crta_v3_mcr_redundancy_ladder_v1/pairwise/r03/metrics.json,reproducibility/verify_reported_results.py,crta_v3_mcr_redundancy_ladder_v1/sklearn/versions/sklearn,Per-run recorded version; principal baseline retained in version_audit.csv
tab:app-software-environment,crta_v3_mcr_redundancy_ladder_v1/xgboost/versions/xgboost,1,1,0,0,PASS,experiments/crta_v3_mcr_redundancy_ladder_v1/pairwise/r03/metrics.json,reproducibility/verify_reported_results.py,crta_v3_mcr_redundancy_ladder_v1/xgboost/versions/xgboost,Per-run recorded version; principal baseline retained in version_audit.csv
tab:app-software-environment,crta_v3_relation_capacity_sensitivity_v1/numpy/versions/numpy,1,1,0,0,PASS,experiments/crta_v3_relation_capacity_sensitivity_v1/pairwise/r03/metrics.json,reproducibility/verify_reported_results.py,crta_v3_relation_capacity_sensitivity_v1/numpy/versions/numpy,Per-run recorded version; principal baseline retained in version_audit.csv
tab:app-software-environment,crta_v3_relation_capacity_sensitivity_v1/python/versions/python,1,1,0,0,PASS,experiments/crta_v3_relation_capacity_sensitivity_v1/pairwise/r03/metrics.json,reproducibility/verify_reported_results.py,crta_v3_relation_capacity_sensitivity_v1/python/versions/python,Per-run recorded version; principal baseline retained in version_audit.csv
tab:app-software-environment,crta_v3_relation_capacity_sensitivity_v1/xgboost/versions/xgboost,1,1,0,0,PASS,experiments/crta_v3_relation_capacity_sensitivity_v1/pairwise/r03/metrics.json,reproducibility/verify_reported_results.py,crta_v3_relation_capacity_sensitivity_v1/xgboost/versions/xgboost,Per-run recorded version; principal baseline retained in version_audit.csv
tab:app-software-environment,tabllm_generic_lexical_zero_v1/datasets/versions/datasets,1,1,0,0,PASS,experiments/tabllm_generic_lexical_zero_v1/evidence_v1/list_generic_lexical/income/metrics.json,reproducibility/verify_reported_results.py,tabllm_generic_lexical_zero_v1/datasets/versions/datasets,Per-run recorded version; principal baseline retained in version_audit.csv
tab:app-software-environment,tabllm_generic_lexical_zero_v1/numpy/versions/numpy,1,1,0,0,PASS,experiments/tabllm_generic_lexical_zero_v1/evidence_v1/list_generic_lexical/income/metrics.json,reproducibility/verify_reported_results.py,tabllm_generic_lexical_zero_v1/numpy/versions/numpy,Per-run recorded version; principal baseline retained in version_audit.csv
tab:app-software-environment,tabllm_generic_lexical_zero_v1/pandas/versions/pandas,1,1,0,0,PASS,experiments/tabllm_generic_lexical_zero_v1/evidence_v1/list_generic_lexical/income/metrics.json,reproducibility/verify_reported_results.py,tabllm_generic_lexical_zero_v1/pandas/versions/pandas,Per-run recorded version; principal baseline retained in version_audit.csv
tab:app-software-environment,tabllm_generic_lexical_zero_v1/python/versions/python,1,1,0,0,PASS,experiments/tabllm_generic_lexical_zero_v1/evidence_v1/list_generic_lexical/income/metrics.json,reproducibility/verify_reported_results.py,tabllm_generic_lexical_zero_v1/python/versions/python,Per-run recorded version; principal baseline retained in version_audit.csv
tab:app-software-environment,tabllm_generic_lexical_zero_v1/torch/versions/torch,1,1,0,0,PASS,experiments/tabllm_generic_lexical_zero_v1/evidence_v1/list_generic_lexical/income/metrics.json,reproducibility/verify_reported_results.py,tabllm_generic_lexical_zero_v1/torch/versions/torch,Per-run recorded version; principal baseline retained in version_audit.csv
tab:app-software-environment,tabllm_generic_lexical_zero_v1/transformers/versions/transformers,1,1,0,0,PASS,experiments/tabllm_generic_lexical_zero_v1/evidence_v1/list_generic_lexical/income/metrics.json,reproducibility/verify_reported_results.py,tabllm_generic_lexical_zero_v1/transformers/versions/transformers,Per-run recorded version; principal baseline retained in version_audit.csv
tab:app-software-environment,crta_v3_e2_open_panel_v1/torch_version/runtime/torch_version,1,1,0,0,PASS,experiments/crta_v3_e2_open_panel_v1/runs/medgemma_27b_it/generation_manifest.json,reproducibility/verify_reported_results.py,crta_v3_e2_open_panel_v1/torch_version/runtime/torch_version,Per-run recorded version; principal baseline retained in version_audit.csv
tab:app-software-environment,crta_v3_e2_open_panel_v1/transformers_version/runtime/transformers_version,1,1,0,0,PASS,experiments/crta_v3_e2_open_panel_v1/runs/medgemma_27b_it/generation_manifest.json,reproducibility/verify_reported_results.py,crta_v3_e2_open_panel_v1/transformers_version/runtime/transformers_version,Per-run recorded version; principal baseline retained in version_audit.csv
Appendix H.1,histgb common-arm rerun comparisons,400,400,0,0,PASS,experiments/_recheck_vr_threads1;experiments/crta_v3_mcr_redundancy_ladder_v1,reproducibility/verify_reported_results.py,histgb common-arm rerun comparisons,
Appendix H.1,histgb exact stored nMSE matches,400,400,0,0,PASS,experiments/_recheck_vr_threads1;experiments/crta_v3_mcr_redundancy_ladder_v1,reproducibility/verify_reported_results.py,histgb exact stored nMSE matches,
Appendix H.1,xgb common-arm rerun comparisons,400,400,0,0,PASS,experiments/_recheck_vr_threads1;experiments/crta_v3_mcr_redundancy_ladder_v1,reproducibility/verify_reported_results.py,xgb common-arm rerun comparisons,
Appendix H.1,xgb exact stored nMSE matches,400,400,0,0,PASS,experiments/_recheck_vr_threads1;experiments/crta_v3_mcr_redundancy_ladder_v1,reproducibility/verify_reported_results.py,xgb exact stored nMSE matches,
Section 4.4,main six-endpoint printed value matches verification target,1,1,0,0,PASS,iclr_latex_v3/main_new.tex,reproducibility/verify_reported_results.py,main six-endpoint printed value matches verification target,
Section 4.4,main intended nRMSE printed value matches verification target,1,1,0,0,PASS,iclr_latex_v3/main_new.tex,reproducibility/verify_reported_results.py,main intended nRMSE printed value matches verification target,
