family,realization,support,backbone,vr_arm,ladder_rung,ladder_arm,comparison,ladder_nmse,comparison_nmse,difference,exact_equal
pairwise,0,32,histgb,full_free,0,free,original_value_redundancy,0.7840989151241776,0.7840989151241776,0.0,True
pairwise,0,32,histgb,full_free,0,free,one_thread_rerun,0.7840989151241776,0.7840989151241776,0.0,True
pairwise,0,32,histgb,full_op_true,0,op_true,original_value_redundancy,0.7752450576383882,0.7752450576383881,1.1102230246251565e-16,False
pairwise,0,32,histgb,full_op_true,0,op_true,one_thread_rerun,0.7752450576383882,0.7752450576383882,0.0,True
pairwise,0,32,histgb,drop_free,6,free,original_value_redundancy,1.0358540780432497,1.0358540780432497,0.0,True
pairwise,0,32,histgb,drop_free,6,free,one_thread_rerun,1.0358540780432497,1.0358540780432497,0.0,True
pairwise,0,32,histgb,drop_op_true,6,op_true,original_value_redundancy,0.804457207615176,0.804457207615176,0.0,True
pairwise,0,32,histgb,drop_op_true,6,op_true,one_thread_rerun,0.804457207615176,0.804457207615176,0.0,True
pairwise,0,32,histgb,drop_op_true_signed,6,sig_true,original_value_redundancy,0.7843311818930561,0.7843311818930561,0.0,True
pairwise,0,32,histgb,drop_op_true_signed,6,sig_true,one_thread_rerun,0.7843311818930561,0.7843311818930561,0.0,True
pairwise,0,32,xgb,full_free,0,free,original_value_redundancy,0.7882815048931594,0.7882815048931594,0.0,True
pairwise,0,32,xgb,full_free,0,free,one_thread_rerun,0.7882815048931594,0.7882815048931594,0.0,True
pairwise,0,32,xgb,full_op_true,0,op_true,original_value_redundancy,0.7809969861613277,0.7809969861613277,0.0,True
pairwise,0,32,xgb,full_op_true,0,op_true,one_thread_rerun,0.7809969861613277,0.7809969861613277,0.0,True
pairwise,0,32,xgb,drop_free,6,free,original_value_redundancy,1.0310104289881008,1.0310104289881008,0.0,True
pairwise,0,32,xgb,drop_free,6,free,one_thread_rerun,1.0310104289881008,1.0310104289881008,0.0,True
pairwise,0,32,xgb,drop_op_true,6,op_true,original_value_redundancy,0.8049980353621596,0.8049980353621596,0.0,True
pairwise,0,32,xgb,drop_op_true,6,op_true,one_thread_rerun,0.8049980353621596,0.8049980353621596,0.0,True
pairwise,0,32,xgb,drop_op_true_signed,6,sig_true,original_value_redundancy,0.7833639109634414,0.7833639109634414,0.0,True
pairwise,0,32,xgb,drop_op_true_signed,6,sig_true,one_thread_rerun,0.7833639109634414,0.7833639109634414,0.0,True
pairwise,0,512,histgb,full_free,0,free,original_value_redundancy,0.7774927819119447,0.7774927819119447,0.0,True
pairwise,0,512,histgb,full_free,0,free,one_thread_rerun,0.7774927819119447,0.7774927819119447,0.0,True
pairwise,0,512,histgb,full_op_true,0,op_true,original_value_redundancy,0.7773449821071712,0.7773449821071712,0.0,True
pairwise,0,512,histgb,full_op_true,0,op_true,one_thread_rerun,0.7773449821071712,0.7773449821071712,0.0,True
pairwise,0,512,histgb,drop_free,6,free,original_value_redundancy,1.0316787713475977,1.0316787713475977,0.0,True
pairwise,0,512,histgb,drop_free,6,free,one_thread_rerun,1.0316787713475977,1.0316787713475977,0.0,True
pairwise,0,512,histgb,drop_op_true,6,op_true,original_value_redundancy,0.8040913351635841,0.8040913351635841,0.0,True
pairwise,0,512,histgb,drop_op_true,6,op_true,one_thread_rerun,0.8040913351635841,0.8040913351635841,0.0,True
pairwise,0,512,histgb,drop_op_true_signed,6,sig_true,original_value_redundancy,0.7849740750477154,0.7849740750477154,0.0,True
pairwise,0,512,histgb,drop_op_true_signed,6,sig_true,one_thread_rerun,0.7849740750477154,0.7849740750477154,0.0,True
pairwise,0,512,xgb,full_free,0,free,original_value_redundancy,0.7734175059389548,0.7734175059389548,0.0,True
pairwise,0,512,xgb,full_free,0,free,one_thread_rerun,0.7734175059389548,0.7734175059389548,0.0,True
pairwise,0,512,xgb,full_op_true,0,op_true,original_value_redundancy,0.7781130530687266,0.7781130530687266,0.0,True
pairwise,0,512,xgb,full_op_true,0,op_true,one_thread_rerun,0.7781130530687266,0.7781130530687266,0.0,True
pairwise,0,512,xgb,drop_free,6,free,original_value_redundancy,1.0194342030535317,1.0194342030535317,0.0,True
pairwise,0,512,xgb,drop_free,6,free,one_thread_rerun,1.0194342030535317,1.0194342030535317,0.0,True
pairwise,0,512,xgb,drop_op_true,6,op_true,original_value_redundancy,0.8081527189960068,0.8081527189960069,-1.1102230246251565e-16,False
pairwise,0,512,xgb,drop_op_true,6,op_true,one_thread_rerun,0.8081527189960068,0.8081527189960068,0.0,True
pairwise,0,512,xgb,drop_op_true_signed,6,sig_true,original_value_redundancy,0.7841652317159018,0.7841652317159018,0.0,True
pairwise,0,512,xgb,drop_op_true_signed,6,sig_true,one_thread_rerun,0.7841652317159018,0.7841652317159018,0.0,True
pairwise,1,32,histgb,full_free,0,free,original_value_redundancy,0.6771353324129634,0.6771353324129634,0.0,True
pairwise,1,32,histgb,full_free,0,free,one_thread_rerun,0.6771353324129634,0.6771353324129634,0.0,True
pairwise,1,32,histgb,full_op_true,0,op_true,original_value_redundancy,0.6815571469250995,0.6815571469250995,0.0,True
pairwise,1,32,histgb,full_op_true,0,op_true,one_thread_rerun,0.6815571469250995,0.6815571469250995,0.0,True
pairwise,1,32,histgb,drop_free,6,free,original_value_redundancy,0.9925111223053709,0.9925111223053709,0.0,True
pairwise,1,32,histgb,drop_free,6,free,one_thread_rerun,0.9925111223053709,0.9925111223053709,0.0,True
pairwise,1,32,histgb,drop_op_true,6,op_true,original_value_redundancy,0.7124548921035616,0.7124548921035616,0.0,True
pairwise,1,32,histgb,drop_op_true,6,op_true,one_thread_rerun,0.7124548921035616,0.7124548921035616,0.0,True
pairwise,1,32,histgb,drop_op_true_signed,6,sig_true,original_value_redundancy,0.6856063704751281,0.6856063704751281,0.0,True
pairwise,1,32,histgb,drop_op_true_signed,6,sig_true,one_thread_rerun,0.6856063704751281,0.6856063704751281,0.0,True
pairwise,1,32,xgb,full_free,0,free,original_value_redundancy,0.6764643527600116,0.6764643527600116,0.0,True
pairwise,1,32,xgb,full_free,0,free,one_thread_rerun,0.6764643527600116,0.6764643527600116,0.0,True
pairwise,1,32,xgb,full_op_true,0,op_true,original_value_redundancy,0.6801298142796228,0.6801298142796228,0.0,True
pairwise,1,32,xgb,full_op_true,0,op_true,one_thread_rerun,0.6801298142796228,0.6801298142796228,0.0,True
pairwise,1,32,xgb,drop_free,6,free,original_value_redundancy,0.9966307579569749,0.9966307579569749,0.0,True
pairwise,1,32,xgb,drop_free,6,free,one_thread_rerun,0.9966307579569749,0.9966307579569749,0.0,True
pairwise,1,32,xgb,drop_op_true,6,op_true,original_value_redundancy,0.7061591644880754,0.7061591644880754,0.0,True
pairwise,1,32,xgb,drop_op_true,6,op_true,one_thread_rerun,0.7061591644880754,0.7061591644880754,0.0,True
pairwise,1,32,xgb,drop_op_true_signed,6,sig_true,original_value_redundancy,0.6932271087144192,0.6932271087144192,0.0,True
pairwise,1,32,xgb,drop_op_true_signed,6,sig_true,one_thread_rerun,0.6932271087144192,0.6932271087144192,0.0,True
pairwise,1,512,histgb,full_free,0,free,original_value_redundancy,0.6834261759070454,0.6834261759070454,0.0,True
pairwise,1,512,histgb,full_free,0,free,one_thread_rerun,0.6834261759070454,0.6834261759070454,0.0,True
pairwise,1,512,histgb,full_op_true,0,op_true,original_value_redundancy,0.679707448305309,0.679707448305309,0.0,True
pairwise,1,512,histgb,full_op_true,0,op_true,one_thread_rerun,0.679707448305309,0.679707448305309,0.0,True
pairwise,1,512,histgb,drop_free,6,free,original_value_redundancy,0.997172855971935,0.997172855971935,0.0,True
pairwise,1,512,histgb,drop_free,6,free,one_thread_rerun,0.997172855971935,0.997172855971935,0.0,True
pairwise,1,512,histgb,drop_op_true,6,op_true,original_value_redundancy,0.7064306131383553,0.7064306131383553,0.0,True
pairwise,1,512,histgb,drop_op_true,6,op_true,one_thread_rerun,0.7064306131383553,0.7064306131383553,0.0,True
pairwise,1,512,histgb,drop_op_true_signed,6,sig_true,original_value_redundancy,0.6799202217009188,0.6799202217009188,0.0,True
pairwise,1,512,histgb,drop_op_true_signed,6,sig_true,one_thread_rerun,0.6799202217009188,0.6799202217009188,0.0,True
pairwise,1,512,xgb,full_free,0,free,original_value_redundancy,0.68661852795746,0.68661852795746,0.0,True
pairwise,1,512,xgb,full_free,0,free,one_thread_rerun,0.68661852795746,0.68661852795746,0.0,True
pairwise,1,512,xgb,full_op_true,0,op_true,original_value_redundancy,0.681232381058397,0.681232381058397,0.0,True
pairwise,1,512,xgb,full_op_true,0,op_true,one_thread_rerun,0.681232381058397,0.681232381058397,0.0,True
pairwise,1,512,xgb,drop_free,6,free,original_value_redundancy,0.9965316618314692,0.9965316618314692,0.0,True
pairwise,1,512,xgb,drop_free,6,free,one_thread_rerun,0.9965316618314692,0.9965316618314692,0.0,True
pairwise,1,512,xgb,drop_op_true,6,op_true,original_value_redundancy,0.7077461811212039,0.7077461811212039,0.0,True
pairwise,1,512,xgb,drop_op_true,6,op_true,one_thread_rerun,0.7077461811212039,0.7077461811212039,0.0,True
pairwise,1,512,xgb,drop_op_true_signed,6,sig_true,original_value_redundancy,0.6867837860823358,0.6867837860823358,0.0,True
pairwise,1,512,xgb,drop_op_true_signed,6,sig_true,one_thread_rerun,0.6867837860823358,0.6867837860823358,0.0,True
pairwise,2,32,histgb,full_free,0,free,original_value_redundancy,0.7582074196974354,0.7596617843578327,-0.0014543646603972782,False
pairwise,2,32,histgb,full_free,0,free,one_thread_rerun,0.7582074196974354,0.7582074196974354,0.0,True
pairwise,2,32,histgb,full_op_true,0,op_true,original_value_redundancy,0.762071394265214,0.7610031068644174,0.0010682874007965637,False
pairwise,2,32,histgb,full_op_true,0,op_true,one_thread_rerun,0.762071394265214,0.762071394265214,0.0,True
pairwise,2,32,histgb,drop_free,6,free,original_value_redundancy,1.0118785344431382,1.0118785344431382,0.0,True
pairwise,2,32,histgb,drop_free,6,free,one_thread_rerun,1.0118785344431382,1.0118785344431382,0.0,True
pairwise,2,32,histgb,drop_op_true,6,op_true,original_value_redundancy,0.7903212760316748,0.7903342582117441,-1.298218006928753e-05,False
pairwise,2,32,histgb,drop_op_true,6,op_true,one_thread_rerun,0.7903212760316748,0.7903212760316748,0.0,True
pairwise,2,32,histgb,drop_op_true_signed,6,sig_true,original_value_redundancy,0.7879346553526402,0.7878350655702554,9.958978238477911e-05,False
pairwise,2,32,histgb,drop_op_true_signed,6,sig_true,one_thread_rerun,0.7879346553526402,0.7879346553526402,0.0,True
pairwise,2,32,xgb,full_free,0,free,original_value_redundancy,0.7684983545592113,0.7684983545592113,0.0,True
pairwise,2,32,xgb,full_free,0,free,one_thread_rerun,0.7684983545592113,0.7684983545592113,0.0,True
pairwise,2,32,xgb,full_op_true,0,op_true,original_value_redundancy,0.7610729901740404,0.7610729901740404,0.0,True
pairwise,2,32,xgb,full_op_true,0,op_true,one_thread_rerun,0.7610729901740404,0.7610729901740404,0.0,True
pairwise,2,32,xgb,drop_free,6,free,original_value_redundancy,1.0118577554927037,1.0118577554927037,0.0,True
pairwise,2,32,xgb,drop_free,6,free,one_thread_rerun,1.0118577554927037,1.0118577554927037,0.0,True
pairwise,2,32,xgb,drop_op_true,6,op_true,original_value_redundancy,0.780531152484937,0.780531152484937,0.0,True
pairwise,2,32,xgb,drop_op_true,6,op_true,one_thread_rerun,0.780531152484937,0.780531152484937,0.0,True
pairwise,2,32,xgb,drop_op_true_signed,6,sig_true,original_value_redundancy,0.7846460216660391,0.7846460216660391,0.0,True
pairwise,2,32,xgb,drop_op_true_signed,6,sig_true,one_thread_rerun,0.7846460216660391,0.7846460216660391,0.0,True
pairwise,2,512,histgb,full_free,0,free,original_value_redundancy,0.7603142662799984,0.7564168496234195,0.0038974166565789448,False
pairwise,2,512,histgb,full_free,0,free,one_thread_rerun,0.7603142662799984,0.7603142662799984,0.0,True
pairwise,2,512,histgb,full_op_true,0,op_true,original_value_redundancy,0.745948342771634,0.7443602715095761,0.0015880712620579551,False
pairwise,2,512,histgb,full_op_true,0,op_true,one_thread_rerun,0.745948342771634,0.745948342771634,0.0,True
pairwise,2,512,histgb,drop_free,6,free,original_value_redundancy,1.0107465010560652,1.0107465010560652,0.0,True
pairwise,2,512,histgb,drop_free,6,free,one_thread_rerun,1.0107465010560652,1.0107465010560652,0.0,True
pairwise,2,512,histgb,drop_op_true,6,op_true,original_value_redundancy,0.7785561963069287,0.7776971540830296,0.000859042223899098,False
pairwise,2,512,histgb,drop_op_true,6,op_true,one_thread_rerun,0.7785561963069287,0.7785561963069287,0.0,True
pairwise,2,512,histgb,drop_op_true_signed,6,sig_true,original_value_redundancy,0.7808208044694094,0.7807018931645201,0.00011891130488927981,False
pairwise,2,512,histgb,drop_op_true_signed,6,sig_true,one_thread_rerun,0.7808208044694094,0.7808208044694094,0.0,True
pairwise,2,512,xgb,full_free,0,free,original_value_redundancy,0.7551172806699417,0.7551172806699417,0.0,True
pairwise,2,512,xgb,full_free,0,free,one_thread_rerun,0.7551172806699417,0.7551172806699417,0.0,True
pairwise,2,512,xgb,full_op_true,0,op_true,original_value_redundancy,0.740246413620863,0.740246413620863,0.0,True
pairwise,2,512,xgb,full_op_true,0,op_true,one_thread_rerun,0.740246413620863,0.740246413620863,0.0,True
pairwise,2,512,xgb,drop_free,6,free,original_value_redundancy,1.010747697558261,1.010747697558261,0.0,True
pairwise,2,512,xgb,drop_free,6,free,one_thread_rerun,1.010747697558261,1.010747697558261,0.0,True
pairwise,2,512,xgb,drop_op_true,6,op_true,original_value_redundancy,0.77777313531856,0.77777313531856,0.0,True
pairwise,2,512,xgb,drop_op_true,6,op_true,one_thread_rerun,0.77777313531856,0.77777313531856,0.0,True
pairwise,2,512,xgb,drop_op_true_signed,6,sig_true,original_value_redundancy,0.7727547139696039,0.7727547139696039,0.0,True
pairwise,2,512,xgb,drop_op_true_signed,6,sig_true,one_thread_rerun,0.7727547139696039,0.7727547139696039,0.0,True
pairwise,3,32,histgb,full_free,0,free,original_value_redundancy,0.6517761454277594,0.6507137120787873,0.0010624333489721582,False
pairwise,3,32,histgb,full_free,0,free,one_thread_rerun,0.6517761454277594,0.6517761454277594,0.0,True
pairwise,3,32,histgb,full_op_true,0,op_true,original_value_redundancy,0.6536626982175489,0.6536674984043029,-4.8001867540836685e-06,False
pairwise,3,32,histgb,full_op_true,0,op_true,one_thread_rerun,0.6536626982175489,0.6536626982175489,0.0,True
pairwise,3,32,histgb,drop_free,6,free,original_value_redundancy,0.9246117596128086,0.9246117596128086,0.0,True
pairwise,3,32,histgb,drop_free,6,free,one_thread_rerun,0.9246117596128086,0.9246117596128086,0.0,True
pairwise,3,32,histgb,drop_op_true,6,op_true,original_value_redundancy,0.6923430868675674,0.6923430868675674,0.0,True
pairwise,3,32,histgb,drop_op_true,6,op_true,one_thread_rerun,0.6923430868675674,0.6923430868675674,0.0,True
pairwise,3,32,histgb,drop_op_true_signed,6,sig_true,original_value_redundancy,0.702160951533434,0.702160951533434,0.0,True
pairwise,3,32,histgb,drop_op_true_signed,6,sig_true,one_thread_rerun,0.702160951533434,0.702160951533434,0.0,True
pairwise,3,32,xgb,full_free,0,free,original_value_redundancy,0.6492017475054972,0.6492017475054972,0.0,True
pairwise,3,32,xgb,full_free,0,free,one_thread_rerun,0.6492017475054972,0.6492017475054972,0.0,True
pairwise,3,32,xgb,full_op_true,0,op_true,original_value_redundancy,0.6566378240296037,0.6566378240296037,0.0,True
pairwise,3,32,xgb,full_op_true,0,op_true,one_thread_rerun,0.6566378240296037,0.6566378240296037,0.0,True
pairwise,3,32,xgb,drop_free,6,free,original_value_redundancy,0.9246243734761299,0.9246243734761299,0.0,True
pairwise,3,32,xgb,drop_free,6,free,one_thread_rerun,0.9246243734761299,0.9246243734761299,0.0,True
pairwise,3,32,xgb,drop_op_true,6,op_true,original_value_redundancy,0.6953903889107979,0.6953903889107979,0.0,True
pairwise,3,32,xgb,drop_op_true,6,op_true,one_thread_rerun,0.6953903889107979,0.6953903889107979,0.0,True
pairwise,3,32,xgb,drop_op_true_signed,6,sig_true,original_value_redundancy,0.7015210405672343,0.7015210405672343,0.0,True
pairwise,3,32,xgb,drop_op_true_signed,6,sig_true,one_thread_rerun,0.7015210405672343,0.7015210405672343,0.0,True
pairwise,3,512,histgb,full_free,0,free,original_value_redundancy,0.6466749468198039,0.6427942018850246,0.003880744934779301,False
pairwise,3,512,histgb,full_free,0,free,one_thread_rerun,0.6466749468198039,0.6466749468198039,0.0,True
pairwise,3,512,histgb,full_op_true,0,op_true,original_value_redundancy,0.643414899786331,0.6402572433709001,0.003157656415430976,False
pairwise,3,512,histgb,full_op_true,0,op_true,one_thread_rerun,0.643414899786331,0.643414899786331,0.0,True
pairwise,3,512,histgb,drop_free,6,free,original_value_redundancy,0.909268610236768,0.909268610236768,0.0,True
pairwise,3,512,histgb,drop_free,6,free,one_thread_rerun,0.909268610236768,0.909268610236768,0.0,True
pairwise,3,512,histgb,drop_op_true,6,op_true,original_value_redundancy,0.6918560728372005,0.6925541462301221,-0.0006980733929216054,False
pairwise,3,512,histgb,drop_op_true,6,op_true,one_thread_rerun,0.6918560728372005,0.6918560728372005,0.0,True
pairwise,3,512,histgb,drop_op_true_signed,6,sig_true,original_value_redundancy,0.6841224995600838,0.6841224995600838,0.0,True
pairwise,3,512,histgb,drop_op_true_signed,6,sig_true,one_thread_rerun,0.6841224995600838,0.6841224995600838,0.0,True
pairwise,3,512,xgb,full_free,0,free,original_value_redundancy,0.6439621662726379,0.6439621662726379,0.0,True
pairwise,3,512,xgb,full_free,0,free,one_thread_rerun,0.6439621662726379,0.6439621662726379,0.0,True
pairwise,3,512,xgb,full_op_true,0,op_true,original_value_redundancy,0.6418436820298651,0.6418436820298651,0.0,True
pairwise,3,512,xgb,full_op_true,0,op_true,one_thread_rerun,0.6418436820298651,0.6418436820298651,0.0,True
pairwise,3,512,xgb,drop_free,6,free,original_value_redundancy,0.9092636730526376,0.9092636730526376,0.0,True
pairwise,3,512,xgb,drop_free,6,free,one_thread_rerun,0.9092636730526376,0.9092636730526376,0.0,True
pairwise,3,512,xgb,drop_op_true,6,op_true,original_value_redundancy,0.6940194737359102,0.6940194737359102,0.0,True
pairwise,3,512,xgb,drop_op_true,6,op_true,one_thread_rerun,0.6940194737359102,0.6940194737359102,0.0,True
pairwise,3,512,xgb,drop_op_true_signed,6,sig_true,original_value_redundancy,0.6858904712771688,0.6858904712771688,0.0,True
pairwise,3,512,xgb,drop_op_true_signed,6,sig_true,one_thread_rerun,0.6858904712771688,0.6858904712771688,0.0,True
pairwise,4,32,histgb,full_free,0,free,original_value_redundancy,0.7526690215286405,0.7526690215286405,0.0,True
pairwise,4,32,histgb,full_free,0,free,one_thread_rerun,0.7526690215286405,0.7526690215286405,0.0,True
pairwise,4,32,histgb,full_op_true,0,op_true,original_value_redundancy,0.7547685358946514,0.7547685358946514,0.0,True
pairwise,4,32,histgb,full_op_true,0,op_true,one_thread_rerun,0.7547685358946514,0.7547685358946514,0.0,True
pairwise,4,32,histgb,drop_free,6,free,original_value_redundancy,1.0364575804965468,1.0364575804965468,0.0,True
pairwise,4,32,histgb,drop_free,6,free,one_thread_rerun,1.0364575804965468,1.0364575804965468,0.0,True
pairwise,4,32,histgb,drop_op_true,6,op_true,original_value_redundancy,0.7622230805820265,0.7622230805820265,0.0,True
pairwise,4,32,histgb,drop_op_true,6,op_true,one_thread_rerun,0.7622230805820265,0.7622230805820265,0.0,True
pairwise,4,32,histgb,drop_op_true_signed,6,sig_true,original_value_redundancy,0.7293285632687345,0.7293285632687345,0.0,True
pairwise,4,32,histgb,drop_op_true_signed,6,sig_true,one_thread_rerun,0.7293285632687345,0.7293285632687345,0.0,True
pairwise,4,32,xgb,full_free,0,free,original_value_redundancy,0.7536926090246174,0.7536926090246174,0.0,True
pairwise,4,32,xgb,full_free,0,free,one_thread_rerun,0.7536926090246174,0.7536926090246174,0.0,True
pairwise,4,32,xgb,full_op_true,0,op_true,original_value_redundancy,0.746683143745603,0.746683143745603,0.0,True
pairwise,4,32,xgb,full_op_true,0,op_true,one_thread_rerun,0.746683143745603,0.746683143745603,0.0,True
pairwise,4,32,xgb,drop_free,6,free,original_value_redundancy,1.038288120087943,1.038288120087943,0.0,True
pairwise,4,32,xgb,drop_free,6,free,one_thread_rerun,1.038288120087943,1.038288120087943,0.0,True
pairwise,4,32,xgb,drop_op_true,6,op_true,original_value_redundancy,0.7584088511086848,0.7584088511086848,0.0,True
pairwise,4,32,xgb,drop_op_true,6,op_true,one_thread_rerun,0.7584088511086848,0.7584088511086848,0.0,True
pairwise,4,32,xgb,drop_op_true_signed,6,sig_true,original_value_redundancy,0.731982997349524,0.731982997349524,0.0,True
pairwise,4,32,xgb,drop_op_true_signed,6,sig_true,one_thread_rerun,0.731982997349524,0.731982997349524,0.0,True
pairwise,4,512,histgb,full_free,0,free,original_value_redundancy,0.7459502703258928,0.7459502703258928,0.0,True
pairwise,4,512,histgb,full_free,0,free,one_thread_rerun,0.7459502703258928,0.7459502703258928,0.0,True
pairwise,4,512,histgb,full_op_true,0,op_true,original_value_redundancy,0.7367367693805187,0.7367367693805187,0.0,True
pairwise,4,512,histgb,full_op_true,0,op_true,one_thread_rerun,0.7367367693805187,0.7367367693805187,0.0,True
pairwise,4,512,histgb,drop_free,6,free,original_value_redundancy,1.0310491247713494,1.0310491247713494,0.0,True
pairwise,4,512,histgb,drop_free,6,free,one_thread_rerun,1.0310491247713494,1.0310491247713494,0.0,True
pairwise,4,512,histgb,drop_op_true,6,op_true,original_value_redundancy,0.7434363649835891,0.7434363649835891,0.0,True
pairwise,4,512,histgb,drop_op_true,6,op_true,one_thread_rerun,0.7434363649835891,0.7434363649835891,0.0,True
pairwise,4,512,histgb,drop_op_true_signed,6,sig_true,original_value_redundancy,0.7238422029171098,0.7238422029171098,0.0,True
pairwise,4,512,histgb,drop_op_true_signed,6,sig_true,one_thread_rerun,0.7238422029171098,0.7238422029171098,0.0,True
pairwise,4,512,xgb,full_free,0,free,original_value_redundancy,0.7412211957303776,0.7412211957303776,0.0,True
pairwise,4,512,xgb,full_free,0,free,one_thread_rerun,0.7412211957303776,0.7412211957303776,0.0,True
pairwise,4,512,xgb,full_op_true,0,op_true,original_value_redundancy,0.7313622614866123,0.7313622614866122,1.1102230246251565e-16,False
pairwise,4,512,xgb,full_op_true,0,op_true,one_thread_rerun,0.7313622614866123,0.7313622614866123,0.0,True
pairwise,4,512,xgb,drop_free,6,free,original_value_redundancy,1.0222298875540483,1.0222298875540483,0.0,True
pairwise,4,512,xgb,drop_free,6,free,one_thread_rerun,1.0222298875540483,1.0222298875540483,0.0,True
pairwise,4,512,xgb,drop_op_true,6,op_true,original_value_redundancy,0.7412457079501285,0.7412457079501285,0.0,True
pairwise,4,512,xgb,drop_op_true,6,op_true,one_thread_rerun,0.7412457079501285,0.7412457079501285,0.0,True
pairwise,4,512,xgb,drop_op_true_signed,6,sig_true,original_value_redundancy,0.7175313753246173,0.7175313753246173,0.0,True
pairwise,4,512,xgb,drop_op_true_signed,6,sig_true,one_thread_rerun,0.7175313753246173,0.7175313753246173,0.0,True
pairwise,5,32,histgb,full_free,0,free,original_value_redundancy,0.693624762209451,0.693624762209451,0.0,True
pairwise,5,32,histgb,full_free,0,free,one_thread_rerun,0.693624762209451,0.693624762209451,0.0,True
pairwise,5,32,histgb,full_op_true,0,op_true,original_value_redundancy,0.6818439857737816,0.6818439857737816,0.0,True
pairwise,5,32,histgb,full_op_true,0,op_true,one_thread_rerun,0.6818439857737816,0.6818439857737816,0.0,True
pairwise,5,32,histgb,drop_free,6,free,original_value_redundancy,0.974887838758375,0.974887838758375,0.0,True
pairwise,5,32,histgb,drop_free,6,free,one_thread_rerun,0.974887838758375,0.974887838758375,0.0,True
pairwise,5,32,histgb,drop_op_true,6,op_true,original_value_redundancy,0.7145937575488097,0.7145937575488097,0.0,True
pairwise,5,32,histgb,drop_op_true,6,op_true,one_thread_rerun,0.7145937575488097,0.7145937575488097,0.0,True
pairwise,5,32,histgb,drop_op_true_signed,6,sig_true,original_value_redundancy,0.7075324118390625,0.7075324118390625,0.0,True
pairwise,5,32,histgb,drop_op_true_signed,6,sig_true,one_thread_rerun,0.7075324118390625,0.7075324118390625,0.0,True
pairwise,5,32,xgb,full_free,0,free,original_value_redundancy,0.6928158314773515,0.6928158314773515,0.0,True
pairwise,5,32,xgb,full_free,0,free,one_thread_rerun,0.6928158314773515,0.6928158314773515,0.0,True
pairwise,5,32,xgb,full_op_true,0,op_true,original_value_redundancy,0.6778646122943186,0.6778646122943186,0.0,True
pairwise,5,32,xgb,full_op_true,0,op_true,one_thread_rerun,0.6778646122943186,0.6778646122943186,0.0,True
pairwise,5,32,xgb,drop_free,6,free,original_value_redundancy,0.97304109924522,0.97304109924522,0.0,True
pairwise,5,32,xgb,drop_free,6,free,one_thread_rerun,0.97304109924522,0.97304109924522,0.0,True
pairwise,5,32,xgb,drop_op_true,6,op_true,original_value_redundancy,0.7129445876620887,0.7129445876620887,0.0,True
pairwise,5,32,xgb,drop_op_true,6,op_true,one_thread_rerun,0.7129445876620887,0.7129445876620887,0.0,True
pairwise,5,32,xgb,drop_op_true_signed,6,sig_true,original_value_redundancy,0.7060922774464159,0.7060922774464159,0.0,True
pairwise,5,32,xgb,drop_op_true_signed,6,sig_true,one_thread_rerun,0.7060922774464159,0.7060922774464159,0.0,True
pairwise,5,512,histgb,full_free,0,free,original_value_redundancy,0.6740757440824642,0.6740757440824642,0.0,True
pairwise,5,512,histgb,full_free,0,free,one_thread_rerun,0.6740757440824642,0.6740757440824642,0.0,True
pairwise,5,512,histgb,full_op_true,0,op_true,original_value_redundancy,0.6620086337143485,0.6620086337143485,0.0,True
pairwise,5,512,histgb,full_op_true,0,op_true,one_thread_rerun,0.6620086337143485,0.6620086337143485,0.0,True
pairwise,5,512,histgb,drop_free,6,free,original_value_redundancy,0.9773434927150897,0.9773434927150897,0.0,True
pairwise,5,512,histgb,drop_free,6,free,one_thread_rerun,0.9773434927150897,0.9773434927150897,0.0,True
pairwise,5,512,histgb,drop_op_true,6,op_true,original_value_redundancy,0.7135100501375856,0.7135100501375856,0.0,True
pairwise,5,512,histgb,drop_op_true,6,op_true,one_thread_rerun,0.7135100501375856,0.7135100501375856,0.0,True
pairwise,5,512,histgb,drop_op_true_signed,6,sig_true,original_value_redundancy,0.7035524628959186,0.7035524628959186,0.0,True
pairwise,5,512,histgb,drop_op_true_signed,6,sig_true,one_thread_rerun,0.7035524628959186,0.7035524628959186,0.0,True
pairwise,5,512,xgb,full_free,0,free,original_value_redundancy,0.6666583029634765,0.6666583029634765,0.0,True
pairwise,5,512,xgb,full_free,0,free,one_thread_rerun,0.6666583029634765,0.6666583029634765,0.0,True
pairwise,5,512,xgb,full_op_true,0,op_true,original_value_redundancy,0.6668067799625846,0.6668067799625846,0.0,True
pairwise,5,512,xgb,full_op_true,0,op_true,one_thread_rerun,0.6668067799625846,0.6668067799625846,0.0,True
pairwise,5,512,xgb,drop_free,6,free,original_value_redundancy,0.9695573297628303,0.9695573297628303,0.0,True
pairwise,5,512,xgb,drop_free,6,free,one_thread_rerun,0.9695573297628303,0.9695573297628303,0.0,True
pairwise,5,512,xgb,drop_op_true,6,op_true,original_value_redundancy,0.7089603953664166,0.7089603953664166,0.0,True
pairwise,5,512,xgb,drop_op_true,6,op_true,one_thread_rerun,0.7089603953664166,0.7089603953664166,0.0,True
pairwise,5,512,xgb,drop_op_true_signed,6,sig_true,original_value_redundancy,0.7004446786645052,0.7004446786645052,0.0,True
pairwise,5,512,xgb,drop_op_true_signed,6,sig_true,one_thread_rerun,0.7004446786645052,0.7004446786645052,0.0,True
pairwise,6,32,histgb,full_free,0,free,original_value_redundancy,0.6886323645171621,0.6886323645171621,0.0,True
pairwise,6,32,histgb,full_free,0,free,one_thread_rerun,0.6886323645171621,0.6886323645171621,0.0,True
pairwise,6,32,histgb,full_op_true,0,op_true,original_value_redundancy,0.6920621698966277,0.6920621698966277,0.0,True
pairwise,6,32,histgb,full_op_true,0,op_true,one_thread_rerun,0.6920621698966277,0.6920621698966277,0.0,True
pairwise,6,32,histgb,drop_free,6,free,original_value_redundancy,0.9622461326083853,0.9622461326083853,0.0,True
pairwise,6,32,histgb,drop_free,6,free,one_thread_rerun,0.9622461326083853,0.9622461326083853,0.0,True
pairwise,6,32,histgb,drop_op_true,6,op_true,original_value_redundancy,0.6953169207997638,0.6953169207997638,0.0,True
pairwise,6,32,histgb,drop_op_true,6,op_true,one_thread_rerun,0.6953169207997638,0.6953169207997638,0.0,True
pairwise,6,32,histgb,drop_op_true_signed,6,sig_true,original_value_redundancy,0.6715678818879052,0.6715678818879052,0.0,True
pairwise,6,32,histgb,drop_op_true_signed,6,sig_true,one_thread_rerun,0.6715678818879052,0.6715678818879052,0.0,True
pairwise,6,32,xgb,full_free,0,free,original_value_redundancy,0.6932294570150053,0.6932294570150053,0.0,True
pairwise,6,32,xgb,full_free,0,free,one_thread_rerun,0.6932294570150053,0.6932294570150053,0.0,True
pairwise,6,32,xgb,full_op_true,0,op_true,original_value_redundancy,0.6918211111706462,0.6918211111706462,0.0,True
pairwise,6,32,xgb,full_op_true,0,op_true,one_thread_rerun,0.6918211111706462,0.6918211111706462,0.0,True
pairwise,6,32,xgb,drop_free,6,free,original_value_redundancy,0.9695954101277708,0.9695954101277708,0.0,True
pairwise,6,32,xgb,drop_free,6,free,one_thread_rerun,0.9695954101277708,0.9695954101277708,0.0,True
pairwise,6,32,xgb,drop_op_true,6,op_true,original_value_redundancy,0.6927100559582744,0.6927100559582744,0.0,True
pairwise,6,32,xgb,drop_op_true,6,op_true,one_thread_rerun,0.6927100559582744,0.6927100559582744,0.0,True
pairwise,6,32,xgb,drop_op_true_signed,6,sig_true,original_value_redundancy,0.6673172490405246,0.6673172490405246,0.0,True
pairwise,6,32,xgb,drop_op_true_signed,6,sig_true,one_thread_rerun,0.6673172490405246,0.6673172490405246,0.0,True
pairwise,6,512,histgb,full_free,0,free,original_value_redundancy,0.685304976306035,0.6879455051567229,-0.0026405288506878843,False
pairwise,6,512,histgb,full_free,0,free,one_thread_rerun,0.685304976306035,0.685304976306035,0.0,True
pairwise,6,512,histgb,full_op_true,0,op_true,original_value_redundancy,0.6782811840614854,0.6816020808642151,-0.0033208968027297336,False
pairwise,6,512,histgb,full_op_true,0,op_true,one_thread_rerun,0.6782811840614854,0.6782811840614854,0.0,True
pairwise,6,512,histgb,drop_free,6,free,original_value_redundancy,0.94750797026573,0.94750797026573,0.0,True
pairwise,6,512,histgb,drop_free,6,free,one_thread_rerun,0.94750797026573,0.94750797026573,0.0,True
pairwise,6,512,histgb,drop_op_true,6,op_true,original_value_redundancy,0.6886131915628964,0.6886131915628964,0.0,True
pairwise,6,512,histgb,drop_op_true,6,op_true,one_thread_rerun,0.6886131915628964,0.6886131915628964,0.0,True
pairwise,6,512,histgb,drop_op_true_signed,6,sig_true,original_value_redundancy,0.660925880696392,0.660925880696392,0.0,True
pairwise,6,512,histgb,drop_op_true_signed,6,sig_true,one_thread_rerun,0.660925880696392,0.660925880696392,0.0,True
pairwise,6,512,xgb,full_free,0,free,original_value_redundancy,0.6832034529293971,0.6832034529293971,0.0,True
pairwise,6,512,xgb,full_free,0,free,one_thread_rerun,0.6832034529293971,0.6832034529293971,0.0,True
pairwise,6,512,xgb,full_op_true,0,op_true,original_value_redundancy,0.6788747412313245,0.6788747412313245,0.0,True
pairwise,6,512,xgb,full_op_true,0,op_true,one_thread_rerun,0.6788747412313245,0.6788747412313245,0.0,True
pairwise,6,512,xgb,drop_free,6,free,original_value_redundancy,0.9525872248458583,0.9525872248458583,0.0,True
pairwise,6,512,xgb,drop_free,6,free,one_thread_rerun,0.9525872248458583,0.9525872248458583,0.0,True
pairwise,6,512,xgb,drop_op_true,6,op_true,original_value_redundancy,0.6902062235851933,0.6902062235851933,0.0,True
pairwise,6,512,xgb,drop_op_true,6,op_true,one_thread_rerun,0.6902062235851933,0.6902062235851933,0.0,True
pairwise,6,512,xgb,drop_op_true_signed,6,sig_true,original_value_redundancy,0.6643496573814214,0.6643496573814214,0.0,True
pairwise,6,512,xgb,drop_op_true_signed,6,sig_true,one_thread_rerun,0.6643496573814214,0.6643496573814214,0.0,True
pairwise,7,32,histgb,full_free,0,free,original_value_redundancy,0.7155197874276666,0.7155197874276666,0.0,True
pairwise,7,32,histgb,full_free,0,free,one_thread_rerun,0.7155197874276666,0.7155197874276666,0.0,True
pairwise,7,32,histgb,full_op_true,0,op_true,original_value_redundancy,0.7424624279033999,0.7424624279033999,0.0,True
pairwise,7,32,histgb,full_op_true,0,op_true,one_thread_rerun,0.7424624279033999,0.7424624279033999,0.0,True
pairwise,7,32,histgb,drop_free,6,free,original_value_redundancy,1.0170801214587277,1.0170801214587277,0.0,True
pairwise,7,32,histgb,drop_free,6,free,one_thread_rerun,1.0170801214587277,1.0170801214587277,0.0,True
pairwise,7,32,histgb,drop_op_true,6,op_true,original_value_redundancy,0.7714360985709633,0.7714360985709633,0.0,True
pairwise,7,32,histgb,drop_op_true,6,op_true,one_thread_rerun,0.7714360985709633,0.7714360985709633,0.0,True
pairwise,7,32,histgb,drop_op_true_signed,6,sig_true,original_value_redundancy,0.740614377603284,0.7406143776032841,-1.1102230246251565e-16,False
pairwise,7,32,histgb,drop_op_true_signed,6,sig_true,one_thread_rerun,0.740614377603284,0.740614377603284,0.0,True
pairwise,7,32,xgb,full_free,0,free,original_value_redundancy,0.7157833914038739,0.7157833914038738,1.1102230246251565e-16,False
pairwise,7,32,xgb,full_free,0,free,one_thread_rerun,0.7157833914038739,0.7157833914038739,0.0,True
pairwise,7,32,xgb,full_op_true,0,op_true,original_value_redundancy,0.7306017964796149,0.7306017964796149,0.0,True
pairwise,7,32,xgb,full_op_true,0,op_true,one_thread_rerun,0.7306017964796149,0.7306017964796149,0.0,True
pairwise,7,32,xgb,drop_free,6,free,original_value_redundancy,1.0142857347528813,1.0142857347528813,0.0,True
pairwise,7,32,xgb,drop_free,6,free,one_thread_rerun,1.0142857347528813,1.0142857347528813,0.0,True
pairwise,7,32,xgb,drop_op_true,6,op_true,original_value_redundancy,0.7706336767916713,0.7706336767916713,0.0,True
pairwise,7,32,xgb,drop_op_true,6,op_true,one_thread_rerun,0.7706336767916713,0.7706336767916713,0.0,True
pairwise,7,32,xgb,drop_op_true_signed,6,sig_true,original_value_redundancy,0.7412415893551867,0.7412415893551867,0.0,True
pairwise,7,32,xgb,drop_op_true_signed,6,sig_true,one_thread_rerun,0.7412415893551867,0.7412415893551867,0.0,True
pairwise,7,512,histgb,full_free,0,free,original_value_redundancy,0.7052831954797479,0.7052831954797479,0.0,True
pairwise,7,512,histgb,full_free,0,free,one_thread_rerun,0.7052831954797479,0.7052831954797479,0.0,True
pairwise,7,512,histgb,full_op_true,0,op_true,original_value_redundancy,0.7231245907857287,0.7231245907857287,0.0,True
pairwise,7,512,histgb,full_op_true,0,op_true,one_thread_rerun,0.7231245907857287,0.7231245907857287,0.0,True
pairwise,7,512,histgb,drop_free,6,free,original_value_redundancy,1.0246619698071526,1.0246619698071526,0.0,True
pairwise,7,512,histgb,drop_free,6,free,one_thread_rerun,1.0246619698071526,1.0246619698071526,0.0,True
pairwise,7,512,histgb,drop_op_true,6,op_true,original_value_redundancy,0.7594185219723816,0.7594185219723816,0.0,True
pairwise,7,512,histgb,drop_op_true,6,op_true,one_thread_rerun,0.7594185219723816,0.7594185219723816,0.0,True
pairwise,7,512,histgb,drop_op_true_signed,6,sig_true,original_value_redundancy,0.7315090516777948,0.7315090516777948,0.0,True
pairwise,7,512,histgb,drop_op_true_signed,6,sig_true,one_thread_rerun,0.7315090516777948,0.7315090516777948,0.0,True
pairwise,7,512,xgb,full_free,0,free,original_value_redundancy,0.7033753077232633,0.7033753077232633,0.0,True
pairwise,7,512,xgb,full_free,0,free,one_thread_rerun,0.7033753077232633,0.7033753077232633,0.0,True
pairwise,7,512,xgb,full_op_true,0,op_true,original_value_redundancy,0.7168124218493199,0.7168124218493198,1.1102230246251565e-16,False
pairwise,7,512,xgb,full_op_true,0,op_true,one_thread_rerun,0.7168124218493199,0.7168124218493199,0.0,True
pairwise,7,512,xgb,drop_free,6,free,original_value_redundancy,1.0231715316033818,1.0231715316033818,0.0,True
pairwise,7,512,xgb,drop_free,6,free,one_thread_rerun,1.0231715316033818,1.0231715316033818,0.0,True
pairwise,7,512,xgb,drop_op_true,6,op_true,original_value_redundancy,0.759230689835554,0.759230689835554,0.0,True
pairwise,7,512,xgb,drop_op_true,6,op_true,one_thread_rerun,0.759230689835554,0.759230689835554,0.0,True
pairwise,7,512,xgb,drop_op_true_signed,6,sig_true,original_value_redundancy,0.7344310659330943,0.7344310659330943,0.0,True
pairwise,7,512,xgb,drop_op_true_signed,6,sig_true,one_thread_rerun,0.7344310659330943,0.7344310659330943,0.0,True
pairwise,8,32,histgb,full_free,0,free,original_value_redundancy,0.6915822186005907,0.6915822186005907,0.0,True
pairwise,8,32,histgb,full_free,0,free,one_thread_rerun,0.6915822186005907,0.6915822186005907,0.0,True
pairwise,8,32,histgb,full_op_true,0,op_true,original_value_redundancy,0.6839359408572436,0.6839359408572436,0.0,True
pairwise,8,32,histgb,full_op_true,0,op_true,one_thread_rerun,0.6839359408572436,0.6839359408572436,0.0,True
pairwise,8,32,histgb,drop_free,6,free,original_value_redundancy,0.9207408408443049,0.9207408408443049,0.0,True
pairwise,8,32,histgb,drop_free,6,free,one_thread_rerun,0.9207408408443049,0.9207408408443049,0.0,True
pairwise,8,32,histgb,drop_op_true,6,op_true,original_value_redundancy,0.7193939221494852,0.7193939221494852,0.0,True
pairwise,8,32,histgb,drop_op_true,6,op_true,one_thread_rerun,0.7193939221494852,0.7193939221494852,0.0,True
pairwise,8,32,histgb,drop_op_true_signed,6,sig_true,original_value_redundancy,0.6963555901453456,0.6963555901453456,0.0,True
pairwise,8,32,histgb,drop_op_true_signed,6,sig_true,one_thread_rerun,0.6963555901453456,0.6963555901453456,0.0,True
pairwise,8,32,xgb,full_free,0,free,original_value_redundancy,0.6969830542948168,0.6969830542948168,0.0,True
pairwise,8,32,xgb,full_free,0,free,one_thread_rerun,0.6969830542948168,0.6969830542948168,0.0,True
pairwise,8,32,xgb,full_op_true,0,op_true,original_value_redundancy,0.6830843881456621,0.6830843881456621,0.0,True
pairwise,8,32,xgb,full_op_true,0,op_true,one_thread_rerun,0.6830843881456621,0.6830843881456621,0.0,True
pairwise,8,32,xgb,drop_free,6,free,original_value_redundancy,0.9216540025500741,0.9216540025500741,0.0,True
pairwise,8,32,xgb,drop_free,6,free,one_thread_rerun,0.9216540025500741,0.9216540025500741,0.0,True
pairwise,8,32,xgb,drop_op_true,6,op_true,original_value_redundancy,0.7222673121572573,0.7222673121572573,0.0,True
pairwise,8,32,xgb,drop_op_true,6,op_true,one_thread_rerun,0.7222673121572573,0.7222673121572573,0.0,True
pairwise,8,32,xgb,drop_op_true_signed,6,sig_true,original_value_redundancy,0.6997402648488111,0.6997402648488111,0.0,True
pairwise,8,32,xgb,drop_op_true_signed,6,sig_true,one_thread_rerun,0.6997402648488111,0.6997402648488111,0.0,True
pairwise,8,512,histgb,full_free,0,free,original_value_redundancy,0.6929274945205436,0.6929274945205436,0.0,True
pairwise,8,512,histgb,full_free,0,free,one_thread_rerun,0.6929274945205436,0.6929274945205436,0.0,True
pairwise,8,512,histgb,full_op_true,0,op_true,original_value_redundancy,0.6898747085330648,0.6898747085330648,0.0,True
pairwise,8,512,histgb,full_op_true,0,op_true,one_thread_rerun,0.6898747085330648,0.6898747085330648,0.0,True
pairwise,8,512,histgb,drop_free,6,free,original_value_redundancy,0.9168737316334631,0.9168737316334631,0.0,True
pairwise,8,512,histgb,drop_free,6,free,one_thread_rerun,0.9168737316334631,0.9168737316334631,0.0,True
pairwise,8,512,histgb,drop_op_true,6,op_true,original_value_redundancy,0.7185111400839044,0.7185111400839044,0.0,True
pairwise,8,512,histgb,drop_op_true,6,op_true,one_thread_rerun,0.7185111400839044,0.7185111400839044,0.0,True
pairwise,8,512,histgb,drop_op_true_signed,6,sig_true,original_value_redundancy,0.6940466497655524,0.6940466497655524,0.0,True
pairwise,8,512,histgb,drop_op_true_signed,6,sig_true,one_thread_rerun,0.6940466497655524,0.6940466497655524,0.0,True
pairwise,8,512,xgb,full_free,0,free,original_value_redundancy,0.6966650852360857,0.6966650852360857,0.0,True
pairwise,8,512,xgb,full_free,0,free,one_thread_rerun,0.6966650852360857,0.6966650852360857,0.0,True
pairwise,8,512,xgb,full_op_true,0,op_true,original_value_redundancy,0.690635552295466,0.690635552295466,0.0,True
pairwise,8,512,xgb,full_op_true,0,op_true,one_thread_rerun,0.690635552295466,0.690635552295466,0.0,True
pairwise,8,512,xgb,drop_free,6,free,original_value_redundancy,0.9048371594949022,0.9048371594949022,0.0,True
pairwise,8,512,xgb,drop_free,6,free,one_thread_rerun,0.9048371594949022,0.9048371594949022,0.0,True
pairwise,8,512,xgb,drop_op_true,6,op_true,original_value_redundancy,0.7132261562598696,0.7132261562598696,0.0,True
pairwise,8,512,xgb,drop_op_true,6,op_true,one_thread_rerun,0.7132261562598696,0.7132261562598696,0.0,True
pairwise,8,512,xgb,drop_op_true_signed,6,sig_true,original_value_redundancy,0.6932610724807406,0.6932610724807406,0.0,True
pairwise,8,512,xgb,drop_op_true_signed,6,sig_true,one_thread_rerun,0.6932610724807406,0.6932610724807406,0.0,True
pairwise,9,32,histgb,full_free,0,free,original_value_redundancy,0.7877624583701609,0.7877624583701609,0.0,True
pairwise,9,32,histgb,full_free,0,free,one_thread_rerun,0.7877624583701609,0.7877624583701609,0.0,True
pairwise,9,32,histgb,full_op_true,0,op_true,original_value_redundancy,0.7836225960510511,0.7836225960510512,-1.1102230246251565e-16,False
pairwise,9,32,histgb,full_op_true,0,op_true,one_thread_rerun,0.7836225960510511,0.7836225960510511,0.0,True
pairwise,9,32,histgb,drop_free,6,free,original_value_redundancy,0.9729068568451977,0.9729068568451977,0.0,True
pairwise,9,32,histgb,drop_free,6,free,one_thread_rerun,0.9729068568451977,0.9729068568451977,0.0,True
pairwise,9,32,histgb,drop_op_true,6,op_true,original_value_redundancy,0.7974587643386637,0.7974587643386636,1.1102230246251565e-16,False
pairwise,9,32,histgb,drop_op_true,6,op_true,one_thread_rerun,0.7974587643386637,0.7974587643386637,0.0,True
pairwise,9,32,histgb,drop_op_true_signed,6,sig_true,original_value_redundancy,0.7821753319268473,0.7821753319268473,0.0,True
pairwise,9,32,histgb,drop_op_true_signed,6,sig_true,one_thread_rerun,0.7821753319268473,0.7821753319268473,0.0,True
pairwise,9,32,xgb,full_free,0,free,original_value_redundancy,0.783767234036709,0.7837672340367088,2.220446049250313e-16,False
pairwise,9,32,xgb,full_free,0,free,one_thread_rerun,0.783767234036709,0.783767234036709,0.0,True
pairwise,9,32,xgb,full_op_true,0,op_true,original_value_redundancy,0.7768770875719948,0.7768770875719947,1.1102230246251565e-16,False
pairwise,9,32,xgb,full_op_true,0,op_true,one_thread_rerun,0.7768770875719948,0.7768770875719948,0.0,True
pairwise,9,32,xgb,drop_free,6,free,original_value_redundancy,0.9729061218327533,0.9729061218327532,1.1102230246251565e-16,False
pairwise,9,32,xgb,drop_free,6,free,one_thread_rerun,0.9729061218327533,0.9729061218327533,0.0,True
pairwise,9,32,xgb,drop_op_true,6,op_true,original_value_redundancy,0.8018901740155221,0.8018901740155221,0.0,True
pairwise,9,32,xgb,drop_op_true,6,op_true,one_thread_rerun,0.8018901740155221,0.8018901740155221,0.0,True
pairwise,9,32,xgb,drop_op_true_signed,6,sig_true,original_value_redundancy,0.7843820687030632,0.7843820687030633,-1.1102230246251565e-16,False
pairwise,9,32,xgb,drop_op_true_signed,6,sig_true,one_thread_rerun,0.7843820687030632,0.7843820687030632,0.0,True
pairwise,9,512,histgb,full_free,0,free,original_value_redundancy,0.7717693383685578,0.7717693383685577,1.1102230246251565e-16,False
pairwise,9,512,histgb,full_free,0,free,one_thread_rerun,0.7717693383685578,0.7717693383685578,0.0,True
pairwise,9,512,histgb,full_op_true,0,op_true,original_value_redundancy,0.7752560346050347,0.7752560346052503,-2.156053113822054e-13,False
pairwise,9,512,histgb,full_op_true,0,op_true,one_thread_rerun,0.7752560346050347,0.7752560346050347,0.0,True
pairwise,9,512,histgb,drop_free,6,free,original_value_redundancy,0.9641137649062739,0.964113764906274,-1.1102230246251565e-16,False
pairwise,9,512,histgb,drop_free,6,free,one_thread_rerun,0.9641137649062739,0.9641137649062739,0.0,True
pairwise,9,512,histgb,drop_op_true,6,op_true,original_value_redundancy,0.8020601572088653,0.8020601572088653,0.0,True
pairwise,9,512,histgb,drop_op_true,6,op_true,one_thread_rerun,0.8020601572088653,0.8020601572088653,0.0,True
pairwise,9,512,histgb,drop_op_true_signed,6,sig_true,original_value_redundancy,0.7763602555847128,0.7763602555847129,-1.1102230246251565e-16,False
pairwise,9,512,histgb,drop_op_true_signed,6,sig_true,one_thread_rerun,0.7763602555847128,0.7763602555847128,0.0,True
pairwise,9,512,xgb,full_free,0,free,original_value_redundancy,0.7787926095130496,0.7787926095130494,2.220446049250313e-16,False
pairwise,9,512,xgb,full_free,0,free,one_thread_rerun,0.7787926095130496,0.7787926095130496,0.0,True
pairwise,9,512,xgb,full_op_true,0,op_true,original_value_redundancy,0.7716766046501914,0.7716766046501914,0.0,True
pairwise,9,512,xgb,full_op_true,0,op_true,one_thread_rerun,0.7716766046501914,0.7716766046501914,0.0,True
pairwise,9,512,xgb,drop_free,6,free,original_value_redundancy,0.964127823061684,0.9641278230616842,-2.220446049250313e-16,False
pairwise,9,512,xgb,drop_free,6,free,one_thread_rerun,0.964127823061684,0.964127823061684,0.0,True
pairwise,9,512,xgb,drop_op_true,6,op_true,original_value_redundancy,0.8052337667807918,0.805233766780792,-1.1102230246251565e-16,False
pairwise,9,512,xgb,drop_op_true,6,op_true,one_thread_rerun,0.8052337667807918,0.8052337667807918,0.0,True
pairwise,9,512,xgb,drop_op_true_signed,6,sig_true,original_value_redundancy,0.7791605364900396,0.7791605364900396,0.0,True
pairwise,9,512,xgb,drop_op_true_signed,6,sig_true,one_thread_rerun,0.7791605364900396,0.7791605364900396,0.0,True
pairwise,10,32,histgb,full_free,0,free,original_value_redundancy,0.6409159500357126,0.6409159500357126,0.0,True
pairwise,10,32,histgb,full_free,0,free,one_thread_rerun,0.6409159500357126,0.6409159500357126,0.0,True
pairwise,10,32,histgb,full_op_true,0,op_true,original_value_redundancy,0.6522575305116209,0.6522575305116209,0.0,True
pairwise,10,32,histgb,full_op_true,0,op_true,one_thread_rerun,0.6522575305116209,0.6522575305116209,0.0,True
pairwise,10,32,histgb,drop_free,6,free,original_value_redundancy,0.9597003515860023,0.9597003515860023,0.0,True
pairwise,10,32,histgb,drop_free,6,free,one_thread_rerun,0.9597003515860023,0.9597003515860023,0.0,True
pairwise,10,32,histgb,drop_op_true,6,op_true,original_value_redundancy,0.6910720101126467,0.6910720101126467,0.0,True
pairwise,10,32,histgb,drop_op_true,6,op_true,one_thread_rerun,0.6910720101126467,0.6910720101126467,0.0,True
pairwise,10,32,histgb,drop_op_true_signed,6,sig_true,original_value_redundancy,0.656770370945258,0.656770370945258,0.0,True
pairwise,10,32,histgb,drop_op_true_signed,6,sig_true,one_thread_rerun,0.656770370945258,0.656770370945258,0.0,True
pairwise,10,32,xgb,full_free,0,free,original_value_redundancy,0.6397850206031402,0.6397850206031402,0.0,True
pairwise,10,32,xgb,full_free,0,free,one_thread_rerun,0.6397850206031402,0.6397850206031402,0.0,True
pairwise,10,32,xgb,full_op_true,0,op_true,original_value_redundancy,0.6537615557812028,0.6537615557812028,0.0,True
pairwise,10,32,xgb,full_op_true,0,op_true,one_thread_rerun,0.6537615557812028,0.6537615557812028,0.0,True
pairwise,10,32,xgb,drop_free,6,free,original_value_redundancy,0.9607493889253377,0.9607493889253377,0.0,True
pairwise,10,32,xgb,drop_free,6,free,one_thread_rerun,0.9607493889253377,0.9607493889253377,0.0,True
pairwise,10,32,xgb,drop_op_true,6,op_true,original_value_redundancy,0.6950954942335518,0.6950954942335518,0.0,True
pairwise,10,32,xgb,drop_op_true,6,op_true,one_thread_rerun,0.6950954942335518,0.6950954942335518,0.0,True
pairwise,10,32,xgb,drop_op_true_signed,6,sig_true,original_value_redundancy,0.6580199260140415,0.6580199260140415,0.0,True
pairwise,10,32,xgb,drop_op_true_signed,6,sig_true,one_thread_rerun,0.6580199260140415,0.6580199260140415,0.0,True
pairwise,10,512,histgb,full_free,0,free,original_value_redundancy,0.633407126274454,0.633407126274454,0.0,True
pairwise,10,512,histgb,full_free,0,free,one_thread_rerun,0.633407126274454,0.633407126274454,0.0,True
pairwise,10,512,histgb,full_op_true,0,op_true,original_value_redundancy,0.632376865800189,0.632376865800189,0.0,True
pairwise,10,512,histgb,full_op_true,0,op_true,one_thread_rerun,0.632376865800189,0.632376865800189,0.0,True
pairwise,10,512,histgb,drop_free,6,free,original_value_redundancy,0.9520186144723584,0.9520186144723584,0.0,True
pairwise,10,512,histgb,drop_free,6,free,one_thread_rerun,0.9520186144723584,0.9520186144723584,0.0,True
pairwise,10,512,histgb,drop_op_true,6,op_true,original_value_redundancy,0.6728270217167145,0.6728270217167145,0.0,True
pairwise,10,512,histgb,drop_op_true,6,op_true,one_thread_rerun,0.6728270217167145,0.6728270217167145,0.0,True
pairwise,10,512,histgb,drop_op_true_signed,6,sig_true,original_value_redundancy,0.6444372326052202,0.6444372326052202,0.0,True
pairwise,10,512,histgb,drop_op_true_signed,6,sig_true,one_thread_rerun,0.6444372326052202,0.6444372326052202,0.0,True
pairwise,10,512,xgb,full_free,0,free,original_value_redundancy,0.6288844519600574,0.6288844519600574,0.0,True
pairwise,10,512,xgb,full_free,0,free,one_thread_rerun,0.6288844519600574,0.6288844519600574,0.0,True
pairwise,10,512,xgb,full_op_true,0,op_true,original_value_redundancy,0.6356034331537723,0.6356034331537723,0.0,True
pairwise,10,512,xgb,full_op_true,0,op_true,one_thread_rerun,0.6356034331537723,0.6356034331537723,0.0,True
pairwise,10,512,xgb,drop_free,6,free,original_value_redundancy,0.9486246797257165,0.9486246797257165,0.0,True
pairwise,10,512,xgb,drop_free,6,free,one_thread_rerun,0.9486246797257165,0.9486246797257165,0.0,True
pairwise,10,512,xgb,drop_op_true,6,op_true,original_value_redundancy,0.6661880556480091,0.6661880556480091,0.0,True
pairwise,10,512,xgb,drop_op_true,6,op_true,one_thread_rerun,0.6661880556480091,0.6661880556480091,0.0,True
pairwise,10,512,xgb,drop_op_true_signed,6,sig_true,original_value_redundancy,0.6428676162509246,0.6428676162509246,0.0,True
pairwise,10,512,xgb,drop_op_true_signed,6,sig_true,one_thread_rerun,0.6428676162509246,0.6428676162509246,0.0,True
pairwise,11,32,histgb,full_free,0,free,original_value_redundancy,0.6469438537355663,0.6469438537355663,0.0,True
pairwise,11,32,histgb,full_free,0,free,one_thread_rerun,0.6469438537355663,0.6469438537355663,0.0,True
pairwise,11,32,histgb,full_op_true,0,op_true,original_value_redundancy,0.6457928654269903,0.6457928654269903,0.0,True
pairwise,11,32,histgb,full_op_true,0,op_true,one_thread_rerun,0.6457928654269903,0.6457928654269903,0.0,True
pairwise,11,32,histgb,drop_free,6,free,original_value_redundancy,0.9862327645953055,0.9862327645953055,0.0,True
pairwise,11,32,histgb,drop_free,6,free,one_thread_rerun,0.9862327645953055,0.9862327645953055,0.0,True
pairwise,11,32,histgb,drop_op_true,6,op_true,original_value_redundancy,0.6857294421088845,0.6857294421088845,0.0,True
pairwise,11,32,histgb,drop_op_true,6,op_true,one_thread_rerun,0.6857294421088845,0.6857294421088845,0.0,True
pairwise,11,32,histgb,drop_op_true_signed,6,sig_true,original_value_redundancy,0.6561909975875607,0.6561909975875607,0.0,True
pairwise,11,32,histgb,drop_op_true_signed,6,sig_true,one_thread_rerun,0.6561909975875607,0.6561909975875607,0.0,True
pairwise,11,32,xgb,full_free,0,free,original_value_redundancy,0.6438127392139379,0.6438127392139379,0.0,True
pairwise,11,32,xgb,full_free,0,free,one_thread_rerun,0.6438127392139379,0.6438127392139379,0.0,True
pairwise,11,32,xgb,full_op_true,0,op_true,original_value_redundancy,0.6456644265584868,0.6456644265584868,0.0,True
pairwise,11,32,xgb,full_op_true,0,op_true,one_thread_rerun,0.6456644265584868,0.6456644265584868,0.0,True
pairwise,11,32,xgb,drop_free,6,free,original_value_redundancy,0.9867597929541002,0.9867597929541002,0.0,True
pairwise,11,32,xgb,drop_free,6,free,one_thread_rerun,0.9867597929541002,0.9867597929541002,0.0,True
pairwise,11,32,xgb,drop_op_true,6,op_true,original_value_redundancy,0.6800195407288352,0.6800195407288352,0.0,True
pairwise,11,32,xgb,drop_op_true,6,op_true,one_thread_rerun,0.6800195407288352,0.6800195407288352,0.0,True
pairwise,11,32,xgb,drop_op_true_signed,6,sig_true,original_value_redundancy,0.6523051854362519,0.6523051854362519,0.0,True
pairwise,11,32,xgb,drop_op_true_signed,6,sig_true,one_thread_rerun,0.6523051854362519,0.6523051854362519,0.0,True
pairwise,11,512,histgb,full_free,0,free,original_value_redundancy,0.6388202384605223,0.6388202384605223,0.0,True
pairwise,11,512,histgb,full_free,0,free,one_thread_rerun,0.6388202384605223,0.6388202384605223,0.0,True
pairwise,11,512,histgb,full_op_true,0,op_true,original_value_redundancy,0.6428345967084205,0.6428345967084205,0.0,True
pairwise,11,512,histgb,full_op_true,0,op_true,one_thread_rerun,0.6428345967084205,0.6428345967084205,0.0,True
pairwise,11,512,histgb,drop_free,6,free,original_value_redundancy,0.9752626906326584,0.9752626906326584,0.0,True
pairwise,11,512,histgb,drop_free,6,free,one_thread_rerun,0.9752626906326584,0.9752626906326584,0.0,True
pairwise,11,512,histgb,drop_op_true,6,op_true,original_value_redundancy,0.6785807169778216,0.6785807169778216,0.0,True
pairwise,11,512,histgb,drop_op_true,6,op_true,one_thread_rerun,0.6785807169778216,0.6785807169778216,0.0,True
pairwise,11,512,histgb,drop_op_true_signed,6,sig_true,original_value_redundancy,0.65099021089763,0.65099021089763,0.0,True
pairwise,11,512,histgb,drop_op_true_signed,6,sig_true,one_thread_rerun,0.65099021089763,0.65099021089763,0.0,True
pairwise,11,512,xgb,full_free,0,free,original_value_redundancy,0.6371024126688806,0.6371024126688806,0.0,True
pairwise,11,512,xgb,full_free,0,free,one_thread_rerun,0.6371024126688806,0.6371024126688806,0.0,True
pairwise,11,512,xgb,full_op_true,0,op_true,original_value_redundancy,0.6407195556077037,0.6407195556077037,0.0,True
pairwise,11,512,xgb,full_op_true,0,op_true,one_thread_rerun,0.6407195556077037,0.6407195556077037,0.0,True
pairwise,11,512,xgb,drop_free,6,free,original_value_redundancy,0.9754399619869824,0.9754399619869824,0.0,True
pairwise,11,512,xgb,drop_free,6,free,one_thread_rerun,0.9754399619869824,0.9754399619869824,0.0,True
pairwise,11,512,xgb,drop_op_true,6,op_true,original_value_redundancy,0.6770939973557948,0.6770939973557948,0.0,True
pairwise,11,512,xgb,drop_op_true,6,op_true,one_thread_rerun,0.6770939973557948,0.6770939973557948,0.0,True
pairwise,11,512,xgb,drop_op_true_signed,6,sig_true,original_value_redundancy,0.6521841701760175,0.6521841701760175,0.0,True
pairwise,11,512,xgb,drop_op_true_signed,6,sig_true,one_thread_rerun,0.6521841701760175,0.6521841701760175,0.0,True
pairwise,12,32,histgb,full_free,0,free,original_value_redundancy,0.7402373289063474,0.7402373289063475,-1.1102230246251565e-16,False
pairwise,12,32,histgb,full_free,0,free,one_thread_rerun,0.7402373289063474,0.7402373289063474,0.0,True
pairwise,12,32,histgb,full_op_true,0,op_true,original_value_redundancy,0.7307717998002207,0.7307717998002207,0.0,True
pairwise,12,32,histgb,full_op_true,0,op_true,one_thread_rerun,0.7307717998002207,0.7307717998002207,0.0,True
pairwise,12,32,histgb,drop_free,6,free,original_value_redundancy,1.0091544480001329,1.0091544480001329,0.0,True
pairwise,12,32,histgb,drop_free,6,free,one_thread_rerun,1.0091544480001329,1.0091544480001329,0.0,True
pairwise,12,32,histgb,drop_op_true,6,op_true,original_value_redundancy,0.8044781121629396,0.8044781121629396,0.0,True
pairwise,12,32,histgb,drop_op_true,6,op_true,one_thread_rerun,0.8044781121629396,0.8044781121629396,0.0,True
pairwise,12,32,histgb,drop_op_true_signed,6,sig_true,original_value_redundancy,0.8007961478548191,0.8007961478548191,0.0,True
pairwise,12,32,histgb,drop_op_true_signed,6,sig_true,one_thread_rerun,0.8007961478548191,0.8007961478548191,0.0,True
pairwise,12,32,xgb,full_free,0,free,original_value_redundancy,0.7407705277316803,0.7407705277316803,0.0,True
pairwise,12,32,xgb,full_free,0,free,one_thread_rerun,0.7407705277316803,0.7407705277316803,0.0,True
pairwise,12,32,xgb,full_op_true,0,op_true,original_value_redundancy,0.7317466916083617,0.7317466916083617,0.0,True
pairwise,12,32,xgb,full_op_true,0,op_true,one_thread_rerun,0.7317466916083617,0.7317466916083617,0.0,True
pairwise,12,32,xgb,drop_free,6,free,original_value_redundancy,1.0091338653636261,1.0091338653636261,0.0,True
pairwise,12,32,xgb,drop_free,6,free,one_thread_rerun,1.0091338653636261,1.0091338653636261,0.0,True
pairwise,12,32,xgb,drop_op_true,6,op_true,original_value_redundancy,0.7973798832765953,0.7973798832765953,0.0,True
pairwise,12,32,xgb,drop_op_true,6,op_true,one_thread_rerun,0.7973798832765953,0.7973798832765953,0.0,True
pairwise,12,32,xgb,drop_op_true_signed,6,sig_true,original_value_redundancy,0.7996765446174245,0.7996765446174245,0.0,True
pairwise,12,32,xgb,drop_op_true_signed,6,sig_true,one_thread_rerun,0.7996765446174245,0.7996765446174245,0.0,True
pairwise,12,512,histgb,full_free,0,free,original_value_redundancy,0.7410348933689015,0.7410348933689015,0.0,True
pairwise,12,512,histgb,full_free,0,free,one_thread_rerun,0.7410348933689015,0.7410348933689015,0.0,True
pairwise,12,512,histgb,full_op_true,0,op_true,original_value_redundancy,0.7379423094314297,0.7379423094314297,0.0,True
pairwise,12,512,histgb,full_op_true,0,op_true,one_thread_rerun,0.7379423094314297,0.7379423094314297,0.0,True
pairwise,12,512,histgb,drop_free,6,free,original_value_redundancy,0.9951025667762577,0.9951025667762577,0.0,True
pairwise,12,512,histgb,drop_free,6,free,one_thread_rerun,0.9951025667762577,0.9951025667762577,0.0,True
pairwise,12,512,histgb,drop_op_true,6,op_true,original_value_redundancy,0.7930512983474809,0.7930512983474809,0.0,True
pairwise,12,512,histgb,drop_op_true,6,op_true,one_thread_rerun,0.7930512983474809,0.7930512983474809,0.0,True
pairwise,12,512,histgb,drop_op_true_signed,6,sig_true,original_value_redundancy,0.7918107263472263,0.7918107263472262,1.1102230246251565e-16,False
pairwise,12,512,histgb,drop_op_true_signed,6,sig_true,one_thread_rerun,0.7918107263472263,0.7918107263472263,0.0,True
pairwise,12,512,xgb,full_free,0,free,original_value_redundancy,0.7393167422022652,0.7393167422022653,-1.1102230246251565e-16,False
pairwise,12,512,xgb,full_free,0,free,one_thread_rerun,0.7393167422022652,0.7393167422022652,0.0,True
pairwise,12,512,xgb,full_op_true,0,op_true,original_value_redundancy,0.742350452862779,0.742350452862779,0.0,True
pairwise,12,512,xgb,full_op_true,0,op_true,one_thread_rerun,0.742350452862779,0.742350452862779,0.0,True
pairwise,12,512,xgb,drop_free,6,free,original_value_redundancy,0.9950917552038262,0.9950917552038263,-1.1102230246251565e-16,False
pairwise,12,512,xgb,drop_free,6,free,one_thread_rerun,0.9950917552038262,0.9950917552038262,0.0,True
pairwise,12,512,xgb,drop_op_true,6,op_true,original_value_redundancy,0.7967842237289173,0.7967842237289172,1.1102230246251565e-16,False
pairwise,12,512,xgb,drop_op_true,6,op_true,one_thread_rerun,0.7967842237289173,0.7967842237289173,0.0,True
pairwise,12,512,xgb,drop_op_true_signed,6,sig_true,original_value_redundancy,0.7903287971299227,0.7903287971299227,0.0,True
pairwise,12,512,xgb,drop_op_true_signed,6,sig_true,one_thread_rerun,0.7903287971299227,0.7903287971299227,0.0,True
pairwise,13,32,histgb,full_free,0,free,original_value_redundancy,0.7312746515799927,0.7312746515799927,0.0,True
pairwise,13,32,histgb,full_free,0,free,one_thread_rerun,0.7312746515799927,0.7312746515799927,0.0,True
pairwise,13,32,histgb,full_op_true,0,op_true,original_value_redundancy,0.7215643468323216,0.7215643468323216,0.0,True
pairwise,13,32,histgb,full_op_true,0,op_true,one_thread_rerun,0.7215643468323216,0.7215643468323216,0.0,True
pairwise,13,32,histgb,drop_free,6,free,original_value_redundancy,0.9846318974922168,0.9846318974922168,0.0,True
pairwise,13,32,histgb,drop_free,6,free,one_thread_rerun,0.9846318974922168,0.9846318974922168,0.0,True
pairwise,13,32,histgb,drop_op_true,6,op_true,original_value_redundancy,0.7466710372555256,0.7466710372555256,0.0,True
pairwise,13,32,histgb,drop_op_true,6,op_true,one_thread_rerun,0.7466710372555256,0.7466710372555256,0.0,True
pairwise,13,32,histgb,drop_op_true_signed,6,sig_true,original_value_redundancy,0.7389540665221564,0.7389540665221564,0.0,True
pairwise,13,32,histgb,drop_op_true_signed,6,sig_true,one_thread_rerun,0.7389540665221564,0.7389540665221564,0.0,True
pairwise,13,32,xgb,full_free,0,free,original_value_redundancy,0.730402415729607,0.730402415729607,0.0,True
pairwise,13,32,xgb,full_free,0,free,one_thread_rerun,0.730402415729607,0.730402415729607,0.0,True
pairwise,13,32,xgb,full_op_true,0,op_true,original_value_redundancy,0.721137527011804,0.721137527011804,0.0,True
pairwise,13,32,xgb,full_op_true,0,op_true,one_thread_rerun,0.721137527011804,0.721137527011804,0.0,True
pairwise,13,32,xgb,drop_free,6,free,original_value_redundancy,0.9847465124016755,0.9847465124016755,0.0,True
pairwise,13,32,xgb,drop_free,6,free,one_thread_rerun,0.9847465124016755,0.9847465124016755,0.0,True
pairwise,13,32,xgb,drop_op_true,6,op_true,original_value_redundancy,0.7513985828259987,0.7513985828259987,0.0,True
pairwise,13,32,xgb,drop_op_true,6,op_true,one_thread_rerun,0.7513985828259987,0.7513985828259987,0.0,True
pairwise,13,32,xgb,drop_op_true_signed,6,sig_true,original_value_redundancy,0.7386737388958701,0.7386737388958701,0.0,True
pairwise,13,32,xgb,drop_op_true_signed,6,sig_true,one_thread_rerun,0.7386737388958701,0.7386737388958701,0.0,True
pairwise,13,512,histgb,full_free,0,free,original_value_redundancy,0.7286628866275598,0.7286628866275598,0.0,True
pairwise,13,512,histgb,full_free,0,free,one_thread_rerun,0.7286628866275598,0.7286628866275598,0.0,True
pairwise,13,512,histgb,full_op_true,0,op_true,original_value_redundancy,0.7229002449844528,0.7229002449844528,0.0,True
pairwise,13,512,histgb,full_op_true,0,op_true,one_thread_rerun,0.7229002449844528,0.7229002449844528,0.0,True
pairwise,13,512,histgb,drop_free,6,free,original_value_redundancy,0.98014952760113,0.98014952760113,0.0,True
pairwise,13,512,histgb,drop_free,6,free,one_thread_rerun,0.98014952760113,0.98014952760113,0.0,True
pairwise,13,512,histgb,drop_op_true,6,op_true,original_value_redundancy,0.7561627985996836,0.7561627985996836,0.0,True
pairwise,13,512,histgb,drop_op_true,6,op_true,one_thread_rerun,0.7561627985996836,0.7561627985996836,0.0,True
pairwise,13,512,histgb,drop_op_true_signed,6,sig_true,original_value_redundancy,0.7527345112539583,0.7527345112539583,0.0,True
pairwise,13,512,histgb,drop_op_true_signed,6,sig_true,one_thread_rerun,0.7527345112539583,0.7527345112539583,0.0,True
pairwise,13,512,xgb,full_free,0,free,original_value_redundancy,0.7334813406815803,0.7334813406815803,0.0,True
pairwise,13,512,xgb,full_free,0,free,one_thread_rerun,0.7334813406815803,0.7334813406815803,0.0,True
pairwise,13,512,xgb,full_op_true,0,op_true,original_value_redundancy,0.7195121461726627,0.7195121461726627,0.0,True
pairwise,13,512,xgb,full_op_true,0,op_true,one_thread_rerun,0.7195121461726627,0.7195121461726627,0.0,True
pairwise,13,512,xgb,drop_free,6,free,original_value_redundancy,0.9708864047285205,0.9708864047285205,0.0,True
pairwise,13,512,xgb,drop_free,6,free,one_thread_rerun,0.9708864047285205,0.9708864047285205,0.0,True
pairwise,13,512,xgb,drop_op_true,6,op_true,original_value_redundancy,0.7502210911657122,0.7502210911657122,0.0,True
pairwise,13,512,xgb,drop_op_true,6,op_true,one_thread_rerun,0.7502210911657122,0.7502210911657122,0.0,True
pairwise,13,512,xgb,drop_op_true_signed,6,sig_true,original_value_redundancy,0.7471736079068726,0.7471736079068726,0.0,True
pairwise,13,512,xgb,drop_op_true_signed,6,sig_true,one_thread_rerun,0.7471736079068726,0.7471736079068726,0.0,True
pairwise,14,32,histgb,full_free,0,free,original_value_redundancy,0.7309597767666801,0.727908902525764,0.0030508742409161016,False
pairwise,14,32,histgb,full_free,0,free,one_thread_rerun,0.7309597767666801,0.7309597767666801,0.0,True
pairwise,14,32,histgb,full_op_true,0,op_true,original_value_redundancy,0.732999565421577,0.7340538338449965,-0.001054268423419491,False
pairwise,14,32,histgb,full_op_true,0,op_true,one_thread_rerun,0.732999565421577,0.732999565421577,0.0,True
pairwise,14,32,histgb,drop_free,6,free,original_value_redundancy,0.970762681796252,0.970762681796252,0.0,True
pairwise,14,32,histgb,drop_free,6,free,one_thread_rerun,0.970762681796252,0.970762681796252,0.0,True
pairwise,14,32,histgb,drop_op_true,6,op_true,original_value_redundancy,0.7540920118014892,0.7557529282121138,-0.0016609164106246022,False
pairwise,14,32,histgb,drop_op_true,6,op_true,one_thread_rerun,0.7540920118014892,0.7540920118014892,0.0,True
pairwise,14,32,histgb,drop_op_true_signed,6,sig_true,original_value_redundancy,0.745692113785409,0.742929234975153,0.002762878810256053,False
pairwise,14,32,histgb,drop_op_true_signed,6,sig_true,one_thread_rerun,0.745692113785409,0.745692113785409,0.0,True
pairwise,14,32,xgb,full_free,0,free,original_value_redundancy,0.7325834573729206,0.7325834573729206,0.0,True
pairwise,14,32,xgb,full_free,0,free,one_thread_rerun,0.7325834573729206,0.7325834573729206,0.0,True
pairwise,14,32,xgb,full_op_true,0,op_true,original_value_redundancy,0.732868800352304,0.732868800352304,0.0,True
pairwise,14,32,xgb,full_op_true,0,op_true,one_thread_rerun,0.732868800352304,0.732868800352304,0.0,True
pairwise,14,32,xgb,drop_free,6,free,original_value_redundancy,0.9784070313553905,0.9784070313553905,0.0,True
pairwise,14,32,xgb,drop_free,6,free,one_thread_rerun,0.9784070313553905,0.9784070313553905,0.0,True
pairwise,14,32,xgb,drop_op_true,6,op_true,original_value_redundancy,0.7559882607447961,0.755988260744796,1.1102230246251565e-16,False
pairwise,14,32,xgb,drop_op_true,6,op_true,one_thread_rerun,0.7559882607447961,0.7559882607447961,0.0,True
pairwise,14,32,xgb,drop_op_true_signed,6,sig_true,original_value_redundancy,0.7388006029359938,0.7388006029359938,0.0,True
pairwise,14,32,xgb,drop_op_true_signed,6,sig_true,one_thread_rerun,0.7388006029359938,0.7388006029359938,0.0,True
pairwise,14,512,histgb,full_free,0,free,original_value_redundancy,0.7289626783245412,0.7218416280521259,0.007121050272415275,False
pairwise,14,512,histgb,full_free,0,free,one_thread_rerun,0.7289626783245412,0.7289626783245412,0.0,True
pairwise,14,512,histgb,full_op_true,0,op_true,original_value_redundancy,0.7216766067326834,0.7243773608448911,-0.002700754112207715,False
pairwise,14,512,histgb,full_op_true,0,op_true,one_thread_rerun,0.7216766067326834,0.7216766067326834,0.0,True
pairwise,14,512,histgb,drop_free,6,free,original_value_redundancy,0.9630877877316433,0.9630877877316433,0.0,True
pairwise,14,512,histgb,drop_free,6,free,one_thread_rerun,0.9630877877316433,0.9630877877316433,0.0,True
pairwise,14,512,histgb,drop_op_true,6,op_true,original_value_redundancy,0.7482435636709462,0.7458008492127765,0.0024427144581697924,False
pairwise,14,512,histgb,drop_op_true,6,op_true,one_thread_rerun,0.7482435636709462,0.7482435636709462,0.0,True
pairwise,14,512,histgb,drop_op_true_signed,6,sig_true,original_value_redundancy,0.7303751921601517,0.728801731191223,0.0015734609689286305,False
pairwise,14,512,histgb,drop_op_true_signed,6,sig_true,one_thread_rerun,0.7303751921601517,0.7303751921601517,0.0,True
pairwise,14,512,xgb,full_free,0,free,original_value_redundancy,0.7303352563019898,0.7303352563019898,0.0,True
pairwise,14,512,xgb,full_free,0,free,one_thread_rerun,0.7303352563019898,0.7303352563019898,0.0,True
pairwise,14,512,xgb,full_op_true,0,op_true,original_value_redundancy,0.7177347076711578,0.7177347076711578,0.0,True
pairwise,14,512,xgb,full_op_true,0,op_true,one_thread_rerun,0.7177347076711578,0.7177347076711578,0.0,True
pairwise,14,512,xgb,drop_free,6,free,original_value_redundancy,0.9620279080532409,0.9620279080532409,0.0,True
pairwise,14,512,xgb,drop_free,6,free,one_thread_rerun,0.9620279080532409,0.9620279080532409,0.0,True
pairwise,14,512,xgb,drop_op_true,6,op_true,original_value_redundancy,0.7517438930293204,0.7517438930293204,0.0,True
pairwise,14,512,xgb,drop_op_true,6,op_true,one_thread_rerun,0.7517438930293204,0.7517438930293204,0.0,True
pairwise,14,512,xgb,drop_op_true_signed,6,sig_true,original_value_redundancy,0.7311795837073115,0.7311795837073115,0.0,True
pairwise,14,512,xgb,drop_op_true_signed,6,sig_true,one_thread_rerun,0.7311795837073115,0.7311795837073115,0.0,True
pairwise,15,32,histgb,full_free,0,free,original_value_redundancy,0.729023953355397,0.7264812142305399,0.0025427391248571407,False
pairwise,15,32,histgb,full_free,0,free,one_thread_rerun,0.729023953355397,0.729023953355397,0.0,True
pairwise,15,32,histgb,full_op_true,0,op_true,original_value_redundancy,0.7167353169489585,0.7189811794057424,-0.0022458624567838203,False
pairwise,15,32,histgb,full_op_true,0,op_true,one_thread_rerun,0.7167353169489585,0.7167353169489585,0.0,True
pairwise,15,32,histgb,drop_free,6,free,original_value_redundancy,1.0121228520892127,1.019650899477314,-0.0075280473881012,False
pairwise,15,32,histgb,drop_free,6,free,one_thread_rerun,1.0121228520892127,1.0121228520892127,0.0,True
pairwise,15,32,histgb,drop_op_true,6,op_true,original_value_redundancy,0.7416935493049585,0.743302683658306,-0.00160913435334753,False
pairwise,15,32,histgb,drop_op_true,6,op_true,one_thread_rerun,0.7416935493049585,0.7416935493049585,0.0,True
pairwise,15,32,histgb,drop_op_true_signed,6,sig_true,original_value_redundancy,0.7151728525821477,0.7160416358147649,-0.0008687832326171874,False
pairwise,15,32,histgb,drop_op_true_signed,6,sig_true,one_thread_rerun,0.7151728525821477,0.7151728525821477,0.0,True
pairwise,15,32,xgb,full_free,0,free,original_value_redundancy,0.7251697910749614,0.7251697910749614,0.0,True
pairwise,15,32,xgb,full_free,0,free,one_thread_rerun,0.7251697910749614,0.7251697910749614,0.0,True
pairwise,15,32,xgb,full_op_true,0,op_true,original_value_redundancy,0.7229990340851213,0.7229990340851213,0.0,True
pairwise,15,32,xgb,full_op_true,0,op_true,one_thread_rerun,0.7229990340851213,0.7229990340851213,0.0,True
pairwise,15,32,xgb,drop_free,6,free,original_value_redundancy,1.016073901801803,1.016073901801803,0.0,True
pairwise,15,32,xgb,drop_free,6,free,one_thread_rerun,1.016073901801803,1.016073901801803,0.0,True
pairwise,15,32,xgb,drop_op_true,6,op_true,original_value_redundancy,0.7421021764367869,0.7421021764367869,0.0,True
pairwise,15,32,xgb,drop_op_true,6,op_true,one_thread_rerun,0.7421021764367869,0.7421021764367869,0.0,True
pairwise,15,32,xgb,drop_op_true_signed,6,sig_true,original_value_redundancy,0.7206806925574301,0.7206806925574301,0.0,True
pairwise,15,32,xgb,drop_op_true_signed,6,sig_true,one_thread_rerun,0.7206806925574301,0.7206806925574301,0.0,True
pairwise,15,512,histgb,full_free,0,free,original_value_redundancy,0.7134263202469285,0.7144109067379181,-0.0009845864909895363,False
pairwise,15,512,histgb,full_free,0,free,one_thread_rerun,0.7134263202469285,0.7134263202469285,0.0,True
pairwise,15,512,histgb,full_op_true,0,op_true,original_value_redundancy,0.7091246126522598,0.7110884818115327,-0.001963869159272935,False
pairwise,15,512,histgb,full_op_true,0,op_true,one_thread_rerun,0.7091246126522598,0.7091246126522598,0.0,True
pairwise,15,512,histgb,drop_free,6,free,original_value_redundancy,0.984801005966768,0.985057472058195,-0.00025646609142704335,False
pairwise,15,512,histgb,drop_free,6,free,one_thread_rerun,0.984801005966768,0.984801005966768,0.0,True
pairwise,15,512,histgb,drop_op_true,6,op_true,original_value_redundancy,0.7339212211389146,0.7301490374035922,0.0037721837353223986,False
pairwise,15,512,histgb,drop_op_true,6,op_true,one_thread_rerun,0.7339212211389146,0.7339212211389146,0.0,True
pairwise,15,512,histgb,drop_op_true_signed,6,sig_true,original_value_redundancy,0.7144795933421788,0.7145193423288816,-3.974898670278115e-05,False
pairwise,15,512,histgb,drop_op_true_signed,6,sig_true,one_thread_rerun,0.7144795933421788,0.7144795933421788,0.0,True
pairwise,15,512,xgb,full_free,0,free,original_value_redundancy,0.7200228182601945,0.7200228182601945,0.0,True
pairwise,15,512,xgb,full_free,0,free,one_thread_rerun,0.7200228182601945,0.7200228182601945,0.0,True
pairwise,15,512,xgb,full_op_true,0,op_true,original_value_redundancy,0.7082742233778466,0.7082742233778466,0.0,True
pairwise,15,512,xgb,full_op_true,0,op_true,one_thread_rerun,0.7082742233778466,0.7082742233778466,0.0,True
pairwise,15,512,xgb,drop_free,6,free,original_value_redundancy,0.9937297967145964,0.9937297967145964,0.0,True
pairwise,15,512,xgb,drop_free,6,free,one_thread_rerun,0.9937297967145964,0.9937297967145964,0.0,True
pairwise,15,512,xgb,drop_op_true,6,op_true,original_value_redundancy,0.7311747260354213,0.7311747260354213,0.0,True
pairwise,15,512,xgb,drop_op_true,6,op_true,one_thread_rerun,0.7311747260354213,0.7311747260354213,0.0,True
pairwise,15,512,xgb,drop_op_true_signed,6,sig_true,original_value_redundancy,0.7106707775060226,0.7106707775060226,0.0,True
pairwise,15,512,xgb,drop_op_true_signed,6,sig_true,one_thread_rerun,0.7106707775060226,0.7106707775060226,0.0,True
pairwise,16,32,histgb,full_free,0,free,original_value_redundancy,0.7189541688459227,0.7189541688459227,0.0,True
pairwise,16,32,histgb,full_free,0,free,one_thread_rerun,0.7189541688459227,0.7189541688459227,0.0,True
pairwise,16,32,histgb,full_op_true,0,op_true,original_value_redundancy,0.7213963132997172,0.7213963132997172,0.0,True
pairwise,16,32,histgb,full_op_true,0,op_true,one_thread_rerun,0.7213963132997172,0.7213963132997172,0.0,True
pairwise,16,32,histgb,drop_free,6,free,original_value_redundancy,0.9908977440332143,0.9908977440332143,0.0,True
pairwise,16,32,histgb,drop_free,6,free,one_thread_rerun,0.9908977440332143,0.9908977440332143,0.0,True
pairwise,16,32,histgb,drop_op_true,6,op_true,original_value_redundancy,0.7891757780325983,0.7891757780325983,0.0,True
pairwise,16,32,histgb,drop_op_true,6,op_true,one_thread_rerun,0.7891757780325983,0.7891757780325983,0.0,True
pairwise,16,32,histgb,drop_op_true_signed,6,sig_true,original_value_redundancy,0.7785985722528198,0.7785985722528198,0.0,True
pairwise,16,32,histgb,drop_op_true_signed,6,sig_true,one_thread_rerun,0.7785985722528198,0.7785985722528198,0.0,True
pairwise,16,32,xgb,full_free,0,free,original_value_redundancy,0.7124147505930862,0.7124147505930862,0.0,True
pairwise,16,32,xgb,full_free,0,free,one_thread_rerun,0.7124147505930862,0.7124147505930862,0.0,True
pairwise,16,32,xgb,full_op_true,0,op_true,original_value_redundancy,0.7181271399990312,0.7181271399990312,0.0,True
pairwise,16,32,xgb,full_op_true,0,op_true,one_thread_rerun,0.7181271399990312,0.7181271399990312,0.0,True
pairwise,16,32,xgb,drop_free,6,free,original_value_redundancy,0.9909034696950941,0.9909034696950941,0.0,True
pairwise,16,32,xgb,drop_free,6,free,one_thread_rerun,0.9909034696950941,0.9909034696950941,0.0,True
pairwise,16,32,xgb,drop_op_true,6,op_true,original_value_redundancy,0.7962294874843012,0.7962294874843012,0.0,True
pairwise,16,32,xgb,drop_op_true,6,op_true,one_thread_rerun,0.7962294874843012,0.7962294874843012,0.0,True
pairwise,16,32,xgb,drop_op_true_signed,6,sig_true,original_value_redundancy,0.783120064228134,0.783120064228134,0.0,True
pairwise,16,32,xgb,drop_op_true_signed,6,sig_true,one_thread_rerun,0.783120064228134,0.783120064228134,0.0,True
pairwise,16,512,histgb,full_free,0,free,original_value_redundancy,0.7200870777188081,0.7200870777188081,0.0,True
pairwise,16,512,histgb,full_free,0,free,one_thread_rerun,0.7200870777188081,0.7200870777188081,0.0,True
pairwise,16,512,histgb,full_op_true,0,op_true,original_value_redundancy,0.7243398710760081,0.7243398710760081,0.0,True
pairwise,16,512,histgb,full_op_true,0,op_true,one_thread_rerun,0.7243398710760081,0.7243398710760081,0.0,True
pairwise,16,512,histgb,drop_free,6,free,original_value_redundancy,0.9787307791420563,0.9787307791420563,0.0,True
pairwise,16,512,histgb,drop_free,6,free,one_thread_rerun,0.9787307791420563,0.9787307791420563,0.0,True
pairwise,16,512,histgb,drop_op_true,6,op_true,original_value_redundancy,0.7914948907577882,0.7914948907577882,0.0,True
pairwise,16,512,histgb,drop_op_true,6,op_true,one_thread_rerun,0.7914948907577882,0.7914948907577882,0.0,True
pairwise,16,512,histgb,drop_op_true_signed,6,sig_true,original_value_redundancy,0.7767511573268474,0.7767511573268474,0.0,True
pairwise,16,512,histgb,drop_op_true_signed,6,sig_true,one_thread_rerun,0.7767511573268474,0.7767511573268474,0.0,True
pairwise,16,512,xgb,full_free,0,free,original_value_redundancy,0.7143789370873921,0.7143789370873921,0.0,True
pairwise,16,512,xgb,full_free,0,free,one_thread_rerun,0.7143789370873921,0.7143789370873921,0.0,True
pairwise,16,512,xgb,full_op_true,0,op_true,original_value_redundancy,0.7195213790278175,0.7195213790278175,0.0,True
pairwise,16,512,xgb,full_op_true,0,op_true,one_thread_rerun,0.7195213790278175,0.7195213790278175,0.0,True
pairwise,16,512,xgb,drop_free,6,free,original_value_redundancy,0.9787294343588794,0.9787294343588794,0.0,True
pairwise,16,512,xgb,drop_free,6,free,one_thread_rerun,0.9787294343588794,0.9787294343588794,0.0,True
pairwise,16,512,xgb,drop_op_true,6,op_true,original_value_redundancy,0.7933916805121023,0.7933916805121023,0.0,True
pairwise,16,512,xgb,drop_op_true,6,op_true,one_thread_rerun,0.7933916805121023,0.7933916805121023,0.0,True
pairwise,16,512,xgb,drop_op_true_signed,6,sig_true,original_value_redundancy,0.7753392857627742,0.7753392857627742,0.0,True
pairwise,16,512,xgb,drop_op_true_signed,6,sig_true,one_thread_rerun,0.7753392857627742,0.7753392857627742,0.0,True
pairwise,17,32,histgb,full_free,0,free,original_value_redundancy,0.7185585718070671,0.7185585718070671,0.0,True
pairwise,17,32,histgb,full_free,0,free,one_thread_rerun,0.7185585718070671,0.7185585718070671,0.0,True
pairwise,17,32,histgb,full_op_true,0,op_true,original_value_redundancy,0.720886261080733,0.720886261080733,0.0,True
pairwise,17,32,histgb,full_op_true,0,op_true,one_thread_rerun,0.720886261080733,0.720886261080733,0.0,True
pairwise,17,32,histgb,drop_free,6,free,original_value_redundancy,0.9457253307140935,0.9457253307140935,0.0,True
pairwise,17,32,histgb,drop_free,6,free,one_thread_rerun,0.9457253307140935,0.9457253307140935,0.0,True
pairwise,17,32,histgb,drop_op_true,6,op_true,original_value_redundancy,0.730174067313581,0.730174067313581,0.0,True
pairwise,17,32,histgb,drop_op_true,6,op_true,one_thread_rerun,0.730174067313581,0.730174067313581,0.0,True
pairwise,17,32,histgb,drop_op_true_signed,6,sig_true,original_value_redundancy,0.7096215621006331,0.7096215621006331,0.0,True
pairwise,17,32,histgb,drop_op_true_signed,6,sig_true,one_thread_rerun,0.7096215621006331,0.7096215621006331,0.0,True
pairwise,17,32,xgb,full_free,0,free,original_value_redundancy,0.7179166446302496,0.7179166446302496,0.0,True
pairwise,17,32,xgb,full_free,0,free,one_thread_rerun,0.7179166446302496,0.7179166446302496,0.0,True
pairwise,17,32,xgb,full_op_true,0,op_true,original_value_redundancy,0.7167015834627601,0.7167015834627601,0.0,True
pairwise,17,32,xgb,full_op_true,0,op_true,one_thread_rerun,0.7167015834627601,0.7167015834627601,0.0,True
pairwise,17,32,xgb,drop_free,6,free,original_value_redundancy,0.9459085650982332,0.9459085650982332,0.0,True
pairwise,17,32,xgb,drop_free,6,free,one_thread_rerun,0.9459085650982332,0.9459085650982332,0.0,True
pairwise,17,32,xgb,drop_op_true,6,op_true,original_value_redundancy,0.7306318798767814,0.7306318798767814,0.0,True
pairwise,17,32,xgb,drop_op_true,6,op_true,one_thread_rerun,0.7306318798767814,0.7306318798767814,0.0,True
pairwise,17,32,xgb,drop_op_true_signed,6,sig_true,original_value_redundancy,0.7093245616768226,0.7093245616768226,0.0,True
pairwise,17,32,xgb,drop_op_true_signed,6,sig_true,one_thread_rerun,0.7093245616768226,0.7093245616768226,0.0,True
pairwise,17,512,histgb,full_free,0,free,original_value_redundancy,0.7029729017274697,0.7029729017274697,0.0,True
pairwise,17,512,histgb,full_free,0,free,one_thread_rerun,0.7029729017274697,0.7029729017274697,0.0,True
pairwise,17,512,histgb,full_op_true,0,op_true,original_value_redundancy,0.701319799678482,0.701319799678482,0.0,True
pairwise,17,512,histgb,full_op_true,0,op_true,one_thread_rerun,0.701319799678482,0.701319799678482,0.0,True
pairwise,17,512,histgb,drop_free,6,free,original_value_redundancy,0.965082808982344,0.965082808982344,0.0,True
pairwise,17,512,histgb,drop_free,6,free,one_thread_rerun,0.965082808982344,0.965082808982344,0.0,True
pairwise,17,512,histgb,drop_op_true,6,op_true,original_value_redundancy,0.7188390020864549,0.7188390020864549,0.0,True
pairwise,17,512,histgb,drop_op_true,6,op_true,one_thread_rerun,0.7188390020864549,0.7188390020864549,0.0,True
pairwise,17,512,histgb,drop_op_true_signed,6,sig_true,original_value_redundancy,0.7078368189207742,0.7078368189207742,0.0,True
pairwise,17,512,histgb,drop_op_true_signed,6,sig_true,one_thread_rerun,0.7078368189207742,0.7078368189207742,0.0,True
pairwise,17,512,xgb,full_free,0,free,original_value_redundancy,0.7075170166894187,0.7075170166894187,0.0,True
pairwise,17,512,xgb,full_free,0,free,one_thread_rerun,0.7075170166894187,0.7075170166894187,0.0,True
pairwise,17,512,xgb,full_op_true,0,op_true,original_value_redundancy,0.7081060119318094,0.7081060119318094,0.0,True
pairwise,17,512,xgb,full_op_true,0,op_true,one_thread_rerun,0.7081060119318094,0.7081060119318094,0.0,True
pairwise,17,512,xgb,drop_free,6,free,original_value_redundancy,0.9498592042488623,0.9498592042488623,0.0,True
pairwise,17,512,xgb,drop_free,6,free,one_thread_rerun,0.9498592042488623,0.9498592042488623,0.0,True
pairwise,17,512,xgb,drop_op_true,6,op_true,original_value_redundancy,0.7225928725820627,0.7225928725820627,0.0,True
pairwise,17,512,xgb,drop_op_true,6,op_true,one_thread_rerun,0.7225928725820627,0.7225928725820627,0.0,True
pairwise,17,512,xgb,drop_op_true_signed,6,sig_true,original_value_redundancy,0.7102791764745547,0.7102791764745547,0.0,True
pairwise,17,512,xgb,drop_op_true_signed,6,sig_true,one_thread_rerun,0.7102791764745547,0.7102791764745547,0.0,True
pairwise,18,32,histgb,full_free,0,free,original_value_redundancy,0.6320839493629246,0.6320839493629246,0.0,True
pairwise,18,32,histgb,full_free,0,free,one_thread_rerun,0.6320839493629246,0.6320839493629246,0.0,True
pairwise,18,32,histgb,full_op_true,0,op_true,original_value_redundancy,0.6335777043367131,0.6335777043367131,0.0,True
pairwise,18,32,histgb,full_op_true,0,op_true,one_thread_rerun,0.6335777043367131,0.6335777043367131,0.0,True
pairwise,18,32,histgb,drop_free,6,free,original_value_redundancy,0.9293551711078796,0.9293551711078796,0.0,True
pairwise,18,32,histgb,drop_free,6,free,one_thread_rerun,0.9293551711078796,0.9293551711078796,0.0,True
pairwise,18,32,histgb,drop_op_true,6,op_true,original_value_redundancy,0.6965241944368891,0.6965241944368891,0.0,True
pairwise,18,32,histgb,drop_op_true,6,op_true,one_thread_rerun,0.6965241944368891,0.6965241944368891,0.0,True
pairwise,18,32,histgb,drop_op_true_signed,6,sig_true,original_value_redundancy,0.677301191160545,0.677301191160545,0.0,True
pairwise,18,32,histgb,drop_op_true_signed,6,sig_true,one_thread_rerun,0.677301191160545,0.677301191160545,0.0,True
pairwise,18,32,xgb,full_free,0,free,original_value_redundancy,0.6406079664493658,0.6406079664493658,0.0,True
pairwise,18,32,xgb,full_free,0,free,one_thread_rerun,0.6406079664493658,0.6406079664493658,0.0,True
pairwise,18,32,xgb,full_op_true,0,op_true,original_value_redundancy,0.6361189797993104,0.6361189797993104,0.0,True
pairwise,18,32,xgb,full_op_true,0,op_true,one_thread_rerun,0.6361189797993104,0.6361189797993104,0.0,True
pairwise,18,32,xgb,drop_free,6,free,original_value_redundancy,0.9293318362075438,0.9293318362075438,0.0,True
pairwise,18,32,xgb,drop_free,6,free,one_thread_rerun,0.9293318362075438,0.9293318362075438,0.0,True
pairwise,18,32,xgb,drop_op_true,6,op_true,original_value_redundancy,0.7023889246700721,0.7023889246700721,0.0,True
pairwise,18,32,xgb,drop_op_true,6,op_true,one_thread_rerun,0.7023889246700721,0.7023889246700721,0.0,True
pairwise,18,32,xgb,drop_op_true_signed,6,sig_true,original_value_redundancy,0.6741863802947606,0.6741863802947606,0.0,True
pairwise,18,32,xgb,drop_op_true_signed,6,sig_true,one_thread_rerun,0.6741863802947606,0.6741863802947606,0.0,True
pairwise,18,512,histgb,full_free,0,free,original_value_redundancy,0.6274827433401894,0.6274827433401894,0.0,True
pairwise,18,512,histgb,full_free,0,free,one_thread_rerun,0.6274827433401894,0.6274827433401894,0.0,True
pairwise,18,512,histgb,full_op_true,0,op_true,original_value_redundancy,0.6266358585292137,0.6266358585292137,0.0,True
pairwise,18,512,histgb,full_op_true,0,op_true,one_thread_rerun,0.6266358585292137,0.6266358585292137,0.0,True
pairwise,18,512,histgb,drop_free,6,free,original_value_redundancy,0.9195519736641169,0.9195519736641169,0.0,True
pairwise,18,512,histgb,drop_free,6,free,one_thread_rerun,0.9195519736641169,0.9195519736641169,0.0,True
pairwise,18,512,histgb,drop_op_true,6,op_true,original_value_redundancy,0.6932640885889934,0.6932640885889934,0.0,True
pairwise,18,512,histgb,drop_op_true,6,op_true,one_thread_rerun,0.6932640885889934,0.6932640885889934,0.0,True
pairwise,18,512,histgb,drop_op_true_signed,6,sig_true,original_value_redundancy,0.6715717501303499,0.6715717501303499,0.0,True
pairwise,18,512,histgb,drop_op_true_signed,6,sig_true,one_thread_rerun,0.6715717501303499,0.6715717501303499,0.0,True
pairwise,18,512,xgb,full_free,0,free,original_value_redundancy,0.6249269571297902,0.6249269571297902,0.0,True
pairwise,18,512,xgb,full_free,0,free,one_thread_rerun,0.6249269571297902,0.6249269571297902,0.0,True
pairwise,18,512,xgb,full_op_true,0,op_true,original_value_redundancy,0.626403679355428,0.626403679355428,0.0,True
pairwise,18,512,xgb,full_op_true,0,op_true,one_thread_rerun,0.626403679355428,0.626403679355428,0.0,True
pairwise,18,512,xgb,drop_free,6,free,original_value_redundancy,0.9195507961753813,0.9195507961753813,0.0,True
pairwise,18,512,xgb,drop_free,6,free,one_thread_rerun,0.9195507961753813,0.9195507961753813,0.0,True
pairwise,18,512,xgb,drop_op_true,6,op_true,original_value_redundancy,0.6929233206802315,0.6929233206802315,0.0,True
pairwise,18,512,xgb,drop_op_true,6,op_true,one_thread_rerun,0.6929233206802315,0.6929233206802315,0.0,True
pairwise,18,512,xgb,drop_op_true_signed,6,sig_true,original_value_redundancy,0.6728748731185564,0.6728748731185564,0.0,True
pairwise,18,512,xgb,drop_op_true_signed,6,sig_true,one_thread_rerun,0.6728748731185564,0.6728748731185564,0.0,True
pairwise,19,32,histgb,full_free,0,free,original_value_redundancy,0.7003563888553049,0.7003563888553049,0.0,True
pairwise,19,32,histgb,full_free,0,free,one_thread_rerun,0.7003563888553049,0.7003563888553049,0.0,True
pairwise,19,32,histgb,full_op_true,0,op_true,original_value_redundancy,0.6880813306591284,0.6880813306591284,0.0,True
pairwise,19,32,histgb,full_op_true,0,op_true,one_thread_rerun,0.6880813306591284,0.6880813306591284,0.0,True
pairwise,19,32,histgb,drop_free,6,free,original_value_redundancy,1.0040159552745145,1.0040159552745145,0.0,True
pairwise,19,32,histgb,drop_free,6,free,one_thread_rerun,1.0040159552745145,1.0040159552745145,0.0,True
pairwise,19,32,histgb,drop_op_true,6,op_true,original_value_redundancy,0.7199175115117314,0.7199175115117314,0.0,True
pairwise,19,32,histgb,drop_op_true,6,op_true,one_thread_rerun,0.7199175115117314,0.7199175115117314,0.0,True
pairwise,19,32,histgb,drop_op_true_signed,6,sig_true,original_value_redundancy,0.7049528882611054,0.7049528882611054,0.0,True
pairwise,19,32,histgb,drop_op_true_signed,6,sig_true,one_thread_rerun,0.7049528882611054,0.7049528882611054,0.0,True
pairwise,19,32,xgb,full_free,0,free,original_value_redundancy,0.7055901558781931,0.7055901558781931,0.0,True
pairwise,19,32,xgb,full_free,0,free,one_thread_rerun,0.7055901558781931,0.7055901558781931,0.0,True
pairwise,19,32,xgb,full_op_true,0,op_true,original_value_redundancy,0.700585969041626,0.700585969041626,0.0,True
pairwise,19,32,xgb,full_op_true,0,op_true,one_thread_rerun,0.700585969041626,0.700585969041626,0.0,True
pairwise,19,32,xgb,drop_free,6,free,original_value_redundancy,1.0038431431147934,1.0038431431147934,0.0,True
pairwise,19,32,xgb,drop_free,6,free,one_thread_rerun,1.0038431431147934,1.0038431431147934,0.0,True
pairwise,19,32,xgb,drop_op_true,6,op_true,original_value_redundancy,0.7223626508559001,0.7223626508559001,0.0,True
pairwise,19,32,xgb,drop_op_true,6,op_true,one_thread_rerun,0.7223626508559001,0.7223626508559001,0.0,True
pairwise,19,32,xgb,drop_op_true_signed,6,sig_true,original_value_redundancy,0.7095671805288662,0.7095671805288662,0.0,True
pairwise,19,32,xgb,drop_op_true_signed,6,sig_true,one_thread_rerun,0.7095671805288662,0.7095671805288662,0.0,True
pairwise,19,512,histgb,full_free,0,free,original_value_redundancy,0.6920083669683826,0.6920083669683826,0.0,True
pairwise,19,512,histgb,full_free,0,free,one_thread_rerun,0.6920083669683826,0.6920083669683826,0.0,True
pairwise,19,512,histgb,full_op_true,0,op_true,original_value_redundancy,0.6955551080185821,0.6955551080185821,0.0,True
pairwise,19,512,histgb,full_op_true,0,op_true,one_thread_rerun,0.6955551080185821,0.6955551080185821,0.0,True
pairwise,19,512,histgb,drop_free,6,free,original_value_redundancy,0.9767872015408142,0.9767872015408142,0.0,True
pairwise,19,512,histgb,drop_free,6,free,one_thread_rerun,0.9767872015408142,0.9767872015408142,0.0,True
pairwise,19,512,histgb,drop_op_true,6,op_true,original_value_redundancy,0.7138410008757616,0.7138410008757616,0.0,True
pairwise,19,512,histgb,drop_op_true,6,op_true,one_thread_rerun,0.7138410008757616,0.7138410008757616,0.0,True
pairwise,19,512,histgb,drop_op_true_signed,6,sig_true,original_value_redundancy,0.699218810516931,0.699218810516931,0.0,True
pairwise,19,512,histgb,drop_op_true_signed,6,sig_true,one_thread_rerun,0.699218810516931,0.699218810516931,0.0,True
pairwise,19,512,xgb,full_free,0,free,original_value_redundancy,0.686524641172172,0.686524641172172,0.0,True
pairwise,19,512,xgb,full_free,0,free,one_thread_rerun,0.686524641172172,0.686524641172172,0.0,True
pairwise,19,512,xgb,full_op_true,0,op_true,original_value_redundancy,0.6932970000011648,0.6932970000011648,0.0,True
pairwise,19,512,xgb,full_op_true,0,op_true,one_thread_rerun,0.6932970000011648,0.6932970000011648,0.0,True
pairwise,19,512,xgb,drop_free,6,free,original_value_redundancy,0.9791131949290287,0.9791131949290287,0.0,True
pairwise,19,512,xgb,drop_free,6,free,one_thread_rerun,0.9791131949290287,0.9791131949290287,0.0,True
pairwise,19,512,xgb,drop_op_true,6,op_true,original_value_redundancy,0.7104613556031749,0.7104613556031749,0.0,True
pairwise,19,512,xgb,drop_op_true,6,op_true,one_thread_rerun,0.7104613556031749,0.7104613556031749,0.0,True
pairwise,19,512,xgb,drop_op_true_signed,6,sig_true,original_value_redundancy,0.7040327067786977,0.7040327067786977,0.0,True
pairwise,19,512,xgb,drop_op_true_signed,6,sig_true,one_thread_rerun,0.7040327067786977,0.7040327067786977,0.0,True
sparse,0,32,histgb,full_free,0,free,original_value_redundancy,0.7140968028467788,0.7140968028467788,0.0,True
sparse,0,32,histgb,full_free,0,free,one_thread_rerun,0.7140968028467788,0.7140968028467788,0.0,True
sparse,0,32,histgb,full_op_true,0,op_true,original_value_redundancy,0.7277658595978986,0.7277658595978986,0.0,True
sparse,0,32,histgb,full_op_true,0,op_true,one_thread_rerun,0.7277658595978986,0.7277658595978986,0.0,True
sparse,0,32,histgb,drop_free,3,free,original_value_redundancy,0.9463607704574718,0.9463607704574718,0.0,True
sparse,0,32,histgb,drop_free,3,free,one_thread_rerun,0.9463607704574718,0.9463607704574718,0.0,True
sparse,0,32,histgb,drop_op_true,3,op_true,original_value_redundancy,0.8014310173447499,0.8014310173447499,0.0,True
sparse,0,32,histgb,drop_op_true,3,op_true,one_thread_rerun,0.8014310173447499,0.8014310173447499,0.0,True
sparse,0,32,histgb,drop_op_true_signed,3,sig_true,original_value_redundancy,0.7762617006485312,0.7762617006485312,0.0,True
sparse,0,32,histgb,drop_op_true_signed,3,sig_true,one_thread_rerun,0.7762617006485312,0.7762617006485312,0.0,True
sparse,0,32,xgb,full_free,0,free,original_value_redundancy,0.7169841566861302,0.7169841566861302,0.0,True
sparse,0,32,xgb,full_free,0,free,one_thread_rerun,0.7169841566861302,0.7169841566861302,0.0,True
sparse,0,32,xgb,full_op_true,0,op_true,original_value_redundancy,0.7305433457080803,0.7305433457080803,0.0,True
sparse,0,32,xgb,full_op_true,0,op_true,one_thread_rerun,0.7305433457080803,0.7305433457080803,0.0,True
sparse,0,32,xgb,drop_free,3,free,original_value_redundancy,0.9459091510866084,0.9459091510866084,0.0,True
sparse,0,32,xgb,drop_free,3,free,one_thread_rerun,0.9459091510866084,0.9459091510866084,0.0,True
sparse,0,32,xgb,drop_op_true,3,op_true,original_value_redundancy,0.8038338683324817,0.8038338683324817,0.0,True
sparse,0,32,xgb,drop_op_true,3,op_true,one_thread_rerun,0.8038338683324817,0.8038338683324817,0.0,True
sparse,0,32,xgb,drop_op_true_signed,3,sig_true,original_value_redundancy,0.7851743226482018,0.7851743226482018,0.0,True
sparse,0,32,xgb,drop_op_true_signed,3,sig_true,one_thread_rerun,0.7851743226482018,0.7851743226482018,0.0,True
sparse,0,512,histgb,full_free,0,free,original_value_redundancy,0.7091235147445529,0.7091235147445529,0.0,True
sparse,0,512,histgb,full_free,0,free,one_thread_rerun,0.7091235147445529,0.7091235147445529,0.0,True
sparse,0,512,histgb,full_op_true,0,op_true,original_value_redundancy,0.7201643278750236,0.7201643278750236,0.0,True
sparse,0,512,histgb,full_op_true,0,op_true,one_thread_rerun,0.7201643278750236,0.7201643278750236,0.0,True
sparse,0,512,histgb,drop_free,3,free,original_value_redundancy,0.9310094668661208,0.9310094668661208,0.0,True
sparse,0,512,histgb,drop_free,3,free,one_thread_rerun,0.9310094668661208,0.9310094668661208,0.0,True
sparse,0,512,histgb,drop_op_true,3,op_true,original_value_redundancy,0.7761389126092694,0.7761389126092694,0.0,True
sparse,0,512,histgb,drop_op_true,3,op_true,one_thread_rerun,0.7761389126092694,0.7761389126092694,0.0,True
sparse,0,512,histgb,drop_op_true_signed,3,sig_true,original_value_redundancy,0.7620863724418514,0.7620863724418514,0.0,True
sparse,0,512,histgb,drop_op_true_signed,3,sig_true,one_thread_rerun,0.7620863724418514,0.7620863724418514,0.0,True
sparse,0,512,xgb,full_free,0,free,original_value_redundancy,0.7095037072043915,0.7095037072043915,0.0,True
sparse,0,512,xgb,full_free,0,free,one_thread_rerun,0.7095037072043915,0.7095037072043915,0.0,True
sparse,0,512,xgb,full_op_true,0,op_true,original_value_redundancy,0.71798730666514,0.71798730666514,0.0,True
sparse,0,512,xgb,full_op_true,0,op_true,one_thread_rerun,0.71798730666514,0.71798730666514,0.0,True
sparse,0,512,xgb,drop_free,3,free,original_value_redundancy,0.9276928430470579,0.9276928430470579,0.0,True
sparse,0,512,xgb,drop_free,3,free,one_thread_rerun,0.9276928430470579,0.9276928430470579,0.0,True
sparse,0,512,xgb,drop_op_true,3,op_true,original_value_redundancy,0.7850179935046384,0.7850179935046384,0.0,True
sparse,0,512,xgb,drop_op_true,3,op_true,one_thread_rerun,0.7850179935046384,0.7850179935046384,0.0,True
sparse,0,512,xgb,drop_op_true_signed,3,sig_true,original_value_redundancy,0.7586069990515828,0.7586069990515828,0.0,True
sparse,0,512,xgb,drop_op_true_signed,3,sig_true,one_thread_rerun,0.7586069990515828,0.7586069990515828,0.0,True
sparse,1,32,histgb,full_free,0,free,original_value_redundancy,0.7270034731154572,0.7270034731154572,0.0,True
sparse,1,32,histgb,full_free,0,free,one_thread_rerun,0.7270034731154572,0.7270034731154572,0.0,True
sparse,1,32,histgb,full_op_true,0,op_true,original_value_redundancy,0.7389440567543201,0.7389440567543201,0.0,True
sparse,1,32,histgb,full_op_true,0,op_true,one_thread_rerun,0.7389440567543201,0.7389440567543201,0.0,True
sparse,1,32,histgb,drop_free,4,free,original_value_redundancy,0.9894047610248417,0.9894047610248417,0.0,True
sparse,1,32,histgb,drop_free,4,free,one_thread_rerun,0.9894047610248417,0.9894047610248417,0.0,True
sparse,1,32,histgb,drop_op_true,4,op_true,original_value_redundancy,0.7982090627937674,0.7982090627937674,0.0,True
sparse,1,32,histgb,drop_op_true,4,op_true,one_thread_rerun,0.7982090627937674,0.7982090627937674,0.0,True
sparse,1,32,histgb,drop_op_true_signed,4,sig_true,original_value_redundancy,0.7869362777359649,0.7869362777359649,0.0,True
sparse,1,32,histgb,drop_op_true_signed,4,sig_true,one_thread_rerun,0.7869362777359649,0.7869362777359649,0.0,True
sparse,1,32,xgb,full_free,0,free,original_value_redundancy,0.7360298272387836,0.7360298272387836,0.0,True
sparse,1,32,xgb,full_free,0,free,one_thread_rerun,0.7360298272387836,0.7360298272387836,0.0,True
sparse,1,32,xgb,full_op_true,0,op_true,original_value_redundancy,0.7394613943456882,0.7394613943456882,0.0,True
sparse,1,32,xgb,full_op_true,0,op_true,one_thread_rerun,0.7394613943456882,0.7394613943456882,0.0,True
sparse,1,32,xgb,drop_free,4,free,original_value_redundancy,0.9854601833090484,0.9854601833090484,0.0,True
sparse,1,32,xgb,drop_free,4,free,one_thread_rerun,0.9854601833090484,0.9854601833090484,0.0,True
sparse,1,32,xgb,drop_op_true,4,op_true,original_value_redundancy,0.7987280083503601,0.7987280083503601,0.0,True
sparse,1,32,xgb,drop_op_true,4,op_true,one_thread_rerun,0.7987280083503601,0.7987280083503601,0.0,True
sparse,1,32,xgb,drop_op_true_signed,4,sig_true,original_value_redundancy,0.7868145754622315,0.7868145754622315,0.0,True
sparse,1,32,xgb,drop_op_true_signed,4,sig_true,one_thread_rerun,0.7868145754622315,0.7868145754622315,0.0,True
sparse,1,512,histgb,full_free,0,free,original_value_redundancy,0.6990418280840544,0.6990418280840544,0.0,True
sparse,1,512,histgb,full_free,0,free,one_thread_rerun,0.6990418280840544,0.6990418280840544,0.0,True
sparse,1,512,histgb,full_op_true,0,op_true,original_value_redundancy,0.7098289485415474,0.7098289485415474,0.0,True
sparse,1,512,histgb,full_op_true,0,op_true,one_thread_rerun,0.7098289485415474,0.7098289485415474,0.0,True
sparse,1,512,histgb,drop_free,4,free,original_value_redundancy,0.9669571433515729,0.9669571433515729,0.0,True
sparse,1,512,histgb,drop_free,4,free,one_thread_rerun,0.9669571433515729,0.9669571433515729,0.0,True
sparse,1,512,histgb,drop_op_true,4,op_true,original_value_redundancy,0.7711752532473316,0.7711752532473316,0.0,True
sparse,1,512,histgb,drop_op_true,4,op_true,one_thread_rerun,0.7711752532473316,0.7711752532473316,0.0,True
sparse,1,512,histgb,drop_op_true_signed,4,sig_true,original_value_redundancy,0.7608592061137236,0.7608592061137236,0.0,True
sparse,1,512,histgb,drop_op_true_signed,4,sig_true,one_thread_rerun,0.7608592061137236,0.7608592061137236,0.0,True
sparse,1,512,xgb,full_free,0,free,original_value_redundancy,0.7130915541214372,0.7130915541214372,0.0,True
sparse,1,512,xgb,full_free,0,free,one_thread_rerun,0.7130915541214372,0.7130915541214372,0.0,True
sparse,1,512,xgb,full_op_true,0,op_true,original_value_redundancy,0.7199629301316605,0.7199629301316605,0.0,True
sparse,1,512,xgb,full_op_true,0,op_true,one_thread_rerun,0.7199629301316605,0.7199629301316605,0.0,True
sparse,1,512,xgb,drop_free,4,free,original_value_redundancy,0.9725748820969347,0.9725748820969347,0.0,True
sparse,1,512,xgb,drop_free,4,free,one_thread_rerun,0.9725748820969347,0.9725748820969347,0.0,True
sparse,1,512,xgb,drop_op_true,4,op_true,original_value_redundancy,0.7742954632065303,0.7742954632065303,0.0,True
sparse,1,512,xgb,drop_op_true,4,op_true,one_thread_rerun,0.7742954632065303,0.7742954632065303,0.0,True
sparse,1,512,xgb,drop_op_true_signed,4,sig_true,original_value_redundancy,0.7641270240850899,0.7641270240850899,0.0,True
sparse,1,512,xgb,drop_op_true_signed,4,sig_true,one_thread_rerun,0.7641270240850899,0.7641270240850899,0.0,True
sparse,2,32,histgb,full_free,0,free,original_value_redundancy,0.7469804693425212,0.7466362755448743,0.0003441937976468301,False
sparse,2,32,histgb,full_free,0,free,one_thread_rerun,0.7469804693425212,0.7469804693425212,0.0,True
sparse,2,32,histgb,full_op_true,0,op_true,original_value_redundancy,0.7498451844048488,0.7454560095610974,0.004389174843751453,False
sparse,2,32,histgb,full_op_true,0,op_true,one_thread_rerun,0.7498451844048488,0.7498451844048488,0.0,True
sparse,2,32,histgb,drop_free,3,free,original_value_redundancy,1.0262167385499623,1.024525245799901,0.0016914927500613075,False
sparse,2,32,histgb,drop_free,3,free,one_thread_rerun,1.0262167385499623,1.0262167385499623,0.0,True
sparse,2,32,histgb,drop_op_true,3,op_true,original_value_redundancy,0.7942022220942875,0.7926483920873804,0.0015538300069071198,False
sparse,2,32,histgb,drop_op_true,3,op_true,one_thread_rerun,0.7942022220942875,0.7942022220942875,0.0,True
sparse,2,32,histgb,drop_op_true_signed,3,sig_true,original_value_redundancy,0.7919271234194525,0.7861415526238256,0.005785570795626915,False
sparse,2,32,histgb,drop_op_true_signed,3,sig_true,one_thread_rerun,0.7919271234194525,0.7919271234194525,0.0,True
sparse,2,32,xgb,full_free,0,free,original_value_redundancy,0.7397206582687552,0.7397206582687552,0.0,True
sparse,2,32,xgb,full_free,0,free,one_thread_rerun,0.7397206582687552,0.7397206582687552,0.0,True
sparse,2,32,xgb,full_op_true,0,op_true,original_value_redundancy,0.7476948651527769,0.7476948651527769,0.0,True
sparse,2,32,xgb,full_op_true,0,op_true,one_thread_rerun,0.7476948651527769,0.7476948651527769,0.0,True
sparse,2,32,xgb,drop_free,3,free,original_value_redundancy,1.0244410586019281,1.0244410586019281,0.0,True
sparse,2,32,xgb,drop_free,3,free,one_thread_rerun,1.0244410586019281,1.0244410586019281,0.0,True
sparse,2,32,xgb,drop_op_true,3,op_true,original_value_redundancy,0.7958592207763109,0.7958592207763109,0.0,True
sparse,2,32,xgb,drop_op_true,3,op_true,one_thread_rerun,0.7958592207763109,0.7958592207763109,0.0,True
sparse,2,32,xgb,drop_op_true_signed,3,sig_true,original_value_redundancy,0.7846024089408619,0.7846024089408619,0.0,True
sparse,2,32,xgb,drop_op_true_signed,3,sig_true,one_thread_rerun,0.7846024089408619,0.7846024089408619,0.0,True
sparse,2,512,histgb,full_free,0,free,original_value_redundancy,0.7261783315422997,0.7229008114465783,0.0032775200957214645,False
sparse,2,512,histgb,full_free,0,free,one_thread_rerun,0.7261783315422997,0.7261783315422997,0.0,True
sparse,2,512,histgb,full_op_true,0,op_true,original_value_redundancy,0.7324394015296783,0.7330357110093514,-0.0005963094796730406,False
sparse,2,512,histgb,full_op_true,0,op_true,one_thread_rerun,0.7324394015296783,0.7324394015296783,0.0,True
sparse,2,512,histgb,drop_free,3,free,original_value_redundancy,1.025670347857832,1.0200436102339663,0.005626737623865674,False
sparse,2,512,histgb,drop_free,3,free,one_thread_rerun,1.025670347857832,1.025670347857832,0.0,True
sparse,2,512,histgb,drop_op_true,3,op_true,original_value_redundancy,0.8000735027464958,0.7958077817423337,0.004265721004162115,False
sparse,2,512,histgb,drop_op_true,3,op_true,one_thread_rerun,0.8000735027464958,0.8000735027464958,0.0,True
sparse,2,512,histgb,drop_op_true_signed,3,sig_true,original_value_redundancy,0.7787963504893923,0.7782517168247288,0.0005446336646635075,False
sparse,2,512,histgb,drop_op_true_signed,3,sig_true,one_thread_rerun,0.7787963504893923,0.7787963504893923,0.0,True
sparse,2,512,xgb,full_free,0,free,original_value_redundancy,0.7296839633281524,0.7296839633281524,0.0,True
sparse,2,512,xgb,full_free,0,free,one_thread_rerun,0.7296839633281524,0.7296839633281524,0.0,True
sparse,2,512,xgb,full_op_true,0,op_true,original_value_redundancy,0.7362421231418359,0.7362421231418359,0.0,True
sparse,2,512,xgb,full_op_true,0,op_true,one_thread_rerun,0.7362421231418359,0.7362421231418359,0.0,True
sparse,2,512,xgb,drop_free,3,free,original_value_redundancy,1.01689829380926,1.01689829380926,0.0,True
sparse,2,512,xgb,drop_free,3,free,one_thread_rerun,1.01689829380926,1.01689829380926,0.0,True
sparse,2,512,xgb,drop_op_true,3,op_true,original_value_redundancy,0.7872634642994558,0.7872634642994558,0.0,True
sparse,2,512,xgb,drop_op_true,3,op_true,one_thread_rerun,0.7872634642994558,0.7872634642994558,0.0,True
sparse,2,512,xgb,drop_op_true_signed,3,sig_true,original_value_redundancy,0.7827569254420189,0.7827569254420189,0.0,True
sparse,2,512,xgb,drop_op_true_signed,3,sig_true,one_thread_rerun,0.7827569254420189,0.7827569254420189,0.0,True
sparse,3,32,histgb,full_free,0,free,original_value_redundancy,0.7548806190663646,0.7548806190663646,0.0,True
sparse,3,32,histgb,full_free,0,free,one_thread_rerun,0.7548806190663646,0.7548806190663646,0.0,True
sparse,3,32,histgb,full_op_true,0,op_true,original_value_redundancy,0.7567712291565079,0.7567712291565079,0.0,True
sparse,3,32,histgb,full_op_true,0,op_true,one_thread_rerun,0.7567712291565079,0.7567712291565079,0.0,True
sparse,3,32,histgb,drop_free,4,free,original_value_redundancy,1.0516991220243743,1.0516991220243743,0.0,True
sparse,3,32,histgb,drop_free,4,free,one_thread_rerun,1.0516991220243743,1.0516991220243743,0.0,True
sparse,3,32,histgb,drop_op_true,4,op_true,original_value_redundancy,0.7695524908861864,0.7695524908861864,0.0,True
sparse,3,32,histgb,drop_op_true,4,op_true,one_thread_rerun,0.7695524908861864,0.7695524908861864,0.0,True
sparse,3,32,histgb,drop_op_true_signed,4,sig_true,original_value_redundancy,0.7673686084349312,0.7673686084349312,0.0,True
sparse,3,32,histgb,drop_op_true_signed,4,sig_true,one_thread_rerun,0.7673686084349312,0.7673686084349312,0.0,True
sparse,3,32,xgb,full_free,0,free,original_value_redundancy,0.7557596542921383,0.7557596542921383,0.0,True
sparse,3,32,xgb,full_free,0,free,one_thread_rerun,0.7557596542921383,0.7557596542921383,0.0,True
sparse,3,32,xgb,full_op_true,0,op_true,original_value_redundancy,0.7554149517414258,0.7554149517414258,0.0,True
sparse,3,32,xgb,full_op_true,0,op_true,one_thread_rerun,0.7554149517414258,0.7554149517414258,0.0,True
sparse,3,32,xgb,drop_free,4,free,original_value_redundancy,1.0546134503959042,1.0546134503959042,0.0,True
sparse,3,32,xgb,drop_free,4,free,one_thread_rerun,1.0546134503959042,1.0546134503959042,0.0,True
sparse,3,32,xgb,drop_op_true,4,op_true,original_value_redundancy,0.7726257698272325,0.7726257698272325,0.0,True
sparse,3,32,xgb,drop_op_true,4,op_true,one_thread_rerun,0.7726257698272325,0.7726257698272325,0.0,True
sparse,3,32,xgb,drop_op_true_signed,4,sig_true,original_value_redundancy,0.7549025146434977,0.7549025146434977,0.0,True
sparse,3,32,xgb,drop_op_true_signed,4,sig_true,one_thread_rerun,0.7549025146434977,0.7549025146434977,0.0,True
sparse,3,512,histgb,full_free,0,free,original_value_redundancy,0.7470280794735055,0.751544657258724,-0.004516577785218523,False
sparse,3,512,histgb,full_free,0,free,one_thread_rerun,0.7470280794735055,0.7470280794735055,0.0,True
sparse,3,512,histgb,full_op_true,0,op_true,original_value_redundancy,0.7410712970076737,0.7377052254243202,0.003366071583353558,False
sparse,3,512,histgb,full_op_true,0,op_true,one_thread_rerun,0.7410712970076737,0.7410712970076737,0.0,True
sparse,3,512,histgb,drop_free,4,free,original_value_redundancy,1.0556323241054266,1.0592406745632905,-0.003608350457863896,False
sparse,3,512,histgb,drop_free,4,free,one_thread_rerun,1.0556323241054266,1.0556323241054266,0.0,True
sparse,3,512,histgb,drop_op_true,4,op_true,original_value_redundancy,0.7648121019402885,0.7625954294134791,0.002216672526809349,False
sparse,3,512,histgb,drop_op_true,4,op_true,one_thread_rerun,0.7648121019402885,0.7648121019402885,0.0,True
sparse,3,512,histgb,drop_op_true_signed,4,sig_true,original_value_redundancy,0.7551095202088657,0.7563629805064962,-0.0012534602976305154,False
sparse,3,512,histgb,drop_op_true_signed,4,sig_true,one_thread_rerun,0.7551095202088657,0.7551095202088657,0.0,True
sparse,3,512,xgb,full_free,0,free,original_value_redundancy,0.7516295264637455,0.7516295264637455,0.0,True
sparse,3,512,xgb,full_free,0,free,one_thread_rerun,0.7516295264637455,0.7516295264637455,0.0,True
sparse,3,512,xgb,full_op_true,0,op_true,original_value_redundancy,0.7393725150061164,0.7393725150061164,0.0,True
sparse,3,512,xgb,full_op_true,0,op_true,one_thread_rerun,0.7393725150061164,0.7393725150061164,0.0,True
sparse,3,512,xgb,drop_free,4,free,original_value_redundancy,1.054166489106397,1.054166489106397,0.0,True
sparse,3,512,xgb,drop_free,4,free,one_thread_rerun,1.054166489106397,1.054166489106397,0.0,True
sparse,3,512,xgb,drop_op_true,4,op_true,original_value_redundancy,0.7697777196660646,0.7697777196660646,0.0,True
sparse,3,512,xgb,drop_op_true,4,op_true,one_thread_rerun,0.7697777196660646,0.7697777196660646,0.0,True
sparse,3,512,xgb,drop_op_true_signed,4,sig_true,original_value_redundancy,0.7573608740284634,0.7573608740284634,0.0,True
sparse,3,512,xgb,drop_op_true_signed,4,sig_true,one_thread_rerun,0.7573608740284634,0.7573608740284634,0.0,True
sparse,4,32,histgb,full_free,0,free,original_value_redundancy,0.7488481616872643,0.7488481616872643,0.0,True
sparse,4,32,histgb,full_free,0,free,one_thread_rerun,0.7488481616872643,0.7488481616872643,0.0,True
sparse,4,32,histgb,full_op_true,0,op_true,original_value_redundancy,0.7420080746350528,0.7420080746350528,0.0,True
sparse,4,32,histgb,full_op_true,0,op_true,one_thread_rerun,0.7420080746350528,0.7420080746350528,0.0,True
sparse,4,32,histgb,drop_free,4,free,original_value_redundancy,1.028817489050646,1.028817489050646,0.0,True
sparse,4,32,histgb,drop_free,4,free,one_thread_rerun,1.028817489050646,1.028817489050646,0.0,True
sparse,4,32,histgb,drop_op_true,4,op_true,original_value_redundancy,0.755921820966605,0.755921820966605,0.0,True
sparse,4,32,histgb,drop_op_true,4,op_true,one_thread_rerun,0.755921820966605,0.755921820966605,0.0,True
sparse,4,32,histgb,drop_op_true_signed,4,sig_true,original_value_redundancy,0.7393854622505336,0.7393854622505336,0.0,True
sparse,4,32,histgb,drop_op_true_signed,4,sig_true,one_thread_rerun,0.7393854622505336,0.7393854622505336,0.0,True
sparse,4,32,xgb,full_free,0,free,original_value_redundancy,0.7490985355101304,0.7490985355101304,0.0,True
sparse,4,32,xgb,full_free,0,free,one_thread_rerun,0.7490985355101304,0.7490985355101304,0.0,True
sparse,4,32,xgb,full_op_true,0,op_true,original_value_redundancy,0.7412499099583343,0.7412499099583343,0.0,True
sparse,4,32,xgb,full_op_true,0,op_true,one_thread_rerun,0.7412499099583343,0.7412499099583343,0.0,True
sparse,4,32,xgb,drop_free,4,free,original_value_redundancy,1.0235495277860873,1.0235495277860873,0.0,True
sparse,4,32,xgb,drop_free,4,free,one_thread_rerun,1.0235495277860873,1.0235495277860873,0.0,True
sparse,4,32,xgb,drop_op_true,4,op_true,original_value_redundancy,0.750549004843535,0.750549004843535,0.0,True
sparse,4,32,xgb,drop_op_true,4,op_true,one_thread_rerun,0.750549004843535,0.750549004843535,0.0,True
sparse,4,32,xgb,drop_op_true_signed,4,sig_true,original_value_redundancy,0.7380381552079761,0.7380381552079761,0.0,True
sparse,4,32,xgb,drop_op_true_signed,4,sig_true,one_thread_rerun,0.7380381552079761,0.7380381552079761,0.0,True
sparse,4,512,histgb,full_free,0,free,original_value_redundancy,0.7388025754398843,0.7388025754398843,0.0,True
sparse,4,512,histgb,full_free,0,free,one_thread_rerun,0.7388025754398843,0.7388025754398843,0.0,True
sparse,4,512,histgb,full_op_true,0,op_true,original_value_redundancy,0.7245908922887246,0.7245908922887246,0.0,True
sparse,4,512,histgb,full_op_true,0,op_true,one_thread_rerun,0.7245908922887246,0.7245908922887246,0.0,True
sparse,4,512,histgb,drop_free,4,free,original_value_redundancy,0.9973523260562432,0.9973523260562432,0.0,True
sparse,4,512,histgb,drop_free,4,free,one_thread_rerun,0.9973523260562432,0.9973523260562432,0.0,True
sparse,4,512,histgb,drop_op_true,4,op_true,original_value_redundancy,0.7476589757719014,0.7476589757719014,0.0,True
sparse,4,512,histgb,drop_op_true,4,op_true,one_thread_rerun,0.7476589757719014,0.7476589757719014,0.0,True
sparse,4,512,histgb,drop_op_true_signed,4,sig_true,original_value_redundancy,0.7338093925647123,0.7338093925647123,0.0,True
sparse,4,512,histgb,drop_op_true_signed,4,sig_true,one_thread_rerun,0.7338093925647123,0.7338093925647123,0.0,True
sparse,4,512,xgb,full_free,0,free,original_value_redundancy,0.7436100638813893,0.7436100638813893,0.0,True
sparse,4,512,xgb,full_free,0,free,one_thread_rerun,0.7436100638813893,0.7436100638813893,0.0,True
sparse,4,512,xgb,full_op_true,0,op_true,original_value_redundancy,0.7300296952090461,0.7300296952090461,0.0,True
sparse,4,512,xgb,full_op_true,0,op_true,one_thread_rerun,0.7300296952090461,0.7300296952090461,0.0,True
sparse,4,512,xgb,drop_free,4,free,original_value_redundancy,1.0030042280840916,1.0030042280840916,0.0,True
sparse,4,512,xgb,drop_free,4,free,one_thread_rerun,1.0030042280840916,1.0030042280840916,0.0,True
sparse,4,512,xgb,drop_op_true,4,op_true,original_value_redundancy,0.7412692764800742,0.7412692764800742,0.0,True
sparse,4,512,xgb,drop_op_true,4,op_true,one_thread_rerun,0.7412692764800742,0.7412692764800742,0.0,True
sparse,4,512,xgb,drop_op_true_signed,4,sig_true,original_value_redundancy,0.7358011151386187,0.7358011151386187,0.0,True
sparse,4,512,xgb,drop_op_true_signed,4,sig_true,one_thread_rerun,0.7358011151386187,0.7358011151386187,0.0,True
sparse,5,32,histgb,full_free,0,free,original_value_redundancy,0.6969765794239013,0.6969765794239013,0.0,True
sparse,5,32,histgb,full_free,0,free,one_thread_rerun,0.6969765794239013,0.6969765794239013,0.0,True
sparse,5,32,histgb,full_op_true,0,op_true,original_value_redundancy,0.6981344541187658,0.6981344541187658,0.0,True
sparse,5,32,histgb,full_op_true,0,op_true,one_thread_rerun,0.6981344541187658,0.6981344541187658,0.0,True
sparse,5,32,histgb,drop_free,3,free,original_value_redundancy,1.0145775140155475,1.0145775140155475,0.0,True
sparse,5,32,histgb,drop_free,3,free,one_thread_rerun,1.0145775140155475,1.0145775140155475,0.0,True
sparse,5,32,histgb,drop_op_true,3,op_true,original_value_redundancy,0.7141268893851332,0.7141268893851332,0.0,True
sparse,5,32,histgb,drop_op_true,3,op_true,one_thread_rerun,0.7141268893851332,0.7141268893851332,0.0,True
sparse,5,32,histgb,drop_op_true_signed,3,sig_true,original_value_redundancy,0.7097126249044348,0.7097126249044348,0.0,True
sparse,5,32,histgb,drop_op_true_signed,3,sig_true,one_thread_rerun,0.7097126249044348,0.7097126249044348,0.0,True
sparse,5,32,xgb,full_free,0,free,original_value_redundancy,0.692106257643213,0.692106257643213,0.0,True
sparse,5,32,xgb,full_free,0,free,one_thread_rerun,0.692106257643213,0.692106257643213,0.0,True
sparse,5,32,xgb,full_op_true,0,op_true,original_value_redundancy,0.695033925621443,0.695033925621443,0.0,True
sparse,5,32,xgb,full_op_true,0,op_true,one_thread_rerun,0.695033925621443,0.695033925621443,0.0,True
sparse,5,32,xgb,drop_free,3,free,original_value_redundancy,1.0154533101868113,1.0154533101868113,0.0,True
sparse,5,32,xgb,drop_free,3,free,one_thread_rerun,1.0154533101868113,1.0154533101868113,0.0,True
sparse,5,32,xgb,drop_op_true,3,op_true,original_value_redundancy,0.7183412970919489,0.7183412970919489,0.0,True
sparse,5,32,xgb,drop_op_true,3,op_true,one_thread_rerun,0.7183412970919489,0.7183412970919489,0.0,True
sparse,5,32,xgb,drop_op_true_signed,3,sig_true,original_value_redundancy,0.7031021234980646,0.7031021234980646,0.0,True
sparse,5,32,xgb,drop_op_true_signed,3,sig_true,one_thread_rerun,0.7031021234980646,0.7031021234980646,0.0,True
sparse,5,512,histgb,full_free,0,free,original_value_redundancy,0.7008725162885753,0.7008725162885753,0.0,True
sparse,5,512,histgb,full_free,0,free,one_thread_rerun,0.7008725162885753,0.7008725162885753,0.0,True
sparse,5,512,histgb,full_op_true,0,op_true,original_value_redundancy,0.697707107689503,0.697707107689503,0.0,True
sparse,5,512,histgb,full_op_true,0,op_true,one_thread_rerun,0.697707107689503,0.697707107689503,0.0,True
sparse,5,512,histgb,drop_free,3,free,original_value_redundancy,1.0181862385462142,1.0181862385462142,0.0,True
sparse,5,512,histgb,drop_free,3,free,one_thread_rerun,1.0181862385462142,1.0181862385462142,0.0,True
sparse,5,512,histgb,drop_op_true,3,op_true,original_value_redundancy,0.721468768671409,0.721468768671409,0.0,True
sparse,5,512,histgb,drop_op_true,3,op_true,one_thread_rerun,0.721468768671409,0.721468768671409,0.0,True
sparse,5,512,histgb,drop_op_true_signed,3,sig_true,original_value_redundancy,0.7132202853945335,0.7132202853945335,0.0,True
sparse,5,512,histgb,drop_op_true_signed,3,sig_true,one_thread_rerun,0.7132202853945335,0.7132202853945335,0.0,True
sparse,5,512,xgb,full_free,0,free,original_value_redundancy,0.6994053197969509,0.6994053197969509,0.0,True
sparse,5,512,xgb,full_free,0,free,one_thread_rerun,0.6994053197969509,0.6994053197969509,0.0,True
sparse,5,512,xgb,full_op_true,0,op_true,original_value_redundancy,0.6972988697543758,0.6972988697543758,0.0,True
sparse,5,512,xgb,full_op_true,0,op_true,one_thread_rerun,0.6972988697543758,0.6972988697543758,0.0,True
sparse,5,512,xgb,drop_free,3,free,original_value_redundancy,1.0121271486628813,1.0121271486628813,0.0,True
sparse,5,512,xgb,drop_free,3,free,one_thread_rerun,1.0121271486628813,1.0121271486628813,0.0,True
sparse,5,512,xgb,drop_op_true,3,op_true,original_value_redundancy,0.7202276356934921,0.7202276356934921,0.0,True
sparse,5,512,xgb,drop_op_true,3,op_true,one_thread_rerun,0.7202276356934921,0.7202276356934921,0.0,True
sparse,5,512,xgb,drop_op_true_signed,3,sig_true,original_value_redundancy,0.711041802991636,0.711041802991636,0.0,True
sparse,5,512,xgb,drop_op_true_signed,3,sig_true,one_thread_rerun,0.711041802991636,0.711041802991636,0.0,True
sparse,6,32,histgb,full_free,0,free,original_value_redundancy,0.6827095249396345,0.681984520833508,0.0007250041061265255,False
sparse,6,32,histgb,full_free,0,free,one_thread_rerun,0.6827095249396345,0.6827095249396345,0.0,True
sparse,6,32,histgb,full_op_true,0,op_true,original_value_redundancy,0.6770511203362659,0.6771282967171742,-7.717638090831702e-05,False
sparse,6,32,histgb,full_op_true,0,op_true,one_thread_rerun,0.6770511203362659,0.6770511203362659,0.0,True
sparse,6,32,histgb,drop_free,3,free,original_value_redundancy,0.8918529410590417,0.8938246925730284,-0.0019717515139867636,False
sparse,6,32,histgb,drop_free,3,free,one_thread_rerun,0.8918529410590417,0.8918529410590417,0.0,True
sparse,6,32,histgb,drop_op_true,3,op_true,original_value_redundancy,0.6875887285432264,0.6891489533627622,-0.0015602248195357715,False
sparse,6,32,histgb,drop_op_true,3,op_true,one_thread_rerun,0.6875887285432264,0.6875887285432264,0.0,True
sparse,6,32,histgb,drop_op_true_signed,3,sig_true,original_value_redundancy,0.6847208290903686,0.6853126463861987,-0.0005918172958301327,False
sparse,6,32,histgb,drop_op_true_signed,3,sig_true,one_thread_rerun,0.6847208290903686,0.6847208290903686,0.0,True
sparse,6,32,xgb,full_free,0,free,original_value_redundancy,0.6825542930565285,0.6825542930565285,0.0,True
sparse,6,32,xgb,full_free,0,free,one_thread_rerun,0.6825542930565285,0.6825542930565285,0.0,True
sparse,6,32,xgb,full_op_true,0,op_true,original_value_redundancy,0.6757575326810996,0.6757575326810996,0.0,True
sparse,6,32,xgb,full_op_true,0,op_true,one_thread_rerun,0.6757575326810996,0.6757575326810996,0.0,True
sparse,6,32,xgb,drop_free,3,free,original_value_redundancy,0.895223540733123,0.895223540733123,0.0,True
sparse,6,32,xgb,drop_free,3,free,one_thread_rerun,0.895223540733123,0.895223540733123,0.0,True
sparse,6,32,xgb,drop_op_true,3,op_true,original_value_redundancy,0.6947939005098116,0.6947939005098116,0.0,True
sparse,6,32,xgb,drop_op_true,3,op_true,one_thread_rerun,0.6947939005098116,0.6947939005098116,0.0,True
sparse,6,32,xgb,drop_op_true_signed,3,sig_true,original_value_redundancy,0.686155920642499,0.686155920642499,0.0,True
sparse,6,32,xgb,drop_op_true_signed,3,sig_true,one_thread_rerun,0.686155920642499,0.686155920642499,0.0,True
sparse,6,512,histgb,full_free,0,free,original_value_redundancy,0.687262129176678,0.6859053015229157,0.001356827653762216,False
sparse,6,512,histgb,full_free,0,free,one_thread_rerun,0.687262129176678,0.687262129176678,0.0,True
sparse,6,512,histgb,full_op_true,0,op_true,original_value_redundancy,0.6766725614369342,0.6759584030536114,0.0007141583833227827,False
sparse,6,512,histgb,full_op_true,0,op_true,one_thread_rerun,0.6766725614369342,0.6766725614369342,0.0,True
sparse,6,512,histgb,drop_free,3,free,original_value_redundancy,0.8733280830896558,0.878299695445181,-0.0049716123555252345,False
sparse,6,512,histgb,drop_free,3,free,one_thread_rerun,0.8733280830896558,0.8733280830896558,0.0,True
sparse,6,512,histgb,drop_op_true,3,op_true,original_value_redundancy,0.6951509830253271,0.696743063846719,-0.0015920808213919502,False
sparse,6,512,histgb,drop_op_true,3,op_true,one_thread_rerun,0.6951509830253271,0.6951509830253271,0.0,True
sparse,6,512,histgb,drop_op_true_signed,3,sig_true,original_value_redundancy,0.6860188794663139,0.6863674348912814,-0.00034855542496747827,False
sparse,6,512,histgb,drop_op_true_signed,3,sig_true,one_thread_rerun,0.6860188794663139,0.6860188794663139,0.0,True
sparse,6,512,xgb,full_free,0,free,original_value_redundancy,0.6884999733691397,0.6884999733691397,0.0,True
sparse,6,512,xgb,full_free,0,free,one_thread_rerun,0.6884999733691397,0.6884999733691397,0.0,True
sparse,6,512,xgb,full_op_true,0,op_true,original_value_redundancy,0.6767100510263001,0.6767100510263001,0.0,True
sparse,6,512,xgb,full_op_true,0,op_true,one_thread_rerun,0.6767100510263001,0.6767100510263001,0.0,True
sparse,6,512,xgb,drop_free,3,free,original_value_redundancy,0.8804748434920764,0.8804748434920764,0.0,True
sparse,6,512,xgb,drop_free,3,free,one_thread_rerun,0.8804748434920764,0.8804748434920764,0.0,True
sparse,6,512,xgb,drop_op_true,3,op_true,original_value_redundancy,0.6876098827588538,0.6876098827588538,0.0,True
sparse,6,512,xgb,drop_op_true,3,op_true,one_thread_rerun,0.6876098827588538,0.6876098827588538,0.0,True
sparse,6,512,xgb,drop_op_true_signed,3,sig_true,original_value_redundancy,0.6879912653627547,0.6879912653627547,0.0,True
sparse,6,512,xgb,drop_op_true_signed,3,sig_true,one_thread_rerun,0.6879912653627547,0.6879912653627547,0.0,True
sparse,7,32,histgb,full_free,0,free,original_value_redundancy,0.7211333387361528,0.7211333387361528,0.0,True
sparse,7,32,histgb,full_free,0,free,one_thread_rerun,0.7211333387361528,0.7211333387361528,0.0,True
sparse,7,32,histgb,full_op_true,0,op_true,original_value_redundancy,0.7220958620889129,0.7220958620889129,0.0,True
sparse,7,32,histgb,full_op_true,0,op_true,one_thread_rerun,0.7220958620889129,0.7220958620889129,0.0,True
sparse,7,32,histgb,drop_free,3,free,original_value_redundancy,0.9320789472350123,0.9320789472350123,0.0,True
sparse,7,32,histgb,drop_free,3,free,one_thread_rerun,0.9320789472350123,0.9320789472350123,0.0,True
sparse,7,32,histgb,drop_op_true,3,op_true,original_value_redundancy,0.7490660002867586,0.7490660002867586,0.0,True
sparse,7,32,histgb,drop_op_true,3,op_true,one_thread_rerun,0.7490660002867586,0.7490660002867586,0.0,True
sparse,7,32,histgb,drop_op_true_signed,3,sig_true,original_value_redundancy,0.7562154186043203,0.7562154186043203,0.0,True
sparse,7,32,histgb,drop_op_true_signed,3,sig_true,one_thread_rerun,0.7562154186043203,0.7562154186043203,0.0,True
sparse,7,32,xgb,full_free,0,free,original_value_redundancy,0.7244136073259427,0.7244136073259427,0.0,True
sparse,7,32,xgb,full_free,0,free,one_thread_rerun,0.7244136073259427,0.7244136073259427,0.0,True
sparse,7,32,xgb,full_op_true,0,op_true,original_value_redundancy,0.7259323709217871,0.7259323709217871,0.0,True
sparse,7,32,xgb,full_op_true,0,op_true,one_thread_rerun,0.7259323709217871,0.7259323709217871,0.0,True
sparse,7,32,xgb,drop_free,3,free,original_value_redundancy,0.9261451800499992,0.9261451800499992,0.0,True
sparse,7,32,xgb,drop_free,3,free,one_thread_rerun,0.9261451800499992,0.9261451800499992,0.0,True
sparse,7,32,xgb,drop_op_true,3,op_true,original_value_redundancy,0.745842129328561,0.745842129328561,0.0,True
sparse,7,32,xgb,drop_op_true,3,op_true,one_thread_rerun,0.745842129328561,0.745842129328561,0.0,True
sparse,7,32,xgb,drop_op_true_signed,3,sig_true,original_value_redundancy,0.7537296940864499,0.7537296940864499,0.0,True
sparse,7,32,xgb,drop_op_true_signed,3,sig_true,one_thread_rerun,0.7537296940864499,0.7537296940864499,0.0,True
sparse,7,512,histgb,full_free,0,free,original_value_redundancy,0.7237011372922117,0.7237011372922117,0.0,True
sparse,7,512,histgb,full_free,0,free,one_thread_rerun,0.7237011372922117,0.7237011372922117,0.0,True
sparse,7,512,histgb,full_op_true,0,op_true,original_value_redundancy,0.7174989544664214,0.7174989544664214,0.0,True
sparse,7,512,histgb,full_op_true,0,op_true,one_thread_rerun,0.7174989544664214,0.7174989544664214,0.0,True
sparse,7,512,histgb,drop_free,3,free,original_value_redundancy,0.917307667627537,0.917307667627537,0.0,True
sparse,7,512,histgb,drop_free,3,free,one_thread_rerun,0.917307667627537,0.917307667627537,0.0,True
sparse,7,512,histgb,drop_op_true,3,op_true,original_value_redundancy,0.7489838284394184,0.7489838284394184,0.0,True
sparse,7,512,histgb,drop_op_true,3,op_true,one_thread_rerun,0.7489838284394184,0.7489838284394184,0.0,True
sparse,7,512,histgb,drop_op_true_signed,3,sig_true,original_value_redundancy,0.7554508139455852,0.7554508139455852,0.0,True
sparse,7,512,histgb,drop_op_true_signed,3,sig_true,one_thread_rerun,0.7554508139455852,0.7554508139455852,0.0,True
sparse,7,512,xgb,full_free,0,free,original_value_redundancy,0.7230605766490107,0.7230605766490107,0.0,True
sparse,7,512,xgb,full_free,0,free,one_thread_rerun,0.7230605766490107,0.7230605766490107,0.0,True
sparse,7,512,xgb,full_op_true,0,op_true,original_value_redundancy,0.7166170865529009,0.7166170865529009,0.0,True
sparse,7,512,xgb,full_op_true,0,op_true,one_thread_rerun,0.7166170865529009,0.7166170865529009,0.0,True
sparse,7,512,xgb,drop_free,3,free,original_value_redundancy,0.9116948936068311,0.9116948936068311,0.0,True
sparse,7,512,xgb,drop_free,3,free,one_thread_rerun,0.9116948936068311,0.9116948936068311,0.0,True
sparse,7,512,xgb,drop_op_true,3,op_true,original_value_redundancy,0.7455279942747086,0.7455279942747086,0.0,True
sparse,7,512,xgb,drop_op_true,3,op_true,one_thread_rerun,0.7455279942747086,0.7455279942747086,0.0,True
sparse,7,512,xgb,drop_op_true_signed,3,sig_true,original_value_redundancy,0.7572678713417482,0.7572678713417482,0.0,True
sparse,7,512,xgb,drop_op_true_signed,3,sig_true,one_thread_rerun,0.7572678713417482,0.7572678713417482,0.0,True
sparse,8,32,histgb,full_free,0,free,original_value_redundancy,0.7930414142146233,0.7930414142146234,-1.1102230246251565e-16,False
sparse,8,32,histgb,full_free,0,free,one_thread_rerun,0.7930414142146233,0.7930414142146233,0.0,True
sparse,8,32,histgb,full_op_true,0,op_true,original_value_redundancy,0.7788200936568294,0.7788200936568294,0.0,True
sparse,8,32,histgb,full_op_true,0,op_true,one_thread_rerun,0.7788200936568294,0.7788200936568294,0.0,True
sparse,8,32,histgb,drop_free,4,free,original_value_redundancy,1.040677533126448,1.040677533126448,0.0,True
sparse,8,32,histgb,drop_free,4,free,one_thread_rerun,1.040677533126448,1.040677533126448,0.0,True
sparse,8,32,histgb,drop_op_true,4,op_true,original_value_redundancy,0.7862801301193109,0.7862801301193109,0.0,True
sparse,8,32,histgb,drop_op_true,4,op_true,one_thread_rerun,0.7862801301193109,0.7862801301193109,0.0,True
sparse,8,32,histgb,drop_op_true_signed,4,sig_true,original_value_redundancy,0.7807110053856948,0.7807110053856948,0.0,True
sparse,8,32,histgb,drop_op_true_signed,4,sig_true,one_thread_rerun,0.7807110053856948,0.7807110053856948,0.0,True
sparse,8,32,xgb,full_free,0,free,original_value_redundancy,0.7935703417262508,0.7935703417262508,0.0,True
sparse,8,32,xgb,full_free,0,free,one_thread_rerun,0.7935703417262508,0.7935703417262508,0.0,True
sparse,8,32,xgb,full_op_true,0,op_true,original_value_redundancy,0.7795084764145727,0.7795084764145727,0.0,True
sparse,8,32,xgb,full_op_true,0,op_true,one_thread_rerun,0.7795084764145727,0.7795084764145727,0.0,True
sparse,8,32,xgb,drop_free,4,free,original_value_redundancy,1.0361531558999217,1.0361531558999217,0.0,True
sparse,8,32,xgb,drop_free,4,free,one_thread_rerun,1.0361531558999217,1.0361531558999217,0.0,True
sparse,8,32,xgb,drop_op_true,4,op_true,original_value_redundancy,0.7845015651666345,0.7845015651666345,0.0,True
sparse,8,32,xgb,drop_op_true,4,op_true,one_thread_rerun,0.7845015651666345,0.7845015651666345,0.0,True
sparse,8,32,xgb,drop_op_true_signed,4,sig_true,original_value_redundancy,0.7776534149353928,0.7776534149353928,0.0,True
sparse,8,32,xgb,drop_op_true_signed,4,sig_true,one_thread_rerun,0.7776534149353928,0.7776534149353928,0.0,True
sparse,8,512,histgb,full_free,0,free,original_value_redundancy,0.785905444432723,0.785905444432723,0.0,True
sparse,8,512,histgb,full_free,0,free,one_thread_rerun,0.785905444432723,0.785905444432723,0.0,True
sparse,8,512,histgb,full_op_true,0,op_true,original_value_redundancy,0.7642817088411517,0.7642817088411517,0.0,True
sparse,8,512,histgb,full_op_true,0,op_true,one_thread_rerun,0.7642817088411517,0.7642817088411517,0.0,True
sparse,8,512,histgb,drop_free,4,free,original_value_redundancy,1.0277747456075117,1.0277747456075117,0.0,True
sparse,8,512,histgb,drop_free,4,free,one_thread_rerun,1.0277747456075117,1.0277747456075117,0.0,True
sparse,8,512,histgb,drop_op_true,4,op_true,original_value_redundancy,0.7863588869340506,0.7863588869340506,0.0,True
sparse,8,512,histgb,drop_op_true,4,op_true,one_thread_rerun,0.7863588869340506,0.7863588869340506,0.0,True
sparse,8,512,histgb,drop_op_true_signed,4,sig_true,original_value_redundancy,0.7664167388242727,0.7664167388242727,0.0,True
sparse,8,512,histgb,drop_op_true_signed,4,sig_true,one_thread_rerun,0.7664167388242727,0.7664167388242727,0.0,True
sparse,8,512,xgb,full_free,0,free,original_value_redundancy,0.7894873638052508,0.7894873638052508,0.0,True
sparse,8,512,xgb,full_free,0,free,one_thread_rerun,0.7894873638052508,0.7894873638052508,0.0,True
sparse,8,512,xgb,full_op_true,0,op_true,original_value_redundancy,0.766701563434812,0.766701563434812,0.0,True
sparse,8,512,xgb,full_op_true,0,op_true,one_thread_rerun,0.766701563434812,0.766701563434812,0.0,True
sparse,8,512,xgb,drop_free,4,free,original_value_redundancy,1.019540998616011,1.019540998616011,0.0,True
sparse,8,512,xgb,drop_free,4,free,one_thread_rerun,1.019540998616011,1.019540998616011,0.0,True
sparse,8,512,xgb,drop_op_true,4,op_true,original_value_redundancy,0.7856578287671205,0.7856578287671205,0.0,True
sparse,8,512,xgb,drop_op_true,4,op_true,one_thread_rerun,0.7856578287671205,0.7856578287671205,0.0,True
sparse,8,512,xgb,drop_op_true_signed,4,sig_true,original_value_redundancy,0.7693930456355664,0.7693930456355664,0.0,True
sparse,8,512,xgb,drop_op_true_signed,4,sig_true,one_thread_rerun,0.7693930456355664,0.7693930456355664,0.0,True
sparse,9,32,histgb,full_free,0,free,original_value_redundancy,0.6511014918860575,0.6511014918860575,0.0,True
sparse,9,32,histgb,full_free,0,free,one_thread_rerun,0.6511014918860575,0.6511014918860575,0.0,True
sparse,9,32,histgb,full_op_true,0,op_true,original_value_redundancy,0.640011320959878,0.640011320959878,0.0,True
sparse,9,32,histgb,full_op_true,0,op_true,one_thread_rerun,0.640011320959878,0.640011320959878,0.0,True
sparse,9,32,histgb,drop_free,3,free,original_value_redundancy,0.8990581068001687,0.8990581068001687,0.0,True
sparse,9,32,histgb,drop_free,3,free,one_thread_rerun,0.8990581068001687,0.8990581068001687,0.0,True
sparse,9,32,histgb,drop_op_true,3,op_true,original_value_redundancy,0.6832215238196786,0.6832215238196786,0.0,True
sparse,9,32,histgb,drop_op_true,3,op_true,one_thread_rerun,0.6832215238196786,0.6832215238196786,0.0,True
sparse,9,32,histgb,drop_op_true_signed,3,sig_true,original_value_redundancy,0.6822527426698545,0.6822527426698545,0.0,True
sparse,9,32,histgb,drop_op_true_signed,3,sig_true,one_thread_rerun,0.6822527426698545,0.6822527426698545,0.0,True
sparse,9,32,xgb,full_free,0,free,original_value_redundancy,0.6505597081653905,0.6505597081653905,0.0,True
sparse,9,32,xgb,full_free,0,free,one_thread_rerun,0.6505597081653905,0.6505597081653905,0.0,True
sparse,9,32,xgb,full_op_true,0,op_true,original_value_redundancy,0.6411234534510621,0.6411234534510621,0.0,True
sparse,9,32,xgb,full_op_true,0,op_true,one_thread_rerun,0.6411234534510621,0.6411234534510621,0.0,True
sparse,9,32,xgb,drop_free,3,free,original_value_redundancy,0.9040266158706768,0.9040266158706768,0.0,True
sparse,9,32,xgb,drop_free,3,free,one_thread_rerun,0.9040266158706768,0.9040266158706768,0.0,True
sparse,9,32,xgb,drop_op_true,3,op_true,original_value_redundancy,0.6811268482846169,0.6811268482846169,0.0,True
sparse,9,32,xgb,drop_op_true,3,op_true,one_thread_rerun,0.6811268482846169,0.6811268482846169,0.0,True
sparse,9,32,xgb,drop_op_true_signed,3,sig_true,original_value_redundancy,0.678762161367648,0.678762161367648,0.0,True
sparse,9,32,xgb,drop_op_true_signed,3,sig_true,one_thread_rerun,0.678762161367648,0.678762161367648,0.0,True
sparse,9,512,histgb,full_free,0,free,original_value_redundancy,0.6435601519565719,0.6435601519565719,0.0,True
sparse,9,512,histgb,full_free,0,free,one_thread_rerun,0.6435601519565719,0.6435601519565719,0.0,True
sparse,9,512,histgb,full_op_true,0,op_true,original_value_redundancy,0.6423433886412858,0.6423433886412858,0.0,True
sparse,9,512,histgb,full_op_true,0,op_true,one_thread_rerun,0.6423433886412858,0.6423433886412858,0.0,True
sparse,9,512,histgb,drop_free,3,free,original_value_redundancy,0.8771235004956608,0.8771235004956608,0.0,True
sparse,9,512,histgb,drop_free,3,free,one_thread_rerun,0.8771235004956608,0.8771235004956608,0.0,True
sparse,9,512,histgb,drop_op_true,3,op_true,original_value_redundancy,0.6838936222913503,0.6838936222913503,0.0,True
sparse,9,512,histgb,drop_op_true,3,op_true,one_thread_rerun,0.6838936222913503,0.6838936222913503,0.0,True
sparse,9,512,histgb,drop_op_true_signed,3,sig_true,original_value_redundancy,0.6798254260373594,0.6798254260373594,0.0,True
sparse,9,512,histgb,drop_op_true_signed,3,sig_true,one_thread_rerun,0.6798254260373594,0.6798254260373594,0.0,True
sparse,9,512,xgb,full_free,0,free,original_value_redundancy,0.6396462157504815,0.6396462157504815,0.0,True
sparse,9,512,xgb,full_free,0,free,one_thread_rerun,0.6396462157504815,0.6396462157504815,0.0,True
sparse,9,512,xgb,full_op_true,0,op_true,original_value_redundancy,0.6406826469355201,0.6406826469355201,0.0,True
sparse,9,512,xgb,full_op_true,0,op_true,one_thread_rerun,0.6406826469355201,0.6406826469355201,0.0,True
sparse,9,512,xgb,drop_free,3,free,original_value_redundancy,0.8792659071538869,0.8792659071538869,0.0,True
sparse,9,512,xgb,drop_free,3,free,one_thread_rerun,0.8792659071538869,0.8792659071538869,0.0,True
sparse,9,512,xgb,drop_op_true,3,op_true,original_value_redundancy,0.679669795500521,0.679669795500521,0.0,True
sparse,9,512,xgb,drop_op_true,3,op_true,one_thread_rerun,0.679669795500521,0.679669795500521,0.0,True
sparse,9,512,xgb,drop_op_true_signed,3,sig_true,original_value_redundancy,0.6733621347841598,0.6733621347841598,0.0,True
sparse,9,512,xgb,drop_op_true_signed,3,sig_true,one_thread_rerun,0.6733621347841598,0.6733621347841598,0.0,True
sparse,10,32,histgb,full_free,0,free,original_value_redundancy,0.770736732207317,0.770736732207317,0.0,True
sparse,10,32,histgb,full_free,0,free,one_thread_rerun,0.770736732207317,0.770736732207317,0.0,True
sparse,10,32,histgb,full_op_true,0,op_true,original_value_redundancy,0.7781853452753307,0.7781853452753307,0.0,True
sparse,10,32,histgb,full_op_true,0,op_true,one_thread_rerun,0.7781853452753307,0.7781853452753307,0.0,True
sparse,10,32,histgb,drop_free,4,free,original_value_redundancy,1.071185680495878,1.071185680495878,0.0,True
sparse,10,32,histgb,drop_free,4,free,one_thread_rerun,1.071185680495878,1.071185680495878,0.0,True
sparse,10,32,histgb,drop_op_true,4,op_true,original_value_redundancy,0.7809315533906149,0.7809315533906149,0.0,True
sparse,10,32,histgb,drop_op_true,4,op_true,one_thread_rerun,0.7809315533906149,0.7809315533906149,0.0,True
sparse,10,32,histgb,drop_op_true_signed,4,sig_true,original_value_redundancy,0.7788583446425201,0.7788583446425201,0.0,True
sparse,10,32,histgb,drop_op_true_signed,4,sig_true,one_thread_rerun,0.7788583446425201,0.7788583446425201,0.0,True
sparse,10,32,xgb,full_free,0,free,original_value_redundancy,0.7711457884669178,0.7711457884669178,0.0,True
sparse,10,32,xgb,full_free,0,free,one_thread_rerun,0.7711457884669178,0.7711457884669178,0.0,True
sparse,10,32,xgb,full_op_true,0,op_true,original_value_redundancy,0.7787489820050606,0.7787489820050606,0.0,True
sparse,10,32,xgb,full_op_true,0,op_true,one_thread_rerun,0.7787489820050606,0.7787489820050606,0.0,True
sparse,10,32,xgb,drop_free,4,free,original_value_redundancy,1.0725875210370477,1.0725875210370477,0.0,True
sparse,10,32,xgb,drop_free,4,free,one_thread_rerun,1.0725875210370477,1.0725875210370477,0.0,True
sparse,10,32,xgb,drop_op_true,4,op_true,original_value_redundancy,0.7805066024381109,0.7805066024381109,0.0,True
sparse,10,32,xgb,drop_op_true,4,op_true,one_thread_rerun,0.7805066024381109,0.7805066024381109,0.0,True
sparse,10,32,xgb,drop_op_true_signed,4,sig_true,original_value_redundancy,0.7771308504762441,0.7771308504762441,0.0,True
sparse,10,32,xgb,drop_op_true_signed,4,sig_true,one_thread_rerun,0.7771308504762441,0.7771308504762441,0.0,True
sparse,10,512,histgb,full_free,0,free,original_value_redundancy,0.7408495764320656,0.7408495764320656,0.0,True
sparse,10,512,histgb,full_free,0,free,one_thread_rerun,0.7408495764320656,0.7408495764320656,0.0,True
sparse,10,512,histgb,full_op_true,0,op_true,original_value_redundancy,0.740826724180737,0.740826724180737,0.0,True
sparse,10,512,histgb,full_op_true,0,op_true,one_thread_rerun,0.740826724180737,0.740826724180737,0.0,True
sparse,10,512,histgb,drop_free,4,free,original_value_redundancy,1.0344170957449048,1.0344170957449048,0.0,True
sparse,10,512,histgb,drop_free,4,free,one_thread_rerun,1.0344170957449048,1.0344170957449048,0.0,True
sparse,10,512,histgb,drop_op_true,4,op_true,original_value_redundancy,0.7604071039915816,0.7604071039915816,0.0,True
sparse,10,512,histgb,drop_op_true,4,op_true,one_thread_rerun,0.7604071039915816,0.7604071039915816,0.0,True
sparse,10,512,histgb,drop_op_true_signed,4,sig_true,original_value_redundancy,0.7468181952035245,0.7468181952035245,0.0,True
sparse,10,512,histgb,drop_op_true_signed,4,sig_true,one_thread_rerun,0.7468181952035245,0.7468181952035245,0.0,True
sparse,10,512,xgb,full_free,0,free,original_value_redundancy,0.747080955135869,0.747080955135869,0.0,True
sparse,10,512,xgb,full_free,0,free,one_thread_rerun,0.747080955135869,0.747080955135869,0.0,True
sparse,10,512,xgb,full_op_true,0,op_true,original_value_redundancy,0.7472287139935745,0.7472287139935745,0.0,True
sparse,10,512,xgb,full_op_true,0,op_true,one_thread_rerun,0.7472287139935745,0.7472287139935745,0.0,True
sparse,10,512,xgb,drop_free,4,free,original_value_redundancy,1.0394611279033332,1.0394611279033332,0.0,True
sparse,10,512,xgb,drop_free,4,free,one_thread_rerun,1.0394611279033332,1.0394611279033332,0.0,True
sparse,10,512,xgb,drop_op_true,4,op_true,original_value_redundancy,0.7588144924886935,0.7588144924886935,0.0,True
sparse,10,512,xgb,drop_op_true,4,op_true,one_thread_rerun,0.7588144924886935,0.7588144924886935,0.0,True
sparse,10,512,xgb,drop_op_true_signed,4,sig_true,original_value_redundancy,0.7427153877064445,0.7427153877064445,0.0,True
sparse,10,512,xgb,drop_op_true_signed,4,sig_true,one_thread_rerun,0.7427153877064445,0.7427153877064445,0.0,True
sparse,11,32,histgb,full_free,0,free,original_value_redundancy,0.7214410613821202,0.7214410613821202,0.0,True
sparse,11,32,histgb,full_free,0,free,one_thread_rerun,0.7214410613821202,0.7214410613821202,0.0,True
sparse,11,32,histgb,full_op_true,0,op_true,original_value_redundancy,0.729190129500422,0.729190129500422,0.0,True
sparse,11,32,histgb,full_op_true,0,op_true,one_thread_rerun,0.729190129500422,0.729190129500422,0.0,True
sparse,11,32,histgb,drop_free,3,free,original_value_redundancy,0.9379042397060853,0.9379042397060853,0.0,True
sparse,11,32,histgb,drop_free,3,free,one_thread_rerun,0.9379042397060853,0.9379042397060853,0.0,True
sparse,11,32,histgb,drop_op_true,3,op_true,original_value_redundancy,0.7584939608626697,0.7584939608626697,0.0,True
sparse,11,32,histgb,drop_op_true,3,op_true,one_thread_rerun,0.7584939608626697,0.7584939608626697,0.0,True
sparse,11,32,histgb,drop_op_true_signed,3,sig_true,original_value_redundancy,0.7479144690819105,0.7479144690819105,0.0,True
sparse,11,32,histgb,drop_op_true_signed,3,sig_true,one_thread_rerun,0.7479144690819105,0.7479144690819105,0.0,True
sparse,11,32,xgb,full_free,0,free,original_value_redundancy,0.7230535427917855,0.7230535427917855,0.0,True
sparse,11,32,xgb,full_free,0,free,one_thread_rerun,0.7230535427917855,0.7230535427917855,0.0,True
sparse,11,32,xgb,full_op_true,0,op_true,original_value_redundancy,0.7308659198348958,0.7308659198348958,0.0,True
sparse,11,32,xgb,full_op_true,0,op_true,one_thread_rerun,0.7308659198348958,0.7308659198348958,0.0,True
sparse,11,32,xgb,drop_free,3,free,original_value_redundancy,0.933424192018875,0.933424192018875,0.0,True
sparse,11,32,xgb,drop_free,3,free,one_thread_rerun,0.933424192018875,0.933424192018875,0.0,True
sparse,11,32,xgb,drop_op_true,3,op_true,original_value_redundancy,0.7554172720174722,0.7554172720174722,0.0,True
sparse,11,32,xgb,drop_op_true,3,op_true,one_thread_rerun,0.7554172720174722,0.7554172720174722,0.0,True
sparse,11,32,xgb,drop_op_true_signed,3,sig_true,original_value_redundancy,0.7542171251768037,0.7542171251768037,0.0,True
sparse,11,32,xgb,drop_op_true_signed,3,sig_true,one_thread_rerun,0.7542171251768037,0.7542171251768037,0.0,True
sparse,11,512,histgb,full_free,0,free,original_value_redundancy,0.7151205845320935,0.7151205845320935,0.0,True
sparse,11,512,histgb,full_free,0,free,one_thread_rerun,0.7151205845320935,0.7151205845320935,0.0,True
sparse,11,512,histgb,full_op_true,0,op_true,original_value_redundancy,0.7086433052650892,0.7086433052650892,0.0,True
sparse,11,512,histgb,full_op_true,0,op_true,one_thread_rerun,0.7086433052650892,0.7086433052650892,0.0,True
sparse,11,512,histgb,drop_free,3,free,original_value_redundancy,0.9175229075672776,0.9175229075672776,0.0,True
sparse,11,512,histgb,drop_free,3,free,one_thread_rerun,0.9175229075672776,0.9175229075672776,0.0,True
sparse,11,512,histgb,drop_op_true,3,op_true,original_value_redundancy,0.7442003783466994,0.7442003783466994,0.0,True
sparse,11,512,histgb,drop_op_true,3,op_true,one_thread_rerun,0.7442003783466994,0.7442003783466994,0.0,True
sparse,11,512,histgb,drop_op_true_signed,3,sig_true,original_value_redundancy,0.7268632778943166,0.7268632778943166,0.0,True
sparse,11,512,histgb,drop_op_true_signed,3,sig_true,one_thread_rerun,0.7268632778943166,0.7268632778943166,0.0,True
sparse,11,512,xgb,full_free,0,free,original_value_redundancy,0.707619205403521,0.707619205403521,0.0,True
sparse,11,512,xgb,full_free,0,free,one_thread_rerun,0.707619205403521,0.707619205403521,0.0,True
sparse,11,512,xgb,full_op_true,0,op_true,original_value_redundancy,0.7085389683745742,0.7085389683745742,0.0,True
sparse,11,512,xgb,full_op_true,0,op_true,one_thread_rerun,0.7085389683745742,0.7085389683745742,0.0,True
sparse,11,512,xgb,drop_free,3,free,original_value_redundancy,0.9143559867984471,0.9143559867984471,0.0,True
sparse,11,512,xgb,drop_free,3,free,one_thread_rerun,0.9143559867984471,0.9143559867984471,0.0,True
sparse,11,512,xgb,drop_op_true,3,op_true,original_value_redundancy,0.7334201604163958,0.7334201604163958,0.0,True
sparse,11,512,xgb,drop_op_true,3,op_true,one_thread_rerun,0.7334201604163958,0.7334201604163958,0.0,True
sparse,11,512,xgb,drop_op_true_signed,3,sig_true,original_value_redundancy,0.7352373896942099,0.7352373896942099,0.0,True
sparse,11,512,xgb,drop_op_true_signed,3,sig_true,one_thread_rerun,0.7352373896942099,0.7352373896942099,0.0,True
sparse,12,32,histgb,full_free,0,free,original_value_redundancy,0.768509013478598,0.7692107330577445,-0.0007017195791464426,False
sparse,12,32,histgb,full_free,0,free,one_thread_rerun,0.768509013478598,0.768509013478598,0.0,True
sparse,12,32,histgb,full_op_true,0,op_true,original_value_redundancy,0.7645330334134275,0.7651422707293595,-0.0006092373159319875,False
sparse,12,32,histgb,full_op_true,0,op_true,one_thread_rerun,0.7645330334134275,0.7645330334134275,0.0,True
sparse,12,32,histgb,drop_free,3,free,original_value_redundancy,1.062500777466405,1.062500777466405,0.0,True
sparse,12,32,histgb,drop_free,3,free,one_thread_rerun,1.062500777466405,1.062500777466405,0.0,True
sparse,12,32,histgb,drop_op_true,3,op_true,original_value_redundancy,0.776297510806192,0.7814133659262984,-0.005115855120106372,False
sparse,12,32,histgb,drop_op_true,3,op_true,one_thread_rerun,0.776297510806192,0.776297510806192,0.0,True
sparse,12,32,histgb,drop_op_true_signed,3,sig_true,original_value_redundancy,0.7583628219561939,0.7651625626931868,-0.006799740736992965,False
sparse,12,32,histgb,drop_op_true_signed,3,sig_true,one_thread_rerun,0.7583628219561939,0.7583628219561939,0.0,True
sparse,12,32,xgb,full_free,0,free,original_value_redundancy,0.7709455583514876,0.7709455583514876,0.0,True
sparse,12,32,xgb,full_free,0,free,one_thread_rerun,0.7709455583514876,0.7709455583514876,0.0,True
sparse,12,32,xgb,full_op_true,0,op_true,original_value_redundancy,0.768511043845393,0.768511043845393,0.0,True
sparse,12,32,xgb,full_op_true,0,op_true,one_thread_rerun,0.768511043845393,0.768511043845393,0.0,True
sparse,12,32,xgb,drop_free,3,free,original_value_redundancy,1.073957998417688,1.073957998417688,0.0,True
sparse,12,32,xgb,drop_free,3,free,one_thread_rerun,1.073957998417688,1.073957998417688,0.0,True
sparse,12,32,xgb,drop_op_true,3,op_true,original_value_redundancy,0.7851812177607776,0.7851812177607776,0.0,True
sparse,12,32,xgb,drop_op_true,3,op_true,one_thread_rerun,0.7851812177607776,0.7851812177607776,0.0,True
sparse,12,32,xgb,drop_op_true_signed,3,sig_true,original_value_redundancy,0.772452460191844,0.772452460191844,0.0,True
sparse,12,32,xgb,drop_op_true_signed,3,sig_true,one_thread_rerun,0.772452460191844,0.772452460191844,0.0,True
sparse,12,512,histgb,full_free,0,free,original_value_redundancy,0.7658566888579574,0.7666276059943374,-0.0007709171363800005,False
sparse,12,512,histgb,full_free,0,free,one_thread_rerun,0.7658566888579574,0.7658566888579574,0.0,True
sparse,12,512,histgb,full_op_true,0,op_true,original_value_redundancy,0.7638101340958775,0.7609579944597948,0.0028521396360826623,False
sparse,12,512,histgb,full_op_true,0,op_true,one_thread_rerun,0.7638101340958775,0.7638101340958775,0.0,True
sparse,12,512,histgb,drop_free,3,free,original_value_redundancy,1.0503037930687817,1.0503037930687817,0.0,True
sparse,12,512,histgb,drop_free,3,free,one_thread_rerun,1.0503037930687817,1.0503037930687817,0.0,True
sparse,12,512,histgb,drop_op_true,3,op_true,original_value_redundancy,0.7898741878154301,0.7878297797765272,0.002044408038902823,False
sparse,12,512,histgb,drop_op_true,3,op_true,one_thread_rerun,0.7898741878154301,0.7898741878154301,0.0,True
sparse,12,512,histgb,drop_op_true_signed,3,sig_true,original_value_redundancy,0.7760178655564415,0.779287616100935,-0.0032697505444935215,False
sparse,12,512,histgb,drop_op_true_signed,3,sig_true,one_thread_rerun,0.7760178655564415,0.7760178655564415,0.0,True
sparse,12,512,xgb,full_free,0,free,original_value_redundancy,0.7668174716180493,0.7668174716180493,0.0,True
sparse,12,512,xgb,full_free,0,free,one_thread_rerun,0.7668174716180493,0.7668174716180493,0.0,True
sparse,12,512,xgb,full_op_true,0,op_true,original_value_redundancy,0.7701957389310995,0.7701957389310995,0.0,True
sparse,12,512,xgb,full_op_true,0,op_true,one_thread_rerun,0.7701957389310995,0.7701957389310995,0.0,True
sparse,12,512,xgb,drop_free,3,free,original_value_redundancy,1.0657250106880332,1.0657250106880332,0.0,True
sparse,12,512,xgb,drop_free,3,free,one_thread_rerun,1.0657250106880332,1.0657250106880332,0.0,True
sparse,12,512,xgb,drop_op_true,3,op_true,original_value_redundancy,0.7880641538234808,0.7880641538234808,0.0,True
sparse,12,512,xgb,drop_op_true,3,op_true,one_thread_rerun,0.7880641538234808,0.7880641538234808,0.0,True
sparse,12,512,xgb,drop_op_true_signed,3,sig_true,original_value_redundancy,0.7702327914812186,0.7702327914812186,0.0,True
sparse,12,512,xgb,drop_op_true_signed,3,sig_true,one_thread_rerun,0.7702327914812186,0.7702327914812186,0.0,True
sparse,13,32,histgb,full_free,0,free,original_value_redundancy,0.7707340273833501,0.7675196776058235,0.0032143497775265484,False
sparse,13,32,histgb,full_free,0,free,one_thread_rerun,0.7707340273833501,0.7707340273833501,0.0,True
sparse,13,32,histgb,full_op_true,0,op_true,original_value_redundancy,0.7653270069410706,0.7633876745476826,0.0019393323933879492,False
sparse,13,32,histgb,full_op_true,0,op_true,one_thread_rerun,0.7653270069410706,0.7653270069410706,0.0,True
sparse,13,32,histgb,drop_free,3,free,original_value_redundancy,1.040789833225452,1.0438494569170516,-0.0030596236915996222,False
sparse,13,32,histgb,drop_free,3,free,one_thread_rerun,1.040789833225452,1.040789833225452,0.0,True
sparse,13,32,histgb,drop_op_true,3,op_true,original_value_redundancy,0.8007911297260621,0.8007514309137836,3.969881227849914e-05,False
sparse,13,32,histgb,drop_op_true,3,op_true,one_thread_rerun,0.8007911297260621,0.8007911297260621,0.0,True
sparse,13,32,histgb,drop_op_true_signed,3,sig_true,original_value_redundancy,0.7975674512399731,0.7943681482247963,0.003199303015176791,False
sparse,13,32,histgb,drop_op_true_signed,3,sig_true,one_thread_rerun,0.7975674512399731,0.7975674512399731,0.0,True
sparse,13,32,xgb,full_free,0,free,original_value_redundancy,0.7702312792047662,0.7702312792047662,0.0,True
sparse,13,32,xgb,full_free,0,free,one_thread_rerun,0.7702312792047662,0.7702312792047662,0.0,True
sparse,13,32,xgb,full_op_true,0,op_true,original_value_redundancy,0.7678926207622854,0.7678926207622854,0.0,True
sparse,13,32,xgb,full_op_true,0,op_true,one_thread_rerun,0.7678926207622854,0.7678926207622854,0.0,True
sparse,13,32,xgb,drop_free,3,free,original_value_redundancy,1.0447363404519918,1.0447363404519918,0.0,True
sparse,13,32,xgb,drop_free,3,free,one_thread_rerun,1.0447363404519918,1.0447363404519918,0.0,True
sparse,13,32,xgb,drop_op_true,3,op_true,original_value_redundancy,0.8024189164933511,0.8024189164933511,0.0,True
sparse,13,32,xgb,drop_op_true,3,op_true,one_thread_rerun,0.8024189164933511,0.8024189164933511,0.0,True
sparse,13,32,xgb,drop_op_true_signed,3,sig_true,original_value_redundancy,0.799829187601865,0.799829187601865,0.0,True
sparse,13,32,xgb,drop_op_true_signed,3,sig_true,one_thread_rerun,0.799829187601865,0.799829187601865,0.0,True
sparse,13,512,histgb,full_free,0,free,original_value_redundancy,0.7609741160154113,0.7600929264829325,0.0008811895324788432,False
sparse,13,512,histgb,full_free,0,free,one_thread_rerun,0.7609741160154113,0.7609741160154113,0.0,True
sparse,13,512,histgb,full_op_true,0,op_true,original_value_redundancy,0.7552718539619055,0.7604510872076208,-0.005179233245715231,False
sparse,13,512,histgb,full_op_true,0,op_true,one_thread_rerun,0.7552718539619055,0.7552718539619055,0.0,True
sparse,13,512,histgb,drop_free,3,free,original_value_redundancy,1.0373012261766081,1.0401202149161723,-0.00281898873956421,False
sparse,13,512,histgb,drop_free,3,free,one_thread_rerun,1.0373012261766081,1.0373012261766081,0.0,True
sparse,13,512,histgb,drop_op_true,3,op_true,original_value_redundancy,0.7904397341062464,0.7842404846719451,0.006199249434301279,False
sparse,13,512,histgb,drop_op_true,3,op_true,one_thread_rerun,0.7904397341062464,0.7904397341062464,0.0,True
sparse,13,512,histgb,drop_op_true_signed,3,sig_true,original_value_redundancy,0.7760441437618565,0.7787379973325905,-0.0026938535707340394,False
sparse,13,512,histgb,drop_op_true_signed,3,sig_true,one_thread_rerun,0.7760441437618565,0.7760441437618565,0.0,True
sparse,13,512,xgb,full_free,0,free,original_value_redundancy,0.7567519839457308,0.7567519839457308,0.0,True
sparse,13,512,xgb,full_free,0,free,one_thread_rerun,0.7567519839457308,0.7567519839457308,0.0,True
sparse,13,512,xgb,full_op_true,0,op_true,original_value_redundancy,0.7570564335528666,0.7570564335528666,0.0,True
sparse,13,512,xgb,full_op_true,0,op_true,one_thread_rerun,0.7570564335528666,0.7570564335528666,0.0,True
sparse,13,512,xgb,drop_free,3,free,original_value_redundancy,1.0422957240422288,1.0422957240422288,0.0,True
sparse,13,512,xgb,drop_free,3,free,one_thread_rerun,1.0422957240422288,1.0422957240422288,0.0,True
sparse,13,512,xgb,drop_op_true,3,op_true,original_value_redundancy,0.7829953198440411,0.7829953198440411,0.0,True
sparse,13,512,xgb,drop_op_true,3,op_true,one_thread_rerun,0.7829953198440411,0.7829953198440411,0.0,True
sparse,13,512,xgb,drop_op_true_signed,3,sig_true,original_value_redundancy,0.7763300710341265,0.7763300710341265,0.0,True
sparse,13,512,xgb,drop_op_true_signed,3,sig_true,one_thread_rerun,0.7763300710341265,0.7763300710341265,0.0,True
sparse,14,32,histgb,full_free,0,free,original_value_redundancy,0.7905055281200801,0.7905055281200801,0.0,True
sparse,14,32,histgb,full_free,0,free,one_thread_rerun,0.7905055281200801,0.7905055281200801,0.0,True
sparse,14,32,histgb,full_op_true,0,op_true,original_value_redundancy,0.7824751333778548,0.7824751333778548,0.0,True
sparse,14,32,histgb,full_op_true,0,op_true,one_thread_rerun,0.7824751333778548,0.7824751333778548,0.0,True
sparse,14,32,histgb,drop_free,3,free,original_value_redundancy,1.0215806708067825,1.0215806708067825,0.0,True
sparse,14,32,histgb,drop_free,3,free,one_thread_rerun,1.0215806708067825,1.0215806708067825,0.0,True
sparse,14,32,histgb,drop_op_true,3,op_true,original_value_redundancy,0.7790732391279981,0.7790732391279981,0.0,True
sparse,14,32,histgb,drop_op_true,3,op_true,one_thread_rerun,0.7790732391279981,0.7790732391279981,0.0,True
sparse,14,32,histgb,drop_op_true_signed,3,sig_true,original_value_redundancy,0.7783497783945891,0.7783497783945891,0.0,True
sparse,14,32,histgb,drop_op_true_signed,3,sig_true,one_thread_rerun,0.7783497783945891,0.7783497783945891,0.0,True
sparse,14,32,xgb,full_free,0,free,original_value_redundancy,0.7873747206057456,0.7873747206057456,0.0,True
sparse,14,32,xgb,full_free,0,free,one_thread_rerun,0.7873747206057456,0.7873747206057456,0.0,True
sparse,14,32,xgb,full_op_true,0,op_true,original_value_redundancy,0.7835338230670958,0.7835338230670958,0.0,True
sparse,14,32,xgb,full_op_true,0,op_true,one_thread_rerun,0.7835338230670958,0.7835338230670958,0.0,True
sparse,14,32,xgb,drop_free,3,free,original_value_redundancy,1.0301612185418505,1.0301612185418505,0.0,True
sparse,14,32,xgb,drop_free,3,free,one_thread_rerun,1.0301612185418505,1.0301612185418505,0.0,True
sparse,14,32,xgb,drop_op_true,3,op_true,original_value_redundancy,0.7916475700656781,0.7916475700656781,0.0,True
sparse,14,32,xgb,drop_op_true,3,op_true,one_thread_rerun,0.7916475700656781,0.7916475700656781,0.0,True
sparse,14,32,xgb,drop_op_true_signed,3,sig_true,original_value_redundancy,0.7778620915045835,0.7778620915045835,0.0,True
sparse,14,32,xgb,drop_op_true_signed,3,sig_true,one_thread_rerun,0.7778620915045835,0.7778620915045835,0.0,True
sparse,14,512,histgb,full_free,0,free,original_value_redundancy,0.7829204498504022,0.7829204498504022,0.0,True
sparse,14,512,histgb,full_free,0,free,one_thread_rerun,0.7829204498504022,0.7829204498504022,0.0,True
sparse,14,512,histgb,full_op_true,0,op_true,original_value_redundancy,0.7806624629548692,0.7806624629548692,0.0,True
sparse,14,512,histgb,full_op_true,0,op_true,one_thread_rerun,0.7806624629548692,0.7806624629548692,0.0,True
sparse,14,512,histgb,drop_free,3,free,original_value_redundancy,1.0235903631426564,1.0235903631426564,0.0,True
sparse,14,512,histgb,drop_free,3,free,one_thread_rerun,1.0235903631426564,1.0235903631426564,0.0,True
sparse,14,512,histgb,drop_op_true,3,op_true,original_value_redundancy,0.7829280750906031,0.7829280750906031,0.0,True
sparse,14,512,histgb,drop_op_true,3,op_true,one_thread_rerun,0.7829280750906031,0.7829280750906031,0.0,True
sparse,14,512,histgb,drop_op_true_signed,3,sig_true,original_value_redundancy,0.7720293924967607,0.7720293924967607,0.0,True
sparse,14,512,histgb,drop_op_true_signed,3,sig_true,one_thread_rerun,0.7720293924967607,0.7720293924967607,0.0,True
sparse,14,512,xgb,full_free,0,free,original_value_redundancy,0.7898001412790687,0.7898001412790687,0.0,True
sparse,14,512,xgb,full_free,0,free,one_thread_rerun,0.7898001412790687,0.7898001412790687,0.0,True
sparse,14,512,xgb,full_op_true,0,op_true,original_value_redundancy,0.7850383623342491,0.7850383623342491,0.0,True
sparse,14,512,xgb,full_op_true,0,op_true,one_thread_rerun,0.7850383623342491,0.7850383623342491,0.0,True
sparse,14,512,xgb,drop_free,3,free,original_value_redundancy,1.0118623215483435,1.0118623215483435,0.0,True
sparse,14,512,xgb,drop_free,3,free,one_thread_rerun,1.0118623215483435,1.0118623215483435,0.0,True
sparse,14,512,xgb,drop_op_true,3,op_true,original_value_redundancy,0.7811773122667534,0.7811773122667534,0.0,True
sparse,14,512,xgb,drop_op_true,3,op_true,one_thread_rerun,0.7811773122667534,0.7811773122667534,0.0,True
sparse,14,512,xgb,drop_op_true_signed,3,sig_true,original_value_redundancy,0.7813530265568681,0.7813530265568681,0.0,True
sparse,14,512,xgb,drop_op_true_signed,3,sig_true,one_thread_rerun,0.7813530265568681,0.7813530265568681,0.0,True
sparse,15,32,histgb,full_free,0,free,original_value_redundancy,0.6346910602483757,0.6346910602483757,0.0,True
sparse,15,32,histgb,full_free,0,free,one_thread_rerun,0.6346910602483757,0.6346910602483757,0.0,True
sparse,15,32,histgb,full_op_true,0,op_true,original_value_redundancy,0.64563945073357,0.64563945073357,0.0,True
sparse,15,32,histgb,full_op_true,0,op_true,one_thread_rerun,0.64563945073357,0.64563945073357,0.0,True
sparse,15,32,histgb,drop_free,3,free,original_value_redundancy,0.9804116679950893,0.9804116679950893,0.0,True
sparse,15,32,histgb,drop_free,3,free,one_thread_rerun,0.9804116679950893,0.9804116679950893,0.0,True
sparse,15,32,histgb,drop_op_true,3,op_true,original_value_redundancy,0.6960231250561308,0.6960231250561308,0.0,True
sparse,15,32,histgb,drop_op_true,3,op_true,one_thread_rerun,0.6960231250561308,0.6960231250561308,0.0,True
sparse,15,32,histgb,drop_op_true_signed,3,sig_true,original_value_redundancy,0.6806156941016912,0.6806156941016912,0.0,True
sparse,15,32,histgb,drop_op_true_signed,3,sig_true,one_thread_rerun,0.6806156941016912,0.6806156941016912,0.0,True
sparse,15,32,xgb,full_free,0,free,original_value_redundancy,0.6333133410242848,0.6333133410242848,0.0,True
sparse,15,32,xgb,full_free,0,free,one_thread_rerun,0.6333133410242848,0.6333133410242848,0.0,True
sparse,15,32,xgb,full_op_true,0,op_true,original_value_redundancy,0.6456764569969126,0.6456764569969126,0.0,True
sparse,15,32,xgb,full_op_true,0,op_true,one_thread_rerun,0.6456764569969126,0.6456764569969126,0.0,True
sparse,15,32,xgb,drop_free,3,free,original_value_redundancy,0.9749969252279566,0.9749969252279566,0.0,True
sparse,15,32,xgb,drop_free,3,free,one_thread_rerun,0.9749969252279566,0.9749969252279566,0.0,True
sparse,15,32,xgb,drop_op_true,3,op_true,original_value_redundancy,0.7001616596541677,0.7001616596541677,0.0,True
sparse,15,32,xgb,drop_op_true,3,op_true,one_thread_rerun,0.7001616596541677,0.7001616596541677,0.0,True
sparse,15,32,xgb,drop_op_true_signed,3,sig_true,original_value_redundancy,0.689343400444075,0.689343400444075,0.0,True
sparse,15,32,xgb,drop_op_true_signed,3,sig_true,one_thread_rerun,0.689343400444075,0.689343400444075,0.0,True
sparse,15,512,histgb,full_free,0,free,original_value_redundancy,0.62675158607249,0.62675158607249,0.0,True
sparse,15,512,histgb,full_free,0,free,one_thread_rerun,0.62675158607249,0.62675158607249,0.0,True
sparse,15,512,histgb,full_op_true,0,op_true,original_value_redundancy,0.6360368719024511,0.6360368719024511,0.0,True
sparse,15,512,histgb,full_op_true,0,op_true,one_thread_rerun,0.6360368719024511,0.6360368719024511,0.0,True
sparse,15,512,histgb,drop_free,3,free,original_value_redundancy,0.9675552385032544,0.9675552385032544,0.0,True
sparse,15,512,histgb,drop_free,3,free,one_thread_rerun,0.9675552385032544,0.9675552385032544,0.0,True
sparse,15,512,histgb,drop_op_true,3,op_true,original_value_redundancy,0.6881011383120961,0.6881011383120961,0.0,True
sparse,15,512,histgb,drop_op_true,3,op_true,one_thread_rerun,0.6881011383120961,0.6881011383120961,0.0,True
sparse,15,512,histgb,drop_op_true_signed,3,sig_true,original_value_redundancy,0.6788366336769404,0.6788366336769404,0.0,True
sparse,15,512,histgb,drop_op_true_signed,3,sig_true,one_thread_rerun,0.6788366336769404,0.6788366336769404,0.0,True
sparse,15,512,xgb,full_free,0,free,original_value_redundancy,0.6271385408856842,0.6271385408856842,0.0,True
sparse,15,512,xgb,full_free,0,free,one_thread_rerun,0.6271385408856842,0.6271385408856842,0.0,True
sparse,15,512,xgb,full_op_true,0,op_true,original_value_redundancy,0.6396382119448797,0.6396382119448797,0.0,True
sparse,15,512,xgb,full_op_true,0,op_true,one_thread_rerun,0.6396382119448797,0.6396382119448797,0.0,True
sparse,15,512,xgb,drop_free,3,free,original_value_redundancy,0.9638941814959052,0.9638941814959052,0.0,True
sparse,15,512,xgb,drop_free,3,free,one_thread_rerun,0.9638941814959052,0.9638941814959052,0.0,True
sparse,15,512,xgb,drop_op_true,3,op_true,original_value_redundancy,0.6827199614558536,0.6827199614558536,0.0,True
sparse,15,512,xgb,drop_op_true,3,op_true,one_thread_rerun,0.6827199614558536,0.6827199614558536,0.0,True
sparse,15,512,xgb,drop_op_true_signed,3,sig_true,original_value_redundancy,0.6735635902200116,0.6735635902200116,0.0,True
sparse,15,512,xgb,drop_op_true_signed,3,sig_true,one_thread_rerun,0.6735635902200116,0.6735635902200116,0.0,True
sparse,16,32,histgb,full_free,0,free,original_value_redundancy,0.699831020102918,0.6998575820953141,-2.656199239614576e-05,False
sparse,16,32,histgb,full_free,0,free,one_thread_rerun,0.699831020102918,0.699831020102918,0.0,True
sparse,16,32,histgb,full_op_true,0,op_true,original_value_redundancy,0.6937785112343201,0.6937657680504538,1.2743183866348318e-05,False
sparse,16,32,histgb,full_op_true,0,op_true,one_thread_rerun,0.6937785112343201,0.6937785112343201,0.0,True
sparse,16,32,histgb,drop_free,3,free,original_value_redundancy,0.9083820136910713,0.9083820136910713,0.0,True
sparse,16,32,histgb,drop_free,3,free,one_thread_rerun,0.9083820136910713,0.9083820136910713,0.0,True
sparse,16,32,histgb,drop_op_true,3,op_true,original_value_redundancy,0.7327459888404432,0.7327942692017934,-4.8280361350183654e-05,False
sparse,16,32,histgb,drop_op_true,3,op_true,one_thread_rerun,0.7327459888404432,0.7327459888404432,0.0,True
sparse,16,32,histgb,drop_op_true_signed,3,sig_true,original_value_redundancy,0.7291815443649394,0.7292064357680782,-2.4891403138771473e-05,False
sparse,16,32,histgb,drop_op_true_signed,3,sig_true,one_thread_rerun,0.7291815443649394,0.7291815443649394,0.0,True
sparse,16,32,xgb,full_free,0,free,original_value_redundancy,0.7005994632224433,0.7005994632224433,0.0,True
sparse,16,32,xgb,full_free,0,free,one_thread_rerun,0.7005994632224433,0.7005994632224433,0.0,True
sparse,16,32,xgb,full_op_true,0,op_true,original_value_redundancy,0.6949645533040716,0.6949645533040716,0.0,True
sparse,16,32,xgb,full_op_true,0,op_true,one_thread_rerun,0.6949645533040716,0.6949645533040716,0.0,True
sparse,16,32,xgb,drop_free,3,free,original_value_redundancy,0.9088501876211716,0.9088501876211716,0.0,True
sparse,16,32,xgb,drop_free,3,free,one_thread_rerun,0.9088501876211716,0.9088501876211716,0.0,True
sparse,16,32,xgb,drop_op_true,3,op_true,original_value_redundancy,0.732718648202144,0.732718648202144,0.0,True
sparse,16,32,xgb,drop_op_true,3,op_true,one_thread_rerun,0.732718648202144,0.732718648202144,0.0,True
sparse,16,32,xgb,drop_op_true_signed,3,sig_true,original_value_redundancy,0.7284662356907728,0.7284662356907728,0.0,True
sparse,16,32,xgb,drop_op_true_signed,3,sig_true,one_thread_rerun,0.7284662356907728,0.7284662356907728,0.0,True
sparse,16,512,histgb,full_free,0,free,original_value_redundancy,0.6814619503093687,0.6851787240669056,-0.003716773757536873,False
sparse,16,512,histgb,full_free,0,free,one_thread_rerun,0.6814619503093687,0.6814619503093687,0.0,True
sparse,16,512,histgb,full_op_true,0,op_true,original_value_redundancy,0.6912670109515484,0.6867915720578264,0.004475438893722039,False
sparse,16,512,histgb,full_op_true,0,op_true,one_thread_rerun,0.6912670109515484,0.6912670109515484,0.0,True
sparse,16,512,histgb,drop_free,3,free,original_value_redundancy,0.903548441578482,0.903548441578482,0.0,True
sparse,16,512,histgb,drop_free,3,free,one_thread_rerun,0.903548441578482,0.903548441578482,0.0,True
sparse,16,512,histgb,drop_op_true,3,op_true,original_value_redundancy,0.7355739102901838,0.7355814514096392,-7.541119455334311e-06,False
sparse,16,512,histgb,drop_op_true,3,op_true,one_thread_rerun,0.7355739102901838,0.7355739102901838,0.0,True
sparse,16,512,histgb,drop_op_true_signed,3,sig_true,original_value_redundancy,0.721485349238115,0.7215006281085486,-1.5278870433621528e-05,False
sparse,16,512,histgb,drop_op_true_signed,3,sig_true,one_thread_rerun,0.721485349238115,0.721485349238115,0.0,True
sparse,16,512,xgb,full_free,0,free,original_value_redundancy,0.6891703544980493,0.6891703544980493,0.0,True
sparse,16,512,xgb,full_free,0,free,one_thread_rerun,0.6891703544980493,0.6891703544980493,0.0,True
sparse,16,512,xgb,full_op_true,0,op_true,original_value_redundancy,0.687498079784967,0.687498079784967,0.0,True
sparse,16,512,xgb,full_op_true,0,op_true,one_thread_rerun,0.687498079784967,0.687498079784967,0.0,True
sparse,16,512,xgb,drop_free,3,free,original_value_redundancy,0.907638161816326,0.907638161816326,0.0,True
sparse,16,512,xgb,drop_free,3,free,one_thread_rerun,0.907638161816326,0.907638161816326,0.0,True
sparse,16,512,xgb,drop_op_true,3,op_true,original_value_redundancy,0.7360103756136017,0.7360103756136017,0.0,True
sparse,16,512,xgb,drop_op_true,3,op_true,one_thread_rerun,0.7360103756136017,0.7360103756136017,0.0,True
sparse,16,512,xgb,drop_op_true_signed,3,sig_true,original_value_redundancy,0.7186165533874275,0.7186165533874275,0.0,True
sparse,16,512,xgb,drop_op_true_signed,3,sig_true,one_thread_rerun,0.7186165533874275,0.7186165533874275,0.0,True
sparse,17,32,histgb,full_free,0,free,original_value_redundancy,0.7045586838319882,0.7045586838319882,0.0,True
sparse,17,32,histgb,full_free,0,free,one_thread_rerun,0.7045586838319882,0.7045586838319882,0.0,True
sparse,17,32,histgb,full_op_true,0,op_true,original_value_redundancy,0.699262294685385,0.699262294685385,0.0,True
sparse,17,32,histgb,full_op_true,0,op_true,one_thread_rerun,0.699262294685385,0.699262294685385,0.0,True
sparse,17,32,histgb,drop_free,4,free,original_value_redundancy,0.9925808727413334,0.9925808727413334,0.0,True
sparse,17,32,histgb,drop_free,4,free,one_thread_rerun,0.9925808727413334,0.9925808727413334,0.0,True
sparse,17,32,histgb,drop_op_true,4,op_true,original_value_redundancy,0.7411719723796736,0.7411719723796736,0.0,True
sparse,17,32,histgb,drop_op_true,4,op_true,one_thread_rerun,0.7411719723796736,0.7411719723796736,0.0,True
sparse,17,32,histgb,drop_op_true_signed,4,sig_true,original_value_redundancy,0.7233073581492573,0.7233073581492573,0.0,True
sparse,17,32,histgb,drop_op_true_signed,4,sig_true,one_thread_rerun,0.7233073581492573,0.7233073581492573,0.0,True
sparse,17,32,xgb,full_free,0,free,original_value_redundancy,0.7031765212330862,0.7031765212330862,0.0,True
sparse,17,32,xgb,full_free,0,free,one_thread_rerun,0.7031765212330862,0.7031765212330862,0.0,True
sparse,17,32,xgb,full_op_true,0,op_true,original_value_redundancy,0.6953119638370333,0.6953119638370333,0.0,True
sparse,17,32,xgb,full_op_true,0,op_true,one_thread_rerun,0.6953119638370333,0.6953119638370333,0.0,True
sparse,17,32,xgb,drop_free,4,free,original_value_redundancy,0.992219792543402,0.992219792543402,0.0,True
sparse,17,32,xgb,drop_free,4,free,one_thread_rerun,0.992219792543402,0.992219792543402,0.0,True
sparse,17,32,xgb,drop_op_true,4,op_true,original_value_redundancy,0.7360445059869208,0.7360445059869208,0.0,True
sparse,17,32,xgb,drop_op_true,4,op_true,one_thread_rerun,0.7360445059869208,0.7360445059869208,0.0,True
sparse,17,32,xgb,drop_op_true_signed,4,sig_true,original_value_redundancy,0.7178198572674848,0.7178198572674848,0.0,True
sparse,17,32,xgb,drop_op_true_signed,4,sig_true,one_thread_rerun,0.7178198572674848,0.7178198572674848,0.0,True
sparse,17,512,histgb,full_free,0,free,original_value_redundancy,0.6865136612500544,0.6865136612500544,0.0,True
sparse,17,512,histgb,full_free,0,free,one_thread_rerun,0.6865136612500544,0.6865136612500544,0.0,True
sparse,17,512,histgb,full_op_true,0,op_true,original_value_redundancy,0.6929383649412357,0.6929383649412357,0.0,True
sparse,17,512,histgb,full_op_true,0,op_true,one_thread_rerun,0.6929383649412357,0.6929383649412357,0.0,True
sparse,17,512,histgb,drop_free,4,free,original_value_redundancy,0.9624866342273113,0.9624866342273113,0.0,True
sparse,17,512,histgb,drop_free,4,free,one_thread_rerun,0.9624866342273113,0.9624866342273113,0.0,True
sparse,17,512,histgb,drop_op_true,4,op_true,original_value_redundancy,0.7181923845151869,0.7181923845151869,0.0,True
sparse,17,512,histgb,drop_op_true,4,op_true,one_thread_rerun,0.7181923845151869,0.7181923845151869,0.0,True
sparse,17,512,histgb,drop_op_true_signed,4,sig_true,original_value_redundancy,0.7043377714750103,0.7043377714750103,0.0,True
sparse,17,512,histgb,drop_op_true_signed,4,sig_true,one_thread_rerun,0.7043377714750103,0.7043377714750103,0.0,True
sparse,17,512,xgb,full_free,0,free,original_value_redundancy,0.6852104005008146,0.6852104005008146,0.0,True
sparse,17,512,xgb,full_free,0,free,one_thread_rerun,0.6852104005008146,0.6852104005008146,0.0,True
sparse,17,512,xgb,full_op_true,0,op_true,original_value_redundancy,0.6920887490037774,0.6920887490037774,0.0,True
sparse,17,512,xgb,full_op_true,0,op_true,one_thread_rerun,0.6920887490037774,0.6920887490037774,0.0,True
sparse,17,512,xgb,drop_free,4,free,original_value_redundancy,0.9653054920114555,0.9653054920114555,0.0,True
sparse,17,512,xgb,drop_free,4,free,one_thread_rerun,0.9653054920114555,0.9653054920114555,0.0,True
sparse,17,512,xgb,drop_op_true,4,op_true,original_value_redundancy,0.7223701887056109,0.7223701887056109,0.0,True
sparse,17,512,xgb,drop_op_true,4,op_true,one_thread_rerun,0.7223701887056109,0.7223701887056109,0.0,True
sparse,17,512,xgb,drop_op_true_signed,4,sig_true,original_value_redundancy,0.7022550182614593,0.7022550182614593,0.0,True
sparse,17,512,xgb,drop_op_true_signed,4,sig_true,one_thread_rerun,0.7022550182614593,0.7022550182614593,0.0,True
sparse,18,32,histgb,full_free,0,free,original_value_redundancy,0.7569154418621051,0.7569154418621051,0.0,True
sparse,18,32,histgb,full_free,0,free,one_thread_rerun,0.7569154418621051,0.7569154418621051,0.0,True
sparse,18,32,histgb,full_op_true,0,op_true,original_value_redundancy,0.7583067203596747,0.7583067203596747,0.0,True
sparse,18,32,histgb,full_op_true,0,op_true,one_thread_rerun,0.7583067203596747,0.7583067203596747,0.0,True
sparse,18,32,histgb,drop_free,4,free,original_value_redundancy,1.0011284645851637,1.0011284645851637,0.0,True
sparse,18,32,histgb,drop_free,4,free,one_thread_rerun,1.0011284645851637,1.0011284645851637,0.0,True
sparse,18,32,histgb,drop_op_true,4,op_true,original_value_redundancy,0.7983839033553676,0.7983839033553676,0.0,True
sparse,18,32,histgb,drop_op_true,4,op_true,one_thread_rerun,0.7983839033553676,0.7983839033553676,0.0,True
sparse,18,32,histgb,drop_op_true_signed,4,sig_true,original_value_redundancy,0.7777289807282245,0.7777289807282245,0.0,True
sparse,18,32,histgb,drop_op_true_signed,4,sig_true,one_thread_rerun,0.7777289807282245,0.7777289807282245,0.0,True
sparse,18,32,xgb,full_free,0,free,original_value_redundancy,0.7602703638821273,0.7602703638821273,0.0,True
sparse,18,32,xgb,full_free,0,free,one_thread_rerun,0.7602703638821273,0.7602703638821273,0.0,True
sparse,18,32,xgb,full_op_true,0,op_true,original_value_redundancy,0.7621808281562699,0.7621808281562699,0.0,True
sparse,18,32,xgb,full_op_true,0,op_true,one_thread_rerun,0.7621808281562699,0.7621808281562699,0.0,True
sparse,18,32,xgb,drop_free,4,free,original_value_redundancy,1.0027889741426959,1.0027889741426959,0.0,True
sparse,18,32,xgb,drop_free,4,free,one_thread_rerun,1.0027889741426959,1.0027889741426959,0.0,True
sparse,18,32,xgb,drop_op_true,4,op_true,original_value_redundancy,0.8029414355864002,0.8029414355864002,0.0,True
sparse,18,32,xgb,drop_op_true,4,op_true,one_thread_rerun,0.8029414355864002,0.8029414355864002,0.0,True
sparse,18,32,xgb,drop_op_true_signed,4,sig_true,original_value_redundancy,0.7812446119070676,0.7812446119070676,0.0,True
sparse,18,32,xgb,drop_op_true_signed,4,sig_true,one_thread_rerun,0.7812446119070676,0.7812446119070676,0.0,True
sparse,18,512,histgb,full_free,0,free,original_value_redundancy,0.7522534169655206,0.7522534169655206,0.0,True
sparse,18,512,histgb,full_free,0,free,one_thread_rerun,0.7522534169655206,0.7522534169655206,0.0,True
sparse,18,512,histgb,full_op_true,0,op_true,original_value_redundancy,0.7514249426139651,0.7514249426139651,0.0,True
sparse,18,512,histgb,full_op_true,0,op_true,one_thread_rerun,0.7514249426139651,0.7514249426139651,0.0,True
sparse,18,512,histgb,drop_free,4,free,original_value_redundancy,0.9853297705658501,0.9853297705658501,0.0,True
sparse,18,512,histgb,drop_free,4,free,one_thread_rerun,0.9853297705658501,0.9853297705658501,0.0,True
sparse,18,512,histgb,drop_op_true,4,op_true,original_value_redundancy,0.7908675072366766,0.7908675072366766,0.0,True
sparse,18,512,histgb,drop_op_true,4,op_true,one_thread_rerun,0.7908675072366766,0.7908675072366766,0.0,True
sparse,18,512,histgb,drop_op_true_signed,4,sig_true,original_value_redundancy,0.7714603817525774,0.7714603817525774,0.0,True
sparse,18,512,histgb,drop_op_true_signed,4,sig_true,one_thread_rerun,0.7714603817525774,0.7714603817525774,0.0,True
sparse,18,512,xgb,full_free,0,free,original_value_redundancy,0.7447782045961555,0.7447782045961555,0.0,True
sparse,18,512,xgb,full_free,0,free,one_thread_rerun,0.7447782045961555,0.7447782045961555,0.0,True
sparse,18,512,xgb,full_op_true,0,op_true,original_value_redundancy,0.7394550103290329,0.7394550103290329,0.0,True
sparse,18,512,xgb,full_op_true,0,op_true,one_thread_rerun,0.7394550103290329,0.7394550103290329,0.0,True
sparse,18,512,xgb,drop_free,4,free,original_value_redundancy,0.9786752726022068,0.9786752726022068,0.0,True
sparse,18,512,xgb,drop_free,4,free,one_thread_rerun,0.9786752726022068,0.9786752726022068,0.0,True
sparse,18,512,xgb,drop_op_true,4,op_true,original_value_redundancy,0.7892523522986616,0.7892523522986616,0.0,True
sparse,18,512,xgb,drop_op_true,4,op_true,one_thread_rerun,0.7892523522986616,0.7892523522986616,0.0,True
sparse,18,512,xgb,drop_op_true_signed,4,sig_true,original_value_redundancy,0.7697540999069353,0.7697540999069353,0.0,True
sparse,18,512,xgb,drop_op_true_signed,4,sig_true,one_thread_rerun,0.7697540999069353,0.7697540999069353,0.0,True
sparse,19,32,histgb,full_free,0,free,original_value_redundancy,0.7523751959222575,0.7530099295254569,-0.0006347336031993223,False
sparse,19,32,histgb,full_free,0,free,one_thread_rerun,0.7523751959222575,0.7523751959222575,0.0,True
sparse,19,32,histgb,full_op_true,0,op_true,original_value_redundancy,0.7545409146842421,0.7572720233563681,-0.0027311086721260036,False
sparse,19,32,histgb,full_op_true,0,op_true,one_thread_rerun,0.7545409146842421,0.7545409146842421,0.0,True
sparse,19,32,histgb,drop_free,4,free,original_value_redundancy,1.0125491027918916,1.0125491027918916,0.0,True
sparse,19,32,histgb,drop_free,4,free,one_thread_rerun,1.0125491027918916,1.0125491027918916,0.0,True
sparse,19,32,histgb,drop_op_true,4,op_true,original_value_redundancy,0.7859922813869917,0.7860718958974896,-7.961451049787183e-05,False
sparse,19,32,histgb,drop_op_true,4,op_true,one_thread_rerun,0.7859922813869917,0.7859922813869917,0.0,True
sparse,19,32,histgb,drop_op_true_signed,4,sig_true,original_value_redundancy,0.7719862250959466,0.7720254685605284,-3.924346458183958e-05,False
sparse,19,32,histgb,drop_op_true_signed,4,sig_true,one_thread_rerun,0.7719862250959466,0.7719862250959466,0.0,True
sparse,19,32,xgb,full_free,0,free,original_value_redundancy,0.7552421626767357,0.7552421626767357,0.0,True
sparse,19,32,xgb,full_free,0,free,one_thread_rerun,0.7552421626767357,0.7552421626767357,0.0,True
sparse,19,32,xgb,full_op_true,0,op_true,original_value_redundancy,0.7559792440581384,0.7559792440581384,0.0,True
sparse,19,32,xgb,full_op_true,0,op_true,one_thread_rerun,0.7559792440581384,0.7559792440581384,0.0,True
sparse,19,32,xgb,drop_free,4,free,original_value_redundancy,1.0174799138503743,1.0174799138503745,-2.220446049250313e-16,False
sparse,19,32,xgb,drop_free,4,free,one_thread_rerun,1.0174799138503743,1.0174799138503743,0.0,True
sparse,19,32,xgb,drop_op_true,4,op_true,original_value_redundancy,0.7859154014207043,0.7859154014207043,0.0,True
sparse,19,32,xgb,drop_op_true,4,op_true,one_thread_rerun,0.7859154014207043,0.7859154014207043,0.0,True
sparse,19,32,xgb,drop_op_true_signed,4,sig_true,original_value_redundancy,0.7717907831992838,0.7717907831992838,0.0,True
sparse,19,32,xgb,drop_op_true_signed,4,sig_true,one_thread_rerun,0.7717907831992838,0.7717907831992838,0.0,True
sparse,19,512,histgb,full_free,0,free,original_value_redundancy,0.7249522122827835,0.7246342674133199,0.00031794486946357114,False
sparse,19,512,histgb,full_free,0,free,one_thread_rerun,0.7249522122827835,0.7249522122827835,0.0,True
sparse,19,512,histgb,full_op_true,0,op_true,original_value_redundancy,0.7322487102764375,0.7327132705547489,-0.0004645602783114322,False
sparse,19,512,histgb,full_op_true,0,op_true,one_thread_rerun,0.7322487102764375,0.7322487102764375,0.0,True
sparse,19,512,histgb,drop_free,4,free,original_value_redundancy,0.9944795006599144,0.9944795006599146,-2.220446049250313e-16,False
sparse,19,512,histgb,drop_free,4,free,one_thread_rerun,0.9944795006599144,0.9944795006599144,0.0,True
sparse,19,512,histgb,drop_op_true,4,op_true,original_value_redundancy,0.7584133944973193,0.761562933648147,-0.003149539150827718,False
sparse,19,512,histgb,drop_op_true,4,op_true,one_thread_rerun,0.7584133944973193,0.7584133944973193,0.0,True
sparse,19,512,histgb,drop_op_true_signed,4,sig_true,original_value_redundancy,0.7472076779266081,0.7489548338597006,-0.0017471559330924924,False
sparse,19,512,histgb,drop_op_true_signed,4,sig_true,one_thread_rerun,0.7472076779266081,0.7472076779266081,0.0,True
sparse,19,512,xgb,full_free,0,free,original_value_redundancy,0.7204209218848696,0.7204209218848696,0.0,True
sparse,19,512,xgb,full_free,0,free,one_thread_rerun,0.7204209218848696,0.7204209218848696,0.0,True
sparse,19,512,xgb,full_op_true,0,op_true,original_value_redundancy,0.7368346429310546,0.7368346429310546,0.0,True
sparse,19,512,xgb,full_op_true,0,op_true,one_thread_rerun,0.7368346429310546,0.7368346429310546,0.0,True
sparse,19,512,xgb,drop_free,4,free,original_value_redundancy,0.9926901877797226,0.9926901877797226,0.0,True
sparse,19,512,xgb,drop_free,4,free,one_thread_rerun,0.9926901877797226,0.9926901877797226,0.0,True
sparse,19,512,xgb,drop_op_true,4,op_true,original_value_redundancy,0.7671314158157598,0.7671314158157598,0.0,True
sparse,19,512,xgb,drop_op_true,4,op_true,one_thread_rerun,0.7671314158157598,0.7671314158157598,0.0,True
sparse,19,512,xgb,drop_op_true_signed,4,sig_true,original_value_redundancy,0.7476860541123272,0.7476860541123272,0.0,True
sparse,19,512,xgb,drop_op_true_signed,4,sig_true,one_thread_rerun,0.7476860541123272,0.7476860541123272,0.0,True
