category,path,description
tabllm,experiments/tabllm_all_reference_k512_v1/evidence_v1/ref_01/bank/k512/seed0/metrics.json,Existing scientific record; see category index
tabllm,experiments/tabllm_all_reference_k512_v1/evidence_v1/ref_01/bank/k512/seed1/metrics.json,Existing scientific record; see category index
tabllm,experiments/tabllm_all_reference_k512_v1/evidence_v1/ref_01/bank/k512/seed1024/metrics.json,Existing scientific record; see category index
tabllm,experiments/tabllm_all_reference_k512_v1/evidence_v1/ref_01/bank/k512/seed32/metrics.json,Existing scientific record; see category index
tabllm,experiments/tabllm_all_reference_k512_v1/evidence_v1/ref_01/bank/k512/seed42/metrics.json,Existing scientific record; see category index
tabllm,experiments/tabllm_all_reference_k512_v1/evidence_v1/ref_01/blood/k512/seed0/metrics.json,Existing scientific record; see category index
tabllm,experiments/tabllm_all_reference_k512_v1/evidence_v1/ref_01/blood/k512/seed1/metrics.json,Existing scientific record; see category index
tabllm,experiments/tabllm_all_reference_k512_v1/evidence_v1/ref_01/blood/k512/seed1024/metrics.json,Existing scientific record; see category index
tabllm,experiments/tabllm_all_reference_k512_v1/evidence_v1/ref_01/blood/k512/seed32/metrics.json,Existing scientific record; see category index
tabllm,experiments/tabllm_all_reference_k512_v1/evidence_v1/ref_01/blood/k512/seed42/metrics.json,Existing scientific record; see category index
tabllm,experiments/tabllm_all_reference_k512_v1/evidence_v1/ref_01/calhousing/k512/seed0/metrics.json,Existing scientific record; see category index
tabllm,experiments/tabllm_all_reference_k512_v1/evidence_v1/ref_01/calhousing/k512/seed1/metrics.json,Existing scientific record; see category index
tabllm,experiments/tabllm_all_reference_k512_v1/evidence_v1/ref_01/calhousing/k512/seed1024/metrics.json,Existing scientific record; see category index
tabllm,experiments/tabllm_all_reference_k512_v1/evidence_v1/ref_01/calhousing/k512/seed32/metrics.json,Existing scientific record; see category index
tabllm,experiments/tabllm_all_reference_k512_v1/evidence_v1/ref_01/calhousing/k512/seed42/metrics.json,Existing scientific record; see category index
tabllm,experiments/tabllm_all_reference_k512_v1/evidence_v1/ref_01/car/k512/seed0/metrics.json,Existing scientific record; see category index
tabllm,experiments/tabllm_all_reference_k512_v1/evidence_v1/ref_01/car/k512/seed1/metrics.json,Existing scientific record; see category index
tabllm,experiments/tabllm_all_reference_k512_v1/evidence_v1/ref_01/car/k512/seed1024/metrics.json,Existing scientific record; see category index
tabllm,experiments/tabllm_all_reference_k512_v1/evidence_v1/ref_01/car/k512/seed32/metrics.json,Existing scientific record; see category index
tabllm,experiments/tabllm_all_reference_k512_v1/evidence_v1/ref_01/car/k512/seed42/metrics.json,Existing scientific record; see category index
tabllm,experiments/tabllm_all_reference_k512_v1/evidence_v1/ref_01/creditg/k512/seed0/metrics.json,Existing scientific record; see category index
tabllm,experiments/tabllm_all_reference_k512_v1/evidence_v1/ref_01/creditg/k512/seed1/metrics.json,Existing scientific record; see category index
tabllm,experiments/tabllm_all_reference_k512_v1/evidence_v1/ref_01/creditg/k512/seed1024/metrics.json,Existing scientific record; see category index
tabllm,experiments/tabllm_all_reference_k512_v1/evidence_v1/ref_01/creditg/k512/seed32/metrics.json,Existing scientific record; see category index
tabllm,experiments/tabllm_all_reference_k512_v1/evidence_v1/ref_01/creditg/k512/seed42/metrics.json,Existing scientific record; see category index
tabllm,experiments/tabllm_all_reference_k512_v1/evidence_v1/ref_01/diabetes/k512/seed0/metrics.json,Existing scientific record; see category index
tabllm,experiments/tabllm_all_reference_k512_v1/evidence_v1/ref_01/diabetes/k512/seed1/metrics.json,Existing scientific record; see category index
tabllm,experiments/tabllm_all_reference_k512_v1/evidence_v1/ref_01/diabetes/k512/seed1024/metrics.json,Existing scientific record; see category index
tabllm,experiments/tabllm_all_reference_k512_v1/evidence_v1/ref_01/diabetes/k512/seed32/metrics.json,Existing scientific record; see category index
tabllm,experiments/tabllm_all_reference_k512_v1/evidence_v1/ref_01/diabetes/k512/seed42/metrics.json,Existing scientific record; see category index
tabllm,experiments/tabllm_all_reference_k512_v1/evidence_v1/ref_01/heart/k512/seed0/metrics.json,Existing scientific record; see category index
tabllm,experiments/tabllm_all_reference_k512_v1/evidence_v1/ref_01/heart/k512/seed1/metrics.json,Existing scientific record; see category index
tabllm,experiments/tabllm_all_reference_k512_v1/evidence_v1/ref_01/heart/k512/seed1024/metrics.json,Existing scientific record; see category index
tabllm,experiments/tabllm_all_reference_k512_v1/evidence_v1/ref_01/heart/k512/seed32/metrics.json,Existing scientific record; see category index
tabllm,experiments/tabllm_all_reference_k512_v1/evidence_v1/ref_01/heart/k512/seed42/metrics.json,Existing scientific record; see category index
tabllm,experiments/tabllm_all_reference_k512_v1/evidence_v1/ref_01/income/k512/seed0/metrics.json,Existing scientific record; see category index
tabllm,experiments/tabllm_all_reference_k512_v1/evidence_v1/ref_01/income/k512/seed1/metrics.json,Existing scientific record; see category index
tabllm,experiments/tabllm_all_reference_k512_v1/evidence_v1/ref_01/income/k512/seed1024/metrics.json,Existing scientific record; see category index
tabllm,experiments/tabllm_all_reference_k512_v1/evidence_v1/ref_01/income/k512/seed32/metrics.json,Existing scientific record; see category index
tabllm,experiments/tabllm_all_reference_k512_v1/evidence_v1/ref_01/income/k512/seed42/metrics.json,Existing scientific record; see category index
tabllm,experiments/tabllm_all_reference_k512_v1/evidence_v1/ref_01/jungle/k512/seed0/metrics.json,Existing scientific record; see category index
tabllm,experiments/tabllm_all_reference_k512_v1/evidence_v1/ref_01/jungle/k512/seed1/metrics.json,Existing scientific record; see category index
tabllm,experiments/tabllm_all_reference_k512_v1/evidence_v1/ref_01/jungle/k512/seed1024/metrics.json,Existing scientific record; see category index
tabllm,experiments/tabllm_all_reference_k512_v1/evidence_v1/ref_01/jungle/k512/seed32/metrics.json,Existing scientific record; see category index
tabllm,experiments/tabllm_all_reference_k512_v1/evidence_v1/ref_01/jungle/k512/seed42/metrics.json,Existing scientific record; see category index
tabllm,experiments/tabllm_all_reference_k512_v1/evidence_v1/ref_02/bank/k512/seed0/metrics.json,Existing scientific record; see category index
tabllm,experiments/tabllm_all_reference_k512_v1/evidence_v1/ref_02/bank/k512/seed1/metrics.json,Existing scientific record; see category index
tabllm,experiments/tabllm_all_reference_k512_v1/evidence_v1/ref_02/bank/k512/seed1024/metrics.json,Existing scientific record; see category index
tabllm,experiments/tabllm_all_reference_k512_v1/evidence_v1/ref_02/bank/k512/seed32/metrics.json,Existing scientific record; see category index
tabllm,experiments/tabllm_all_reference_k512_v1/evidence_v1/ref_02/bank/k512/seed42/metrics.json,Existing scientific record; see category index
tabllm,experiments/tabllm_all_reference_k512_v1/evidence_v1/ref_02/blood/k512/seed0/metrics.json,Existing scientific record; see category index
tabllm,experiments/tabllm_all_reference_k512_v1/evidence_v1/ref_02/blood/k512/seed1/metrics.json,Existing scientific record; see category index
tabllm,experiments/tabllm_all_reference_k512_v1/evidence_v1/ref_02/blood/k512/seed1024/metrics.json,Existing scientific record; see category index
tabllm,experiments/tabllm_all_reference_k512_v1/evidence_v1/ref_02/blood/k512/seed32/metrics.json,Existing scientific record; see category index
tabllm,experiments/tabllm_all_reference_k512_v1/evidence_v1/ref_02/blood/k512/seed42/metrics.json,Existing scientific record; see category index
tabllm,experiments/tabllm_all_reference_k512_v1/evidence_v1/ref_02/calhousing/k512/seed0/metrics.json,Existing scientific record; see category index
tabllm,experiments/tabllm_all_reference_k512_v1/evidence_v1/ref_02/calhousing/k512/seed1/metrics.json,Existing scientific record; see category index
tabllm,experiments/tabllm_all_reference_k512_v1/evidence_v1/ref_02/calhousing/k512/seed1024/metrics.json,Existing scientific record; see category index
tabllm,experiments/tabllm_all_reference_k512_v1/evidence_v1/ref_02/calhousing/k512/seed32/metrics.json,Existing scientific record; see category index
tabllm,experiments/tabllm_all_reference_k512_v1/evidence_v1/ref_02/calhousing/k512/seed42/metrics.json,Existing scientific record; see category index
tabllm,experiments/tabllm_all_reference_k512_v1/evidence_v1/ref_02/car/k512/seed0/metrics.json,Existing scientific record; see category index
tabllm,experiments/tabllm_all_reference_k512_v1/evidence_v1/ref_02/car/k512/seed1/metrics.json,Existing scientific record; see category index
tabllm,experiments/tabllm_all_reference_k512_v1/evidence_v1/ref_02/car/k512/seed1024/metrics.json,Existing scientific record; see category index
tabllm,experiments/tabllm_all_reference_k512_v1/evidence_v1/ref_02/car/k512/seed32/metrics.json,Existing scientific record; see category index
tabllm,experiments/tabllm_all_reference_k512_v1/evidence_v1/ref_02/car/k512/seed42/metrics.json,Existing scientific record; see category index
tabllm,experiments/tabllm_all_reference_k512_v1/evidence_v1/ref_02/creditg/k512/seed0/metrics.json,Existing scientific record; see category index
tabllm,experiments/tabllm_all_reference_k512_v1/evidence_v1/ref_02/creditg/k512/seed1/metrics.json,Existing scientific record; see category index
tabllm,experiments/tabllm_all_reference_k512_v1/evidence_v1/ref_02/creditg/k512/seed1024/metrics.json,Existing scientific record; see category index
tabllm,experiments/tabllm_all_reference_k512_v1/evidence_v1/ref_02/creditg/k512/seed32/metrics.json,Existing scientific record; see category index
tabllm,experiments/tabllm_all_reference_k512_v1/evidence_v1/ref_02/creditg/k512/seed42/metrics.json,Existing scientific record; see category index
tabllm,experiments/tabllm_all_reference_k512_v1/evidence_v1/ref_02/diabetes/k512/seed0/metrics.json,Existing scientific record; see category index
tabllm,experiments/tabllm_all_reference_k512_v1/evidence_v1/ref_02/diabetes/k512/seed1/metrics.json,Existing scientific record; see category index
tabllm,experiments/tabllm_all_reference_k512_v1/evidence_v1/ref_02/diabetes/k512/seed1024/metrics.json,Existing scientific record; see category index
tabllm,experiments/tabllm_all_reference_k512_v1/evidence_v1/ref_02/diabetes/k512/seed32/metrics.json,Existing scientific record; see category index
tabllm,experiments/tabllm_all_reference_k512_v1/evidence_v1/ref_02/diabetes/k512/seed42/metrics.json,Existing scientific record; see category index
tabllm,experiments/tabllm_all_reference_k512_v1/evidence_v1/ref_02/heart/k512/seed0/metrics.json,Existing scientific record; see category index
tabllm,experiments/tabllm_all_reference_k512_v1/evidence_v1/ref_02/heart/k512/seed1/metrics.json,Existing scientific record; see category index
tabllm,experiments/tabllm_all_reference_k512_v1/evidence_v1/ref_02/heart/k512/seed1024/metrics.json,Existing scientific record; see category index
tabllm,experiments/tabllm_all_reference_k512_v1/evidence_v1/ref_02/heart/k512/seed32/metrics.json,Existing scientific record; see category index
tabllm,experiments/tabllm_all_reference_k512_v1/evidence_v1/ref_02/heart/k512/seed42/metrics.json,Existing scientific record; see category index
tabllm,experiments/tabllm_all_reference_k512_v1/evidence_v1/ref_02/income/k512/seed0/metrics.json,Existing scientific record; see category index
tabllm,experiments/tabllm_all_reference_k512_v1/evidence_v1/ref_02/income/k512/seed1/metrics.json,Existing scientific record; see category index
tabllm,experiments/tabllm_all_reference_k512_v1/evidence_v1/ref_02/income/k512/seed1024/metrics.json,Existing scientific record; see category index
tabllm,experiments/tabllm_all_reference_k512_v1/evidence_v1/ref_02/income/k512/seed32/metrics.json,Existing scientific record; see category index
tabllm,experiments/tabllm_all_reference_k512_v1/evidence_v1/ref_02/income/k512/seed42/metrics.json,Existing scientific record; see category index
tabllm,experiments/tabllm_all_reference_k512_v1/evidence_v1/ref_02/jungle/k512/seed0/metrics.json,Existing scientific record; see category index
tabllm,experiments/tabllm_all_reference_k512_v1/evidence_v1/ref_02/jungle/k512/seed1/metrics.json,Existing scientific record; see category index
tabllm,experiments/tabllm_all_reference_k512_v1/evidence_v1/ref_02/jungle/k512/seed1024/metrics.json,Existing scientific record; see category index
tabllm,experiments/tabllm_all_reference_k512_v1/evidence_v1/ref_02/jungle/k512/seed32/metrics.json,Existing scientific record; see category index
tabllm,experiments/tabllm_all_reference_k512_v1/evidence_v1/ref_02/jungle/k512/seed42/metrics.json,Existing scientific record; see category index
tabllm,experiments/tabllm_all_reference_k512_v1/evidence_v1/ref_03/bank/k512/seed0/metrics.json,Existing scientific record; see category index
tabllm,experiments/tabllm_all_reference_k512_v1/evidence_v1/ref_03/bank/k512/seed1/metrics.json,Existing scientific record; see category index
tabllm,experiments/tabllm_all_reference_k512_v1/evidence_v1/ref_03/bank/k512/seed1024/metrics.json,Existing scientific record; see category index
tabllm,experiments/tabllm_all_reference_k512_v1/evidence_v1/ref_03/bank/k512/seed32/metrics.json,Existing scientific record; see category index
tabllm,experiments/tabllm_all_reference_k512_v1/evidence_v1/ref_03/bank/k512/seed42/metrics.json,Existing scientific record; see category index
tabllm,experiments/tabllm_all_reference_k512_v1/evidence_v1/ref_03/blood/k512/seed0/metrics.json,Existing scientific record; see category index
tabllm,experiments/tabllm_all_reference_k512_v1/evidence_v1/ref_03/blood/k512/seed1/metrics.json,Existing scientific record; see category index
tabllm,experiments/tabllm_all_reference_k512_v1/evidence_v1/ref_03/blood/k512/seed1024/metrics.json,Existing scientific record; see category index
tabllm,experiments/tabllm_all_reference_k512_v1/evidence_v1/ref_03/blood/k512/seed32/metrics.json,Existing scientific record; see category index
tabllm,experiments/tabllm_all_reference_k512_v1/evidence_v1/ref_03/blood/k512/seed42/metrics.json,Existing scientific record; see category index
tabllm,experiments/tabllm_all_reference_k512_v1/evidence_v1/ref_03/calhousing/k512/seed0/metrics.json,Existing scientific record; see category index
tabllm,experiments/tabllm_all_reference_k512_v1/evidence_v1/ref_03/calhousing/k512/seed1/metrics.json,Existing scientific record; see category index
tabllm,experiments/tabllm_all_reference_k512_v1/evidence_v1/ref_03/calhousing/k512/seed1024/metrics.json,Existing scientific record; see category index
tabllm,experiments/tabllm_all_reference_k512_v1/evidence_v1/ref_03/calhousing/k512/seed32/metrics.json,Existing scientific record; see category index
tabllm,experiments/tabllm_all_reference_k512_v1/evidence_v1/ref_03/calhousing/k512/seed42/metrics.json,Existing scientific record; see category index
tabllm,experiments/tabllm_all_reference_k512_v1/evidence_v1/ref_03/car/k512/seed0/metrics.json,Existing scientific record; see category index
tabllm,experiments/tabllm_all_reference_k512_v1/evidence_v1/ref_03/car/k512/seed1/metrics.json,Existing scientific record; see category index
tabllm,experiments/tabllm_all_reference_k512_v1/evidence_v1/ref_03/car/k512/seed1024/metrics.json,Existing scientific record; see category index
tabllm,experiments/tabllm_all_reference_k512_v1/evidence_v1/ref_03/car/k512/seed32/metrics.json,Existing scientific record; see category index
tabllm,experiments/tabllm_all_reference_k512_v1/evidence_v1/ref_03/car/k512/seed42/metrics.json,Existing scientific record; see category index
tabllm,experiments/tabllm_all_reference_k512_v1/evidence_v1/ref_03/creditg/k512/seed0/metrics.json,Existing scientific record; see category index
tabllm,experiments/tabllm_all_reference_k512_v1/evidence_v1/ref_03/creditg/k512/seed1/metrics.json,Existing scientific record; see category index
tabllm,experiments/tabllm_all_reference_k512_v1/evidence_v1/ref_03/creditg/k512/seed1024/metrics.json,Existing scientific record; see category index
tabllm,experiments/tabllm_all_reference_k512_v1/evidence_v1/ref_03/creditg/k512/seed32/metrics.json,Existing scientific record; see category index
tabllm,experiments/tabllm_all_reference_k512_v1/evidence_v1/ref_03/creditg/k512/seed42/metrics.json,Existing scientific record; see category index
tabllm,experiments/tabllm_all_reference_k512_v1/evidence_v1/ref_03/diabetes/k512/seed0/metrics.json,Existing scientific record; see category index
tabllm,experiments/tabllm_all_reference_k512_v1/evidence_v1/ref_03/diabetes/k512/seed1/metrics.json,Existing scientific record; see category index
tabllm,experiments/tabllm_all_reference_k512_v1/evidence_v1/ref_03/diabetes/k512/seed1024/metrics.json,Existing scientific record; see category index
tabllm,experiments/tabllm_all_reference_k512_v1/evidence_v1/ref_03/diabetes/k512/seed32/metrics.json,Existing scientific record; see category index
tabllm,experiments/tabllm_all_reference_k512_v1/evidence_v1/ref_03/diabetes/k512/seed42/metrics.json,Existing scientific record; see category index
tabllm,experiments/tabllm_all_reference_k512_v1/evidence_v1/ref_03/heart/k512/seed0/metrics.json,Existing scientific record; see category index
tabllm,experiments/tabllm_all_reference_k512_v1/evidence_v1/ref_03/heart/k512/seed1/metrics.json,Existing scientific record; see category index
tabllm,experiments/tabllm_all_reference_k512_v1/evidence_v1/ref_03/heart/k512/seed1024/metrics.json,Existing scientific record; see category index
tabllm,experiments/tabllm_all_reference_k512_v1/evidence_v1/ref_03/heart/k512/seed32/metrics.json,Existing scientific record; see category index
tabllm,experiments/tabllm_all_reference_k512_v1/evidence_v1/ref_03/heart/k512/seed42/metrics.json,Existing scientific record; see category index
tabllm,experiments/tabllm_all_reference_k512_v1/evidence_v1/ref_03/income/k512/seed0/metrics.json,Existing scientific record; see category index
tabllm,experiments/tabllm_all_reference_k512_v1/evidence_v1/ref_03/income/k512/seed1/metrics.json,Existing scientific record; see category index
tabllm,experiments/tabllm_all_reference_k512_v1/evidence_v1/ref_03/income/k512/seed1024/metrics.json,Existing scientific record; see category index
tabllm,experiments/tabllm_all_reference_k512_v1/evidence_v1/ref_03/income/k512/seed32/metrics.json,Existing scientific record; see category index
tabllm,experiments/tabllm_all_reference_k512_v1/evidence_v1/ref_03/income/k512/seed42/metrics.json,Existing scientific record; see category index
tabllm,experiments/tabllm_all_reference_k512_v1/evidence_v1/ref_03/jungle/k512/seed0/metrics.json,Existing scientific record; see category index
tabllm,experiments/tabllm_all_reference_k512_v1/evidence_v1/ref_03/jungle/k512/seed1/metrics.json,Existing scientific record; see category index
tabllm,experiments/tabllm_all_reference_k512_v1/evidence_v1/ref_03/jungle/k512/seed1024/metrics.json,Existing scientific record; see category index
tabllm,experiments/tabllm_all_reference_k512_v1/evidence_v1/ref_03/jungle/k512/seed32/metrics.json,Existing scientific record; see category index
tabllm,experiments/tabllm_all_reference_k512_v1/evidence_v1/ref_03/jungle/k512/seed42/metrics.json,Existing scientific record; see category index
tabllm,experiments/tabllm_all_reference_k512_v1/evidence_v1/ref_05/bank/k512/seed0/metrics.json,Existing scientific record; see category index
tabllm,experiments/tabllm_all_reference_k512_v1/evidence_v1/ref_05/bank/k512/seed1/metrics.json,Existing scientific record; see category index
tabllm,experiments/tabllm_all_reference_k512_v1/evidence_v1/ref_05/bank/k512/seed1024/metrics.json,Existing scientific record; see category index
tabllm,experiments/tabllm_all_reference_k512_v1/evidence_v1/ref_05/bank/k512/seed32/metrics.json,Existing scientific record; see category index
tabllm,experiments/tabllm_all_reference_k512_v1/evidence_v1/ref_05/bank/k512/seed42/metrics.json,Existing scientific record; see category index
tabllm,experiments/tabllm_all_reference_k512_v1/evidence_v1/ref_05/blood/k512/seed0/metrics.json,Existing scientific record; see category index
tabllm,experiments/tabllm_all_reference_k512_v1/evidence_v1/ref_05/blood/k512/seed1/metrics.json,Existing scientific record; see category index
tabllm,experiments/tabllm_all_reference_k512_v1/evidence_v1/ref_05/blood/k512/seed1024/metrics.json,Existing scientific record; see category index
tabllm,experiments/tabllm_all_reference_k512_v1/evidence_v1/ref_05/blood/k512/seed32/metrics.json,Existing scientific record; see category index
tabllm,experiments/tabllm_all_reference_k512_v1/evidence_v1/ref_05/blood/k512/seed42/metrics.json,Existing scientific record; see category index
tabllm,experiments/tabllm_all_reference_k512_v1/evidence_v1/ref_05/calhousing/k512/seed0/metrics.json,Existing scientific record; see category index
tabllm,experiments/tabllm_all_reference_k512_v1/evidence_v1/ref_05/calhousing/k512/seed1/metrics.json,Existing scientific record; see category index
tabllm,experiments/tabllm_all_reference_k512_v1/evidence_v1/ref_05/calhousing/k512/seed1024/metrics.json,Existing scientific record; see category index
tabllm,experiments/tabllm_all_reference_k512_v1/evidence_v1/ref_05/calhousing/k512/seed32/metrics.json,Existing scientific record; see category index
tabllm,experiments/tabllm_all_reference_k512_v1/evidence_v1/ref_05/calhousing/k512/seed42/metrics.json,Existing scientific record; see category index
tabllm,experiments/tabllm_all_reference_k512_v1/evidence_v1/ref_05/car/k512/seed0/metrics.json,Existing scientific record; see category index
tabllm,experiments/tabllm_all_reference_k512_v1/evidence_v1/ref_05/car/k512/seed1/metrics.json,Existing scientific record; see category index
tabllm,experiments/tabllm_all_reference_k512_v1/evidence_v1/ref_05/car/k512/seed1024/metrics.json,Existing scientific record; see category index
tabllm,experiments/tabllm_all_reference_k512_v1/evidence_v1/ref_05/car/k512/seed32/metrics.json,Existing scientific record; see category index
tabllm,experiments/tabllm_all_reference_k512_v1/evidence_v1/ref_05/car/k512/seed42/metrics.json,Existing scientific record; see category index
tabllm,experiments/tabllm_all_reference_k512_v1/evidence_v1/ref_05/creditg/k512/seed0/metrics.json,Existing scientific record; see category index
tabllm,experiments/tabllm_all_reference_k512_v1/evidence_v1/ref_05/creditg/k512/seed1/metrics.json,Existing scientific record; see category index
tabllm,experiments/tabllm_all_reference_k512_v1/evidence_v1/ref_05/creditg/k512/seed1024/metrics.json,Existing scientific record; see category index
tabllm,experiments/tabllm_all_reference_k512_v1/evidence_v1/ref_05/creditg/k512/seed32/metrics.json,Existing scientific record; see category index
tabllm,experiments/tabllm_all_reference_k512_v1/evidence_v1/ref_05/creditg/k512/seed42/metrics.json,Existing scientific record; see category index
tabllm,experiments/tabllm_all_reference_k512_v1/evidence_v1/ref_05/diabetes/k512/seed0/metrics.json,Existing scientific record; see category index
tabllm,experiments/tabllm_all_reference_k512_v1/evidence_v1/ref_05/diabetes/k512/seed1/metrics.json,Existing scientific record; see category index
tabllm,experiments/tabllm_all_reference_k512_v1/evidence_v1/ref_05/diabetes/k512/seed1024/metrics.json,Existing scientific record; see category index
tabllm,experiments/tabllm_all_reference_k512_v1/evidence_v1/ref_05/diabetes/k512/seed32/metrics.json,Existing scientific record; see category index
tabllm,experiments/tabllm_all_reference_k512_v1/evidence_v1/ref_05/diabetes/k512/seed42/metrics.json,Existing scientific record; see category index
tabllm,experiments/tabllm_all_reference_k512_v1/evidence_v1/ref_05/heart/k512/seed0/metrics.json,Existing scientific record; see category index
tabllm,experiments/tabllm_all_reference_k512_v1/evidence_v1/ref_05/heart/k512/seed1/metrics.json,Existing scientific record; see category index
tabllm,experiments/tabllm_all_reference_k512_v1/evidence_v1/ref_05/heart/k512/seed1024/metrics.json,Existing scientific record; see category index
tabllm,experiments/tabllm_all_reference_k512_v1/evidence_v1/ref_05/heart/k512/seed32/metrics.json,Existing scientific record; see category index
tabllm,experiments/tabllm_all_reference_k512_v1/evidence_v1/ref_05/heart/k512/seed42/metrics.json,Existing scientific record; see category index
tabllm,experiments/tabllm_all_reference_k512_v1/evidence_v1/ref_05/income/k512/seed0/metrics.json,Existing scientific record; see category index
tabllm,experiments/tabllm_all_reference_k512_v1/evidence_v1/ref_05/income/k512/seed1/metrics.json,Existing scientific record; see category index
tabllm,experiments/tabllm_all_reference_k512_v1/evidence_v1/ref_05/income/k512/seed1024/metrics.json,Existing scientific record; see category index
tabllm,experiments/tabllm_all_reference_k512_v1/evidence_v1/ref_05/income/k512/seed32/metrics.json,Existing scientific record; see category index
tabllm,experiments/tabllm_all_reference_k512_v1/evidence_v1/ref_05/income/k512/seed42/metrics.json,Existing scientific record; see category index
tabllm,experiments/tabllm_all_reference_k512_v1/evidence_v1/ref_05/jungle/k512/seed0/metrics.json,Existing scientific record; see category index
tabllm,experiments/tabllm_all_reference_k512_v1/evidence_v1/ref_05/jungle/k512/seed1/metrics.json,Existing scientific record; see category index
tabllm,experiments/tabllm_all_reference_k512_v1/evidence_v1/ref_05/jungle/k512/seed1024/metrics.json,Existing scientific record; see category index
tabllm,experiments/tabllm_all_reference_k512_v1/evidence_v1/ref_05/jungle/k512/seed32/metrics.json,Existing scientific record; see category index
tabllm,experiments/tabllm_all_reference_k512_v1/evidence_v1/ref_05/jungle/k512/seed42/metrics.json,Existing scientific record; see category index
tabllm,experiments/tabllm_all_reference_k512_v1/evidence_v1/ref_06/bank/k512/seed0/metrics.json,Existing scientific record; see category index
tabllm,experiments/tabllm_all_reference_k512_v1/evidence_v1/ref_06/bank/k512/seed1/metrics.json,Existing scientific record; see category index
tabllm,experiments/tabllm_all_reference_k512_v1/evidence_v1/ref_06/bank/k512/seed1024/metrics.json,Existing scientific record; see category index
tabllm,experiments/tabllm_all_reference_k512_v1/evidence_v1/ref_06/bank/k512/seed32/metrics.json,Existing scientific record; see category index
tabllm,experiments/tabllm_all_reference_k512_v1/evidence_v1/ref_06/bank/k512/seed42/metrics.json,Existing scientific record; see category index
tabllm,experiments/tabllm_all_reference_k512_v1/evidence_v1/ref_06/blood/k512/seed0/metrics.json,Existing scientific record; see category index
tabllm,experiments/tabllm_all_reference_k512_v1/evidence_v1/ref_06/blood/k512/seed1/metrics.json,Existing scientific record; see category index
tabllm,experiments/tabllm_all_reference_k512_v1/evidence_v1/ref_06/blood/k512/seed1024/metrics.json,Existing scientific record; see category index
tabllm,experiments/tabllm_all_reference_k512_v1/evidence_v1/ref_06/blood/k512/seed32/metrics.json,Existing scientific record; see category index
tabllm,experiments/tabllm_all_reference_k512_v1/evidence_v1/ref_06/blood/k512/seed42/metrics.json,Existing scientific record; see category index
tabllm,experiments/tabllm_all_reference_k512_v1/evidence_v1/ref_06/calhousing/k512/seed0/metrics.json,Existing scientific record; see category index
tabllm,experiments/tabllm_all_reference_k512_v1/evidence_v1/ref_06/calhousing/k512/seed1/metrics.json,Existing scientific record; see category index
tabllm,experiments/tabllm_all_reference_k512_v1/evidence_v1/ref_06/calhousing/k512/seed1024/metrics.json,Existing scientific record; see category index
tabllm,experiments/tabllm_all_reference_k512_v1/evidence_v1/ref_06/calhousing/k512/seed32/metrics.json,Existing scientific record; see category index
tabllm,experiments/tabllm_all_reference_k512_v1/evidence_v1/ref_06/calhousing/k512/seed42/metrics.json,Existing scientific record; see category index
tabllm,experiments/tabllm_all_reference_k512_v1/evidence_v1/ref_06/car/k512/seed0/metrics.json,Existing scientific record; see category index
tabllm,experiments/tabllm_all_reference_k512_v1/evidence_v1/ref_06/car/k512/seed1/metrics.json,Existing scientific record; see category index
tabllm,experiments/tabllm_all_reference_k512_v1/evidence_v1/ref_06/car/k512/seed1024/metrics.json,Existing scientific record; see category index
tabllm,experiments/tabllm_all_reference_k512_v1/evidence_v1/ref_06/car/k512/seed32/metrics.json,Existing scientific record; see category index
tabllm,experiments/tabllm_all_reference_k512_v1/evidence_v1/ref_06/car/k512/seed42/metrics.json,Existing scientific record; see category index
tabllm,experiments/tabllm_all_reference_k512_v1/evidence_v1/ref_06/creditg/k512/seed0/metrics.json,Existing scientific record; see category index
tabllm,experiments/tabllm_all_reference_k512_v1/evidence_v1/ref_06/creditg/k512/seed1/metrics.json,Existing scientific record; see category index
tabllm,experiments/tabllm_all_reference_k512_v1/evidence_v1/ref_06/creditg/k512/seed1024/metrics.json,Existing scientific record; see category index
tabllm,experiments/tabllm_all_reference_k512_v1/evidence_v1/ref_06/creditg/k512/seed32/metrics.json,Existing scientific record; see category index
tabllm,experiments/tabllm_all_reference_k512_v1/evidence_v1/ref_06/creditg/k512/seed42/metrics.json,Existing scientific record; see category index
tabllm,experiments/tabllm_all_reference_k512_v1/evidence_v1/ref_06/diabetes/k512/seed0/metrics.json,Existing scientific record; see category index
tabllm,experiments/tabllm_all_reference_k512_v1/evidence_v1/ref_06/diabetes/k512/seed1/metrics.json,Existing scientific record; see category index
tabllm,experiments/tabllm_all_reference_k512_v1/evidence_v1/ref_06/diabetes/k512/seed1024/metrics.json,Existing scientific record; see category index
tabllm,experiments/tabllm_all_reference_k512_v1/evidence_v1/ref_06/diabetes/k512/seed32/metrics.json,Existing scientific record; see category index
tabllm,experiments/tabllm_all_reference_k512_v1/evidence_v1/ref_06/diabetes/k512/seed42/metrics.json,Existing scientific record; see category index
tabllm,experiments/tabllm_all_reference_k512_v1/evidence_v1/ref_06/heart/k512/seed0/metrics.json,Existing scientific record; see category index
tabllm,experiments/tabllm_all_reference_k512_v1/evidence_v1/ref_06/heart/k512/seed1/metrics.json,Existing scientific record; see category index
tabllm,experiments/tabllm_all_reference_k512_v1/evidence_v1/ref_06/heart/k512/seed1024/metrics.json,Existing scientific record; see category index
tabllm,experiments/tabllm_all_reference_k512_v1/evidence_v1/ref_06/heart/k512/seed32/metrics.json,Existing scientific record; see category index
tabllm,experiments/tabllm_all_reference_k512_v1/evidence_v1/ref_06/heart/k512/seed42/metrics.json,Existing scientific record; see category index
tabllm,experiments/tabllm_all_reference_k512_v1/evidence_v1/ref_06/income/k512/seed0/metrics.json,Existing scientific record; see category index
tabllm,experiments/tabllm_all_reference_k512_v1/evidence_v1/ref_06/income/k512/seed1/metrics.json,Existing scientific record; see category index
tabllm,experiments/tabllm_all_reference_k512_v1/evidence_v1/ref_06/income/k512/seed1024/metrics.json,Existing scientific record; see category index
tabllm,experiments/tabllm_all_reference_k512_v1/evidence_v1/ref_06/income/k512/seed32/metrics.json,Existing scientific record; see category index
tabllm,experiments/tabllm_all_reference_k512_v1/evidence_v1/ref_06/income/k512/seed42/metrics.json,Existing scientific record; see category index
tabllm,experiments/tabllm_all_reference_k512_v1/evidence_v1/ref_06/jungle/k512/seed0/metrics.json,Existing scientific record; see category index
tabllm,experiments/tabllm_all_reference_k512_v1/evidence_v1/ref_06/jungle/k512/seed1/metrics.json,Existing scientific record; see category index
tabllm,experiments/tabllm_all_reference_k512_v1/evidence_v1/ref_06/jungle/k512/seed1024/metrics.json,Existing scientific record; see category index
tabllm,experiments/tabllm_all_reference_k512_v1/evidence_v1/ref_06/jungle/k512/seed32/metrics.json,Existing scientific record; see category index
tabllm,experiments/tabllm_all_reference_k512_v1/evidence_v1/ref_06/jungle/k512/seed42/metrics.json,Existing scientific record; see category index
tabllm,experiments/tabllm_all_reference_k512_v1/evidence_v1/ref_07/bank/k512/seed0/metrics.json,Existing scientific record; see category index
tabllm,experiments/tabllm_all_reference_k512_v1/evidence_v1/ref_07/bank/k512/seed1/metrics.json,Existing scientific record; see category index
tabllm,experiments/tabllm_all_reference_k512_v1/evidence_v1/ref_07/bank/k512/seed1024/metrics.json,Existing scientific record; see category index
tabllm,experiments/tabllm_all_reference_k512_v1/evidence_v1/ref_07/bank/k512/seed32/metrics.json,Existing scientific record; see category index
tabllm,experiments/tabllm_all_reference_k512_v1/evidence_v1/ref_07/bank/k512/seed42/metrics.json,Existing scientific record; see category index
tabllm,experiments/tabllm_all_reference_k512_v1/evidence_v1/ref_07/blood/k512/seed0/metrics.json,Existing scientific record; see category index
tabllm,experiments/tabllm_all_reference_k512_v1/evidence_v1/ref_07/blood/k512/seed1/metrics.json,Existing scientific record; see category index
tabllm,experiments/tabllm_all_reference_k512_v1/evidence_v1/ref_07/blood/k512/seed1024/metrics.json,Existing scientific record; see category index
tabllm,experiments/tabllm_all_reference_k512_v1/evidence_v1/ref_07/blood/k512/seed32/metrics.json,Existing scientific record; see category index
tabllm,experiments/tabllm_all_reference_k512_v1/evidence_v1/ref_07/blood/k512/seed42/metrics.json,Existing scientific record; see category index
tabllm,experiments/tabllm_all_reference_k512_v1/evidence_v1/ref_07/calhousing/k512/seed0/metrics.json,Existing scientific record; see category index
tabllm,experiments/tabllm_all_reference_k512_v1/evidence_v1/ref_07/calhousing/k512/seed1/metrics.json,Existing scientific record; see category index
tabllm,experiments/tabllm_all_reference_k512_v1/evidence_v1/ref_07/calhousing/k512/seed1024/metrics.json,Existing scientific record; see category index
tabllm,experiments/tabllm_all_reference_k512_v1/evidence_v1/ref_07/calhousing/k512/seed32/metrics.json,Existing scientific record; see category index
tabllm,experiments/tabllm_all_reference_k512_v1/evidence_v1/ref_07/calhousing/k512/seed42/metrics.json,Existing scientific record; see category index
tabllm,experiments/tabllm_all_reference_k512_v1/evidence_v1/ref_07/car/k512/seed0/metrics.json,Existing scientific record; see category index
tabllm,experiments/tabllm_all_reference_k512_v1/evidence_v1/ref_07/car/k512/seed1/metrics.json,Existing scientific record; see category index
tabllm,experiments/tabllm_all_reference_k512_v1/evidence_v1/ref_07/car/k512/seed1024/metrics.json,Existing scientific record; see category index
tabllm,experiments/tabllm_all_reference_k512_v1/evidence_v1/ref_07/car/k512/seed32/metrics.json,Existing scientific record; see category index
tabllm,experiments/tabllm_all_reference_k512_v1/evidence_v1/ref_07/car/k512/seed42/metrics.json,Existing scientific record; see category index
tabllm,experiments/tabllm_all_reference_k512_v1/evidence_v1/ref_07/creditg/k512/seed0/metrics.json,Existing scientific record; see category index
tabllm,experiments/tabllm_all_reference_k512_v1/evidence_v1/ref_07/creditg/k512/seed1/metrics.json,Existing scientific record; see category index
tabllm,experiments/tabllm_all_reference_k512_v1/evidence_v1/ref_07/creditg/k512/seed1024/metrics.json,Existing scientific record; see category index
tabllm,experiments/tabllm_all_reference_k512_v1/evidence_v1/ref_07/creditg/k512/seed32/metrics.json,Existing scientific record; see category index
tabllm,experiments/tabllm_all_reference_k512_v1/evidence_v1/ref_07/creditg/k512/seed42/metrics.json,Existing scientific record; see category index
tabllm,experiments/tabllm_all_reference_k512_v1/evidence_v1/ref_07/diabetes/k512/seed0/metrics.json,Existing scientific record; see category index
tabllm,experiments/tabllm_all_reference_k512_v1/evidence_v1/ref_07/diabetes/k512/seed1/metrics.json,Existing scientific record; see category index
tabllm,experiments/tabllm_all_reference_k512_v1/evidence_v1/ref_07/diabetes/k512/seed1024/metrics.json,Existing scientific record; see category index
tabllm,experiments/tabllm_all_reference_k512_v1/evidence_v1/ref_07/diabetes/k512/seed32/metrics.json,Existing scientific record; see category index
tabllm,experiments/tabllm_all_reference_k512_v1/evidence_v1/ref_07/diabetes/k512/seed42/metrics.json,Existing scientific record; see category index
tabllm,experiments/tabllm_all_reference_k512_v1/evidence_v1/ref_07/heart/k512/seed0/metrics.json,Existing scientific record; see category index
tabllm,experiments/tabllm_all_reference_k512_v1/evidence_v1/ref_07/heart/k512/seed1/metrics.json,Existing scientific record; see category index
tabllm,experiments/tabllm_all_reference_k512_v1/evidence_v1/ref_07/heart/k512/seed1024/metrics.json,Existing scientific record; see category index
tabllm,experiments/tabllm_all_reference_k512_v1/evidence_v1/ref_07/heart/k512/seed32/metrics.json,Existing scientific record; see category index
tabllm,experiments/tabllm_all_reference_k512_v1/evidence_v1/ref_07/heart/k512/seed42/metrics.json,Existing scientific record; see category index
tabllm,experiments/tabllm_all_reference_k512_v1/evidence_v1/ref_07/income/k512/seed0/metrics.json,Existing scientific record; see category index
tabllm,experiments/tabllm_all_reference_k512_v1/evidence_v1/ref_07/income/k512/seed1/metrics.json,Existing scientific record; see category index
tabllm,experiments/tabllm_all_reference_k512_v1/evidence_v1/ref_07/income/k512/seed1024/metrics.json,Existing scientific record; see category index
tabllm,experiments/tabllm_all_reference_k512_v1/evidence_v1/ref_07/income/k512/seed32/metrics.json,Existing scientific record; see category index
tabllm,experiments/tabllm_all_reference_k512_v1/evidence_v1/ref_07/income/k512/seed42/metrics.json,Existing scientific record; see category index
tabllm,experiments/tabllm_all_reference_k512_v1/evidence_v1/ref_07/jungle/k512/seed0/metrics.json,Existing scientific record; see category index
tabllm,experiments/tabllm_all_reference_k512_v1/evidence_v1/ref_07/jungle/k512/seed1/metrics.json,Existing scientific record; see category index
tabllm,experiments/tabllm_all_reference_k512_v1/evidence_v1/ref_07/jungle/k512/seed1024/metrics.json,Existing scientific record; see category index
tabllm,experiments/tabllm_all_reference_k512_v1/evidence_v1/ref_07/jungle/k512/seed32/metrics.json,Existing scientific record; see category index
tabllm,experiments/tabllm_all_reference_k512_v1/evidence_v1/ref_07/jungle/k512/seed42/metrics.json,Existing scientific record; see category index
tabllm,experiments/tabllm_all_reference_k512_v1/evidence_v1/ref_08/bank/k512/seed0/metrics.json,Existing scientific record; see category index
tabllm,experiments/tabllm_all_reference_k512_v1/evidence_v1/ref_08/bank/k512/seed1/metrics.json,Existing scientific record; see category index
tabllm,experiments/tabllm_all_reference_k512_v1/evidence_v1/ref_08/bank/k512/seed1024/metrics.json,Existing scientific record; see category index
tabllm,experiments/tabllm_all_reference_k512_v1/evidence_v1/ref_08/bank/k512/seed32/metrics.json,Existing scientific record; see category index
tabllm,experiments/tabllm_all_reference_k512_v1/evidence_v1/ref_08/bank/k512/seed42/metrics.json,Existing scientific record; see category index
tabllm,experiments/tabllm_all_reference_k512_v1/evidence_v1/ref_08/blood/k512/seed0/metrics.json,Existing scientific record; see category index
tabllm,experiments/tabllm_all_reference_k512_v1/evidence_v1/ref_08/blood/k512/seed1/metrics.json,Existing scientific record; see category index
tabllm,experiments/tabllm_all_reference_k512_v1/evidence_v1/ref_08/blood/k512/seed1024/metrics.json,Existing scientific record; see category index
tabllm,experiments/tabllm_all_reference_k512_v1/evidence_v1/ref_08/blood/k512/seed32/metrics.json,Existing scientific record; see category index
tabllm,experiments/tabllm_all_reference_k512_v1/evidence_v1/ref_08/blood/k512/seed42/metrics.json,Existing scientific record; see category index
tabllm,experiments/tabllm_all_reference_k512_v1/evidence_v1/ref_08/calhousing/k512/seed0/metrics.json,Existing scientific record; see category index
tabllm,experiments/tabllm_all_reference_k512_v1/evidence_v1/ref_08/calhousing/k512/seed1/metrics.json,Existing scientific record; see category index
tabllm,experiments/tabllm_all_reference_k512_v1/evidence_v1/ref_08/calhousing/k512/seed1024/metrics.json,Existing scientific record; see category index
tabllm,experiments/tabllm_all_reference_k512_v1/evidence_v1/ref_08/calhousing/k512/seed32/metrics.json,Existing scientific record; see category index
tabllm,experiments/tabllm_all_reference_k512_v1/evidence_v1/ref_08/calhousing/k512/seed42/metrics.json,Existing scientific record; see category index
tabllm,experiments/tabllm_all_reference_k512_v1/evidence_v1/ref_08/car/k512/seed0/metrics.json,Existing scientific record; see category index
tabllm,experiments/tabllm_all_reference_k512_v1/evidence_v1/ref_08/car/k512/seed1/metrics.json,Existing scientific record; see category index
tabllm,experiments/tabllm_all_reference_k512_v1/evidence_v1/ref_08/car/k512/seed1024/metrics.json,Existing scientific record; see category index
tabllm,experiments/tabllm_all_reference_k512_v1/evidence_v1/ref_08/car/k512/seed32/metrics.json,Existing scientific record; see category index
tabllm,experiments/tabllm_all_reference_k512_v1/evidence_v1/ref_08/car/k512/seed42/metrics.json,Existing scientific record; see category index
tabllm,experiments/tabllm_all_reference_k512_v1/evidence_v1/ref_08/creditg/k512/seed0/metrics.json,Existing scientific record; see category index
tabllm,experiments/tabllm_all_reference_k512_v1/evidence_v1/ref_08/creditg/k512/seed1/metrics.json,Existing scientific record; see category index
tabllm,experiments/tabllm_all_reference_k512_v1/evidence_v1/ref_08/creditg/k512/seed1024/metrics.json,Existing scientific record; see category index
tabllm,experiments/tabllm_all_reference_k512_v1/evidence_v1/ref_08/creditg/k512/seed32/metrics.json,Existing scientific record; see category index
tabllm,experiments/tabllm_all_reference_k512_v1/evidence_v1/ref_08/creditg/k512/seed42/metrics.json,Existing scientific record; see category index
tabllm,experiments/tabllm_all_reference_k512_v1/evidence_v1/ref_08/diabetes/k512/seed0/metrics.json,Existing scientific record; see category index
tabllm,experiments/tabllm_all_reference_k512_v1/evidence_v1/ref_08/diabetes/k512/seed1/metrics.json,Existing scientific record; see category index
tabllm,experiments/tabllm_all_reference_k512_v1/evidence_v1/ref_08/diabetes/k512/seed1024/metrics.json,Existing scientific record; see category index
tabllm,experiments/tabllm_all_reference_k512_v1/evidence_v1/ref_08/diabetes/k512/seed32/metrics.json,Existing scientific record; see category index
tabllm,experiments/tabllm_all_reference_k512_v1/evidence_v1/ref_08/diabetes/k512/seed42/metrics.json,Existing scientific record; see category index
tabllm,experiments/tabllm_all_reference_k512_v1/evidence_v1/ref_08/heart/k512/seed0/metrics.json,Existing scientific record; see category index
tabllm,experiments/tabllm_all_reference_k512_v1/evidence_v1/ref_08/heart/k512/seed1/metrics.json,Existing scientific record; see category index
tabllm,experiments/tabllm_all_reference_k512_v1/evidence_v1/ref_08/heart/k512/seed1024/metrics.json,Existing scientific record; see category index
tabllm,experiments/tabllm_all_reference_k512_v1/evidence_v1/ref_08/heart/k512/seed32/metrics.json,Existing scientific record; see category index
tabllm,experiments/tabllm_all_reference_k512_v1/evidence_v1/ref_08/heart/k512/seed42/metrics.json,Existing scientific record; see category index
tabllm,experiments/tabllm_all_reference_k512_v1/evidence_v1/ref_08/income/k512/seed0/metrics.json,Existing scientific record; see category index
tabllm,experiments/tabllm_all_reference_k512_v1/evidence_v1/ref_08/income/k512/seed1/metrics.json,Existing scientific record; see category index
tabllm,experiments/tabllm_all_reference_k512_v1/evidence_v1/ref_08/income/k512/seed1024/metrics.json,Existing scientific record; see category index
tabllm,experiments/tabllm_all_reference_k512_v1/evidence_v1/ref_08/income/k512/seed32/metrics.json,Existing scientific record; see category index
tabllm,experiments/tabllm_all_reference_k512_v1/evidence_v1/ref_08/income/k512/seed42/metrics.json,Existing scientific record; see category index
tabllm,experiments/tabllm_all_reference_k512_v1/evidence_v1/ref_08/jungle/k512/seed0/metrics.json,Existing scientific record; see category index
tabllm,experiments/tabllm_all_reference_k512_v1/evidence_v1/ref_08/jungle/k512/seed1/metrics.json,Existing scientific record; see category index
tabllm,experiments/tabllm_all_reference_k512_v1/evidence_v1/ref_08/jungle/k512/seed1024/metrics.json,Existing scientific record; see category index
tabllm,experiments/tabllm_all_reference_k512_v1/evidence_v1/ref_08/jungle/k512/seed32/metrics.json,Existing scientific record; see category index
tabllm,experiments/tabllm_all_reference_k512_v1/evidence_v1/ref_08/jungle/k512/seed42/metrics.json,Existing scientific record; see category index
tabllm,experiments/tabllm_all_reference_k512_v1/evidence_v1/ref_09/bank/k512/seed0/metrics.json,Existing scientific record; see category index
tabllm,experiments/tabllm_all_reference_k512_v1/evidence_v1/ref_09/bank/k512/seed1/metrics.json,Existing scientific record; see category index
tabllm,experiments/tabllm_all_reference_k512_v1/evidence_v1/ref_09/bank/k512/seed1024/metrics.json,Existing scientific record; see category index
tabllm,experiments/tabllm_all_reference_k512_v1/evidence_v1/ref_09/bank/k512/seed32/metrics.json,Existing scientific record; see category index
tabllm,experiments/tabllm_all_reference_k512_v1/evidence_v1/ref_09/bank/k512/seed42/metrics.json,Existing scientific record; see category index
tabllm,experiments/tabllm_all_reference_k512_v1/evidence_v1/ref_09/blood/k512/seed0/metrics.json,Existing scientific record; see category index
tabllm,experiments/tabllm_all_reference_k512_v1/evidence_v1/ref_09/blood/k512/seed1/metrics.json,Existing scientific record; see category index
tabllm,experiments/tabllm_all_reference_k512_v1/evidence_v1/ref_09/blood/k512/seed1024/metrics.json,Existing scientific record; see category index
tabllm,experiments/tabllm_all_reference_k512_v1/evidence_v1/ref_09/blood/k512/seed32/metrics.json,Existing scientific record; see category index
tabllm,experiments/tabllm_all_reference_k512_v1/evidence_v1/ref_09/blood/k512/seed42/metrics.json,Existing scientific record; see category index
tabllm,experiments/tabllm_all_reference_k512_v1/evidence_v1/ref_09/calhousing/k512/seed0/metrics.json,Existing scientific record; see category index
tabllm,experiments/tabllm_all_reference_k512_v1/evidence_v1/ref_09/calhousing/k512/seed1/metrics.json,Existing scientific record; see category index
tabllm,experiments/tabllm_all_reference_k512_v1/evidence_v1/ref_09/calhousing/k512/seed1024/metrics.json,Existing scientific record; see category index
tabllm,experiments/tabllm_all_reference_k512_v1/evidence_v1/ref_09/calhousing/k512/seed32/metrics.json,Existing scientific record; see category index
tabllm,experiments/tabllm_all_reference_k512_v1/evidence_v1/ref_09/calhousing/k512/seed42/metrics.json,Existing scientific record; see category index
tabllm,experiments/tabllm_all_reference_k512_v1/evidence_v1/ref_09/car/k512/seed0/metrics.json,Existing scientific record; see category index
tabllm,experiments/tabllm_all_reference_k512_v1/evidence_v1/ref_09/car/k512/seed1/metrics.json,Existing scientific record; see category index
tabllm,experiments/tabllm_all_reference_k512_v1/evidence_v1/ref_09/car/k512/seed1024/metrics.json,Existing scientific record; see category index
tabllm,experiments/tabllm_all_reference_k512_v1/evidence_v1/ref_09/car/k512/seed32/metrics.json,Existing scientific record; see category index
tabllm,experiments/tabllm_all_reference_k512_v1/evidence_v1/ref_09/car/k512/seed42/metrics.json,Existing scientific record; see category index
tabllm,experiments/tabllm_all_reference_k512_v1/evidence_v1/ref_09/creditg/k512/seed0/metrics.json,Existing scientific record; see category index
tabllm,experiments/tabllm_all_reference_k512_v1/evidence_v1/ref_09/creditg/k512/seed1/metrics.json,Existing scientific record; see category index
tabllm,experiments/tabllm_all_reference_k512_v1/evidence_v1/ref_09/creditg/k512/seed1024/metrics.json,Existing scientific record; see category index
tabllm,experiments/tabllm_all_reference_k512_v1/evidence_v1/ref_09/creditg/k512/seed32/metrics.json,Existing scientific record; see category index
tabllm,experiments/tabllm_all_reference_k512_v1/evidence_v1/ref_09/creditg/k512/seed42/metrics.json,Existing scientific record; see category index
tabllm,experiments/tabllm_all_reference_k512_v1/evidence_v1/ref_09/diabetes/k512/seed0/metrics.json,Existing scientific record; see category index
tabllm,experiments/tabllm_all_reference_k512_v1/evidence_v1/ref_09/diabetes/k512/seed1/metrics.json,Existing scientific record; see category index
tabllm,experiments/tabllm_all_reference_k512_v1/evidence_v1/ref_09/diabetes/k512/seed1024/metrics.json,Existing scientific record; see category index
tabllm,experiments/tabllm_all_reference_k512_v1/evidence_v1/ref_09/diabetes/k512/seed32/metrics.json,Existing scientific record; see category index
tabllm,experiments/tabllm_all_reference_k512_v1/evidence_v1/ref_09/diabetes/k512/seed42/metrics.json,Existing scientific record; see category index
tabllm,experiments/tabllm_all_reference_k512_v1/evidence_v1/ref_09/heart/k512/seed0/metrics.json,Existing scientific record; see category index
tabllm,experiments/tabllm_all_reference_k512_v1/evidence_v1/ref_09/heart/k512/seed1/metrics.json,Existing scientific record; see category index
tabllm,experiments/tabllm_all_reference_k512_v1/evidence_v1/ref_09/heart/k512/seed1024/metrics.json,Existing scientific record; see category index
tabllm,experiments/tabllm_all_reference_k512_v1/evidence_v1/ref_09/heart/k512/seed32/metrics.json,Existing scientific record; see category index
tabllm,experiments/tabllm_all_reference_k512_v1/evidence_v1/ref_09/heart/k512/seed42/metrics.json,Existing scientific record; see category index
tabllm,experiments/tabllm_all_reference_k512_v1/evidence_v1/ref_09/income/k512/seed0/metrics.json,Existing scientific record; see category index
tabllm,experiments/tabllm_all_reference_k512_v1/evidence_v1/ref_09/income/k512/seed1/metrics.json,Existing scientific record; see category index
tabllm,experiments/tabllm_all_reference_k512_v1/evidence_v1/ref_09/income/k512/seed1024/metrics.json,Existing scientific record; see category index
tabllm,experiments/tabllm_all_reference_k512_v1/evidence_v1/ref_09/income/k512/seed32/metrics.json,Existing scientific record; see category index
tabllm,experiments/tabllm_all_reference_k512_v1/evidence_v1/ref_09/income/k512/seed42/metrics.json,Existing scientific record; see category index
tabllm,experiments/tabllm_all_reference_k512_v1/evidence_v1/ref_09/jungle/k512/seed0/metrics.json,Existing scientific record; see category index
tabllm,experiments/tabllm_all_reference_k512_v1/evidence_v1/ref_09/jungle/k512/seed1/metrics.json,Existing scientific record; see category index
tabllm,experiments/tabllm_all_reference_k512_v1/evidence_v1/ref_09/jungle/k512/seed1024/metrics.json,Existing scientific record; see category index
tabllm,experiments/tabllm_all_reference_k512_v1/evidence_v1/ref_09/jungle/k512/seed32/metrics.json,Existing scientific record; see category index
tabllm,experiments/tabllm_all_reference_k512_v1/evidence_v1/ref_09/jungle/k512/seed42/metrics.json,Existing scientific record; see category index
tabllm,experiments/tabllm_all_reference_k512_v1/evidence_v1/ref_10/bank/k512/seed0/metrics.json,Existing scientific record; see category index
tabllm,experiments/tabllm_all_reference_k512_v1/evidence_v1/ref_10/bank/k512/seed1/metrics.json,Existing scientific record; see category index
tabllm,experiments/tabllm_all_reference_k512_v1/evidence_v1/ref_10/bank/k512/seed1024/metrics.json,Existing scientific record; see category index
tabllm,experiments/tabllm_all_reference_k512_v1/evidence_v1/ref_10/bank/k512/seed32/metrics.json,Existing scientific record; see category index
tabllm,experiments/tabllm_all_reference_k512_v1/evidence_v1/ref_10/bank/k512/seed42/metrics.json,Existing scientific record; see category index
tabllm,experiments/tabllm_all_reference_k512_v1/evidence_v1/ref_10/blood/k512/seed0/metrics.json,Existing scientific record; see category index
tabllm,experiments/tabllm_all_reference_k512_v1/evidence_v1/ref_10/blood/k512/seed1/metrics.json,Existing scientific record; see category index
tabllm,experiments/tabllm_all_reference_k512_v1/evidence_v1/ref_10/blood/k512/seed1024/metrics.json,Existing scientific record; see category index
tabllm,experiments/tabllm_all_reference_k512_v1/evidence_v1/ref_10/blood/k512/seed32/metrics.json,Existing scientific record; see category index
tabllm,experiments/tabllm_all_reference_k512_v1/evidence_v1/ref_10/blood/k512/seed42/metrics.json,Existing scientific record; see category index
tabllm,experiments/tabllm_all_reference_k512_v1/evidence_v1/ref_10/calhousing/k512/seed0/metrics.json,Existing scientific record; see category index
tabllm,experiments/tabllm_all_reference_k512_v1/evidence_v1/ref_10/calhousing/k512/seed1/metrics.json,Existing scientific record; see category index
tabllm,experiments/tabllm_all_reference_k512_v1/evidence_v1/ref_10/calhousing/k512/seed1024/metrics.json,Existing scientific record; see category index
tabllm,experiments/tabllm_all_reference_k512_v1/evidence_v1/ref_10/calhousing/k512/seed32/metrics.json,Existing scientific record; see category index
tabllm,experiments/tabllm_all_reference_k512_v1/evidence_v1/ref_10/calhousing/k512/seed42/metrics.json,Existing scientific record; see category index
tabllm,experiments/tabllm_all_reference_k512_v1/evidence_v1/ref_10/car/k512/seed0/metrics.json,Existing scientific record; see category index
tabllm,experiments/tabllm_all_reference_k512_v1/evidence_v1/ref_10/car/k512/seed1/metrics.json,Existing scientific record; see category index
tabllm,experiments/tabllm_all_reference_k512_v1/evidence_v1/ref_10/car/k512/seed1024/metrics.json,Existing scientific record; see category index
tabllm,experiments/tabllm_all_reference_k512_v1/evidence_v1/ref_10/car/k512/seed32/metrics.json,Existing scientific record; see category index
tabllm,experiments/tabllm_all_reference_k512_v1/evidence_v1/ref_10/car/k512/seed42/metrics.json,Existing scientific record; see category index
tabllm,experiments/tabllm_all_reference_k512_v1/evidence_v1/ref_10/creditg/k512/seed0/metrics.json,Existing scientific record; see category index
tabllm,experiments/tabllm_all_reference_k512_v1/evidence_v1/ref_10/creditg/k512/seed1/metrics.json,Existing scientific record; see category index
tabllm,experiments/tabllm_all_reference_k512_v1/evidence_v1/ref_10/creditg/k512/seed1024/metrics.json,Existing scientific record; see category index
tabllm,experiments/tabllm_all_reference_k512_v1/evidence_v1/ref_10/creditg/k512/seed32/metrics.json,Existing scientific record; see category index
tabllm,experiments/tabllm_all_reference_k512_v1/evidence_v1/ref_10/creditg/k512/seed42/metrics.json,Existing scientific record; see category index
tabllm,experiments/tabllm_all_reference_k512_v1/evidence_v1/ref_10/diabetes/k512/seed0/metrics.json,Existing scientific record; see category index
tabllm,experiments/tabllm_all_reference_k512_v1/evidence_v1/ref_10/diabetes/k512/seed1/metrics.json,Existing scientific record; see category index
tabllm,experiments/tabllm_all_reference_k512_v1/evidence_v1/ref_10/diabetes/k512/seed1024/metrics.json,Existing scientific record; see category index
tabllm,experiments/tabllm_all_reference_k512_v1/evidence_v1/ref_10/diabetes/k512/seed32/metrics.json,Existing scientific record; see category index
tabllm,experiments/tabllm_all_reference_k512_v1/evidence_v1/ref_10/diabetes/k512/seed42/metrics.json,Existing scientific record; see category index
tabllm,experiments/tabllm_all_reference_k512_v1/evidence_v1/ref_10/heart/k512/seed0/metrics.json,Existing scientific record; see category index
tabllm,experiments/tabllm_all_reference_k512_v1/evidence_v1/ref_10/heart/k512/seed1/metrics.json,Existing scientific record; see category index
tabllm,experiments/tabllm_all_reference_k512_v1/evidence_v1/ref_10/heart/k512/seed1024/metrics.json,Existing scientific record; see category index
tabllm,experiments/tabllm_all_reference_k512_v1/evidence_v1/ref_10/heart/k512/seed32/metrics.json,Existing scientific record; see category index
tabllm,experiments/tabllm_all_reference_k512_v1/evidence_v1/ref_10/heart/k512/seed42/metrics.json,Existing scientific record; see category index
tabllm,experiments/tabllm_all_reference_k512_v1/evidence_v1/ref_10/income/k512/seed0/metrics.json,Existing scientific record; see category index
tabllm,experiments/tabllm_all_reference_k512_v1/evidence_v1/ref_10/income/k512/seed1/metrics.json,Existing scientific record; see category index
tabllm,experiments/tabllm_all_reference_k512_v1/evidence_v1/ref_10/income/k512/seed1024/metrics.json,Existing scientific record; see category index
tabllm,experiments/tabllm_all_reference_k512_v1/evidence_v1/ref_10/income/k512/seed32/metrics.json,Existing scientific record; see category index
tabllm,experiments/tabllm_all_reference_k512_v1/evidence_v1/ref_10/income/k512/seed42/metrics.json,Existing scientific record; see category index
tabllm,experiments/tabllm_all_reference_k512_v1/evidence_v1/ref_10/jungle/k512/seed0/metrics.json,Existing scientific record; see category index
tabllm,experiments/tabllm_all_reference_k512_v1/evidence_v1/ref_10/jungle/k512/seed1/metrics.json,Existing scientific record; see category index
tabllm,experiments/tabllm_all_reference_k512_v1/evidence_v1/ref_10/jungle/k512/seed1024/metrics.json,Existing scientific record; see category index
tabllm,experiments/tabllm_all_reference_k512_v1/evidence_v1/ref_10/jungle/k512/seed32/metrics.json,Existing scientific record; see category index
tabllm,experiments/tabllm_all_reference_k512_v1/evidence_v1/ref_10/jungle/k512/seed42/metrics.json,Existing scientific record; see category index
tabllm,experiments/tabllm_all_reference_k512_v1/evidence_v1/ref_11/bank/k512/seed0/metrics.json,Existing scientific record; see category index
tabllm,experiments/tabllm_all_reference_k512_v1/evidence_v1/ref_11/bank/k512/seed1/metrics.json,Existing scientific record; see category index
tabllm,experiments/tabllm_all_reference_k512_v1/evidence_v1/ref_11/bank/k512/seed1024/metrics.json,Existing scientific record; see category index
tabllm,experiments/tabllm_all_reference_k512_v1/evidence_v1/ref_11/bank/k512/seed32/metrics.json,Existing scientific record; see category index
tabllm,experiments/tabllm_all_reference_k512_v1/evidence_v1/ref_11/bank/k512/seed42/metrics.json,Existing scientific record; see category index
tabllm,experiments/tabllm_all_reference_k512_v1/evidence_v1/ref_11/blood/k512/seed0/metrics.json,Existing scientific record; see category index
tabllm,experiments/tabllm_all_reference_k512_v1/evidence_v1/ref_11/blood/k512/seed1/metrics.json,Existing scientific record; see category index
tabllm,experiments/tabllm_all_reference_k512_v1/evidence_v1/ref_11/blood/k512/seed1024/metrics.json,Existing scientific record; see category index
tabllm,experiments/tabllm_all_reference_k512_v1/evidence_v1/ref_11/blood/k512/seed32/metrics.json,Existing scientific record; see category index
tabllm,experiments/tabllm_all_reference_k512_v1/evidence_v1/ref_11/blood/k512/seed42/metrics.json,Existing scientific record; see category index
tabllm,experiments/tabllm_all_reference_k512_v1/evidence_v1/ref_11/calhousing/k512/seed0/metrics.json,Existing scientific record; see category index
tabllm,experiments/tabllm_all_reference_k512_v1/evidence_v1/ref_11/calhousing/k512/seed1/metrics.json,Existing scientific record; see category index
tabllm,experiments/tabllm_all_reference_k512_v1/evidence_v1/ref_11/calhousing/k512/seed1024/metrics.json,Existing scientific record; see category index
tabllm,experiments/tabllm_all_reference_k512_v1/evidence_v1/ref_11/calhousing/k512/seed32/metrics.json,Existing scientific record; see category index
tabllm,experiments/tabllm_all_reference_k512_v1/evidence_v1/ref_11/calhousing/k512/seed42/metrics.json,Existing scientific record; see category index
tabllm,experiments/tabllm_all_reference_k512_v1/evidence_v1/ref_11/car/k512/seed0/metrics.json,Existing scientific record; see category index
tabllm,experiments/tabllm_all_reference_k512_v1/evidence_v1/ref_11/car/k512/seed1/metrics.json,Existing scientific record; see category index
tabllm,experiments/tabllm_all_reference_k512_v1/evidence_v1/ref_11/car/k512/seed1024/metrics.json,Existing scientific record; see category index
tabllm,experiments/tabllm_all_reference_k512_v1/evidence_v1/ref_11/car/k512/seed32/metrics.json,Existing scientific record; see category index
tabllm,experiments/tabllm_all_reference_k512_v1/evidence_v1/ref_11/car/k512/seed42/metrics.json,Existing scientific record; see category index
tabllm,experiments/tabllm_all_reference_k512_v1/evidence_v1/ref_11/creditg/k512/seed0/metrics.json,Existing scientific record; see category index
tabllm,experiments/tabllm_all_reference_k512_v1/evidence_v1/ref_11/creditg/k512/seed1/metrics.json,Existing scientific record; see category index
tabllm,experiments/tabllm_all_reference_k512_v1/evidence_v1/ref_11/creditg/k512/seed1024/metrics.json,Existing scientific record; see category index
tabllm,experiments/tabllm_all_reference_k512_v1/evidence_v1/ref_11/creditg/k512/seed32/metrics.json,Existing scientific record; see category index
tabllm,experiments/tabllm_all_reference_k512_v1/evidence_v1/ref_11/creditg/k512/seed42/metrics.json,Existing scientific record; see category index
tabllm,experiments/tabllm_all_reference_k512_v1/evidence_v1/ref_11/diabetes/k512/seed0/metrics.json,Existing scientific record; see category index
tabllm,experiments/tabllm_all_reference_k512_v1/evidence_v1/ref_11/diabetes/k512/seed1/metrics.json,Existing scientific record; see category index
tabllm,experiments/tabllm_all_reference_k512_v1/evidence_v1/ref_11/diabetes/k512/seed1024/metrics.json,Existing scientific record; see category index
tabllm,experiments/tabllm_all_reference_k512_v1/evidence_v1/ref_11/diabetes/k512/seed32/metrics.json,Existing scientific record; see category index
tabllm,experiments/tabllm_all_reference_k512_v1/evidence_v1/ref_11/diabetes/k512/seed42/metrics.json,Existing scientific record; see category index
tabllm,experiments/tabllm_all_reference_k512_v1/evidence_v1/ref_11/heart/k512/seed0/metrics.json,Existing scientific record; see category index
tabllm,experiments/tabllm_all_reference_k512_v1/evidence_v1/ref_11/heart/k512/seed1/metrics.json,Existing scientific record; see category index
tabllm,experiments/tabllm_all_reference_k512_v1/evidence_v1/ref_11/heart/k512/seed1024/metrics.json,Existing scientific record; see category index
tabllm,experiments/tabllm_all_reference_k512_v1/evidence_v1/ref_11/heart/k512/seed32/metrics.json,Existing scientific record; see category index
tabllm,experiments/tabllm_all_reference_k512_v1/evidence_v1/ref_11/heart/k512/seed42/metrics.json,Existing scientific record; see category index
tabllm,experiments/tabllm_all_reference_k512_v1/evidence_v1/ref_11/income/k512/seed0/metrics.json,Existing scientific record; see category index
tabllm,experiments/tabllm_all_reference_k512_v1/evidence_v1/ref_11/income/k512/seed1/metrics.json,Existing scientific record; see category index
tabllm,experiments/tabllm_all_reference_k512_v1/evidence_v1/ref_11/income/k512/seed1024/metrics.json,Existing scientific record; see category index
tabllm,experiments/tabllm_all_reference_k512_v1/evidence_v1/ref_11/income/k512/seed32/metrics.json,Existing scientific record; see category index
tabllm,experiments/tabllm_all_reference_k512_v1/evidence_v1/ref_11/income/k512/seed42/metrics.json,Existing scientific record; see category index
tabllm,experiments/tabllm_all_reference_k512_v1/evidence_v1/ref_11/jungle/k512/seed0/metrics.json,Existing scientific record; see category index
tabllm,experiments/tabllm_all_reference_k512_v1/evidence_v1/ref_11/jungle/k512/seed1/metrics.json,Existing scientific record; see category index
tabllm,experiments/tabllm_all_reference_k512_v1/evidence_v1/ref_11/jungle/k512/seed1024/metrics.json,Existing scientific record; see category index
tabllm,experiments/tabllm_all_reference_k512_v1/evidence_v1/ref_11/jungle/k512/seed32/metrics.json,Existing scientific record; see category index
tabllm,experiments/tabllm_all_reference_k512_v1/evidence_v1/ref_11/jungle/k512/seed42/metrics.json,Existing scientific record; see category index
tabllm,experiments/tabllm_all_reference_k512_v1/evidence_v1/ref_12/bank/k512/seed0/metrics.json,Existing scientific record; see category index
tabllm,experiments/tabllm_all_reference_k512_v1/evidence_v1/ref_12/bank/k512/seed1/metrics.json,Existing scientific record; see category index
tabllm,experiments/tabllm_all_reference_k512_v1/evidence_v1/ref_12/bank/k512/seed1024/metrics.json,Existing scientific record; see category index
tabllm,experiments/tabllm_all_reference_k512_v1/evidence_v1/ref_12/bank/k512/seed32/metrics.json,Existing scientific record; see category index
tabllm,experiments/tabllm_all_reference_k512_v1/evidence_v1/ref_12/bank/k512/seed42/metrics.json,Existing scientific record; see category index
tabllm,experiments/tabllm_all_reference_k512_v1/evidence_v1/ref_12/blood/k512/seed0/metrics.json,Existing scientific record; see category index
tabllm,experiments/tabllm_all_reference_k512_v1/evidence_v1/ref_12/blood/k512/seed1/metrics.json,Existing scientific record; see category index
tabllm,experiments/tabllm_all_reference_k512_v1/evidence_v1/ref_12/blood/k512/seed1024/metrics.json,Existing scientific record; see category index
tabllm,experiments/tabllm_all_reference_k512_v1/evidence_v1/ref_12/blood/k512/seed32/metrics.json,Existing scientific record; see category index
tabllm,experiments/tabllm_all_reference_k512_v1/evidence_v1/ref_12/blood/k512/seed42/metrics.json,Existing scientific record; see category index
tabllm,experiments/tabllm_all_reference_k512_v1/evidence_v1/ref_12/calhousing/k512/seed0/metrics.json,Existing scientific record; see category index
tabllm,experiments/tabllm_all_reference_k512_v1/evidence_v1/ref_12/calhousing/k512/seed1/metrics.json,Existing scientific record; see category index
tabllm,experiments/tabllm_all_reference_k512_v1/evidence_v1/ref_12/calhousing/k512/seed1024/metrics.json,Existing scientific record; see category index
tabllm,experiments/tabllm_all_reference_k512_v1/evidence_v1/ref_12/calhousing/k512/seed32/metrics.json,Existing scientific record; see category index
tabllm,experiments/tabllm_all_reference_k512_v1/evidence_v1/ref_12/calhousing/k512/seed42/metrics.json,Existing scientific record; see category index
tabllm,experiments/tabllm_all_reference_k512_v1/evidence_v1/ref_12/car/k512/seed0/metrics.json,Existing scientific record; see category index
tabllm,experiments/tabllm_all_reference_k512_v1/evidence_v1/ref_12/car/k512/seed1/metrics.json,Existing scientific record; see category index
tabllm,experiments/tabllm_all_reference_k512_v1/evidence_v1/ref_12/car/k512/seed1024/metrics.json,Existing scientific record; see category index
tabllm,experiments/tabllm_all_reference_k512_v1/evidence_v1/ref_12/car/k512/seed32/metrics.json,Existing scientific record; see category index
tabllm,experiments/tabllm_all_reference_k512_v1/evidence_v1/ref_12/car/k512/seed42/metrics.json,Existing scientific record; see category index
tabllm,experiments/tabllm_all_reference_k512_v1/evidence_v1/ref_12/creditg/k512/seed0/metrics.json,Existing scientific record; see category index
tabllm,experiments/tabllm_all_reference_k512_v1/evidence_v1/ref_12/creditg/k512/seed1/metrics.json,Existing scientific record; see category index
tabllm,experiments/tabllm_all_reference_k512_v1/evidence_v1/ref_12/creditg/k512/seed1024/metrics.json,Existing scientific record; see category index
tabllm,experiments/tabllm_all_reference_k512_v1/evidence_v1/ref_12/creditg/k512/seed32/metrics.json,Existing scientific record; see category index
tabllm,experiments/tabllm_all_reference_k512_v1/evidence_v1/ref_12/creditg/k512/seed42/metrics.json,Existing scientific record; see category index
tabllm,experiments/tabllm_all_reference_k512_v1/evidence_v1/ref_12/diabetes/k512/seed0/metrics.json,Existing scientific record; see category index
tabllm,experiments/tabllm_all_reference_k512_v1/evidence_v1/ref_12/diabetes/k512/seed1/metrics.json,Existing scientific record; see category index
tabllm,experiments/tabllm_all_reference_k512_v1/evidence_v1/ref_12/diabetes/k512/seed1024/metrics.json,Existing scientific record; see category index
tabllm,experiments/tabllm_all_reference_k512_v1/evidence_v1/ref_12/diabetes/k512/seed32/metrics.json,Existing scientific record; see category index
tabllm,experiments/tabllm_all_reference_k512_v1/evidence_v1/ref_12/diabetes/k512/seed42/metrics.json,Existing scientific record; see category index
tabllm,experiments/tabllm_all_reference_k512_v1/evidence_v1/ref_12/heart/k512/seed0/metrics.json,Existing scientific record; see category index
tabllm,experiments/tabllm_all_reference_k512_v1/evidence_v1/ref_12/heart/k512/seed1/metrics.json,Existing scientific record; see category index
tabllm,experiments/tabllm_all_reference_k512_v1/evidence_v1/ref_12/heart/k512/seed1024/metrics.json,Existing scientific record; see category index
tabllm,experiments/tabllm_all_reference_k512_v1/evidence_v1/ref_12/heart/k512/seed32/metrics.json,Existing scientific record; see category index
tabllm,experiments/tabllm_all_reference_k512_v1/evidence_v1/ref_12/heart/k512/seed42/metrics.json,Existing scientific record; see category index
tabllm,experiments/tabllm_all_reference_k512_v1/evidence_v1/ref_12/income/k512/seed0/metrics.json,Existing scientific record; see category index
tabllm,experiments/tabllm_all_reference_k512_v1/evidence_v1/ref_12/income/k512/seed1/metrics.json,Existing scientific record; see category index
tabllm,experiments/tabllm_all_reference_k512_v1/evidence_v1/ref_12/income/k512/seed1024/metrics.json,Existing scientific record; see category index
tabllm,experiments/tabllm_all_reference_k512_v1/evidence_v1/ref_12/income/k512/seed32/metrics.json,Existing scientific record; see category index
tabllm,experiments/tabllm_all_reference_k512_v1/evidence_v1/ref_12/income/k512/seed42/metrics.json,Existing scientific record; see category index
tabllm,experiments/tabllm_all_reference_k512_v1/evidence_v1/ref_12/jungle/k512/seed0/metrics.json,Existing scientific record; see category index
tabllm,experiments/tabllm_all_reference_k512_v1/evidence_v1/ref_12/jungle/k512/seed1/metrics.json,Existing scientific record; see category index
tabllm,experiments/tabllm_all_reference_k512_v1/evidence_v1/ref_12/jungle/k512/seed1024/metrics.json,Existing scientific record; see category index
tabllm,experiments/tabllm_all_reference_k512_v1/evidence_v1/ref_12/jungle/k512/seed32/metrics.json,Existing scientific record; see category index
tabllm,experiments/tabllm_all_reference_k512_v1/evidence_v1/ref_12/jungle/k512/seed42/metrics.json,Existing scientific record; see category index
tabllm,experiments/tabllm_all_reference_k512_v1/evidence_v1/ref_13/bank/k512/seed0/metrics.json,Existing scientific record; see category index
tabllm,experiments/tabllm_all_reference_k512_v1/evidence_v1/ref_13/bank/k512/seed1/metrics.json,Existing scientific record; see category index
tabllm,experiments/tabllm_all_reference_k512_v1/evidence_v1/ref_13/bank/k512/seed1024/metrics.json,Existing scientific record; see category index
tabllm,experiments/tabllm_all_reference_k512_v1/evidence_v1/ref_13/bank/k512/seed32/metrics.json,Existing scientific record; see category index
tabllm,experiments/tabllm_all_reference_k512_v1/evidence_v1/ref_13/bank/k512/seed42/metrics.json,Existing scientific record; see category index
tabllm,experiments/tabllm_all_reference_k512_v1/evidence_v1/ref_13/blood/k512/seed0/metrics.json,Existing scientific record; see category index
tabllm,experiments/tabllm_all_reference_k512_v1/evidence_v1/ref_13/blood/k512/seed1/metrics.json,Existing scientific record; see category index
tabllm,experiments/tabllm_all_reference_k512_v1/evidence_v1/ref_13/blood/k512/seed1024/metrics.json,Existing scientific record; see category index
tabllm,experiments/tabllm_all_reference_k512_v1/evidence_v1/ref_13/blood/k512/seed32/metrics.json,Existing scientific record; see category index
tabllm,experiments/tabllm_all_reference_k512_v1/evidence_v1/ref_13/blood/k512/seed42/metrics.json,Existing scientific record; see category index
tabllm,experiments/tabllm_all_reference_k512_v1/evidence_v1/ref_13/calhousing/k512/seed0/metrics.json,Existing scientific record; see category index
tabllm,experiments/tabllm_all_reference_k512_v1/evidence_v1/ref_13/calhousing/k512/seed1/metrics.json,Existing scientific record; see category index
tabllm,experiments/tabllm_all_reference_k512_v1/evidence_v1/ref_13/calhousing/k512/seed1024/metrics.json,Existing scientific record; see category index
tabllm,experiments/tabllm_all_reference_k512_v1/evidence_v1/ref_13/calhousing/k512/seed32/metrics.json,Existing scientific record; see category index
tabllm,experiments/tabllm_all_reference_k512_v1/evidence_v1/ref_13/calhousing/k512/seed42/metrics.json,Existing scientific record; see category index
tabllm,experiments/tabllm_all_reference_k512_v1/evidence_v1/ref_13/car/k512/seed0/metrics.json,Existing scientific record; see category index
tabllm,experiments/tabllm_all_reference_k512_v1/evidence_v1/ref_13/car/k512/seed1/metrics.json,Existing scientific record; see category index
tabllm,experiments/tabllm_all_reference_k512_v1/evidence_v1/ref_13/car/k512/seed1024/metrics.json,Existing scientific record; see category index
tabllm,experiments/tabllm_all_reference_k512_v1/evidence_v1/ref_13/car/k512/seed32/metrics.json,Existing scientific record; see category index
tabllm,experiments/tabllm_all_reference_k512_v1/evidence_v1/ref_13/car/k512/seed42/metrics.json,Existing scientific record; see category index
tabllm,experiments/tabllm_all_reference_k512_v1/evidence_v1/ref_13/creditg/k512/seed0/metrics.json,Existing scientific record; see category index
tabllm,experiments/tabllm_all_reference_k512_v1/evidence_v1/ref_13/creditg/k512/seed1/metrics.json,Existing scientific record; see category index
tabllm,experiments/tabllm_all_reference_k512_v1/evidence_v1/ref_13/creditg/k512/seed1024/metrics.json,Existing scientific record; see category index
tabllm,experiments/tabllm_all_reference_k512_v1/evidence_v1/ref_13/creditg/k512/seed32/metrics.json,Existing scientific record; see category index
tabllm,experiments/tabllm_all_reference_k512_v1/evidence_v1/ref_13/creditg/k512/seed42/metrics.json,Existing scientific record; see category index
tabllm,experiments/tabllm_all_reference_k512_v1/evidence_v1/ref_13/diabetes/k512/seed0/metrics.json,Existing scientific record; see category index
tabllm,experiments/tabllm_all_reference_k512_v1/evidence_v1/ref_13/diabetes/k512/seed1/metrics.json,Existing scientific record; see category index
tabllm,experiments/tabllm_all_reference_k512_v1/evidence_v1/ref_13/diabetes/k512/seed1024/metrics.json,Existing scientific record; see category index
tabllm,experiments/tabllm_all_reference_k512_v1/evidence_v1/ref_13/diabetes/k512/seed32/metrics.json,Existing scientific record; see category index
tabllm,experiments/tabllm_all_reference_k512_v1/evidence_v1/ref_13/diabetes/k512/seed42/metrics.json,Existing scientific record; see category index
tabllm,experiments/tabllm_all_reference_k512_v1/evidence_v1/ref_13/heart/k512/seed0/metrics.json,Existing scientific record; see category index
tabllm,experiments/tabllm_all_reference_k512_v1/evidence_v1/ref_13/heart/k512/seed1/metrics.json,Existing scientific record; see category index
tabllm,experiments/tabllm_all_reference_k512_v1/evidence_v1/ref_13/heart/k512/seed1024/metrics.json,Existing scientific record; see category index
tabllm,experiments/tabllm_all_reference_k512_v1/evidence_v1/ref_13/heart/k512/seed32/metrics.json,Existing scientific record; see category index
tabllm,experiments/tabllm_all_reference_k512_v1/evidence_v1/ref_13/heart/k512/seed42/metrics.json,Existing scientific record; see category index
tabllm,experiments/tabllm_all_reference_k512_v1/evidence_v1/ref_13/income/k512/seed0/metrics.json,Existing scientific record; see category index
tabllm,experiments/tabllm_all_reference_k512_v1/evidence_v1/ref_13/income/k512/seed1/metrics.json,Existing scientific record; see category index
tabllm,experiments/tabllm_all_reference_k512_v1/evidence_v1/ref_13/income/k512/seed1024/metrics.json,Existing scientific record; see category index
tabllm,experiments/tabllm_all_reference_k512_v1/evidence_v1/ref_13/income/k512/seed32/metrics.json,Existing scientific record; see category index
tabllm,experiments/tabllm_all_reference_k512_v1/evidence_v1/ref_13/income/k512/seed42/metrics.json,Existing scientific record; see category index
tabllm,experiments/tabllm_all_reference_k512_v1/evidence_v1/ref_13/jungle/k512/seed0/metrics.json,Existing scientific record; see category index
tabllm,experiments/tabllm_all_reference_k512_v1/evidence_v1/ref_13/jungle/k512/seed1/metrics.json,Existing scientific record; see category index
tabllm,experiments/tabllm_all_reference_k512_v1/evidence_v1/ref_13/jungle/k512/seed1024/metrics.json,Existing scientific record; see category index
tabllm,experiments/tabllm_all_reference_k512_v1/evidence_v1/ref_13/jungle/k512/seed32/metrics.json,Existing scientific record; see category index
tabllm,experiments/tabllm_all_reference_k512_v1/evidence_v1/ref_13/jungle/k512/seed42/metrics.json,Existing scientific record; see category index
tabllm,experiments/tabllm_all_reference_k512_v1/evidence_v1/ref_14/bank/k512/seed0/metrics.json,Existing scientific record; see category index
tabllm,experiments/tabllm_all_reference_k512_v1/evidence_v1/ref_14/bank/k512/seed1/metrics.json,Existing scientific record; see category index
tabllm,experiments/tabllm_all_reference_k512_v1/evidence_v1/ref_14/bank/k512/seed1024/metrics.json,Existing scientific record; see category index
tabllm,experiments/tabllm_all_reference_k512_v1/evidence_v1/ref_14/bank/k512/seed32/metrics.json,Existing scientific record; see category index
tabllm,experiments/tabllm_all_reference_k512_v1/evidence_v1/ref_14/bank/k512/seed42/metrics.json,Existing scientific record; see category index
tabllm,experiments/tabllm_all_reference_k512_v1/evidence_v1/ref_14/blood/k512/seed0/metrics.json,Existing scientific record; see category index
tabllm,experiments/tabllm_all_reference_k512_v1/evidence_v1/ref_14/blood/k512/seed1/metrics.json,Existing scientific record; see category index
tabllm,experiments/tabllm_all_reference_k512_v1/evidence_v1/ref_14/blood/k512/seed1024/metrics.json,Existing scientific record; see category index
tabllm,experiments/tabllm_all_reference_k512_v1/evidence_v1/ref_14/blood/k512/seed32/metrics.json,Existing scientific record; see category index
tabllm,experiments/tabllm_all_reference_k512_v1/evidence_v1/ref_14/blood/k512/seed42/metrics.json,Existing scientific record; see category index
tabllm,experiments/tabllm_all_reference_k512_v1/evidence_v1/ref_14/calhousing/k512/seed0/metrics.json,Existing scientific record; see category index
tabllm,experiments/tabllm_all_reference_k512_v1/evidence_v1/ref_14/calhousing/k512/seed1/metrics.json,Existing scientific record; see category index
tabllm,experiments/tabllm_all_reference_k512_v1/evidence_v1/ref_14/calhousing/k512/seed1024/metrics.json,Existing scientific record; see category index
tabllm,experiments/tabllm_all_reference_k512_v1/evidence_v1/ref_14/calhousing/k512/seed32/metrics.json,Existing scientific record; see category index
tabllm,experiments/tabllm_all_reference_k512_v1/evidence_v1/ref_14/calhousing/k512/seed42/metrics.json,Existing scientific record; see category index
tabllm,experiments/tabllm_all_reference_k512_v1/evidence_v1/ref_14/car/k512/seed0/metrics.json,Existing scientific record; see category index
tabllm,experiments/tabllm_all_reference_k512_v1/evidence_v1/ref_14/car/k512/seed1/metrics.json,Existing scientific record; see category index
tabllm,experiments/tabllm_all_reference_k512_v1/evidence_v1/ref_14/car/k512/seed1024/metrics.json,Existing scientific record; see category index
tabllm,experiments/tabllm_all_reference_k512_v1/evidence_v1/ref_14/car/k512/seed32/metrics.json,Existing scientific record; see category index
tabllm,experiments/tabllm_all_reference_k512_v1/evidence_v1/ref_14/car/k512/seed42/metrics.json,Existing scientific record; see category index
tabllm,experiments/tabllm_all_reference_k512_v1/evidence_v1/ref_14/creditg/k512/seed0/metrics.json,Existing scientific record; see category index
tabllm,experiments/tabllm_all_reference_k512_v1/evidence_v1/ref_14/creditg/k512/seed1/metrics.json,Existing scientific record; see category index
tabllm,experiments/tabllm_all_reference_k512_v1/evidence_v1/ref_14/creditg/k512/seed1024/metrics.json,Existing scientific record; see category index
tabllm,experiments/tabllm_all_reference_k512_v1/evidence_v1/ref_14/creditg/k512/seed32/metrics.json,Existing scientific record; see category index
tabllm,experiments/tabllm_all_reference_k512_v1/evidence_v1/ref_14/creditg/k512/seed42/metrics.json,Existing scientific record; see category index
tabllm,experiments/tabllm_all_reference_k512_v1/evidence_v1/ref_14/diabetes/k512/seed0/metrics.json,Existing scientific record; see category index
tabllm,experiments/tabllm_all_reference_k512_v1/evidence_v1/ref_14/diabetes/k512/seed1/metrics.json,Existing scientific record; see category index
tabllm,experiments/tabllm_all_reference_k512_v1/evidence_v1/ref_14/diabetes/k512/seed1024/metrics.json,Existing scientific record; see category index
tabllm,experiments/tabllm_all_reference_k512_v1/evidence_v1/ref_14/diabetes/k512/seed32/metrics.json,Existing scientific record; see category index
tabllm,experiments/tabllm_all_reference_k512_v1/evidence_v1/ref_14/diabetes/k512/seed42/metrics.json,Existing scientific record; see category index
tabllm,experiments/tabllm_all_reference_k512_v1/evidence_v1/ref_14/heart/k512/seed0/metrics.json,Existing scientific record; see category index
tabllm,experiments/tabllm_all_reference_k512_v1/evidence_v1/ref_14/heart/k512/seed1/metrics.json,Existing scientific record; see category index
tabllm,experiments/tabllm_all_reference_k512_v1/evidence_v1/ref_14/heart/k512/seed1024/metrics.json,Existing scientific record; see category index
tabllm,experiments/tabllm_all_reference_k512_v1/evidence_v1/ref_14/heart/k512/seed32/metrics.json,Existing scientific record; see category index
tabllm,experiments/tabllm_all_reference_k512_v1/evidence_v1/ref_14/heart/k512/seed42/metrics.json,Existing scientific record; see category index
tabllm,experiments/tabllm_all_reference_k512_v1/evidence_v1/ref_14/income/k512/seed0/metrics.json,Existing scientific record; see category index
tabllm,experiments/tabllm_all_reference_k512_v1/evidence_v1/ref_14/income/k512/seed1/metrics.json,Existing scientific record; see category index
tabllm,experiments/tabllm_all_reference_k512_v1/evidence_v1/ref_14/income/k512/seed1024/metrics.json,Existing scientific record; see category index
tabllm,experiments/tabllm_all_reference_k512_v1/evidence_v1/ref_14/income/k512/seed32/metrics.json,Existing scientific record; see category index
tabllm,experiments/tabllm_all_reference_k512_v1/evidence_v1/ref_14/income/k512/seed42/metrics.json,Existing scientific record; see category index
tabllm,experiments/tabllm_all_reference_k512_v1/evidence_v1/ref_14/jungle/k512/seed0/metrics.json,Existing scientific record; see category index
tabllm,experiments/tabllm_all_reference_k512_v1/evidence_v1/ref_14/jungle/k512/seed1/metrics.json,Existing scientific record; see category index
tabllm,experiments/tabllm_all_reference_k512_v1/evidence_v1/ref_14/jungle/k512/seed1024/metrics.json,Existing scientific record; see category index
tabllm,experiments/tabllm_all_reference_k512_v1/evidence_v1/ref_14/jungle/k512/seed32/metrics.json,Existing scientific record; see category index
tabllm,experiments/tabllm_all_reference_k512_v1/evidence_v1/ref_14/jungle/k512/seed42/metrics.json,Existing scientific record; see category index
tabllm,experiments/tabllm_all_reference_k512_v1/evidence_v1/ref_15/bank/k512/seed0/metrics.json,Existing scientific record; see category index
tabllm,experiments/tabllm_all_reference_k512_v1/evidence_v1/ref_15/bank/k512/seed1/metrics.json,Existing scientific record; see category index
tabllm,experiments/tabllm_all_reference_k512_v1/evidence_v1/ref_15/bank/k512/seed1024/metrics.json,Existing scientific record; see category index
tabllm,experiments/tabllm_all_reference_k512_v1/evidence_v1/ref_15/bank/k512/seed32/metrics.json,Existing scientific record; see category index
tabllm,experiments/tabllm_all_reference_k512_v1/evidence_v1/ref_15/bank/k512/seed42/metrics.json,Existing scientific record; see category index
tabllm,experiments/tabllm_all_reference_k512_v1/evidence_v1/ref_15/blood/k512/seed0/metrics.json,Existing scientific record; see category index
tabllm,experiments/tabllm_all_reference_k512_v1/evidence_v1/ref_15/blood/k512/seed1/metrics.json,Existing scientific record; see category index
tabllm,experiments/tabllm_all_reference_k512_v1/evidence_v1/ref_15/blood/k512/seed1024/metrics.json,Existing scientific record; see category index
tabllm,experiments/tabllm_all_reference_k512_v1/evidence_v1/ref_15/blood/k512/seed32/metrics.json,Existing scientific record; see category index
tabllm,experiments/tabllm_all_reference_k512_v1/evidence_v1/ref_15/blood/k512/seed42/metrics.json,Existing scientific record; see category index
tabllm,experiments/tabllm_all_reference_k512_v1/evidence_v1/ref_15/calhousing/k512/seed0/metrics.json,Existing scientific record; see category index
tabllm,experiments/tabllm_all_reference_k512_v1/evidence_v1/ref_15/calhousing/k512/seed1/metrics.json,Existing scientific record; see category index
tabllm,experiments/tabllm_all_reference_k512_v1/evidence_v1/ref_15/calhousing/k512/seed1024/metrics.json,Existing scientific record; see category index
tabllm,experiments/tabllm_all_reference_k512_v1/evidence_v1/ref_15/calhousing/k512/seed32/metrics.json,Existing scientific record; see category index
tabllm,experiments/tabllm_all_reference_k512_v1/evidence_v1/ref_15/calhousing/k512/seed42/metrics.json,Existing scientific record; see category index
tabllm,experiments/tabllm_all_reference_k512_v1/evidence_v1/ref_15/car/k512/seed0/metrics.json,Existing scientific record; see category index
tabllm,experiments/tabllm_all_reference_k512_v1/evidence_v1/ref_15/car/k512/seed1/metrics.json,Existing scientific record; see category index
tabllm,experiments/tabllm_all_reference_k512_v1/evidence_v1/ref_15/car/k512/seed1024/metrics.json,Existing scientific record; see category index
tabllm,experiments/tabllm_all_reference_k512_v1/evidence_v1/ref_15/car/k512/seed32/metrics.json,Existing scientific record; see category index
tabllm,experiments/tabllm_all_reference_k512_v1/evidence_v1/ref_15/car/k512/seed42/metrics.json,Existing scientific record; see category index
tabllm,experiments/tabllm_all_reference_k512_v1/evidence_v1/ref_15/creditg/k512/seed0/metrics.json,Existing scientific record; see category index
tabllm,experiments/tabllm_all_reference_k512_v1/evidence_v1/ref_15/creditg/k512/seed1/metrics.json,Existing scientific record; see category index
tabllm,experiments/tabllm_all_reference_k512_v1/evidence_v1/ref_15/creditg/k512/seed1024/metrics.json,Existing scientific record; see category index
tabllm,experiments/tabllm_all_reference_k512_v1/evidence_v1/ref_15/creditg/k512/seed32/metrics.json,Existing scientific record; see category index
tabllm,experiments/tabllm_all_reference_k512_v1/evidence_v1/ref_15/creditg/k512/seed42/metrics.json,Existing scientific record; see category index
tabllm,experiments/tabllm_all_reference_k512_v1/evidence_v1/ref_15/diabetes/k512/seed0/metrics.json,Existing scientific record; see category index
tabllm,experiments/tabllm_all_reference_k512_v1/evidence_v1/ref_15/diabetes/k512/seed1/metrics.json,Existing scientific record; see category index
tabllm,experiments/tabllm_all_reference_k512_v1/evidence_v1/ref_15/diabetes/k512/seed1024/metrics.json,Existing scientific record; see category index
tabllm,experiments/tabllm_all_reference_k512_v1/evidence_v1/ref_15/diabetes/k512/seed32/metrics.json,Existing scientific record; see category index
tabllm,experiments/tabllm_all_reference_k512_v1/evidence_v1/ref_15/diabetes/k512/seed42/metrics.json,Existing scientific record; see category index
tabllm,experiments/tabllm_all_reference_k512_v1/evidence_v1/ref_15/heart/k512/seed0/metrics.json,Existing scientific record; see category index
tabllm,experiments/tabllm_all_reference_k512_v1/evidence_v1/ref_15/heart/k512/seed1/metrics.json,Existing scientific record; see category index
tabllm,experiments/tabllm_all_reference_k512_v1/evidence_v1/ref_15/heart/k512/seed1024/metrics.json,Existing scientific record; see category index
tabllm,experiments/tabllm_all_reference_k512_v1/evidence_v1/ref_15/heart/k512/seed32/metrics.json,Existing scientific record; see category index
tabllm,experiments/tabllm_all_reference_k512_v1/evidence_v1/ref_15/heart/k512/seed42/metrics.json,Existing scientific record; see category index
tabllm,experiments/tabllm_all_reference_k512_v1/evidence_v1/ref_15/income/k512/seed0/metrics.json,Existing scientific record; see category index
tabllm,experiments/tabllm_all_reference_k512_v1/evidence_v1/ref_15/income/k512/seed1/metrics.json,Existing scientific record; see category index
tabllm,experiments/tabllm_all_reference_k512_v1/evidence_v1/ref_15/income/k512/seed1024/metrics.json,Existing scientific record; see category index
tabllm,experiments/tabllm_all_reference_k512_v1/evidence_v1/ref_15/income/k512/seed32/metrics.json,Existing scientific record; see category index
tabllm,experiments/tabllm_all_reference_k512_v1/evidence_v1/ref_15/income/k512/seed42/metrics.json,Existing scientific record; see category index
tabllm,experiments/tabllm_all_reference_k512_v1/evidence_v1/ref_15/jungle/k512/seed0/metrics.json,Existing scientific record; see category index
tabllm,experiments/tabllm_all_reference_k512_v1/evidence_v1/ref_15/jungle/k512/seed1/metrics.json,Existing scientific record; see category index
tabllm,experiments/tabllm_all_reference_k512_v1/evidence_v1/ref_15/jungle/k512/seed1024/metrics.json,Existing scientific record; see category index
tabllm,experiments/tabllm_all_reference_k512_v1/evidence_v1/ref_15/jungle/k512/seed32/metrics.json,Existing scientific record; see category index
tabllm,experiments/tabllm_all_reference_k512_v1/evidence_v1/ref_15/jungle/k512/seed42/metrics.json,Existing scientific record; see category index
tabllm,experiments/tabllm_all_reference_k512_v1/evidence_v1/ref_16/bank/k512/seed0/metrics.json,Existing scientific record; see category index
tabllm,experiments/tabllm_all_reference_k512_v1/evidence_v1/ref_16/bank/k512/seed1/metrics.json,Existing scientific record; see category index
tabllm,experiments/tabllm_all_reference_k512_v1/evidence_v1/ref_16/bank/k512/seed1024/metrics.json,Existing scientific record; see category index
tabllm,experiments/tabllm_all_reference_k512_v1/evidence_v1/ref_16/bank/k512/seed32/metrics.json,Existing scientific record; see category index
tabllm,experiments/tabllm_all_reference_k512_v1/evidence_v1/ref_16/bank/k512/seed42/metrics.json,Existing scientific record; see category index
tabllm,experiments/tabllm_all_reference_k512_v1/evidence_v1/ref_16/blood/k512/seed0/metrics.json,Existing scientific record; see category index
tabllm,experiments/tabllm_all_reference_k512_v1/evidence_v1/ref_16/blood/k512/seed1/metrics.json,Existing scientific record; see category index
tabllm,experiments/tabllm_all_reference_k512_v1/evidence_v1/ref_16/blood/k512/seed1024/metrics.json,Existing scientific record; see category index
tabllm,experiments/tabllm_all_reference_k512_v1/evidence_v1/ref_16/blood/k512/seed32/metrics.json,Existing scientific record; see category index
tabllm,experiments/tabllm_all_reference_k512_v1/evidence_v1/ref_16/blood/k512/seed42/metrics.json,Existing scientific record; see category index
tabllm,experiments/tabllm_all_reference_k512_v1/evidence_v1/ref_16/calhousing/k512/seed0/metrics.json,Existing scientific record; see category index
tabllm,experiments/tabllm_all_reference_k512_v1/evidence_v1/ref_16/calhousing/k512/seed1/metrics.json,Existing scientific record; see category index
tabllm,experiments/tabllm_all_reference_k512_v1/evidence_v1/ref_16/calhousing/k512/seed1024/metrics.json,Existing scientific record; see category index
tabllm,experiments/tabllm_all_reference_k512_v1/evidence_v1/ref_16/calhousing/k512/seed32/metrics.json,Existing scientific record; see category index
tabllm,experiments/tabllm_all_reference_k512_v1/evidence_v1/ref_16/calhousing/k512/seed42/metrics.json,Existing scientific record; see category index
tabllm,experiments/tabllm_all_reference_k512_v1/evidence_v1/ref_16/car/k512/seed0/metrics.json,Existing scientific record; see category index
tabllm,experiments/tabllm_all_reference_k512_v1/evidence_v1/ref_16/car/k512/seed1/metrics.json,Existing scientific record; see category index
tabllm,experiments/tabllm_all_reference_k512_v1/evidence_v1/ref_16/car/k512/seed1024/metrics.json,Existing scientific record; see category index
tabllm,experiments/tabllm_all_reference_k512_v1/evidence_v1/ref_16/car/k512/seed32/metrics.json,Existing scientific record; see category index
tabllm,experiments/tabllm_all_reference_k512_v1/evidence_v1/ref_16/car/k512/seed42/metrics.json,Existing scientific record; see category index
tabllm,experiments/tabllm_all_reference_k512_v1/evidence_v1/ref_16/creditg/k512/seed0/metrics.json,Existing scientific record; see category index
tabllm,experiments/tabllm_all_reference_k512_v1/evidence_v1/ref_16/creditg/k512/seed1/metrics.json,Existing scientific record; see category index
tabllm,experiments/tabllm_all_reference_k512_v1/evidence_v1/ref_16/creditg/k512/seed1024/metrics.json,Existing scientific record; see category index
tabllm,experiments/tabllm_all_reference_k512_v1/evidence_v1/ref_16/creditg/k512/seed32/metrics.json,Existing scientific record; see category index
tabllm,experiments/tabllm_all_reference_k512_v1/evidence_v1/ref_16/creditg/k512/seed42/metrics.json,Existing scientific record; see category index
tabllm,experiments/tabllm_all_reference_k512_v1/evidence_v1/ref_16/diabetes/k512/seed0/metrics.json,Existing scientific record; see category index
tabllm,experiments/tabllm_all_reference_k512_v1/evidence_v1/ref_16/diabetes/k512/seed1/metrics.json,Existing scientific record; see category index
tabllm,experiments/tabllm_all_reference_k512_v1/evidence_v1/ref_16/diabetes/k512/seed1024/metrics.json,Existing scientific record; see category index
tabllm,experiments/tabllm_all_reference_k512_v1/evidence_v1/ref_16/diabetes/k512/seed32/metrics.json,Existing scientific record; see category index
tabllm,experiments/tabllm_all_reference_k512_v1/evidence_v1/ref_16/diabetes/k512/seed42/metrics.json,Existing scientific record; see category index
tabllm,experiments/tabllm_all_reference_k512_v1/evidence_v1/ref_16/heart/k512/seed0/metrics.json,Existing scientific record; see category index
tabllm,experiments/tabllm_all_reference_k512_v1/evidence_v1/ref_16/heart/k512/seed1/metrics.json,Existing scientific record; see category index
tabllm,experiments/tabllm_all_reference_k512_v1/evidence_v1/ref_16/heart/k512/seed1024/metrics.json,Existing scientific record; see category index
tabllm,experiments/tabllm_all_reference_k512_v1/evidence_v1/ref_16/heart/k512/seed32/metrics.json,Existing scientific record; see category index
tabllm,experiments/tabllm_all_reference_k512_v1/evidence_v1/ref_16/heart/k512/seed42/metrics.json,Existing scientific record; see category index
tabllm,experiments/tabllm_all_reference_k512_v1/evidence_v1/ref_16/income/k512/seed0/metrics.json,Existing scientific record; see category index
tabllm,experiments/tabllm_all_reference_k512_v1/evidence_v1/ref_16/income/k512/seed1/metrics.json,Existing scientific record; see category index
tabllm,experiments/tabllm_all_reference_k512_v1/evidence_v1/ref_16/income/k512/seed1024/metrics.json,Existing scientific record; see category index
tabllm,experiments/tabllm_all_reference_k512_v1/evidence_v1/ref_16/income/k512/seed32/metrics.json,Existing scientific record; see category index
tabllm,experiments/tabllm_all_reference_k512_v1/evidence_v1/ref_16/income/k512/seed42/metrics.json,Existing scientific record; see category index
tabllm,experiments/tabllm_all_reference_k512_v1/evidence_v1/ref_16/jungle/k512/seed0/metrics.json,Existing scientific record; see category index
tabllm,experiments/tabllm_all_reference_k512_v1/evidence_v1/ref_16/jungle/k512/seed1/metrics.json,Existing scientific record; see category index
tabllm,experiments/tabllm_all_reference_k512_v1/evidence_v1/ref_16/jungle/k512/seed1024/metrics.json,Existing scientific record; see category index
tabllm,experiments/tabllm_all_reference_k512_v1/evidence_v1/ref_16/jungle/k512/seed32/metrics.json,Existing scientific record; see category index
tabllm,experiments/tabllm_all_reference_k512_v1/evidence_v1/ref_16/jungle/k512/seed42/metrics.json,Existing scientific record; see category index
tabllm,experiments/tabllm_all_reference_k512_v1/evidence_v1/ref_17/bank/k512/seed0/metrics.json,Existing scientific record; see category index
tabllm,experiments/tabllm_all_reference_k512_v1/evidence_v1/ref_17/bank/k512/seed1/metrics.json,Existing scientific record; see category index
tabllm,experiments/tabllm_all_reference_k512_v1/evidence_v1/ref_17/bank/k512/seed1024/metrics.json,Existing scientific record; see category index
tabllm,experiments/tabllm_all_reference_k512_v1/evidence_v1/ref_17/bank/k512/seed32/metrics.json,Existing scientific record; see category index
tabllm,experiments/tabllm_all_reference_k512_v1/evidence_v1/ref_17/bank/k512/seed42/metrics.json,Existing scientific record; see category index
tabllm,experiments/tabllm_all_reference_k512_v1/evidence_v1/ref_17/blood/k512/seed0/metrics.json,Existing scientific record; see category index
tabllm,experiments/tabllm_all_reference_k512_v1/evidence_v1/ref_17/blood/k512/seed1/metrics.json,Existing scientific record; see category index
tabllm,experiments/tabllm_all_reference_k512_v1/evidence_v1/ref_17/blood/k512/seed1024/metrics.json,Existing scientific record; see category index
tabllm,experiments/tabllm_all_reference_k512_v1/evidence_v1/ref_17/blood/k512/seed32/metrics.json,Existing scientific record; see category index
tabllm,experiments/tabllm_all_reference_k512_v1/evidence_v1/ref_17/blood/k512/seed42/metrics.json,Existing scientific record; see category index
tabllm,experiments/tabllm_all_reference_k512_v1/evidence_v1/ref_17/calhousing/k512/seed0/metrics.json,Existing scientific record; see category index
tabllm,experiments/tabllm_all_reference_k512_v1/evidence_v1/ref_17/calhousing/k512/seed1/metrics.json,Existing scientific record; see category index
tabllm,experiments/tabllm_all_reference_k512_v1/evidence_v1/ref_17/calhousing/k512/seed1024/metrics.json,Existing scientific record; see category index
tabllm,experiments/tabllm_all_reference_k512_v1/evidence_v1/ref_17/calhousing/k512/seed32/metrics.json,Existing scientific record; see category index
tabllm,experiments/tabllm_all_reference_k512_v1/evidence_v1/ref_17/calhousing/k512/seed42/metrics.json,Existing scientific record; see category index
tabllm,experiments/tabllm_all_reference_k512_v1/evidence_v1/ref_17/car/k512/seed0/metrics.json,Existing scientific record; see category index
tabllm,experiments/tabllm_all_reference_k512_v1/evidence_v1/ref_17/car/k512/seed1/metrics.json,Existing scientific record; see category index
tabllm,experiments/tabllm_all_reference_k512_v1/evidence_v1/ref_17/car/k512/seed1024/metrics.json,Existing scientific record; see category index
tabllm,experiments/tabllm_all_reference_k512_v1/evidence_v1/ref_17/car/k512/seed32/metrics.json,Existing scientific record; see category index
tabllm,experiments/tabllm_all_reference_k512_v1/evidence_v1/ref_17/car/k512/seed42/metrics.json,Existing scientific record; see category index
tabllm,experiments/tabllm_all_reference_k512_v1/evidence_v1/ref_17/creditg/k512/seed0/metrics.json,Existing scientific record; see category index
tabllm,experiments/tabllm_all_reference_k512_v1/evidence_v1/ref_17/creditg/k512/seed1/metrics.json,Existing scientific record; see category index
tabllm,experiments/tabllm_all_reference_k512_v1/evidence_v1/ref_17/creditg/k512/seed1024/metrics.json,Existing scientific record; see category index
tabllm,experiments/tabllm_all_reference_k512_v1/evidence_v1/ref_17/creditg/k512/seed32/metrics.json,Existing scientific record; see category index
tabllm,experiments/tabllm_all_reference_k512_v1/evidence_v1/ref_17/creditg/k512/seed42/metrics.json,Existing scientific record; see category index
tabllm,experiments/tabllm_all_reference_k512_v1/evidence_v1/ref_17/diabetes/k512/seed0/metrics.json,Existing scientific record; see category index
tabllm,experiments/tabllm_all_reference_k512_v1/evidence_v1/ref_17/diabetes/k512/seed1/metrics.json,Existing scientific record; see category index
tabllm,experiments/tabllm_all_reference_k512_v1/evidence_v1/ref_17/diabetes/k512/seed1024/metrics.json,Existing scientific record; see category index
tabllm,experiments/tabllm_all_reference_k512_v1/evidence_v1/ref_17/diabetes/k512/seed32/metrics.json,Existing scientific record; see category index
tabllm,experiments/tabllm_all_reference_k512_v1/evidence_v1/ref_17/diabetes/k512/seed42/metrics.json,Existing scientific record; see category index
tabllm,experiments/tabllm_all_reference_k512_v1/evidence_v1/ref_17/heart/k512/seed0/metrics.json,Existing scientific record; see category index
tabllm,experiments/tabllm_all_reference_k512_v1/evidence_v1/ref_17/heart/k512/seed1/metrics.json,Existing scientific record; see category index
tabllm,experiments/tabllm_all_reference_k512_v1/evidence_v1/ref_17/heart/k512/seed1024/metrics.json,Existing scientific record; see category index
tabllm,experiments/tabllm_all_reference_k512_v1/evidence_v1/ref_17/heart/k512/seed32/metrics.json,Existing scientific record; see category index
tabllm,experiments/tabllm_all_reference_k512_v1/evidence_v1/ref_17/heart/k512/seed42/metrics.json,Existing scientific record; see category index
tabllm,experiments/tabllm_all_reference_k512_v1/evidence_v1/ref_17/income/k512/seed0/metrics.json,Existing scientific record; see category index
tabllm,experiments/tabllm_all_reference_k512_v1/evidence_v1/ref_17/income/k512/seed1/metrics.json,Existing scientific record; see category index
tabllm,experiments/tabllm_all_reference_k512_v1/evidence_v1/ref_17/income/k512/seed1024/metrics.json,Existing scientific record; see category index
tabllm,experiments/tabllm_all_reference_k512_v1/evidence_v1/ref_17/income/k512/seed32/metrics.json,Existing scientific record; see category index
tabllm,experiments/tabllm_all_reference_k512_v1/evidence_v1/ref_17/income/k512/seed42/metrics.json,Existing scientific record; see category index
tabllm,experiments/tabllm_all_reference_k512_v1/evidence_v1/ref_17/jungle/k512/seed0/metrics.json,Existing scientific record; see category index
tabllm,experiments/tabllm_all_reference_k512_v1/evidence_v1/ref_17/jungle/k512/seed1/metrics.json,Existing scientific record; see category index
tabllm,experiments/tabllm_all_reference_k512_v1/evidence_v1/ref_17/jungle/k512/seed1024/metrics.json,Existing scientific record; see category index
tabllm,experiments/tabllm_all_reference_k512_v1/evidence_v1/ref_17/jungle/k512/seed32/metrics.json,Existing scientific record; see category index
tabllm,experiments/tabllm_all_reference_k512_v1/evidence_v1/ref_17/jungle/k512/seed42/metrics.json,Existing scientific record; see category index
tabllm,experiments/tabllm_all_reference_k512_v1/evidence_v1/ref_18/bank/k512/seed0/metrics.json,Existing scientific record; see category index
tabllm,experiments/tabllm_all_reference_k512_v1/evidence_v1/ref_18/bank/k512/seed1/metrics.json,Existing scientific record; see category index
tabllm,experiments/tabllm_all_reference_k512_v1/evidence_v1/ref_18/bank/k512/seed1024/metrics.json,Existing scientific record; see category index
tabllm,experiments/tabllm_all_reference_k512_v1/evidence_v1/ref_18/bank/k512/seed32/metrics.json,Existing scientific record; see category index
tabllm,experiments/tabllm_all_reference_k512_v1/evidence_v1/ref_18/bank/k512/seed42/metrics.json,Existing scientific record; see category index
tabllm,experiments/tabllm_all_reference_k512_v1/evidence_v1/ref_18/blood/k512/seed0/metrics.json,Existing scientific record; see category index
tabllm,experiments/tabllm_all_reference_k512_v1/evidence_v1/ref_18/blood/k512/seed1/metrics.json,Existing scientific record; see category index
tabllm,experiments/tabllm_all_reference_k512_v1/evidence_v1/ref_18/blood/k512/seed1024/metrics.json,Existing scientific record; see category index
tabllm,experiments/tabllm_all_reference_k512_v1/evidence_v1/ref_18/blood/k512/seed32/metrics.json,Existing scientific record; see category index
tabllm,experiments/tabllm_all_reference_k512_v1/evidence_v1/ref_18/blood/k512/seed42/metrics.json,Existing scientific record; see category index
tabllm,experiments/tabllm_all_reference_k512_v1/evidence_v1/ref_18/calhousing/k512/seed0/metrics.json,Existing scientific record; see category index
tabllm,experiments/tabllm_all_reference_k512_v1/evidence_v1/ref_18/calhousing/k512/seed1/metrics.json,Existing scientific record; see category index
tabllm,experiments/tabllm_all_reference_k512_v1/evidence_v1/ref_18/calhousing/k512/seed1024/metrics.json,Existing scientific record; see category index
tabllm,experiments/tabllm_all_reference_k512_v1/evidence_v1/ref_18/calhousing/k512/seed32/metrics.json,Existing scientific record; see category index
tabllm,experiments/tabllm_all_reference_k512_v1/evidence_v1/ref_18/calhousing/k512/seed42/metrics.json,Existing scientific record; see category index
tabllm,experiments/tabllm_all_reference_k512_v1/evidence_v1/ref_18/car/k512/seed0/metrics.json,Existing scientific record; see category index
tabllm,experiments/tabllm_all_reference_k512_v1/evidence_v1/ref_18/car/k512/seed1/metrics.json,Existing scientific record; see category index
tabllm,experiments/tabllm_all_reference_k512_v1/evidence_v1/ref_18/car/k512/seed1024/metrics.json,Existing scientific record; see category index
tabllm,experiments/tabllm_all_reference_k512_v1/evidence_v1/ref_18/car/k512/seed32/metrics.json,Existing scientific record; see category index
tabllm,experiments/tabllm_all_reference_k512_v1/evidence_v1/ref_18/car/k512/seed42/metrics.json,Existing scientific record; see category index
tabllm,experiments/tabllm_all_reference_k512_v1/evidence_v1/ref_18/creditg/k512/seed0/metrics.json,Existing scientific record; see category index
tabllm,experiments/tabllm_all_reference_k512_v1/evidence_v1/ref_18/creditg/k512/seed1/metrics.json,Existing scientific record; see category index
tabllm,experiments/tabllm_all_reference_k512_v1/evidence_v1/ref_18/creditg/k512/seed1024/metrics.json,Existing scientific record; see category index
tabllm,experiments/tabllm_all_reference_k512_v1/evidence_v1/ref_18/creditg/k512/seed32/metrics.json,Existing scientific record; see category index
tabllm,experiments/tabllm_all_reference_k512_v1/evidence_v1/ref_18/creditg/k512/seed42/metrics.json,Existing scientific record; see category index
tabllm,experiments/tabllm_all_reference_k512_v1/evidence_v1/ref_18/diabetes/k512/seed0/metrics.json,Existing scientific record; see category index
tabllm,experiments/tabllm_all_reference_k512_v1/evidence_v1/ref_18/diabetes/k512/seed1/metrics.json,Existing scientific record; see category index
tabllm,experiments/tabllm_all_reference_k512_v1/evidence_v1/ref_18/diabetes/k512/seed1024/metrics.json,Existing scientific record; see category index
tabllm,experiments/tabllm_all_reference_k512_v1/evidence_v1/ref_18/diabetes/k512/seed32/metrics.json,Existing scientific record; see category index
tabllm,experiments/tabllm_all_reference_k512_v1/evidence_v1/ref_18/diabetes/k512/seed42/metrics.json,Existing scientific record; see category index
tabllm,experiments/tabllm_all_reference_k512_v1/evidence_v1/ref_18/heart/k512/seed0/metrics.json,Existing scientific record; see category index
tabllm,experiments/tabllm_all_reference_k512_v1/evidence_v1/ref_18/heart/k512/seed1/metrics.json,Existing scientific record; see category index
tabllm,experiments/tabllm_all_reference_k512_v1/evidence_v1/ref_18/heart/k512/seed1024/metrics.json,Existing scientific record; see category index
tabllm,experiments/tabllm_all_reference_k512_v1/evidence_v1/ref_18/heart/k512/seed32/metrics.json,Existing scientific record; see category index
tabllm,experiments/tabllm_all_reference_k512_v1/evidence_v1/ref_18/heart/k512/seed42/metrics.json,Existing scientific record; see category index
tabllm,experiments/tabllm_all_reference_k512_v1/evidence_v1/ref_18/income/k512/seed0/metrics.json,Existing scientific record; see category index
tabllm,experiments/tabllm_all_reference_k512_v1/evidence_v1/ref_18/income/k512/seed1/metrics.json,Existing scientific record; see category index
tabllm,experiments/tabllm_all_reference_k512_v1/evidence_v1/ref_18/income/k512/seed1024/metrics.json,Existing scientific record; see category index
tabllm,experiments/tabllm_all_reference_k512_v1/evidence_v1/ref_18/income/k512/seed32/metrics.json,Existing scientific record; see category index
tabllm,experiments/tabllm_all_reference_k512_v1/evidence_v1/ref_18/income/k512/seed42/metrics.json,Existing scientific record; see category index
tabllm,experiments/tabllm_all_reference_k512_v1/evidence_v1/ref_18/jungle/k512/seed0/metrics.json,Existing scientific record; see category index
tabllm,experiments/tabllm_all_reference_k512_v1/evidence_v1/ref_18/jungle/k512/seed1/metrics.json,Existing scientific record; see category index
tabllm,experiments/tabllm_all_reference_k512_v1/evidence_v1/ref_18/jungle/k512/seed1024/metrics.json,Existing scientific record; see category index
tabllm,experiments/tabllm_all_reference_k512_v1/evidence_v1/ref_18/jungle/k512/seed32/metrics.json,Existing scientific record; see category index
tabllm,experiments/tabllm_all_reference_k512_v1/evidence_v1/ref_18/jungle/k512/seed42/metrics.json,Existing scientific record; see category index
tabllm,experiments/tabllm_all_reference_k512_v1/evidence_v1/ref_19/bank/k512/seed0/metrics.json,Existing scientific record; see category index
tabllm,experiments/tabllm_all_reference_k512_v1/evidence_v1/ref_19/bank/k512/seed1/metrics.json,Existing scientific record; see category index
tabllm,experiments/tabllm_all_reference_k512_v1/evidence_v1/ref_19/bank/k512/seed1024/metrics.json,Existing scientific record; see category index
tabllm,experiments/tabllm_all_reference_k512_v1/evidence_v1/ref_19/bank/k512/seed32/metrics.json,Existing scientific record; see category index
tabllm,experiments/tabllm_all_reference_k512_v1/evidence_v1/ref_19/bank/k512/seed42/metrics.json,Existing scientific record; see category index
tabllm,experiments/tabllm_all_reference_k512_v1/evidence_v1/ref_19/blood/k512/seed0/metrics.json,Existing scientific record; see category index
tabllm,experiments/tabllm_all_reference_k512_v1/evidence_v1/ref_19/blood/k512/seed1/metrics.json,Existing scientific record; see category index
tabllm,experiments/tabllm_all_reference_k512_v1/evidence_v1/ref_19/blood/k512/seed1024/metrics.json,Existing scientific record; see category index
tabllm,experiments/tabllm_all_reference_k512_v1/evidence_v1/ref_19/blood/k512/seed32/metrics.json,Existing scientific record; see category index
tabllm,experiments/tabllm_all_reference_k512_v1/evidence_v1/ref_19/blood/k512/seed42/metrics.json,Existing scientific record; see category index
tabllm,experiments/tabllm_all_reference_k512_v1/evidence_v1/ref_19/calhousing/k512/seed0/metrics.json,Existing scientific record; see category index
tabllm,experiments/tabllm_all_reference_k512_v1/evidence_v1/ref_19/calhousing/k512/seed1/metrics.json,Existing scientific record; see category index
tabllm,experiments/tabllm_all_reference_k512_v1/evidence_v1/ref_19/calhousing/k512/seed1024/metrics.json,Existing scientific record; see category index
tabllm,experiments/tabllm_all_reference_k512_v1/evidence_v1/ref_19/calhousing/k512/seed32/metrics.json,Existing scientific record; see category index
tabllm,experiments/tabllm_all_reference_k512_v1/evidence_v1/ref_19/calhousing/k512/seed42/metrics.json,Existing scientific record; see category index
tabllm,experiments/tabllm_all_reference_k512_v1/evidence_v1/ref_19/car/k512/seed0/metrics.json,Existing scientific record; see category index
tabllm,experiments/tabllm_all_reference_k512_v1/evidence_v1/ref_19/car/k512/seed1/metrics.json,Existing scientific record; see category index
tabllm,experiments/tabllm_all_reference_k512_v1/evidence_v1/ref_19/car/k512/seed1024/metrics.json,Existing scientific record; see category index
tabllm,experiments/tabllm_all_reference_k512_v1/evidence_v1/ref_19/car/k512/seed32/metrics.json,Existing scientific record; see category index
tabllm,experiments/tabllm_all_reference_k512_v1/evidence_v1/ref_19/car/k512/seed42/metrics.json,Existing scientific record; see category index
tabllm,experiments/tabllm_all_reference_k512_v1/evidence_v1/ref_19/creditg/k512/seed0/metrics.json,Existing scientific record; see category index
tabllm,experiments/tabllm_all_reference_k512_v1/evidence_v1/ref_19/creditg/k512/seed1/metrics.json,Existing scientific record; see category index
tabllm,experiments/tabllm_all_reference_k512_v1/evidence_v1/ref_19/creditg/k512/seed1024/metrics.json,Existing scientific record; see category index
tabllm,experiments/tabllm_all_reference_k512_v1/evidence_v1/ref_19/creditg/k512/seed32/metrics.json,Existing scientific record; see category index
tabllm,experiments/tabllm_all_reference_k512_v1/evidence_v1/ref_19/creditg/k512/seed42/metrics.json,Existing scientific record; see category index
tabllm,experiments/tabllm_all_reference_k512_v1/evidence_v1/ref_19/diabetes/k512/seed0/metrics.json,Existing scientific record; see category index
tabllm,experiments/tabllm_all_reference_k512_v1/evidence_v1/ref_19/diabetes/k512/seed1/metrics.json,Existing scientific record; see category index
tabllm,experiments/tabllm_all_reference_k512_v1/evidence_v1/ref_19/diabetes/k512/seed1024/metrics.json,Existing scientific record; see category index
tabllm,experiments/tabllm_all_reference_k512_v1/evidence_v1/ref_19/diabetes/k512/seed32/metrics.json,Existing scientific record; see category index
tabllm,experiments/tabllm_all_reference_k512_v1/evidence_v1/ref_19/diabetes/k512/seed42/metrics.json,Existing scientific record; see category index
tabllm,experiments/tabllm_all_reference_k512_v1/evidence_v1/ref_19/heart/k512/seed0/metrics.json,Existing scientific record; see category index
tabllm,experiments/tabllm_all_reference_k512_v1/evidence_v1/ref_19/heart/k512/seed1/metrics.json,Existing scientific record; see category index
tabllm,experiments/tabllm_all_reference_k512_v1/evidence_v1/ref_19/heart/k512/seed1024/metrics.json,Existing scientific record; see category index
tabllm,experiments/tabllm_all_reference_k512_v1/evidence_v1/ref_19/heart/k512/seed32/metrics.json,Existing scientific record; see category index
tabllm,experiments/tabllm_all_reference_k512_v1/evidence_v1/ref_19/heart/k512/seed42/metrics.json,Existing scientific record; see category index
tabllm,experiments/tabllm_all_reference_k512_v1/evidence_v1/ref_19/income/k512/seed0/metrics.json,Existing scientific record; see category index
tabllm,experiments/tabllm_all_reference_k512_v1/evidence_v1/ref_19/income/k512/seed1/metrics.json,Existing scientific record; see category index
tabllm,experiments/tabllm_all_reference_k512_v1/evidence_v1/ref_19/income/k512/seed1024/metrics.json,Existing scientific record; see category index
tabllm,experiments/tabllm_all_reference_k512_v1/evidence_v1/ref_19/income/k512/seed32/metrics.json,Existing scientific record; see category index
tabllm,experiments/tabllm_all_reference_k512_v1/evidence_v1/ref_19/income/k512/seed42/metrics.json,Existing scientific record; see category index
tabllm,experiments/tabllm_all_reference_k512_v1/evidence_v1/ref_19/jungle/k512/seed0/metrics.json,Existing scientific record; see category index
tabllm,experiments/tabllm_all_reference_k512_v1/evidence_v1/ref_19/jungle/k512/seed1/metrics.json,Existing scientific record; see category index
tabllm,experiments/tabllm_all_reference_k512_v1/evidence_v1/ref_19/jungle/k512/seed1024/metrics.json,Existing scientific record; see category index
tabllm,experiments/tabllm_all_reference_k512_v1/evidence_v1/ref_19/jungle/k512/seed32/metrics.json,Existing scientific record; see category index
tabllm,experiments/tabllm_all_reference_k512_v1/evidence_v1/ref_19/jungle/k512/seed42/metrics.json,Existing scientific record; see category index
tabllm,experiments/tabllm_all_reference_k512_v1/evidence_v1/ref_20/bank/k512/seed0/metrics.json,Existing scientific record; see category index
tabllm,experiments/tabllm_all_reference_k512_v1/evidence_v1/ref_20/bank/k512/seed1/metrics.json,Existing scientific record; see category index
tabllm,experiments/tabllm_all_reference_k512_v1/evidence_v1/ref_20/bank/k512/seed1024/metrics.json,Existing scientific record; see category index
tabllm,experiments/tabllm_all_reference_k512_v1/evidence_v1/ref_20/bank/k512/seed32/metrics.json,Existing scientific record; see category index
tabllm,experiments/tabllm_all_reference_k512_v1/evidence_v1/ref_20/bank/k512/seed42/metrics.json,Existing scientific record; see category index
tabllm,experiments/tabllm_all_reference_k512_v1/evidence_v1/ref_20/blood/k512/seed0/metrics.json,Existing scientific record; see category index
tabllm,experiments/tabllm_all_reference_k512_v1/evidence_v1/ref_20/blood/k512/seed1/metrics.json,Existing scientific record; see category index
tabllm,experiments/tabllm_all_reference_k512_v1/evidence_v1/ref_20/blood/k512/seed1024/metrics.json,Existing scientific record; see category index
tabllm,experiments/tabllm_all_reference_k512_v1/evidence_v1/ref_20/blood/k512/seed32/metrics.json,Existing scientific record; see category index
tabllm,experiments/tabllm_all_reference_k512_v1/evidence_v1/ref_20/blood/k512/seed42/metrics.json,Existing scientific record; see category index
tabllm,experiments/tabllm_all_reference_k512_v1/evidence_v1/ref_20/calhousing/k512/seed0/metrics.json,Existing scientific record; see category index
tabllm,experiments/tabllm_all_reference_k512_v1/evidence_v1/ref_20/calhousing/k512/seed1/metrics.json,Existing scientific record; see category index
tabllm,experiments/tabllm_all_reference_k512_v1/evidence_v1/ref_20/calhousing/k512/seed1024/metrics.json,Existing scientific record; see category index
tabllm,experiments/tabllm_all_reference_k512_v1/evidence_v1/ref_20/calhousing/k512/seed32/metrics.json,Existing scientific record; see category index
tabllm,experiments/tabllm_all_reference_k512_v1/evidence_v1/ref_20/calhousing/k512/seed42/metrics.json,Existing scientific record; see category index
tabllm,experiments/tabllm_all_reference_k512_v1/evidence_v1/ref_20/car/k512/seed0/metrics.json,Existing scientific record; see category index
tabllm,experiments/tabllm_all_reference_k512_v1/evidence_v1/ref_20/car/k512/seed1/metrics.json,Existing scientific record; see category index
tabllm,experiments/tabllm_all_reference_k512_v1/evidence_v1/ref_20/car/k512/seed1024/metrics.json,Existing scientific record; see category index
tabllm,experiments/tabllm_all_reference_k512_v1/evidence_v1/ref_20/car/k512/seed32/metrics.json,Existing scientific record; see category index
tabllm,experiments/tabllm_all_reference_k512_v1/evidence_v1/ref_20/car/k512/seed42/metrics.json,Existing scientific record; see category index
tabllm,experiments/tabllm_all_reference_k512_v1/evidence_v1/ref_20/creditg/k512/seed0/metrics.json,Existing scientific record; see category index
tabllm,experiments/tabllm_all_reference_k512_v1/evidence_v1/ref_20/creditg/k512/seed1/metrics.json,Existing scientific record; see category index
tabllm,experiments/tabllm_all_reference_k512_v1/evidence_v1/ref_20/creditg/k512/seed1024/metrics.json,Existing scientific record; see category index
tabllm,experiments/tabllm_all_reference_k512_v1/evidence_v1/ref_20/creditg/k512/seed32/metrics.json,Existing scientific record; see category index
tabllm,experiments/tabllm_all_reference_k512_v1/evidence_v1/ref_20/creditg/k512/seed42/metrics.json,Existing scientific record; see category index
tabllm,experiments/tabllm_all_reference_k512_v1/evidence_v1/ref_20/diabetes/k512/seed0/metrics.json,Existing scientific record; see category index
tabllm,experiments/tabllm_all_reference_k512_v1/evidence_v1/ref_20/diabetes/k512/seed1/metrics.json,Existing scientific record; see category index
tabllm,experiments/tabllm_all_reference_k512_v1/evidence_v1/ref_20/diabetes/k512/seed1024/metrics.json,Existing scientific record; see category index
tabllm,experiments/tabllm_all_reference_k512_v1/evidence_v1/ref_20/diabetes/k512/seed32/metrics.json,Existing scientific record; see category index
tabllm,experiments/tabllm_all_reference_k512_v1/evidence_v1/ref_20/diabetes/k512/seed42/metrics.json,Existing scientific record; see category index
tabllm,experiments/tabllm_all_reference_k512_v1/evidence_v1/ref_20/heart/k512/seed0/metrics.json,Existing scientific record; see category index
tabllm,experiments/tabllm_all_reference_k512_v1/evidence_v1/ref_20/heart/k512/seed1/metrics.json,Existing scientific record; see category index
tabllm,experiments/tabllm_all_reference_k512_v1/evidence_v1/ref_20/heart/k512/seed1024/metrics.json,Existing scientific record; see category index
tabllm,experiments/tabllm_all_reference_k512_v1/evidence_v1/ref_20/heart/k512/seed32/metrics.json,Existing scientific record; see category index
tabllm,experiments/tabllm_all_reference_k512_v1/evidence_v1/ref_20/heart/k512/seed42/metrics.json,Existing scientific record; see category index
tabllm,experiments/tabllm_all_reference_k512_v1/evidence_v1/ref_20/income/k512/seed0/metrics.json,Existing scientific record; see category index
tabllm,experiments/tabllm_all_reference_k512_v1/evidence_v1/ref_20/income/k512/seed1/metrics.json,Existing scientific record; see category index
tabllm,experiments/tabllm_all_reference_k512_v1/evidence_v1/ref_20/income/k512/seed1024/metrics.json,Existing scientific record; see category index
tabllm,experiments/tabllm_all_reference_k512_v1/evidence_v1/ref_20/income/k512/seed32/metrics.json,Existing scientific record; see category index
tabllm,experiments/tabllm_all_reference_k512_v1/evidence_v1/ref_20/income/k512/seed42/metrics.json,Existing scientific record; see category index
tabllm,experiments/tabllm_all_reference_k512_v1/evidence_v1/ref_20/jungle/k512/seed0/metrics.json,Existing scientific record; see category index
tabllm,experiments/tabllm_all_reference_k512_v1/evidence_v1/ref_20/jungle/k512/seed1/metrics.json,Existing scientific record; see category index
tabllm,experiments/tabllm_all_reference_k512_v1/evidence_v1/ref_20/jungle/k512/seed1024/metrics.json,Existing scientific record; see category index
tabllm,experiments/tabllm_all_reference_k512_v1/evidence_v1/ref_20/jungle/k512/seed32/metrics.json,Existing scientific record; see category index
tabllm,experiments/tabllm_all_reference_k512_v1/evidence_v1/ref_20/jungle/k512/seed42/metrics.json,Existing scientific record; see category index
tabllm,experiments/tabllm_all_reference_k512_v1/evidence_v1/ref_21/bank/k512/seed0/metrics.json,Existing scientific record; see category index
tabllm,experiments/tabllm_all_reference_k512_v1/evidence_v1/ref_21/bank/k512/seed1/metrics.json,Existing scientific record; see category index
tabllm,experiments/tabllm_all_reference_k512_v1/evidence_v1/ref_21/bank/k512/seed1024/metrics.json,Existing scientific record; see category index
tabllm,experiments/tabllm_all_reference_k512_v1/evidence_v1/ref_21/bank/k512/seed32/metrics.json,Existing scientific record; see category index
tabllm,experiments/tabllm_all_reference_k512_v1/evidence_v1/ref_21/bank/k512/seed42/metrics.json,Existing scientific record; see category index
tabllm,experiments/tabllm_all_reference_k512_v1/evidence_v1/ref_21/blood/k512/seed0/metrics.json,Existing scientific record; see category index
tabllm,experiments/tabllm_all_reference_k512_v1/evidence_v1/ref_21/blood/k512/seed1/metrics.json,Existing scientific record; see category index
tabllm,experiments/tabllm_all_reference_k512_v1/evidence_v1/ref_21/blood/k512/seed1024/metrics.json,Existing scientific record; see category index
tabllm,experiments/tabllm_all_reference_k512_v1/evidence_v1/ref_21/blood/k512/seed32/metrics.json,Existing scientific record; see category index
tabllm,experiments/tabllm_all_reference_k512_v1/evidence_v1/ref_21/blood/k512/seed42/metrics.json,Existing scientific record; see category index
tabllm,experiments/tabllm_all_reference_k512_v1/evidence_v1/ref_21/calhousing/k512/seed0/metrics.json,Existing scientific record; see category index
tabllm,experiments/tabllm_all_reference_k512_v1/evidence_v1/ref_21/calhousing/k512/seed1/metrics.json,Existing scientific record; see category index
tabllm,experiments/tabllm_all_reference_k512_v1/evidence_v1/ref_21/calhousing/k512/seed1024/metrics.json,Existing scientific record; see category index
tabllm,experiments/tabllm_all_reference_k512_v1/evidence_v1/ref_21/calhousing/k512/seed32/metrics.json,Existing scientific record; see category index
tabllm,experiments/tabllm_all_reference_k512_v1/evidence_v1/ref_21/calhousing/k512/seed42/metrics.json,Existing scientific record; see category index
tabllm,experiments/tabllm_all_reference_k512_v1/evidence_v1/ref_21/car/k512/seed0/metrics.json,Existing scientific record; see category index
tabllm,experiments/tabllm_all_reference_k512_v1/evidence_v1/ref_21/car/k512/seed1/metrics.json,Existing scientific record; see category index
tabllm,experiments/tabllm_all_reference_k512_v1/evidence_v1/ref_21/car/k512/seed1024/metrics.json,Existing scientific record; see category index
tabllm,experiments/tabllm_all_reference_k512_v1/evidence_v1/ref_21/car/k512/seed32/metrics.json,Existing scientific record; see category index
tabllm,experiments/tabllm_all_reference_k512_v1/evidence_v1/ref_21/car/k512/seed42/metrics.json,Existing scientific record; see category index
tabllm,experiments/tabllm_all_reference_k512_v1/evidence_v1/ref_21/creditg/k512/seed0/metrics.json,Existing scientific record; see category index
tabllm,experiments/tabllm_all_reference_k512_v1/evidence_v1/ref_21/creditg/k512/seed1/metrics.json,Existing scientific record; see category index
tabllm,experiments/tabllm_all_reference_k512_v1/evidence_v1/ref_21/creditg/k512/seed1024/metrics.json,Existing scientific record; see category index
tabllm,experiments/tabllm_all_reference_k512_v1/evidence_v1/ref_21/creditg/k512/seed32/metrics.json,Existing scientific record; see category index
tabllm,experiments/tabllm_all_reference_k512_v1/evidence_v1/ref_21/creditg/k512/seed42/metrics.json,Existing scientific record; see category index
tabllm,experiments/tabllm_all_reference_k512_v1/evidence_v1/ref_21/diabetes/k512/seed0/metrics.json,Existing scientific record; see category index
tabllm,experiments/tabllm_all_reference_k512_v1/evidence_v1/ref_21/diabetes/k512/seed1/metrics.json,Existing scientific record; see category index
tabllm,experiments/tabllm_all_reference_k512_v1/evidence_v1/ref_21/diabetes/k512/seed1024/metrics.json,Existing scientific record; see category index
tabllm,experiments/tabllm_all_reference_k512_v1/evidence_v1/ref_21/diabetes/k512/seed32/metrics.json,Existing scientific record; see category index
tabllm,experiments/tabllm_all_reference_k512_v1/evidence_v1/ref_21/diabetes/k512/seed42/metrics.json,Existing scientific record; see category index
tabllm,experiments/tabllm_all_reference_k512_v1/evidence_v1/ref_21/heart/k512/seed0/metrics.json,Existing scientific record; see category index
tabllm,experiments/tabllm_all_reference_k512_v1/evidence_v1/ref_21/heart/k512/seed1/metrics.json,Existing scientific record; see category index
tabllm,experiments/tabllm_all_reference_k512_v1/evidence_v1/ref_21/heart/k512/seed1024/metrics.json,Existing scientific record; see category index
tabllm,experiments/tabllm_all_reference_k512_v1/evidence_v1/ref_21/heart/k512/seed32/metrics.json,Existing scientific record; see category index
tabllm,experiments/tabllm_all_reference_k512_v1/evidence_v1/ref_21/heart/k512/seed42/metrics.json,Existing scientific record; see category index
tabllm,experiments/tabllm_all_reference_k512_v1/evidence_v1/ref_21/income/k512/seed0/metrics.json,Existing scientific record; see category index
tabllm,experiments/tabllm_all_reference_k512_v1/evidence_v1/ref_21/income/k512/seed1/metrics.json,Existing scientific record; see category index
tabllm,experiments/tabllm_all_reference_k512_v1/evidence_v1/ref_21/income/k512/seed1024/metrics.json,Existing scientific record; see category index
tabllm,experiments/tabllm_all_reference_k512_v1/evidence_v1/ref_21/income/k512/seed32/metrics.json,Existing scientific record; see category index
tabllm,experiments/tabllm_all_reference_k512_v1/evidence_v1/ref_21/income/k512/seed42/metrics.json,Existing scientific record; see category index
tabllm,experiments/tabllm_all_reference_k512_v1/evidence_v1/ref_21/jungle/k512/seed0/metrics.json,Existing scientific record; see category index
tabllm,experiments/tabllm_all_reference_k512_v1/evidence_v1/ref_21/jungle/k512/seed1/metrics.json,Existing scientific record; see category index
tabllm,experiments/tabllm_all_reference_k512_v1/evidence_v1/ref_21/jungle/k512/seed1024/metrics.json,Existing scientific record; see category index
tabllm,experiments/tabllm_all_reference_k512_v1/evidence_v1/ref_21/jungle/k512/seed32/metrics.json,Existing scientific record; see category index
tabllm,experiments/tabllm_all_reference_k512_v1/evidence_v1/ref_21/jungle/k512/seed42/metrics.json,Existing scientific record; see category index
tabllm,experiments/tabllm_all_reference_k512_v1/evidence_v1/ref_23/bank/k512/seed0/metrics.json,Existing scientific record; see category index
tabllm,experiments/tabllm_all_reference_k512_v1/evidence_v1/ref_23/bank/k512/seed1/metrics.json,Existing scientific record; see category index
tabllm,experiments/tabllm_all_reference_k512_v1/evidence_v1/ref_23/bank/k512/seed1024/metrics.json,Existing scientific record; see category index
tabllm,experiments/tabllm_all_reference_k512_v1/evidence_v1/ref_23/bank/k512/seed32/metrics.json,Existing scientific record; see category index
tabllm,experiments/tabllm_all_reference_k512_v1/evidence_v1/ref_23/bank/k512/seed42/metrics.json,Existing scientific record; see category index
tabllm,experiments/tabllm_all_reference_k512_v1/evidence_v1/ref_23/blood/k512/seed0/metrics.json,Existing scientific record; see category index
tabllm,experiments/tabllm_all_reference_k512_v1/evidence_v1/ref_23/blood/k512/seed1/metrics.json,Existing scientific record; see category index
tabllm,experiments/tabllm_all_reference_k512_v1/evidence_v1/ref_23/blood/k512/seed1024/metrics.json,Existing scientific record; see category index
tabllm,experiments/tabllm_all_reference_k512_v1/evidence_v1/ref_23/blood/k512/seed32/metrics.json,Existing scientific record; see category index
tabllm,experiments/tabllm_all_reference_k512_v1/evidence_v1/ref_23/blood/k512/seed42/metrics.json,Existing scientific record; see category index
tabllm,experiments/tabllm_all_reference_k512_v1/evidence_v1/ref_23/calhousing/k512/seed0/metrics.json,Existing scientific record; see category index
tabllm,experiments/tabllm_all_reference_k512_v1/evidence_v1/ref_23/calhousing/k512/seed1/metrics.json,Existing scientific record; see category index
tabllm,experiments/tabllm_all_reference_k512_v1/evidence_v1/ref_23/calhousing/k512/seed1024/metrics.json,Existing scientific record; see category index
tabllm,experiments/tabllm_all_reference_k512_v1/evidence_v1/ref_23/calhousing/k512/seed32/metrics.json,Existing scientific record; see category index
tabllm,experiments/tabllm_all_reference_k512_v1/evidence_v1/ref_23/calhousing/k512/seed42/metrics.json,Existing scientific record; see category index
tabllm,experiments/tabllm_all_reference_k512_v1/evidence_v1/ref_23/car/k512/seed0/metrics.json,Existing scientific record; see category index
tabllm,experiments/tabllm_all_reference_k512_v1/evidence_v1/ref_23/car/k512/seed1/metrics.json,Existing scientific record; see category index
tabllm,experiments/tabllm_all_reference_k512_v1/evidence_v1/ref_23/car/k512/seed1024/metrics.json,Existing scientific record; see category index
tabllm,experiments/tabllm_all_reference_k512_v1/evidence_v1/ref_23/car/k512/seed32/metrics.json,Existing scientific record; see category index
tabllm,experiments/tabllm_all_reference_k512_v1/evidence_v1/ref_23/car/k512/seed42/metrics.json,Existing scientific record; see category index
tabllm,experiments/tabllm_all_reference_k512_v1/evidence_v1/ref_23/creditg/k512/seed0/metrics.json,Existing scientific record; see category index
tabllm,experiments/tabllm_all_reference_k512_v1/evidence_v1/ref_23/creditg/k512/seed1/metrics.json,Existing scientific record; see category index
tabllm,experiments/tabllm_all_reference_k512_v1/evidence_v1/ref_23/creditg/k512/seed1024/metrics.json,Existing scientific record; see category index
tabllm,experiments/tabllm_all_reference_k512_v1/evidence_v1/ref_23/creditg/k512/seed32/metrics.json,Existing scientific record; see category index
tabllm,experiments/tabllm_all_reference_k512_v1/evidence_v1/ref_23/creditg/k512/seed42/metrics.json,Existing scientific record; see category index
tabllm,experiments/tabllm_all_reference_k512_v1/evidence_v1/ref_23/diabetes/k512/seed0/metrics.json,Existing scientific record; see category index
tabllm,experiments/tabllm_all_reference_k512_v1/evidence_v1/ref_23/diabetes/k512/seed1/metrics.json,Existing scientific record; see category index
tabllm,experiments/tabllm_all_reference_k512_v1/evidence_v1/ref_23/diabetes/k512/seed1024/metrics.json,Existing scientific record; see category index
tabllm,experiments/tabllm_all_reference_k512_v1/evidence_v1/ref_23/diabetes/k512/seed32/metrics.json,Existing scientific record; see category index
tabllm,experiments/tabllm_all_reference_k512_v1/evidence_v1/ref_23/diabetes/k512/seed42/metrics.json,Existing scientific record; see category index
tabllm,experiments/tabllm_all_reference_k512_v1/evidence_v1/ref_23/heart/k512/seed0/metrics.json,Existing scientific record; see category index
tabllm,experiments/tabllm_all_reference_k512_v1/evidence_v1/ref_23/heart/k512/seed1/metrics.json,Existing scientific record; see category index
tabllm,experiments/tabllm_all_reference_k512_v1/evidence_v1/ref_23/heart/k512/seed1024/metrics.json,Existing scientific record; see category index
tabllm,experiments/tabllm_all_reference_k512_v1/evidence_v1/ref_23/heart/k512/seed32/metrics.json,Existing scientific record; see category index
tabllm,experiments/tabllm_all_reference_k512_v1/evidence_v1/ref_23/heart/k512/seed42/metrics.json,Existing scientific record; see category index
tabllm,experiments/tabllm_all_reference_k512_v1/evidence_v1/ref_23/income/k512/seed0/metrics.json,Existing scientific record; see category index
tabllm,experiments/tabllm_all_reference_k512_v1/evidence_v1/ref_23/income/k512/seed1/metrics.json,Existing scientific record; see category index
tabllm,experiments/tabllm_all_reference_k512_v1/evidence_v1/ref_23/income/k512/seed1024/metrics.json,Existing scientific record; see category index
tabllm,experiments/tabllm_all_reference_k512_v1/evidence_v1/ref_23/income/k512/seed32/metrics.json,Existing scientific record; see category index
tabllm,experiments/tabllm_all_reference_k512_v1/evidence_v1/ref_23/income/k512/seed42/metrics.json,Existing scientific record; see category index
tabllm,experiments/tabllm_all_reference_k512_v1/evidence_v1/ref_23/jungle/k512/seed0/metrics.json,Existing scientific record; see category index
tabllm,experiments/tabllm_all_reference_k512_v1/evidence_v1/ref_23/jungle/k512/seed1/metrics.json,Existing scientific record; see category index
tabllm,experiments/tabllm_all_reference_k512_v1/evidence_v1/ref_23/jungle/k512/seed1024/metrics.json,Existing scientific record; see category index
tabllm,experiments/tabllm_all_reference_k512_v1/evidence_v1/ref_23/jungle/k512/seed32/metrics.json,Existing scientific record; see category index
tabllm,experiments/tabllm_all_reference_k512_v1/evidence_v1/ref_23/jungle/k512/seed42/metrics.json,Existing scientific record; see category index
tabllm,experiments/tabllm_all_reference_k512_v1/reused_evidence/canonical/RESULTS_V1.md,Existing scientific record; see category index
tabllm,experiments/tabllm_all_reference_k512_v1/reused_evidence/canonical/SUMMARY_V1.json,Existing scientific record; see category index
tabllm,experiments/tabllm_all_reference_k512_v1/reused_evidence/canonical/list_stable_anonymous/bank/k32/seed0/metrics.json,Existing scientific record; see category index
tabllm,experiments/tabllm_all_reference_k512_v1/reused_evidence/canonical/list_stable_anonymous/bank/k32/seed1/metrics.json,Existing scientific record; see category index
tabllm,experiments/tabllm_all_reference_k512_v1/reused_evidence/canonical/list_stable_anonymous/bank/k32/seed1024/metrics.json,Existing scientific record; see category index
tabllm,experiments/tabllm_all_reference_k512_v1/reused_evidence/canonical/list_stable_anonymous/bank/k32/seed32/metrics.json,Existing scientific record; see category index
tabllm,experiments/tabllm_all_reference_k512_v1/reused_evidence/canonical/list_stable_anonymous/bank/k32/seed42/metrics.json,Existing scientific record; see category index
tabllm,experiments/tabllm_all_reference_k512_v1/reused_evidence/canonical/list_stable_anonymous/bank/k4/seed0/metrics.json,Existing scientific record; see category index
tabllm,experiments/tabllm_all_reference_k512_v1/reused_evidence/canonical/list_stable_anonymous/bank/k4/seed1/metrics.json,Existing scientific record; see category index
tabllm,experiments/tabllm_all_reference_k512_v1/reused_evidence/canonical/list_stable_anonymous/bank/k4/seed1024/metrics.json,Existing scientific record; see category index
tabllm,experiments/tabllm_all_reference_k512_v1/reused_evidence/canonical/list_stable_anonymous/bank/k4/seed32/metrics.json,Existing scientific record; see category index
tabllm,experiments/tabllm_all_reference_k512_v1/reused_evidence/canonical/list_stable_anonymous/bank/k4/seed42/metrics.json,Existing scientific record; see category index
tabllm,experiments/tabllm_all_reference_k512_v1/reused_evidence/canonical/list_stable_anonymous/bank/k512/seed0/metrics.json,Existing scientific record; see category index
tabllm,experiments/tabllm_all_reference_k512_v1/reused_evidence/canonical/list_stable_anonymous/bank/k512/seed1/metrics.json,Existing scientific record; see category index
tabllm,experiments/tabllm_all_reference_k512_v1/reused_evidence/canonical/list_stable_anonymous/bank/k512/seed1024/metrics.json,Existing scientific record; see category index
tabllm,experiments/tabllm_all_reference_k512_v1/reused_evidence/canonical/list_stable_anonymous/bank/k512/seed32/metrics.json,Existing scientific record; see category index
tabllm,experiments/tabllm_all_reference_k512_v1/reused_evidence/canonical/list_stable_anonymous/bank/k512/seed42/metrics.json,Existing scientific record; see category index
tabllm,experiments/tabllm_all_reference_k512_v1/reused_evidence/canonical/list_stable_anonymous/blood/k32/seed0/metrics.json,Existing scientific record; see category index
tabllm,experiments/tabllm_all_reference_k512_v1/reused_evidence/canonical/list_stable_anonymous/blood/k32/seed1/metrics.json,Existing scientific record; see category index
tabllm,experiments/tabllm_all_reference_k512_v1/reused_evidence/canonical/list_stable_anonymous/blood/k32/seed1024/metrics.json,Existing scientific record; see category index
tabllm,experiments/tabllm_all_reference_k512_v1/reused_evidence/canonical/list_stable_anonymous/blood/k32/seed32/metrics.json,Existing scientific record; see category index
tabllm,experiments/tabllm_all_reference_k512_v1/reused_evidence/canonical/list_stable_anonymous/blood/k32/seed42/metrics.json,Existing scientific record; see category index
tabllm,experiments/tabllm_all_reference_k512_v1/reused_evidence/canonical/list_stable_anonymous/blood/k4/seed0/metrics.json,Existing scientific record; see category index
tabllm,experiments/tabllm_all_reference_k512_v1/reused_evidence/canonical/list_stable_anonymous/blood/k4/seed1/metrics.json,Existing scientific record; see category index
tabllm,experiments/tabllm_all_reference_k512_v1/reused_evidence/canonical/list_stable_anonymous/blood/k4/seed1024/metrics.json,Existing scientific record; see category index
tabllm,experiments/tabllm_all_reference_k512_v1/reused_evidence/canonical/list_stable_anonymous/blood/k4/seed32/metrics.json,Existing scientific record; see category index
tabllm,experiments/tabllm_all_reference_k512_v1/reused_evidence/canonical/list_stable_anonymous/blood/k4/seed42/metrics.json,Existing scientific record; see category index
tabllm,experiments/tabllm_all_reference_k512_v1/reused_evidence/canonical/list_stable_anonymous/blood/k512/seed0/metrics.json,Existing scientific record; see category index
tabllm,experiments/tabllm_all_reference_k512_v1/reused_evidence/canonical/list_stable_anonymous/blood/k512/seed1/metrics.json,Existing scientific record; see category index
tabllm,experiments/tabllm_all_reference_k512_v1/reused_evidence/canonical/list_stable_anonymous/blood/k512/seed1024/metrics.json,Existing scientific record; see category index
tabllm,experiments/tabllm_all_reference_k512_v1/reused_evidence/canonical/list_stable_anonymous/blood/k512/seed32/metrics.json,Existing scientific record; see category index
tabllm,experiments/tabllm_all_reference_k512_v1/reused_evidence/canonical/list_stable_anonymous/blood/k512/seed42/metrics.json,Existing scientific record; see category index
tabllm,experiments/tabllm_all_reference_k512_v1/reused_evidence/canonical/list_stable_anonymous/calhousing/k32/seed0/metrics.json,Existing scientific record; see category index
tabllm,experiments/tabllm_all_reference_k512_v1/reused_evidence/canonical/list_stable_anonymous/calhousing/k32/seed1/metrics.json,Existing scientific record; see category index
tabllm,experiments/tabllm_all_reference_k512_v1/reused_evidence/canonical/list_stable_anonymous/calhousing/k32/seed1024/metrics.json,Existing scientific record; see category index
tabllm,experiments/tabllm_all_reference_k512_v1/reused_evidence/canonical/list_stable_anonymous/calhousing/k32/seed32/metrics.json,Existing scientific record; see category index
tabllm,experiments/tabllm_all_reference_k512_v1/reused_evidence/canonical/list_stable_anonymous/calhousing/k32/seed42/metrics.json,Existing scientific record; see category index
tabllm,experiments/tabllm_all_reference_k512_v1/reused_evidence/canonical/list_stable_anonymous/calhousing/k4/seed0/metrics.json,Existing scientific record; see category index
tabllm,experiments/tabllm_all_reference_k512_v1/reused_evidence/canonical/list_stable_anonymous/calhousing/k4/seed1/metrics.json,Existing scientific record; see category index
tabllm,experiments/tabllm_all_reference_k512_v1/reused_evidence/canonical/list_stable_anonymous/calhousing/k4/seed1024/metrics.json,Existing scientific record; see category index
tabllm,experiments/tabllm_all_reference_k512_v1/reused_evidence/canonical/list_stable_anonymous/calhousing/k4/seed32/metrics.json,Existing scientific record; see category index
tabllm,experiments/tabllm_all_reference_k512_v1/reused_evidence/canonical/list_stable_anonymous/calhousing/k4/seed42/metrics.json,Existing scientific record; see category index
tabllm,experiments/tabllm_all_reference_k512_v1/reused_evidence/canonical/list_stable_anonymous/calhousing/k512/seed0/metrics.json,Existing scientific record; see category index
tabllm,experiments/tabllm_all_reference_k512_v1/reused_evidence/canonical/list_stable_anonymous/calhousing/k512/seed1/metrics.json,Existing scientific record; see category index
tabllm,experiments/tabllm_all_reference_k512_v1/reused_evidence/canonical/list_stable_anonymous/calhousing/k512/seed1024/metrics.json,Existing scientific record; see category index
tabllm,experiments/tabllm_all_reference_k512_v1/reused_evidence/canonical/list_stable_anonymous/calhousing/k512/seed32/metrics.json,Existing scientific record; see category index
tabllm,experiments/tabllm_all_reference_k512_v1/reused_evidence/canonical/list_stable_anonymous/calhousing/k512/seed42/metrics.json,Existing scientific record; see category index
tabllm,experiments/tabllm_all_reference_k512_v1/reused_evidence/canonical/list_stable_anonymous/car/k32/seed0/metrics.json,Existing scientific record; see category index
tabllm,experiments/tabllm_all_reference_k512_v1/reused_evidence/canonical/list_stable_anonymous/car/k32/seed1/metrics.json,Existing scientific record; see category index
tabllm,experiments/tabllm_all_reference_k512_v1/reused_evidence/canonical/list_stable_anonymous/car/k32/seed1024/metrics.json,Existing scientific record; see category index
tabllm,experiments/tabllm_all_reference_k512_v1/reused_evidence/canonical/list_stable_anonymous/car/k32/seed32/metrics.json,Existing scientific record; see category index
tabllm,experiments/tabllm_all_reference_k512_v1/reused_evidence/canonical/list_stable_anonymous/car/k32/seed42/metrics.json,Existing scientific record; see category index
tabllm,experiments/tabllm_all_reference_k512_v1/reused_evidence/canonical/list_stable_anonymous/car/k4/seed0/metrics.json,Existing scientific record; see category index
tabllm,experiments/tabllm_all_reference_k512_v1/reused_evidence/canonical/list_stable_anonymous/car/k4/seed1/metrics.json,Existing scientific record; see category index
tabllm,experiments/tabllm_all_reference_k512_v1/reused_evidence/canonical/list_stable_anonymous/car/k4/seed1024/metrics.json,Existing scientific record; see category index
tabllm,experiments/tabllm_all_reference_k512_v1/reused_evidence/canonical/list_stable_anonymous/car/k4/seed32/metrics.json,Existing scientific record; see category index
tabllm,experiments/tabllm_all_reference_k512_v1/reused_evidence/canonical/list_stable_anonymous/car/k4/seed42/metrics.json,Existing scientific record; see category index
tabllm,experiments/tabllm_all_reference_k512_v1/reused_evidence/canonical/list_stable_anonymous/car/k512/seed0/metrics.json,Existing scientific record; see category index
tabllm,experiments/tabllm_all_reference_k512_v1/reused_evidence/canonical/list_stable_anonymous/car/k512/seed1/metrics.json,Existing scientific record; see category index
tabllm,experiments/tabllm_all_reference_k512_v1/reused_evidence/canonical/list_stable_anonymous/car/k512/seed1024/metrics.json,Existing scientific record; see category index
tabllm,experiments/tabllm_all_reference_k512_v1/reused_evidence/canonical/list_stable_anonymous/car/k512/seed32/metrics.json,Existing scientific record; see category index
tabllm,experiments/tabllm_all_reference_k512_v1/reused_evidence/canonical/list_stable_anonymous/car/k512/seed42/metrics.json,Existing scientific record; see category index
tabllm,experiments/tabllm_all_reference_k512_v1/reused_evidence/canonical/list_stable_anonymous/creditg/k32/seed0/metrics.json,Existing scientific record; see category index
tabllm,experiments/tabllm_all_reference_k512_v1/reused_evidence/canonical/list_stable_anonymous/creditg/k32/seed1/metrics.json,Existing scientific record; see category index
tabllm,experiments/tabllm_all_reference_k512_v1/reused_evidence/canonical/list_stable_anonymous/creditg/k32/seed1024/metrics.json,Existing scientific record; see category index
tabllm,experiments/tabllm_all_reference_k512_v1/reused_evidence/canonical/list_stable_anonymous/creditg/k32/seed32/metrics.json,Existing scientific record; see category index
tabllm,experiments/tabllm_all_reference_k512_v1/reused_evidence/canonical/list_stable_anonymous/creditg/k32/seed42/metrics.json,Existing scientific record; see category index
tabllm,experiments/tabllm_all_reference_k512_v1/reused_evidence/canonical/list_stable_anonymous/creditg/k4/seed0/metrics.json,Existing scientific record; see category index
tabllm,experiments/tabllm_all_reference_k512_v1/reused_evidence/canonical/list_stable_anonymous/creditg/k4/seed1/metrics.json,Existing scientific record; see category index
tabllm,experiments/tabllm_all_reference_k512_v1/reused_evidence/canonical/list_stable_anonymous/creditg/k4/seed1024/metrics.json,Existing scientific record; see category index
tabllm,experiments/tabllm_all_reference_k512_v1/reused_evidence/canonical/list_stable_anonymous/creditg/k4/seed32/metrics.json,Existing scientific record; see category index
tabllm,experiments/tabllm_all_reference_k512_v1/reused_evidence/canonical/list_stable_anonymous/creditg/k4/seed42/metrics.json,Existing scientific record; see category index
tabllm,experiments/tabllm_all_reference_k512_v1/reused_evidence/canonical/list_stable_anonymous/creditg/k512/seed0/metrics.json,Existing scientific record; see category index
tabllm,experiments/tabllm_all_reference_k512_v1/reused_evidence/canonical/list_stable_anonymous/creditg/k512/seed1/metrics.json,Existing scientific record; see category index
tabllm,experiments/tabllm_all_reference_k512_v1/reused_evidence/canonical/list_stable_anonymous/creditg/k512/seed1024/metrics.json,Existing scientific record; see category index
tabllm,experiments/tabllm_all_reference_k512_v1/reused_evidence/canonical/list_stable_anonymous/creditg/k512/seed32/metrics.json,Existing scientific record; see category index
tabllm,experiments/tabllm_all_reference_k512_v1/reused_evidence/canonical/list_stable_anonymous/creditg/k512/seed42/metrics.json,Existing scientific record; see category index
tabllm,experiments/tabllm_all_reference_k512_v1/reused_evidence/canonical/list_stable_anonymous/diabetes/k32/seed0/metrics.json,Existing scientific record; see category index
tabllm,experiments/tabllm_all_reference_k512_v1/reused_evidence/canonical/list_stable_anonymous/diabetes/k32/seed1/metrics.json,Existing scientific record; see category index
tabllm,experiments/tabllm_all_reference_k512_v1/reused_evidence/canonical/list_stable_anonymous/diabetes/k32/seed1024/metrics.json,Existing scientific record; see category index
tabllm,experiments/tabllm_all_reference_k512_v1/reused_evidence/canonical/list_stable_anonymous/diabetes/k32/seed32/metrics.json,Existing scientific record; see category index
tabllm,experiments/tabllm_all_reference_k512_v1/reused_evidence/canonical/list_stable_anonymous/diabetes/k32/seed42/metrics.json,Existing scientific record; see category index
tabllm,experiments/tabllm_all_reference_k512_v1/reused_evidence/canonical/list_stable_anonymous/diabetes/k4/seed0/metrics.json,Existing scientific record; see category index
tabllm,experiments/tabllm_all_reference_k512_v1/reused_evidence/canonical/list_stable_anonymous/diabetes/k4/seed1/metrics.json,Existing scientific record; see category index
tabllm,experiments/tabllm_all_reference_k512_v1/reused_evidence/canonical/list_stable_anonymous/diabetes/k4/seed1024/metrics.json,Existing scientific record; see category index
tabllm,experiments/tabllm_all_reference_k512_v1/reused_evidence/canonical/list_stable_anonymous/diabetes/k4/seed32/metrics.json,Existing scientific record; see category index
tabllm,experiments/tabllm_all_reference_k512_v1/reused_evidence/canonical/list_stable_anonymous/diabetes/k4/seed42/metrics.json,Existing scientific record; see category index
tabllm,experiments/tabllm_all_reference_k512_v1/reused_evidence/canonical/list_stable_anonymous/diabetes/k512/seed0/metrics.json,Existing scientific record; see category index
tabllm,experiments/tabllm_all_reference_k512_v1/reused_evidence/canonical/list_stable_anonymous/diabetes/k512/seed1/metrics.json,Existing scientific record; see category index
tabllm,experiments/tabllm_all_reference_k512_v1/reused_evidence/canonical/list_stable_anonymous/diabetes/k512/seed1024/metrics.json,Existing scientific record; see category index
tabllm,experiments/tabllm_all_reference_k512_v1/reused_evidence/canonical/list_stable_anonymous/diabetes/k512/seed32/metrics.json,Existing scientific record; see category index
tabllm,experiments/tabllm_all_reference_k512_v1/reused_evidence/canonical/list_stable_anonymous/diabetes/k512/seed42/metrics.json,Existing scientific record; see category index
tabllm,experiments/tabllm_all_reference_k512_v1/reused_evidence/canonical/list_stable_anonymous/heart/k32/seed0/metrics.json,Existing scientific record; see category index
tabllm,experiments/tabllm_all_reference_k512_v1/reused_evidence/canonical/list_stable_anonymous/heart/k32/seed1/metrics.json,Existing scientific record; see category index
tabllm,experiments/tabllm_all_reference_k512_v1/reused_evidence/canonical/list_stable_anonymous/heart/k32/seed1024/metrics.json,Existing scientific record; see category index
tabllm,experiments/tabllm_all_reference_k512_v1/reused_evidence/canonical/list_stable_anonymous/heart/k32/seed32/metrics.json,Existing scientific record; see category index
tabllm,experiments/tabllm_all_reference_k512_v1/reused_evidence/canonical/list_stable_anonymous/heart/k32/seed42/metrics.json,Existing scientific record; see category index
tabllm,experiments/tabllm_all_reference_k512_v1/reused_evidence/canonical/list_stable_anonymous/heart/k4/seed0/metrics.json,Existing scientific record; see category index
tabllm,experiments/tabllm_all_reference_k512_v1/reused_evidence/canonical/list_stable_anonymous/heart/k4/seed1/metrics.json,Existing scientific record; see category index
tabllm,experiments/tabllm_all_reference_k512_v1/reused_evidence/canonical/list_stable_anonymous/heart/k4/seed1024/metrics.json,Existing scientific record; see category index
tabllm,experiments/tabllm_all_reference_k512_v1/reused_evidence/canonical/list_stable_anonymous/heart/k4/seed32/metrics.json,Existing scientific record; see category index
tabllm,experiments/tabllm_all_reference_k512_v1/reused_evidence/canonical/list_stable_anonymous/heart/k4/seed42/metrics.json,Existing scientific record; see category index
tabllm,experiments/tabllm_all_reference_k512_v1/reused_evidence/canonical/list_stable_anonymous/heart/k512/seed0/metrics.json,Existing scientific record; see category index
tabllm,experiments/tabllm_all_reference_k512_v1/reused_evidence/canonical/list_stable_anonymous/heart/k512/seed1/metrics.json,Existing scientific record; see category index
tabllm,experiments/tabllm_all_reference_k512_v1/reused_evidence/canonical/list_stable_anonymous/heart/k512/seed1024/metrics.json,Existing scientific record; see category index
tabllm,experiments/tabllm_all_reference_k512_v1/reused_evidence/canonical/list_stable_anonymous/heart/k512/seed32/metrics.json,Existing scientific record; see category index
tabllm,experiments/tabllm_all_reference_k512_v1/reused_evidence/canonical/list_stable_anonymous/heart/k512/seed42/metrics.json,Existing scientific record; see category index
tabllm,experiments/tabllm_all_reference_k512_v1/reused_evidence/canonical/list_stable_anonymous/income/k32/seed0/metrics.json,Existing scientific record; see category index
tabllm,experiments/tabllm_all_reference_k512_v1/reused_evidence/canonical/list_stable_anonymous/income/k32/seed1/metrics.json,Existing scientific record; see category index
tabllm,experiments/tabllm_all_reference_k512_v1/reused_evidence/canonical/list_stable_anonymous/income/k32/seed1024/metrics.json,Existing scientific record; see category index
tabllm,experiments/tabllm_all_reference_k512_v1/reused_evidence/canonical/list_stable_anonymous/income/k32/seed32/metrics.json,Existing scientific record; see category index
tabllm,experiments/tabllm_all_reference_k512_v1/reused_evidence/canonical/list_stable_anonymous/income/k32/seed42/metrics.json,Existing scientific record; see category index
tabllm,experiments/tabllm_all_reference_k512_v1/reused_evidence/canonical/list_stable_anonymous/income/k4/seed0/metrics.json,Existing scientific record; see category index
tabllm,experiments/tabllm_all_reference_k512_v1/reused_evidence/canonical/list_stable_anonymous/income/k4/seed1/metrics.json,Existing scientific record; see category index
tabllm,experiments/tabllm_all_reference_k512_v1/reused_evidence/canonical/list_stable_anonymous/income/k4/seed1024/metrics.json,Existing scientific record; see category index
tabllm,experiments/tabllm_all_reference_k512_v1/reused_evidence/canonical/list_stable_anonymous/income/k4/seed32/metrics.json,Existing scientific record; see category index
tabllm,experiments/tabllm_all_reference_k512_v1/reused_evidence/canonical/list_stable_anonymous/income/k4/seed42/metrics.json,Existing scientific record; see category index
tabllm,experiments/tabllm_all_reference_k512_v1/reused_evidence/canonical/list_stable_anonymous/income/k512/seed0/metrics.json,Existing scientific record; see category index
tabllm,experiments/tabllm_all_reference_k512_v1/reused_evidence/canonical/list_stable_anonymous/income/k512/seed1/metrics.json,Existing scientific record; see category index
tabllm,experiments/tabllm_all_reference_k512_v1/reused_evidence/canonical/list_stable_anonymous/income/k512/seed1024/metrics.json,Existing scientific record; see category index
tabllm,experiments/tabllm_all_reference_k512_v1/reused_evidence/canonical/list_stable_anonymous/income/k512/seed32/metrics.json,Existing scientific record; see category index
tabllm,experiments/tabllm_all_reference_k512_v1/reused_evidence/canonical/list_stable_anonymous/income/k512/seed42/metrics.json,Existing scientific record; see category index
tabllm,experiments/tabllm_all_reference_k512_v1/reused_evidence/canonical/list_stable_anonymous/jungle/k32/seed0/metrics.json,Existing scientific record; see category index
tabllm,experiments/tabllm_all_reference_k512_v1/reused_evidence/canonical/list_stable_anonymous/jungle/k32/seed1/metrics.json,Existing scientific record; see category index
tabllm,experiments/tabllm_all_reference_k512_v1/reused_evidence/canonical/list_stable_anonymous/jungle/k32/seed1024/metrics.json,Existing scientific record; see category index
tabllm,experiments/tabllm_all_reference_k512_v1/reused_evidence/canonical/list_stable_anonymous/jungle/k32/seed32/metrics.json,Existing scientific record; see category index
tabllm,experiments/tabllm_all_reference_k512_v1/reused_evidence/canonical/list_stable_anonymous/jungle/k32/seed42/metrics.json,Existing scientific record; see category index
tabllm,experiments/tabllm_all_reference_k512_v1/reused_evidence/canonical/list_stable_anonymous/jungle/k4/seed0/metrics.json,Existing scientific record; see category index
tabllm,experiments/tabllm_all_reference_k512_v1/reused_evidence/canonical/list_stable_anonymous/jungle/k4/seed1/metrics.json,Existing scientific record; see category index
tabllm,experiments/tabllm_all_reference_k512_v1/reused_evidence/canonical/list_stable_anonymous/jungle/k4/seed1024/metrics.json,Existing scientific record; see category index
tabllm,experiments/tabllm_all_reference_k512_v1/reused_evidence/canonical/list_stable_anonymous/jungle/k4/seed32/metrics.json,Existing scientific record; see category index
tabllm,experiments/tabllm_all_reference_k512_v1/reused_evidence/canonical/list_stable_anonymous/jungle/k4/seed42/metrics.json,Existing scientific record; see category index
tabllm,experiments/tabllm_all_reference_k512_v1/reused_evidence/canonical/list_stable_anonymous/jungle/k512/seed0/metrics.json,Existing scientific record; see category index
tabllm,experiments/tabllm_all_reference_k512_v1/reused_evidence/canonical/list_stable_anonymous/jungle/k512/seed1/metrics.json,Existing scientific record; see category index
tabllm,experiments/tabllm_all_reference_k512_v1/reused_evidence/canonical/list_stable_anonymous/jungle/k512/seed1024/metrics.json,Existing scientific record; see category index
tabllm,experiments/tabllm_all_reference_k512_v1/reused_evidence/canonical/list_stable_anonymous/jungle/k512/seed32/metrics.json,Existing scientific record; see category index
tabllm,experiments/tabllm_all_reference_k512_v1/reused_evidence/canonical/list_stable_anonymous/jungle/k512/seed42/metrics.json,Existing scientific record; see category index
tabllm,experiments/tabllm_all_reference_k512_v1/reused_evidence/canonical/list_template/bank/k32/seed0/metrics.json,Existing scientific record; see category index
tabllm,experiments/tabllm_all_reference_k512_v1/reused_evidence/canonical/list_template/bank/k32/seed1/metrics.json,Existing scientific record; see category index
tabllm,experiments/tabllm_all_reference_k512_v1/reused_evidence/canonical/list_template/bank/k32/seed1024/metrics.json,Existing scientific record; see category index
tabllm,experiments/tabllm_all_reference_k512_v1/reused_evidence/canonical/list_template/bank/k32/seed32/metrics.json,Existing scientific record; see category index
tabllm,experiments/tabllm_all_reference_k512_v1/reused_evidence/canonical/list_template/bank/k32/seed42/metrics.json,Existing scientific record; see category index
tabllm,experiments/tabllm_all_reference_k512_v1/reused_evidence/canonical/list_template/bank/k4/seed0/metrics.json,Existing scientific record; see category index
tabllm,experiments/tabllm_all_reference_k512_v1/reused_evidence/canonical/list_template/bank/k4/seed1/metrics.json,Existing scientific record; see category index
tabllm,experiments/tabllm_all_reference_k512_v1/reused_evidence/canonical/list_template/bank/k4/seed1024/metrics.json,Existing scientific record; see category index
tabllm,experiments/tabllm_all_reference_k512_v1/reused_evidence/canonical/list_template/bank/k4/seed32/metrics.json,Existing scientific record; see category index
tabllm,experiments/tabllm_all_reference_k512_v1/reused_evidence/canonical/list_template/bank/k4/seed42/metrics.json,Existing scientific record; see category index
tabllm,experiments/tabllm_all_reference_k512_v1/reused_evidence/canonical/list_template/bank/k512/seed0/metrics.json,Existing scientific record; see category index
tabllm,experiments/tabllm_all_reference_k512_v1/reused_evidence/canonical/list_template/bank/k512/seed1/metrics.json,Existing scientific record; see category index
tabllm,experiments/tabllm_all_reference_k512_v1/reused_evidence/canonical/list_template/bank/k512/seed1024/metrics.json,Existing scientific record; see category index
tabllm,experiments/tabllm_all_reference_k512_v1/reused_evidence/canonical/list_template/bank/k512/seed32/metrics.json,Existing scientific record; see category index
tabllm,experiments/tabllm_all_reference_k512_v1/reused_evidence/canonical/list_template/bank/k512/seed42/metrics.json,Existing scientific record; see category index
tabllm,experiments/tabllm_all_reference_k512_v1/reused_evidence/canonical/list_template/blood/k32/seed0/metrics.json,Existing scientific record; see category index
tabllm,experiments/tabllm_all_reference_k512_v1/reused_evidence/canonical/list_template/blood/k32/seed1/metrics.json,Existing scientific record; see category index
tabllm,experiments/tabllm_all_reference_k512_v1/reused_evidence/canonical/list_template/blood/k32/seed1024/metrics.json,Existing scientific record; see category index
tabllm,experiments/tabllm_all_reference_k512_v1/reused_evidence/canonical/list_template/blood/k32/seed32/metrics.json,Existing scientific record; see category index
tabllm,experiments/tabllm_all_reference_k512_v1/reused_evidence/canonical/list_template/blood/k32/seed42/metrics.json,Existing scientific record; see category index
tabllm,experiments/tabllm_all_reference_k512_v1/reused_evidence/canonical/list_template/blood/k4/seed0/metrics.json,Existing scientific record; see category index
tabllm,experiments/tabllm_all_reference_k512_v1/reused_evidence/canonical/list_template/blood/k4/seed1/metrics.json,Existing scientific record; see category index
tabllm,experiments/tabllm_all_reference_k512_v1/reused_evidence/canonical/list_template/blood/k4/seed1024/metrics.json,Existing scientific record; see category index
tabllm,experiments/tabllm_all_reference_k512_v1/reused_evidence/canonical/list_template/blood/k4/seed32/metrics.json,Existing scientific record; see category index
tabllm,experiments/tabllm_all_reference_k512_v1/reused_evidence/canonical/list_template/blood/k4/seed42/metrics.json,Existing scientific record; see category index
tabllm,experiments/tabllm_all_reference_k512_v1/reused_evidence/canonical/list_template/blood/k512/seed0/metrics.json,Existing scientific record; see category index
tabllm,experiments/tabllm_all_reference_k512_v1/reused_evidence/canonical/list_template/blood/k512/seed1/metrics.json,Existing scientific record; see category index
tabllm,experiments/tabllm_all_reference_k512_v1/reused_evidence/canonical/list_template/blood/k512/seed1024/metrics.json,Existing scientific record; see category index
tabllm,experiments/tabllm_all_reference_k512_v1/reused_evidence/canonical/list_template/blood/k512/seed32/metrics.json,Existing scientific record; see category index
tabllm,experiments/tabllm_all_reference_k512_v1/reused_evidence/canonical/list_template/blood/k512/seed42/metrics.json,Existing scientific record; see category index
tabllm,experiments/tabllm_all_reference_k512_v1/reused_evidence/canonical/list_template/calhousing/k32/seed0/metrics.json,Existing scientific record; see category index
tabllm,experiments/tabllm_all_reference_k512_v1/reused_evidence/canonical/list_template/calhousing/k32/seed1/metrics.json,Existing scientific record; see category index
tabllm,experiments/tabllm_all_reference_k512_v1/reused_evidence/canonical/list_template/calhousing/k32/seed1024/metrics.json,Existing scientific record; see category index
tabllm,experiments/tabllm_all_reference_k512_v1/reused_evidence/canonical/list_template/calhousing/k32/seed32/metrics.json,Existing scientific record; see category index
tabllm,experiments/tabllm_all_reference_k512_v1/reused_evidence/canonical/list_template/calhousing/k32/seed42/metrics.json,Existing scientific record; see category index
tabllm,experiments/tabllm_all_reference_k512_v1/reused_evidence/canonical/list_template/calhousing/k4/seed0/metrics.json,Existing scientific record; see category index
tabllm,experiments/tabllm_all_reference_k512_v1/reused_evidence/canonical/list_template/calhousing/k4/seed1/metrics.json,Existing scientific record; see category index
tabllm,experiments/tabllm_all_reference_k512_v1/reused_evidence/canonical/list_template/calhousing/k4/seed1024/metrics.json,Existing scientific record; see category index
tabllm,experiments/tabllm_all_reference_k512_v1/reused_evidence/canonical/list_template/calhousing/k4/seed32/metrics.json,Existing scientific record; see category index
tabllm,experiments/tabllm_all_reference_k512_v1/reused_evidence/canonical/list_template/calhousing/k4/seed42/metrics.json,Existing scientific record; see category index
tabllm,experiments/tabllm_all_reference_k512_v1/reused_evidence/canonical/list_template/calhousing/k512/seed0/metrics.json,Existing scientific record; see category index
tabllm,experiments/tabllm_all_reference_k512_v1/reused_evidence/canonical/list_template/calhousing/k512/seed1/metrics.json,Existing scientific record; see category index
tabllm,experiments/tabllm_all_reference_k512_v1/reused_evidence/canonical/list_template/calhousing/k512/seed1024/metrics.json,Existing scientific record; see category index
tabllm,experiments/tabllm_all_reference_k512_v1/reused_evidence/canonical/list_template/calhousing/k512/seed32/metrics.json,Existing scientific record; see category index
tabllm,experiments/tabllm_all_reference_k512_v1/reused_evidence/canonical/list_template/calhousing/k512/seed42/metrics.json,Existing scientific record; see category index
tabllm,experiments/tabllm_all_reference_k512_v1/reused_evidence/canonical/list_template/car/k32/seed0/metrics.json,Existing scientific record; see category index
tabllm,experiments/tabllm_all_reference_k512_v1/reused_evidence/canonical/list_template/car/k32/seed1/metrics.json,Existing scientific record; see category index
tabllm,experiments/tabllm_all_reference_k512_v1/reused_evidence/canonical/list_template/car/k32/seed1024/metrics.json,Existing scientific record; see category index
tabllm,experiments/tabllm_all_reference_k512_v1/reused_evidence/canonical/list_template/car/k32/seed32/metrics.json,Existing scientific record; see category index
tabllm,experiments/tabllm_all_reference_k512_v1/reused_evidence/canonical/list_template/car/k32/seed42/metrics.json,Existing scientific record; see category index
tabllm,experiments/tabllm_all_reference_k512_v1/reused_evidence/canonical/list_template/car/k4/seed0/metrics.json,Existing scientific record; see category index
tabllm,experiments/tabllm_all_reference_k512_v1/reused_evidence/canonical/list_template/car/k4/seed1/metrics.json,Existing scientific record; see category index
tabllm,experiments/tabllm_all_reference_k512_v1/reused_evidence/canonical/list_template/car/k4/seed1024/metrics.json,Existing scientific record; see category index
tabllm,experiments/tabllm_all_reference_k512_v1/reused_evidence/canonical/list_template/car/k4/seed32/metrics.json,Existing scientific record; see category index
tabllm,experiments/tabllm_all_reference_k512_v1/reused_evidence/canonical/list_template/car/k4/seed42/metrics.json,Existing scientific record; see category index
tabllm,experiments/tabllm_all_reference_k512_v1/reused_evidence/canonical/list_template/car/k512/seed0/metrics.json,Existing scientific record; see category index
tabllm,experiments/tabllm_all_reference_k512_v1/reused_evidence/canonical/list_template/car/k512/seed1/metrics.json,Existing scientific record; see category index
tabllm,experiments/tabllm_all_reference_k512_v1/reused_evidence/canonical/list_template/car/k512/seed1024/metrics.json,Existing scientific record; see category index
tabllm,experiments/tabllm_all_reference_k512_v1/reused_evidence/canonical/list_template/car/k512/seed32/metrics.json,Existing scientific record; see category index
tabllm,experiments/tabllm_all_reference_k512_v1/reused_evidence/canonical/list_template/car/k512/seed42/metrics.json,Existing scientific record; see category index
tabllm,experiments/tabllm_all_reference_k512_v1/reused_evidence/canonical/list_template/creditg/k32/seed0/metrics.json,Existing scientific record; see category index
tabllm,experiments/tabllm_all_reference_k512_v1/reused_evidence/canonical/list_template/creditg/k32/seed1/metrics.json,Existing scientific record; see category index
tabllm,experiments/tabllm_all_reference_k512_v1/reused_evidence/canonical/list_template/creditg/k32/seed1024/metrics.json,Existing scientific record; see category index
tabllm,experiments/tabllm_all_reference_k512_v1/reused_evidence/canonical/list_template/creditg/k32/seed32/metrics.json,Existing scientific record; see category index
tabllm,experiments/tabllm_all_reference_k512_v1/reused_evidence/canonical/list_template/creditg/k32/seed42/metrics.json,Existing scientific record; see category index
tabllm,experiments/tabllm_all_reference_k512_v1/reused_evidence/canonical/list_template/creditg/k4/seed0/metrics.json,Existing scientific record; see category index
tabllm,experiments/tabllm_all_reference_k512_v1/reused_evidence/canonical/list_template/creditg/k4/seed1/metrics.json,Existing scientific record; see category index
tabllm,experiments/tabllm_all_reference_k512_v1/reused_evidence/canonical/list_template/creditg/k4/seed1024/metrics.json,Existing scientific record; see category index
tabllm,experiments/tabllm_all_reference_k512_v1/reused_evidence/canonical/list_template/creditg/k4/seed32/metrics.json,Existing scientific record; see category index
tabllm,experiments/tabllm_all_reference_k512_v1/reused_evidence/canonical/list_template/creditg/k4/seed42/metrics.json,Existing scientific record; see category index
tabllm,experiments/tabllm_all_reference_k512_v1/reused_evidence/canonical/list_template/creditg/k512/seed0/metrics.json,Existing scientific record; see category index
tabllm,experiments/tabllm_all_reference_k512_v1/reused_evidence/canonical/list_template/creditg/k512/seed1/metrics.json,Existing scientific record; see category index
tabllm,experiments/tabllm_all_reference_k512_v1/reused_evidence/canonical/list_template/creditg/k512/seed1024/metrics.json,Existing scientific record; see category index
tabllm,experiments/tabllm_all_reference_k512_v1/reused_evidence/canonical/list_template/creditg/k512/seed32/metrics.json,Existing scientific record; see category index
tabllm,experiments/tabllm_all_reference_k512_v1/reused_evidence/canonical/list_template/creditg/k512/seed42/metrics.json,Existing scientific record; see category index
tabllm,experiments/tabllm_all_reference_k512_v1/reused_evidence/canonical/list_template/diabetes/k32/seed0/metrics.json,Existing scientific record; see category index
tabllm,experiments/tabllm_all_reference_k512_v1/reused_evidence/canonical/list_template/diabetes/k32/seed1/metrics.json,Existing scientific record; see category index
tabllm,experiments/tabllm_all_reference_k512_v1/reused_evidence/canonical/list_template/diabetes/k32/seed1024/metrics.json,Existing scientific record; see category index
tabllm,experiments/tabllm_all_reference_k512_v1/reused_evidence/canonical/list_template/diabetes/k32/seed32/metrics.json,Existing scientific record; see category index
tabllm,experiments/tabllm_all_reference_k512_v1/reused_evidence/canonical/list_template/diabetes/k32/seed42/metrics.json,Existing scientific record; see category index
tabllm,experiments/tabllm_all_reference_k512_v1/reused_evidence/canonical/list_template/diabetes/k4/seed0/metrics.json,Existing scientific record; see category index
tabllm,experiments/tabllm_all_reference_k512_v1/reused_evidence/canonical/list_template/diabetes/k4/seed1/metrics.json,Existing scientific record; see category index
tabllm,experiments/tabllm_all_reference_k512_v1/reused_evidence/canonical/list_template/diabetes/k4/seed1024/metrics.json,Existing scientific record; see category index
tabllm,experiments/tabllm_all_reference_k512_v1/reused_evidence/canonical/list_template/diabetes/k4/seed32/metrics.json,Existing scientific record; see category index
tabllm,experiments/tabllm_all_reference_k512_v1/reused_evidence/canonical/list_template/diabetes/k4/seed42/metrics.json,Existing scientific record; see category index
tabllm,experiments/tabllm_all_reference_k512_v1/reused_evidence/canonical/list_template/diabetes/k512/seed0/metrics.json,Existing scientific record; see category index
tabllm,experiments/tabllm_all_reference_k512_v1/reused_evidence/canonical/list_template/diabetes/k512/seed1/metrics.json,Existing scientific record; see category index
tabllm,experiments/tabllm_all_reference_k512_v1/reused_evidence/canonical/list_template/diabetes/k512/seed1024/metrics.json,Existing scientific record; see category index
tabllm,experiments/tabllm_all_reference_k512_v1/reused_evidence/canonical/list_template/diabetes/k512/seed32/metrics.json,Existing scientific record; see category index
tabllm,experiments/tabllm_all_reference_k512_v1/reused_evidence/canonical/list_template/diabetes/k512/seed42/metrics.json,Existing scientific record; see category index
tabllm,experiments/tabllm_all_reference_k512_v1/reused_evidence/canonical/list_template/heart/k32/seed0/metrics.json,Existing scientific record; see category index
tabllm,experiments/tabllm_all_reference_k512_v1/reused_evidence/canonical/list_template/heart/k32/seed1/metrics.json,Existing scientific record; see category index
tabllm,experiments/tabllm_all_reference_k512_v1/reused_evidence/canonical/list_template/heart/k32/seed1024/metrics.json,Existing scientific record; see category index
tabllm,experiments/tabllm_all_reference_k512_v1/reused_evidence/canonical/list_template/heart/k32/seed32/metrics.json,Existing scientific record; see category index
tabllm,experiments/tabllm_all_reference_k512_v1/reused_evidence/canonical/list_template/heart/k32/seed42/metrics.json,Existing scientific record; see category index
tabllm,experiments/tabllm_all_reference_k512_v1/reused_evidence/canonical/list_template/heart/k4/seed0/metrics.json,Existing scientific record; see category index
tabllm,experiments/tabllm_all_reference_k512_v1/reused_evidence/canonical/list_template/heart/k4/seed1/metrics.json,Existing scientific record; see category index
tabllm,experiments/tabllm_all_reference_k512_v1/reused_evidence/canonical/list_template/heart/k4/seed1024/metrics.json,Existing scientific record; see category index
tabllm,experiments/tabllm_all_reference_k512_v1/reused_evidence/canonical/list_template/heart/k4/seed32/metrics.json,Existing scientific record; see category index
tabllm,experiments/tabllm_all_reference_k512_v1/reused_evidence/canonical/list_template/heart/k4/seed42/metrics.json,Existing scientific record; see category index
tabllm,experiments/tabllm_all_reference_k512_v1/reused_evidence/canonical/list_template/heart/k512/seed0/metrics.json,Existing scientific record; see category index
tabllm,experiments/tabllm_all_reference_k512_v1/reused_evidence/canonical/list_template/heart/k512/seed1/metrics.json,Existing scientific record; see category index
tabllm,experiments/tabllm_all_reference_k512_v1/reused_evidence/canonical/list_template/heart/k512/seed1024/metrics.json,Existing scientific record; see category index
tabllm,experiments/tabllm_all_reference_k512_v1/reused_evidence/canonical/list_template/heart/k512/seed32/metrics.json,Existing scientific record; see category index
tabllm,experiments/tabllm_all_reference_k512_v1/reused_evidence/canonical/list_template/heart/k512/seed42/metrics.json,Existing scientific record; see category index
tabllm,experiments/tabllm_all_reference_k512_v1/reused_evidence/canonical/list_template/income/k32/seed0/metrics.json,Existing scientific record; see category index
tabllm,experiments/tabllm_all_reference_k512_v1/reused_evidence/canonical/list_template/income/k32/seed1/metrics.json,Existing scientific record; see category index
tabllm,experiments/tabllm_all_reference_k512_v1/reused_evidence/canonical/list_template/income/k32/seed1024/metrics.json,Existing scientific record; see category index
tabllm,experiments/tabllm_all_reference_k512_v1/reused_evidence/canonical/list_template/income/k32/seed32/metrics.json,Existing scientific record; see category index
tabllm,experiments/tabllm_all_reference_k512_v1/reused_evidence/canonical/list_template/income/k32/seed42/metrics.json,Existing scientific record; see category index
tabllm,experiments/tabllm_all_reference_k512_v1/reused_evidence/canonical/list_template/income/k4/seed0/metrics.json,Existing scientific record; see category index
tabllm,experiments/tabllm_all_reference_k512_v1/reused_evidence/canonical/list_template/income/k4/seed1/metrics.json,Existing scientific record; see category index
tabllm,experiments/tabllm_all_reference_k512_v1/reused_evidence/canonical/list_template/income/k4/seed1024/metrics.json,Existing scientific record; see category index
tabllm,experiments/tabllm_all_reference_k512_v1/reused_evidence/canonical/list_template/income/k4/seed32/metrics.json,Existing scientific record; see category index
tabllm,experiments/tabllm_all_reference_k512_v1/reused_evidence/canonical/list_template/income/k4/seed42/metrics.json,Existing scientific record; see category index
tabllm,experiments/tabllm_all_reference_k512_v1/reused_evidence/canonical/list_template/income/k512/seed0/metrics.json,Existing scientific record; see category index
tabllm,experiments/tabllm_all_reference_k512_v1/reused_evidence/canonical/list_template/income/k512/seed1/metrics.json,Existing scientific record; see category index
tabllm,experiments/tabllm_all_reference_k512_v1/reused_evidence/canonical/list_template/income/k512/seed1024/metrics.json,Existing scientific record; see category index
tabllm,experiments/tabllm_all_reference_k512_v1/reused_evidence/canonical/list_template/income/k512/seed32/metrics.json,Existing scientific record; see category index
tabllm,experiments/tabllm_all_reference_k512_v1/reused_evidence/canonical/list_template/income/k512/seed42/metrics.json,Existing scientific record; see category index
tabllm,experiments/tabllm_all_reference_k512_v1/reused_evidence/canonical/list_template/jungle/k32/seed0/metrics.json,Existing scientific record; see category index
tabllm,experiments/tabllm_all_reference_k512_v1/reused_evidence/canonical/list_template/jungle/k32/seed1/metrics.json,Existing scientific record; see category index
tabllm,experiments/tabllm_all_reference_k512_v1/reused_evidence/canonical/list_template/jungle/k32/seed1024/metrics.json,Existing scientific record; see category index
tabllm,experiments/tabllm_all_reference_k512_v1/reused_evidence/canonical/list_template/jungle/k32/seed32/metrics.json,Existing scientific record; see category index
tabllm,experiments/tabllm_all_reference_k512_v1/reused_evidence/canonical/list_template/jungle/k32/seed42/metrics.json,Existing scientific record; see category index
tabllm,experiments/tabllm_all_reference_k512_v1/reused_evidence/canonical/list_template/jungle/k4/seed0/metrics.json,Existing scientific record; see category index
tabllm,experiments/tabllm_all_reference_k512_v1/reused_evidence/canonical/list_template/jungle/k4/seed1/metrics.json,Existing scientific record; see category index
tabllm,experiments/tabllm_all_reference_k512_v1/reused_evidence/canonical/list_template/jungle/k4/seed1024/metrics.json,Existing scientific record; see category index
tabllm,experiments/tabllm_all_reference_k512_v1/reused_evidence/canonical/list_template/jungle/k4/seed32/metrics.json,Existing scientific record; see category index
tabllm,experiments/tabllm_all_reference_k512_v1/reused_evidence/canonical/list_template/jungle/k4/seed42/metrics.json,Existing scientific record; see category index
tabllm,experiments/tabllm_all_reference_k512_v1/reused_evidence/canonical/list_template/jungle/k512/seed0/metrics.json,Existing scientific record; see category index
tabllm,experiments/tabllm_all_reference_k512_v1/reused_evidence/canonical/list_template/jungle/k512/seed1/metrics.json,Existing scientific record; see category index
tabllm,experiments/tabllm_all_reference_k512_v1/reused_evidence/canonical/list_template/jungle/k512/seed1024/metrics.json,Existing scientific record; see category index
tabllm,experiments/tabllm_all_reference_k512_v1/reused_evidence/canonical/list_template/jungle/k512/seed32/metrics.json,Existing scientific record; see category index
tabllm,experiments/tabllm_all_reference_k512_v1/reused_evidence/canonical/list_template/jungle/k512/seed42/metrics.json,Existing scientific record; see category index
tabllm,experiments/tabllm_all_reference_k512_v1/reused_evidence/prior/ref_04/bank/k32/seed0/metrics.json,Existing scientific record; see category index
tabllm,experiments/tabllm_all_reference_k512_v1/reused_evidence/prior/ref_04/bank/k32/seed1/metrics.json,Existing scientific record; see category index
tabllm,experiments/tabllm_all_reference_k512_v1/reused_evidence/prior/ref_04/bank/k32/seed1024/metrics.json,Existing scientific record; see category index
tabllm,experiments/tabllm_all_reference_k512_v1/reused_evidence/prior/ref_04/bank/k32/seed32/metrics.json,Existing scientific record; see category index
tabllm,experiments/tabllm_all_reference_k512_v1/reused_evidence/prior/ref_04/bank/k32/seed42/metrics.json,Existing scientific record; see category index
tabllm,experiments/tabllm_all_reference_k512_v1/reused_evidence/prior/ref_04/bank/k4/seed0/metrics.json,Existing scientific record; see category index
tabllm,experiments/tabllm_all_reference_k512_v1/reused_evidence/prior/ref_04/bank/k4/seed1/metrics.json,Existing scientific record; see category index
tabllm,experiments/tabllm_all_reference_k512_v1/reused_evidence/prior/ref_04/bank/k4/seed1024/metrics.json,Existing scientific record; see category index
tabllm,experiments/tabllm_all_reference_k512_v1/reused_evidence/prior/ref_04/bank/k4/seed32/metrics.json,Existing scientific record; see category index
tabllm,experiments/tabllm_all_reference_k512_v1/reused_evidence/prior/ref_04/bank/k4/seed42/metrics.json,Existing scientific record; see category index
tabllm,experiments/tabllm_all_reference_k512_v1/reused_evidence/prior/ref_04/bank/k512/seed0/metrics.json,Existing scientific record; see category index
tabllm,experiments/tabllm_all_reference_k512_v1/reused_evidence/prior/ref_04/bank/k512/seed1/metrics.json,Existing scientific record; see category index
tabllm,experiments/tabllm_all_reference_k512_v1/reused_evidence/prior/ref_04/bank/k512/seed1024/metrics.json,Existing scientific record; see category index
tabllm,experiments/tabllm_all_reference_k512_v1/reused_evidence/prior/ref_04/bank/k512/seed32/metrics.json,Existing scientific record; see category index
tabllm,experiments/tabllm_all_reference_k512_v1/reused_evidence/prior/ref_04/bank/k512/seed42/metrics.json,Existing scientific record; see category index
tabllm,experiments/tabllm_all_reference_k512_v1/reused_evidence/prior/ref_04/blood/k32/seed0/metrics.json,Existing scientific record; see category index
tabllm,experiments/tabllm_all_reference_k512_v1/reused_evidence/prior/ref_04/blood/k32/seed1/metrics.json,Existing scientific record; see category index
tabllm,experiments/tabllm_all_reference_k512_v1/reused_evidence/prior/ref_04/blood/k32/seed1024/metrics.json,Existing scientific record; see category index
tabllm,experiments/tabllm_all_reference_k512_v1/reused_evidence/prior/ref_04/blood/k32/seed32/metrics.json,Existing scientific record; see category index
tabllm,experiments/tabllm_all_reference_k512_v1/reused_evidence/prior/ref_04/blood/k32/seed42/metrics.json,Existing scientific record; see category index
tabllm,experiments/tabllm_all_reference_k512_v1/reused_evidence/prior/ref_04/blood/k4/seed0/metrics.json,Existing scientific record; see category index
tabllm,experiments/tabllm_all_reference_k512_v1/reused_evidence/prior/ref_04/blood/k4/seed1/metrics.json,Existing scientific record; see category index
tabllm,experiments/tabllm_all_reference_k512_v1/reused_evidence/prior/ref_04/blood/k4/seed1024/metrics.json,Existing scientific record; see category index
tabllm,experiments/tabllm_all_reference_k512_v1/reused_evidence/prior/ref_04/blood/k4/seed32/metrics.json,Existing scientific record; see category index
tabllm,experiments/tabllm_all_reference_k512_v1/reused_evidence/prior/ref_04/blood/k4/seed42/metrics.json,Existing scientific record; see category index
tabllm,experiments/tabllm_all_reference_k512_v1/reused_evidence/prior/ref_04/blood/k512/seed0/metrics.json,Existing scientific record; see category index
tabllm,experiments/tabllm_all_reference_k512_v1/reused_evidence/prior/ref_04/blood/k512/seed1/metrics.json,Existing scientific record; see category index
tabllm,experiments/tabllm_all_reference_k512_v1/reused_evidence/prior/ref_04/blood/k512/seed1024/metrics.json,Existing scientific record; see category index
tabllm,experiments/tabllm_all_reference_k512_v1/reused_evidence/prior/ref_04/blood/k512/seed32/metrics.json,Existing scientific record; see category index
tabllm,experiments/tabllm_all_reference_k512_v1/reused_evidence/prior/ref_04/blood/k512/seed42/metrics.json,Existing scientific record; see category index
tabllm,experiments/tabllm_all_reference_k512_v1/reused_evidence/prior/ref_04/calhousing/k32/seed0/metrics.json,Existing scientific record; see category index
tabllm,experiments/tabllm_all_reference_k512_v1/reused_evidence/prior/ref_04/calhousing/k32/seed1/metrics.json,Existing scientific record; see category index
tabllm,experiments/tabllm_all_reference_k512_v1/reused_evidence/prior/ref_04/calhousing/k32/seed1024/metrics.json,Existing scientific record; see category index
tabllm,experiments/tabllm_all_reference_k512_v1/reused_evidence/prior/ref_04/calhousing/k32/seed32/metrics.json,Existing scientific record; see category index
tabllm,experiments/tabllm_all_reference_k512_v1/reused_evidence/prior/ref_04/calhousing/k32/seed42/metrics.json,Existing scientific record; see category index
tabllm,experiments/tabllm_all_reference_k512_v1/reused_evidence/prior/ref_04/calhousing/k4/seed0/metrics.json,Existing scientific record; see category index
tabllm,experiments/tabllm_all_reference_k512_v1/reused_evidence/prior/ref_04/calhousing/k4/seed1/metrics.json,Existing scientific record; see category index
tabllm,experiments/tabllm_all_reference_k512_v1/reused_evidence/prior/ref_04/calhousing/k4/seed1024/metrics.json,Existing scientific record; see category index
tabllm,experiments/tabllm_all_reference_k512_v1/reused_evidence/prior/ref_04/calhousing/k4/seed32/metrics.json,Existing scientific record; see category index
tabllm,experiments/tabllm_all_reference_k512_v1/reused_evidence/prior/ref_04/calhousing/k4/seed42/metrics.json,Existing scientific record; see category index
tabllm,experiments/tabllm_all_reference_k512_v1/reused_evidence/prior/ref_04/calhousing/k512/seed0/metrics.json,Existing scientific record; see category index
tabllm,experiments/tabllm_all_reference_k512_v1/reused_evidence/prior/ref_04/calhousing/k512/seed1/metrics.json,Existing scientific record; see category index
tabllm,experiments/tabllm_all_reference_k512_v1/reused_evidence/prior/ref_04/calhousing/k512/seed1024/metrics.json,Existing scientific record; see category index
tabllm,experiments/tabllm_all_reference_k512_v1/reused_evidence/prior/ref_04/calhousing/k512/seed32/metrics.json,Existing scientific record; see category index
tabllm,experiments/tabllm_all_reference_k512_v1/reused_evidence/prior/ref_04/calhousing/k512/seed42/metrics.json,Existing scientific record; see category index
tabllm,experiments/tabllm_all_reference_k512_v1/reused_evidence/prior/ref_04/car/k32/seed0/metrics.json,Existing scientific record; see category index
tabllm,experiments/tabllm_all_reference_k512_v1/reused_evidence/prior/ref_04/car/k32/seed1/metrics.json,Existing scientific record; see category index
tabllm,experiments/tabllm_all_reference_k512_v1/reused_evidence/prior/ref_04/car/k32/seed1024/metrics.json,Existing scientific record; see category index
tabllm,experiments/tabllm_all_reference_k512_v1/reused_evidence/prior/ref_04/car/k32/seed32/metrics.json,Existing scientific record; see category index
tabllm,experiments/tabllm_all_reference_k512_v1/reused_evidence/prior/ref_04/car/k32/seed42/metrics.json,Existing scientific record; see category index
tabllm,experiments/tabllm_all_reference_k512_v1/reused_evidence/prior/ref_04/car/k4/seed0/metrics.json,Existing scientific record; see category index
tabllm,experiments/tabllm_all_reference_k512_v1/reused_evidence/prior/ref_04/car/k4/seed1/metrics.json,Existing scientific record; see category index
tabllm,experiments/tabllm_all_reference_k512_v1/reused_evidence/prior/ref_04/car/k4/seed1024/metrics.json,Existing scientific record; see category index
tabllm,experiments/tabllm_all_reference_k512_v1/reused_evidence/prior/ref_04/car/k4/seed32/metrics.json,Existing scientific record; see category index
tabllm,experiments/tabllm_all_reference_k512_v1/reused_evidence/prior/ref_04/car/k4/seed42/metrics.json,Existing scientific record; see category index
tabllm,experiments/tabllm_all_reference_k512_v1/reused_evidence/prior/ref_04/car/k512/seed0/metrics.json,Existing scientific record; see category index
tabllm,experiments/tabllm_all_reference_k512_v1/reused_evidence/prior/ref_04/car/k512/seed1/metrics.json,Existing scientific record; see category index
tabllm,experiments/tabllm_all_reference_k512_v1/reused_evidence/prior/ref_04/car/k512/seed1024/metrics.json,Existing scientific record; see category index
tabllm,experiments/tabllm_all_reference_k512_v1/reused_evidence/prior/ref_04/car/k512/seed32/metrics.json,Existing scientific record; see category index
tabllm,experiments/tabllm_all_reference_k512_v1/reused_evidence/prior/ref_04/car/k512/seed42/metrics.json,Existing scientific record; see category index
tabllm,experiments/tabllm_all_reference_k512_v1/reused_evidence/prior/ref_04/creditg/k32/seed0/metrics.json,Existing scientific record; see category index
tabllm,experiments/tabllm_all_reference_k512_v1/reused_evidence/prior/ref_04/creditg/k32/seed1/metrics.json,Existing scientific record; see category index
tabllm,experiments/tabllm_all_reference_k512_v1/reused_evidence/prior/ref_04/creditg/k32/seed1024/metrics.json,Existing scientific record; see category index
tabllm,experiments/tabllm_all_reference_k512_v1/reused_evidence/prior/ref_04/creditg/k32/seed32/metrics.json,Existing scientific record; see category index
tabllm,experiments/tabllm_all_reference_k512_v1/reused_evidence/prior/ref_04/creditg/k32/seed42/metrics.json,Existing scientific record; see category index
tabllm,experiments/tabllm_all_reference_k512_v1/reused_evidence/prior/ref_04/creditg/k4/seed0/metrics.json,Existing scientific record; see category index
tabllm,experiments/tabllm_all_reference_k512_v1/reused_evidence/prior/ref_04/creditg/k4/seed1/metrics.json,Existing scientific record; see category index
tabllm,experiments/tabllm_all_reference_k512_v1/reused_evidence/prior/ref_04/creditg/k4/seed1024/metrics.json,Existing scientific record; see category index
tabllm,experiments/tabllm_all_reference_k512_v1/reused_evidence/prior/ref_04/creditg/k4/seed32/metrics.json,Existing scientific record; see category index
tabllm,experiments/tabllm_all_reference_k512_v1/reused_evidence/prior/ref_04/creditg/k4/seed42/metrics.json,Existing scientific record; see category index
tabllm,experiments/tabllm_all_reference_k512_v1/reused_evidence/prior/ref_04/creditg/k512/seed0/metrics.json,Existing scientific record; see category index
tabllm,experiments/tabllm_all_reference_k512_v1/reused_evidence/prior/ref_04/creditg/k512/seed1/metrics.json,Existing scientific record; see category index
tabllm,experiments/tabllm_all_reference_k512_v1/reused_evidence/prior/ref_04/creditg/k512/seed1024/metrics.json,Existing scientific record; see category index
tabllm,experiments/tabllm_all_reference_k512_v1/reused_evidence/prior/ref_04/creditg/k512/seed32/metrics.json,Existing scientific record; see category index
tabllm,experiments/tabllm_all_reference_k512_v1/reused_evidence/prior/ref_04/creditg/k512/seed42/metrics.json,Existing scientific record; see category index
tabllm,experiments/tabllm_all_reference_k512_v1/reused_evidence/prior/ref_04/diabetes/k32/seed0/metrics.json,Existing scientific record; see category index
tabllm,experiments/tabllm_all_reference_k512_v1/reused_evidence/prior/ref_04/diabetes/k32/seed1/metrics.json,Existing scientific record; see category index
tabllm,experiments/tabllm_all_reference_k512_v1/reused_evidence/prior/ref_04/diabetes/k32/seed1024/metrics.json,Existing scientific record; see category index
tabllm,experiments/tabllm_all_reference_k512_v1/reused_evidence/prior/ref_04/diabetes/k32/seed32/metrics.json,Existing scientific record; see category index
tabllm,experiments/tabllm_all_reference_k512_v1/reused_evidence/prior/ref_04/diabetes/k32/seed42/metrics.json,Existing scientific record; see category index
tabllm,experiments/tabllm_all_reference_k512_v1/reused_evidence/prior/ref_04/diabetes/k4/seed0/metrics.json,Existing scientific record; see category index
tabllm,experiments/tabllm_all_reference_k512_v1/reused_evidence/prior/ref_04/diabetes/k4/seed1/metrics.json,Existing scientific record; see category index
tabllm,experiments/tabllm_all_reference_k512_v1/reused_evidence/prior/ref_04/diabetes/k4/seed1024/metrics.json,Existing scientific record; see category index
tabllm,experiments/tabllm_all_reference_k512_v1/reused_evidence/prior/ref_04/diabetes/k4/seed32/metrics.json,Existing scientific record; see category index
tabllm,experiments/tabllm_all_reference_k512_v1/reused_evidence/prior/ref_04/diabetes/k4/seed42/metrics.json,Existing scientific record; see category index
tabllm,experiments/tabllm_all_reference_k512_v1/reused_evidence/prior/ref_04/diabetes/k512/seed0/metrics.json,Existing scientific record; see category index
tabllm,experiments/tabllm_all_reference_k512_v1/reused_evidence/prior/ref_04/diabetes/k512/seed1/metrics.json,Existing scientific record; see category index
tabllm,experiments/tabllm_all_reference_k512_v1/reused_evidence/prior/ref_04/diabetes/k512/seed1024/metrics.json,Existing scientific record; see category index
tabllm,experiments/tabllm_all_reference_k512_v1/reused_evidence/prior/ref_04/diabetes/k512/seed32/metrics.json,Existing scientific record; see category index
tabllm,experiments/tabllm_all_reference_k512_v1/reused_evidence/prior/ref_04/diabetes/k512/seed42/metrics.json,Existing scientific record; see category index
tabllm,experiments/tabllm_all_reference_k512_v1/reused_evidence/prior/ref_04/heart/k32/seed0/metrics.json,Existing scientific record; see category index
tabllm,experiments/tabllm_all_reference_k512_v1/reused_evidence/prior/ref_04/heart/k32/seed1/metrics.json,Existing scientific record; see category index
tabllm,experiments/tabllm_all_reference_k512_v1/reused_evidence/prior/ref_04/heart/k32/seed1024/metrics.json,Existing scientific record; see category index
tabllm,experiments/tabllm_all_reference_k512_v1/reused_evidence/prior/ref_04/heart/k32/seed32/metrics.json,Existing scientific record; see category index
tabllm,experiments/tabllm_all_reference_k512_v1/reused_evidence/prior/ref_04/heart/k32/seed42/metrics.json,Existing scientific record; see category index
tabllm,experiments/tabllm_all_reference_k512_v1/reused_evidence/prior/ref_04/heart/k4/seed0/metrics.json,Existing scientific record; see category index
tabllm,experiments/tabllm_all_reference_k512_v1/reused_evidence/prior/ref_04/heart/k4/seed1/metrics.json,Existing scientific record; see category index
tabllm,experiments/tabllm_all_reference_k512_v1/reused_evidence/prior/ref_04/heart/k4/seed1024/metrics.json,Existing scientific record; see category index
tabllm,experiments/tabllm_all_reference_k512_v1/reused_evidence/prior/ref_04/heart/k4/seed32/metrics.json,Existing scientific record; see category index
tabllm,experiments/tabllm_all_reference_k512_v1/reused_evidence/prior/ref_04/heart/k4/seed42/metrics.json,Existing scientific record; see category index
tabllm,experiments/tabllm_all_reference_k512_v1/reused_evidence/prior/ref_04/heart/k512/seed0/metrics.json,Existing scientific record; see category index
tabllm,experiments/tabllm_all_reference_k512_v1/reused_evidence/prior/ref_04/heart/k512/seed1/metrics.json,Existing scientific record; see category index
tabllm,experiments/tabllm_all_reference_k512_v1/reused_evidence/prior/ref_04/heart/k512/seed1024/metrics.json,Existing scientific record; see category index
tabllm,experiments/tabllm_all_reference_k512_v1/reused_evidence/prior/ref_04/heart/k512/seed32/metrics.json,Existing scientific record; see category index
tabllm,experiments/tabllm_all_reference_k512_v1/reused_evidence/prior/ref_04/heart/k512/seed42/metrics.json,Existing scientific record; see category index
tabllm,experiments/tabllm_all_reference_k512_v1/reused_evidence/prior/ref_04/income/k32/seed0/metrics.json,Existing scientific record; see category index
tabllm,experiments/tabllm_all_reference_k512_v1/reused_evidence/prior/ref_04/income/k32/seed1/metrics.json,Existing scientific record; see category index
tabllm,experiments/tabllm_all_reference_k512_v1/reused_evidence/prior/ref_04/income/k32/seed1024/metrics.json,Existing scientific record; see category index
tabllm,experiments/tabllm_all_reference_k512_v1/reused_evidence/prior/ref_04/income/k32/seed32/metrics.json,Existing scientific record; see category index
tabllm,experiments/tabllm_all_reference_k512_v1/reused_evidence/prior/ref_04/income/k32/seed42/metrics.json,Existing scientific record; see category index
tabllm,experiments/tabllm_all_reference_k512_v1/reused_evidence/prior/ref_04/income/k4/seed0/metrics.json,Existing scientific record; see category index
tabllm,experiments/tabllm_all_reference_k512_v1/reused_evidence/prior/ref_04/income/k4/seed1/metrics.json,Existing scientific record; see category index
tabllm,experiments/tabllm_all_reference_k512_v1/reused_evidence/prior/ref_04/income/k4/seed1024/metrics.json,Existing scientific record; see category index
tabllm,experiments/tabllm_all_reference_k512_v1/reused_evidence/prior/ref_04/income/k4/seed32/metrics.json,Existing scientific record; see category index
tabllm,experiments/tabllm_all_reference_k512_v1/reused_evidence/prior/ref_04/income/k4/seed42/metrics.json,Existing scientific record; see category index
tabllm,experiments/tabllm_all_reference_k512_v1/reused_evidence/prior/ref_04/income/k512/seed0/metrics.json,Existing scientific record; see category index
tabllm,experiments/tabllm_all_reference_k512_v1/reused_evidence/prior/ref_04/income/k512/seed1/metrics.json,Existing scientific record; see category index
tabllm,experiments/tabllm_all_reference_k512_v1/reused_evidence/prior/ref_04/income/k512/seed1024/metrics.json,Existing scientific record; see category index
tabllm,experiments/tabllm_all_reference_k512_v1/reused_evidence/prior/ref_04/income/k512/seed32/metrics.json,Existing scientific record; see category index
tabllm,experiments/tabllm_all_reference_k512_v1/reused_evidence/prior/ref_04/income/k512/seed42/metrics.json,Existing scientific record; see category index
tabllm,experiments/tabllm_all_reference_k512_v1/reused_evidence/prior/ref_04/jungle/k32/seed0/metrics.json,Existing scientific record; see category index
tabllm,experiments/tabllm_all_reference_k512_v1/reused_evidence/prior/ref_04/jungle/k32/seed1/metrics.json,Existing scientific record; see category index
tabllm,experiments/tabllm_all_reference_k512_v1/reused_evidence/prior/ref_04/jungle/k32/seed1024/metrics.json,Existing scientific record; see category index
tabllm,experiments/tabllm_all_reference_k512_v1/reused_evidence/prior/ref_04/jungle/k32/seed32/metrics.json,Existing scientific record; see category index
tabllm,experiments/tabllm_all_reference_k512_v1/reused_evidence/prior/ref_04/jungle/k32/seed42/metrics.json,Existing scientific record; see category index
tabllm,experiments/tabllm_all_reference_k512_v1/reused_evidence/prior/ref_04/jungle/k4/seed0/metrics.json,Existing scientific record; see category index
tabllm,experiments/tabllm_all_reference_k512_v1/reused_evidence/prior/ref_04/jungle/k4/seed1/metrics.json,Existing scientific record; see category index
tabllm,experiments/tabllm_all_reference_k512_v1/reused_evidence/prior/ref_04/jungle/k4/seed1024/metrics.json,Existing scientific record; see category index
tabllm,experiments/tabllm_all_reference_k512_v1/reused_evidence/prior/ref_04/jungle/k4/seed32/metrics.json,Existing scientific record; see category index
tabllm,experiments/tabllm_all_reference_k512_v1/reused_evidence/prior/ref_04/jungle/k4/seed42/metrics.json,Existing scientific record; see category index
tabllm,experiments/tabllm_all_reference_k512_v1/reused_evidence/prior/ref_04/jungle/k512/seed0/metrics.json,Existing scientific record; see category index
tabllm,experiments/tabllm_all_reference_k512_v1/reused_evidence/prior/ref_04/jungle/k512/seed1/metrics.json,Existing scientific record; see category index
tabllm,experiments/tabllm_all_reference_k512_v1/reused_evidence/prior/ref_04/jungle/k512/seed1024/metrics.json,Existing scientific record; see category index
tabllm,experiments/tabllm_all_reference_k512_v1/reused_evidence/prior/ref_04/jungle/k512/seed32/metrics.json,Existing scientific record; see category index
tabllm,experiments/tabllm_all_reference_k512_v1/reused_evidence/prior/ref_04/jungle/k512/seed42/metrics.json,Existing scientific record; see category index
tabllm,experiments/tabllm_all_reference_k512_v1/reused_evidence/prior/ref_22/bank/k32/seed0/metrics.json,Existing scientific record; see category index
tabllm,experiments/tabllm_all_reference_k512_v1/reused_evidence/prior/ref_22/bank/k32/seed1/metrics.json,Existing scientific record; see category index
tabllm,experiments/tabllm_all_reference_k512_v1/reused_evidence/prior/ref_22/bank/k32/seed1024/metrics.json,Existing scientific record; see category index
tabllm,experiments/tabllm_all_reference_k512_v1/reused_evidence/prior/ref_22/bank/k32/seed32/metrics.json,Existing scientific record; see category index
tabllm,experiments/tabllm_all_reference_k512_v1/reused_evidence/prior/ref_22/bank/k32/seed42/metrics.json,Existing scientific record; see category index
tabllm,experiments/tabllm_all_reference_k512_v1/reused_evidence/prior/ref_22/bank/k4/seed0/metrics.json,Existing scientific record; see category index
tabllm,experiments/tabllm_all_reference_k512_v1/reused_evidence/prior/ref_22/bank/k4/seed1/metrics.json,Existing scientific record; see category index
tabllm,experiments/tabllm_all_reference_k512_v1/reused_evidence/prior/ref_22/bank/k4/seed1024/metrics.json,Existing scientific record; see category index
tabllm,experiments/tabllm_all_reference_k512_v1/reused_evidence/prior/ref_22/bank/k4/seed32/metrics.json,Existing scientific record; see category index
tabllm,experiments/tabllm_all_reference_k512_v1/reused_evidence/prior/ref_22/bank/k4/seed42/metrics.json,Existing scientific record; see category index
tabllm,experiments/tabllm_all_reference_k512_v1/reused_evidence/prior/ref_22/bank/k512/seed0/metrics.json,Existing scientific record; see category index
tabllm,experiments/tabllm_all_reference_k512_v1/reused_evidence/prior/ref_22/bank/k512/seed1/metrics.json,Existing scientific record; see category index
tabllm,experiments/tabllm_all_reference_k512_v1/reused_evidence/prior/ref_22/bank/k512/seed1024/metrics.json,Existing scientific record; see category index
tabllm,experiments/tabllm_all_reference_k512_v1/reused_evidence/prior/ref_22/bank/k512/seed32/metrics.json,Existing scientific record; see category index
tabllm,experiments/tabllm_all_reference_k512_v1/reused_evidence/prior/ref_22/bank/k512/seed42/metrics.json,Existing scientific record; see category index
tabllm,experiments/tabllm_all_reference_k512_v1/reused_evidence/prior/ref_22/blood/k32/seed0/metrics.json,Existing scientific record; see category index
tabllm,experiments/tabllm_all_reference_k512_v1/reused_evidence/prior/ref_22/blood/k32/seed1/metrics.json,Existing scientific record; see category index
tabllm,experiments/tabllm_all_reference_k512_v1/reused_evidence/prior/ref_22/blood/k32/seed1024/metrics.json,Existing scientific record; see category index
tabllm,experiments/tabllm_all_reference_k512_v1/reused_evidence/prior/ref_22/blood/k32/seed32/metrics.json,Existing scientific record; see category index
tabllm,experiments/tabllm_all_reference_k512_v1/reused_evidence/prior/ref_22/blood/k32/seed42/metrics.json,Existing scientific record; see category index
tabllm,experiments/tabllm_all_reference_k512_v1/reused_evidence/prior/ref_22/blood/k4/seed0/metrics.json,Existing scientific record; see category index
tabllm,experiments/tabllm_all_reference_k512_v1/reused_evidence/prior/ref_22/blood/k4/seed1/metrics.json,Existing scientific record; see category index
tabllm,experiments/tabllm_all_reference_k512_v1/reused_evidence/prior/ref_22/blood/k4/seed1024/metrics.json,Existing scientific record; see category index
tabllm,experiments/tabllm_all_reference_k512_v1/reused_evidence/prior/ref_22/blood/k4/seed32/metrics.json,Existing scientific record; see category index
tabllm,experiments/tabllm_all_reference_k512_v1/reused_evidence/prior/ref_22/blood/k4/seed42/metrics.json,Existing scientific record; see category index
tabllm,experiments/tabllm_all_reference_k512_v1/reused_evidence/prior/ref_22/blood/k512/seed0/metrics.json,Existing scientific record; see category index
tabllm,experiments/tabllm_all_reference_k512_v1/reused_evidence/prior/ref_22/blood/k512/seed1/metrics.json,Existing scientific record; see category index
tabllm,experiments/tabllm_all_reference_k512_v1/reused_evidence/prior/ref_22/blood/k512/seed1024/metrics.json,Existing scientific record; see category index
tabllm,experiments/tabllm_all_reference_k512_v1/reused_evidence/prior/ref_22/blood/k512/seed32/metrics.json,Existing scientific record; see category index
tabllm,experiments/tabllm_all_reference_k512_v1/reused_evidence/prior/ref_22/blood/k512/seed42/metrics.json,Existing scientific record; see category index
tabllm,experiments/tabllm_all_reference_k512_v1/reused_evidence/prior/ref_22/calhousing/k32/seed0/metrics.json,Existing scientific record; see category index
tabllm,experiments/tabllm_all_reference_k512_v1/reused_evidence/prior/ref_22/calhousing/k32/seed1/metrics.json,Existing scientific record; see category index
tabllm,experiments/tabllm_all_reference_k512_v1/reused_evidence/prior/ref_22/calhousing/k32/seed1024/metrics.json,Existing scientific record; see category index
tabllm,experiments/tabllm_all_reference_k512_v1/reused_evidence/prior/ref_22/calhousing/k32/seed32/metrics.json,Existing scientific record; see category index
tabllm,experiments/tabllm_all_reference_k512_v1/reused_evidence/prior/ref_22/calhousing/k32/seed42/metrics.json,Existing scientific record; see category index
tabllm,experiments/tabllm_all_reference_k512_v1/reused_evidence/prior/ref_22/calhousing/k4/seed0/metrics.json,Existing scientific record; see category index
tabllm,experiments/tabllm_all_reference_k512_v1/reused_evidence/prior/ref_22/calhousing/k4/seed1/metrics.json,Existing scientific record; see category index
tabllm,experiments/tabllm_all_reference_k512_v1/reused_evidence/prior/ref_22/calhousing/k4/seed1024/metrics.json,Existing scientific record; see category index
tabllm,experiments/tabllm_all_reference_k512_v1/reused_evidence/prior/ref_22/calhousing/k4/seed32/metrics.json,Existing scientific record; see category index
tabllm,experiments/tabllm_all_reference_k512_v1/reused_evidence/prior/ref_22/calhousing/k4/seed42/metrics.json,Existing scientific record; see category index
tabllm,experiments/tabllm_all_reference_k512_v1/reused_evidence/prior/ref_22/calhousing/k512/seed0/metrics.json,Existing scientific record; see category index
tabllm,experiments/tabllm_all_reference_k512_v1/reused_evidence/prior/ref_22/calhousing/k512/seed1/metrics.json,Existing scientific record; see category index
tabllm,experiments/tabllm_all_reference_k512_v1/reused_evidence/prior/ref_22/calhousing/k512/seed1024/metrics.json,Existing scientific record; see category index
tabllm,experiments/tabllm_all_reference_k512_v1/reused_evidence/prior/ref_22/calhousing/k512/seed32/metrics.json,Existing scientific record; see category index
tabllm,experiments/tabllm_all_reference_k512_v1/reused_evidence/prior/ref_22/calhousing/k512/seed42/metrics.json,Existing scientific record; see category index
tabllm,experiments/tabllm_all_reference_k512_v1/reused_evidence/prior/ref_22/car/k32/seed0/metrics.json,Existing scientific record; see category index
tabllm,experiments/tabllm_all_reference_k512_v1/reused_evidence/prior/ref_22/car/k32/seed1/metrics.json,Existing scientific record; see category index
tabllm,experiments/tabllm_all_reference_k512_v1/reused_evidence/prior/ref_22/car/k32/seed1024/metrics.json,Existing scientific record; see category index
tabllm,experiments/tabllm_all_reference_k512_v1/reused_evidence/prior/ref_22/car/k32/seed32/metrics.json,Existing scientific record; see category index
tabllm,experiments/tabllm_all_reference_k512_v1/reused_evidence/prior/ref_22/car/k32/seed42/metrics.json,Existing scientific record; see category index
tabllm,experiments/tabllm_all_reference_k512_v1/reused_evidence/prior/ref_22/car/k4/seed0/metrics.json,Existing scientific record; see category index
tabllm,experiments/tabllm_all_reference_k512_v1/reused_evidence/prior/ref_22/car/k4/seed1/metrics.json,Existing scientific record; see category index
tabllm,experiments/tabllm_all_reference_k512_v1/reused_evidence/prior/ref_22/car/k4/seed1024/metrics.json,Existing scientific record; see category index
tabllm,experiments/tabllm_all_reference_k512_v1/reused_evidence/prior/ref_22/car/k4/seed32/metrics.json,Existing scientific record; see category index
tabllm,experiments/tabllm_all_reference_k512_v1/reused_evidence/prior/ref_22/car/k4/seed42/metrics.json,Existing scientific record; see category index
tabllm,experiments/tabllm_all_reference_k512_v1/reused_evidence/prior/ref_22/car/k512/seed0/metrics.json,Existing scientific record; see category index
tabllm,experiments/tabllm_all_reference_k512_v1/reused_evidence/prior/ref_22/car/k512/seed1/metrics.json,Existing scientific record; see category index
tabllm,experiments/tabllm_all_reference_k512_v1/reused_evidence/prior/ref_22/car/k512/seed1024/metrics.json,Existing scientific record; see category index
tabllm,experiments/tabllm_all_reference_k512_v1/reused_evidence/prior/ref_22/car/k512/seed32/metrics.json,Existing scientific record; see category index
tabllm,experiments/tabllm_all_reference_k512_v1/reused_evidence/prior/ref_22/car/k512/seed42/metrics.json,Existing scientific record; see category index
tabllm,experiments/tabllm_all_reference_k512_v1/reused_evidence/prior/ref_22/creditg/k32/seed0/metrics.json,Existing scientific record; see category index
tabllm,experiments/tabllm_all_reference_k512_v1/reused_evidence/prior/ref_22/creditg/k32/seed1/metrics.json,Existing scientific record; see category index
tabllm,experiments/tabllm_all_reference_k512_v1/reused_evidence/prior/ref_22/creditg/k32/seed1024/metrics.json,Existing scientific record; see category index
tabllm,experiments/tabllm_all_reference_k512_v1/reused_evidence/prior/ref_22/creditg/k32/seed32/metrics.json,Existing scientific record; see category index
tabllm,experiments/tabllm_all_reference_k512_v1/reused_evidence/prior/ref_22/creditg/k32/seed42/metrics.json,Existing scientific record; see category index
tabllm,experiments/tabllm_all_reference_k512_v1/reused_evidence/prior/ref_22/creditg/k4/seed0/metrics.json,Existing scientific record; see category index
tabllm,experiments/tabllm_all_reference_k512_v1/reused_evidence/prior/ref_22/creditg/k4/seed1/metrics.json,Existing scientific record; see category index
tabllm,experiments/tabllm_all_reference_k512_v1/reused_evidence/prior/ref_22/creditg/k4/seed1024/metrics.json,Existing scientific record; see category index
tabllm,experiments/tabllm_all_reference_k512_v1/reused_evidence/prior/ref_22/creditg/k4/seed32/metrics.json,Existing scientific record; see category index
tabllm,experiments/tabllm_all_reference_k512_v1/reused_evidence/prior/ref_22/creditg/k4/seed42/metrics.json,Existing scientific record; see category index
tabllm,experiments/tabllm_all_reference_k512_v1/reused_evidence/prior/ref_22/creditg/k512/seed0/metrics.json,Existing scientific record; see category index
tabllm,experiments/tabllm_all_reference_k512_v1/reused_evidence/prior/ref_22/creditg/k512/seed1/metrics.json,Existing scientific record; see category index
tabllm,experiments/tabllm_all_reference_k512_v1/reused_evidence/prior/ref_22/creditg/k512/seed1024/metrics.json,Existing scientific record; see category index
tabllm,experiments/tabllm_all_reference_k512_v1/reused_evidence/prior/ref_22/creditg/k512/seed32/metrics.json,Existing scientific record; see category index
tabllm,experiments/tabllm_all_reference_k512_v1/reused_evidence/prior/ref_22/creditg/k512/seed42/metrics.json,Existing scientific record; see category index
tabllm,experiments/tabllm_all_reference_k512_v1/reused_evidence/prior/ref_22/diabetes/k32/seed0/metrics.json,Existing scientific record; see category index
tabllm,experiments/tabllm_all_reference_k512_v1/reused_evidence/prior/ref_22/diabetes/k32/seed1/metrics.json,Existing scientific record; see category index
tabllm,experiments/tabllm_all_reference_k512_v1/reused_evidence/prior/ref_22/diabetes/k32/seed1024/metrics.json,Existing scientific record; see category index
tabllm,experiments/tabllm_all_reference_k512_v1/reused_evidence/prior/ref_22/diabetes/k32/seed32/metrics.json,Existing scientific record; see category index
tabllm,experiments/tabllm_all_reference_k512_v1/reused_evidence/prior/ref_22/diabetes/k32/seed42/metrics.json,Existing scientific record; see category index
tabllm,experiments/tabllm_all_reference_k512_v1/reused_evidence/prior/ref_22/diabetes/k4/seed0/metrics.json,Existing scientific record; see category index
tabllm,experiments/tabllm_all_reference_k512_v1/reused_evidence/prior/ref_22/diabetes/k4/seed1/metrics.json,Existing scientific record; see category index
tabllm,experiments/tabllm_all_reference_k512_v1/reused_evidence/prior/ref_22/diabetes/k4/seed1024/metrics.json,Existing scientific record; see category index
tabllm,experiments/tabllm_all_reference_k512_v1/reused_evidence/prior/ref_22/diabetes/k4/seed32/metrics.json,Existing scientific record; see category index
tabllm,experiments/tabllm_all_reference_k512_v1/reused_evidence/prior/ref_22/diabetes/k4/seed42/metrics.json,Existing scientific record; see category index
tabllm,experiments/tabllm_all_reference_k512_v1/reused_evidence/prior/ref_22/diabetes/k512/seed0/metrics.json,Existing scientific record; see category index
tabllm,experiments/tabllm_all_reference_k512_v1/reused_evidence/prior/ref_22/diabetes/k512/seed1/metrics.json,Existing scientific record; see category index
tabllm,experiments/tabllm_all_reference_k512_v1/reused_evidence/prior/ref_22/diabetes/k512/seed1024/metrics.json,Existing scientific record; see category index
tabllm,experiments/tabllm_all_reference_k512_v1/reused_evidence/prior/ref_22/diabetes/k512/seed32/metrics.json,Existing scientific record; see category index
tabllm,experiments/tabllm_all_reference_k512_v1/reused_evidence/prior/ref_22/diabetes/k512/seed42/metrics.json,Existing scientific record; see category index
tabllm,experiments/tabllm_all_reference_k512_v1/reused_evidence/prior/ref_22/heart/k32/seed0/metrics.json,Existing scientific record; see category index
tabllm,experiments/tabllm_all_reference_k512_v1/reused_evidence/prior/ref_22/heart/k32/seed1/metrics.json,Existing scientific record; see category index
tabllm,experiments/tabllm_all_reference_k512_v1/reused_evidence/prior/ref_22/heart/k32/seed1024/metrics.json,Existing scientific record; see category index
tabllm,experiments/tabllm_all_reference_k512_v1/reused_evidence/prior/ref_22/heart/k32/seed32/metrics.json,Existing scientific record; see category index
tabllm,experiments/tabllm_all_reference_k512_v1/reused_evidence/prior/ref_22/heart/k32/seed42/metrics.json,Existing scientific record; see category index
tabllm,experiments/tabllm_all_reference_k512_v1/reused_evidence/prior/ref_22/heart/k4/seed0/metrics.json,Existing scientific record; see category index
tabllm,experiments/tabllm_all_reference_k512_v1/reused_evidence/prior/ref_22/heart/k4/seed1/metrics.json,Existing scientific record; see category index
tabllm,experiments/tabllm_all_reference_k512_v1/reused_evidence/prior/ref_22/heart/k4/seed1024/metrics.json,Existing scientific record; see category index
tabllm,experiments/tabllm_all_reference_k512_v1/reused_evidence/prior/ref_22/heart/k4/seed32/metrics.json,Existing scientific record; see category index
tabllm,experiments/tabllm_all_reference_k512_v1/reused_evidence/prior/ref_22/heart/k4/seed42/metrics.json,Existing scientific record; see category index
tabllm,experiments/tabllm_all_reference_k512_v1/reused_evidence/prior/ref_22/heart/k512/seed0/metrics.json,Existing scientific record; see category index
tabllm,experiments/tabllm_all_reference_k512_v1/reused_evidence/prior/ref_22/heart/k512/seed1/metrics.json,Existing scientific record; see category index
tabllm,experiments/tabllm_all_reference_k512_v1/reused_evidence/prior/ref_22/heart/k512/seed1024/metrics.json,Existing scientific record; see category index
tabllm,experiments/tabllm_all_reference_k512_v1/reused_evidence/prior/ref_22/heart/k512/seed32/metrics.json,Existing scientific record; see category index
tabllm,experiments/tabllm_all_reference_k512_v1/reused_evidence/prior/ref_22/heart/k512/seed42/metrics.json,Existing scientific record; see category index
tabllm,experiments/tabllm_all_reference_k512_v1/reused_evidence/prior/ref_22/income/k32/seed0/metrics.json,Existing scientific record; see category index
tabllm,experiments/tabllm_all_reference_k512_v1/reused_evidence/prior/ref_22/income/k32/seed1/metrics.json,Existing scientific record; see category index
tabllm,experiments/tabllm_all_reference_k512_v1/reused_evidence/prior/ref_22/income/k32/seed1024/metrics.json,Existing scientific record; see category index
tabllm,experiments/tabllm_all_reference_k512_v1/reused_evidence/prior/ref_22/income/k32/seed32/metrics.json,Existing scientific record; see category index
tabllm,experiments/tabllm_all_reference_k512_v1/reused_evidence/prior/ref_22/income/k32/seed42/metrics.json,Existing scientific record; see category index
tabllm,experiments/tabllm_all_reference_k512_v1/reused_evidence/prior/ref_22/income/k4/seed0/metrics.json,Existing scientific record; see category index
tabllm,experiments/tabllm_all_reference_k512_v1/reused_evidence/prior/ref_22/income/k4/seed1/metrics.json,Existing scientific record; see category index
tabllm,experiments/tabllm_all_reference_k512_v1/reused_evidence/prior/ref_22/income/k4/seed1024/metrics.json,Existing scientific record; see category index
tabllm,experiments/tabllm_all_reference_k512_v1/reused_evidence/prior/ref_22/income/k4/seed32/metrics.json,Existing scientific record; see category index
tabllm,experiments/tabllm_all_reference_k512_v1/reused_evidence/prior/ref_22/income/k4/seed42/metrics.json,Existing scientific record; see category index
tabllm,experiments/tabllm_all_reference_k512_v1/reused_evidence/prior/ref_22/income/k512/seed0/metrics.json,Existing scientific record; see category index
tabllm,experiments/tabllm_all_reference_k512_v1/reused_evidence/prior/ref_22/income/k512/seed1/metrics.json,Existing scientific record; see category index
tabllm,experiments/tabllm_all_reference_k512_v1/reused_evidence/prior/ref_22/income/k512/seed1024/metrics.json,Existing scientific record; see category index
tabllm,experiments/tabllm_all_reference_k512_v1/reused_evidence/prior/ref_22/income/k512/seed32/metrics.json,Existing scientific record; see category index
tabllm,experiments/tabllm_all_reference_k512_v1/reused_evidence/prior/ref_22/income/k512/seed42/metrics.json,Existing scientific record; see category index
tabllm,experiments/tabllm_all_reference_k512_v1/reused_evidence/prior/ref_22/jungle/k32/seed0/metrics.json,Existing scientific record; see category index
tabllm,experiments/tabllm_all_reference_k512_v1/reused_evidence/prior/ref_22/jungle/k32/seed1/metrics.json,Existing scientific record; see category index
tabllm,experiments/tabllm_all_reference_k512_v1/reused_evidence/prior/ref_22/jungle/k32/seed1024/metrics.json,Existing scientific record; see category index
tabllm,experiments/tabllm_all_reference_k512_v1/reused_evidence/prior/ref_22/jungle/k32/seed32/metrics.json,Existing scientific record; see category index
tabllm,experiments/tabllm_all_reference_k512_v1/reused_evidence/prior/ref_22/jungle/k32/seed42/metrics.json,Existing scientific record; see category index
tabllm,experiments/tabllm_all_reference_k512_v1/reused_evidence/prior/ref_22/jungle/k4/seed0/metrics.json,Existing scientific record; see category index
tabllm,experiments/tabllm_all_reference_k512_v1/reused_evidence/prior/ref_22/jungle/k4/seed1/metrics.json,Existing scientific record; see category index
tabllm,experiments/tabllm_all_reference_k512_v1/reused_evidence/prior/ref_22/jungle/k4/seed1024/metrics.json,Existing scientific record; see category index
tabllm,experiments/tabllm_all_reference_k512_v1/reused_evidence/prior/ref_22/jungle/k4/seed32/metrics.json,Existing scientific record; see category index
tabllm,experiments/tabllm_all_reference_k512_v1/reused_evidence/prior/ref_22/jungle/k4/seed42/metrics.json,Existing scientific record; see category index
tabllm,experiments/tabllm_all_reference_k512_v1/reused_evidence/prior/ref_22/jungle/k512/seed0/metrics.json,Existing scientific record; see category index
tabllm,experiments/tabllm_all_reference_k512_v1/reused_evidence/prior/ref_22/jungle/k512/seed1/metrics.json,Existing scientific record; see category index
tabllm,experiments/tabllm_all_reference_k512_v1/reused_evidence/prior/ref_22/jungle/k512/seed1024/metrics.json,Existing scientific record; see category index
tabllm,experiments/tabllm_all_reference_k512_v1/reused_evidence/prior/ref_22/jungle/k512/seed32/metrics.json,Existing scientific record; see category index
tabllm,experiments/tabllm_all_reference_k512_v1/reused_evidence/prior/ref_22/jungle/k512/seed42/metrics.json,Existing scientific record; see category index
tabllm,experiments/tabllm_all_reference_k512_v1/summary_v1/ARTIFACT_MANIFEST_V1.json,Existing scientific record; see category index
tabllm,experiments/tabllm_all_reference_k512_v1/summary_v1/RESULTS_V1.md,Existing scientific record; see category index
tabllm,experiments/tabllm_all_reference_k512_v1/summary_v1/RUN_MANIFEST_V1.md,Existing scientific record; see category index
tabllm,experiments/tabllm_all_reference_k512_v1/summary_v1/SUMMARY_V1.json,Existing scientific record; see category index
tabllm,experiments/tabllm_all_reference_k512_v1/summary_v1/reference_endpoint_decays_v1.csv,Existing scientific record; see category index
tabllm,experiments/tabllm_fidelity_sensitivity_v1/ANALYSIS_FREEZE_V1.json,Existing scientific record; see category index
tabllm,experiments/tabllm_fidelity_sensitivity_v1/DATASET_RESULTS_V1.csv,Existing scientific record; see category index
tabllm,experiments/tabllm_fidelity_sensitivity_v1/FIDELITY_DECISIONS_V1.csv,Existing scientific record; see category index
tabllm,experiments/tabllm_fidelity_sensitivity_v1/FIDELITY_SUBSET_FREEZE_V1.json,Existing scientific record; see category index
tabllm,experiments/tabllm_fidelity_sensitivity_v1/FILTER_INPUT_SW_RPUB_ONLY_V1.csv,Existing scientific record; see category index
tabllm,experiments/tabllm_fidelity_sensitivity_v1/GLOBAL_24_REFERENCE_MACROS_V1.csv,Existing scientific record; see category index
tabllm,experiments/tabllm_fidelity_sensitivity_v1/RESULTS_V1.md,Existing scientific record; see category index
tabllm,experiments/tabllm_fidelity_sensitivity_v1/SUMMARY_V1.json,Existing scientific record; see category index
tabllm,experiments/tabllm_fidelity_sensitivity_v1/VALIDATION_V1.json,Existing scientific record; see category index
tabllm,experiments/tabllm_generic_lexical_zero_v1/ARTIFACT_MANIFEST_V1.json,Existing scientific record; see category index
tabllm,experiments/tabllm_generic_lexical_zero_v1/DATASET_RESULTS_V1.csv,Existing scientific record; see category index
tabllm,experiments/tabllm_generic_lexical_zero_v1/PRE_EXECUTION_FREEZE_V1.json,Existing scientific record; see category index
tabllm,experiments/tabllm_generic_lexical_zero_v1/RESULTS_V1.md,Existing scientific record; see category index
tabllm,experiments/tabllm_generic_lexical_zero_v1/RUN_MANIFEST_V1.md,Existing scientific record; see category index
tabllm,experiments/tabllm_generic_lexical_zero_v1/SUMMARY_V1.json,Existing scientific record; see category index
tabllm,experiments/tabllm_generic_lexical_zero_v1/evidence_v1/list_generic_lexical/bank/metrics.json,Existing scientific record; see category index
tabllm,experiments/tabllm_generic_lexical_zero_v1/evidence_v1/list_generic_lexical/blood/metrics.json,Existing scientific record; see category index
tabllm,experiments/tabllm_generic_lexical_zero_v1/evidence_v1/list_generic_lexical/calhousing/metrics.json,Existing scientific record; see category index
tabllm,experiments/tabllm_generic_lexical_zero_v1/evidence_v1/list_generic_lexical/car/metrics.json,Existing scientific record; see category index
tabllm,experiments/tabllm_generic_lexical_zero_v1/evidence_v1/list_generic_lexical/creditg/metrics.json,Existing scientific record; see category index
tabllm,experiments/tabllm_generic_lexical_zero_v1/evidence_v1/list_generic_lexical/diabetes/metrics.json,Existing scientific record; see category index
tabllm,experiments/tabllm_generic_lexical_zero_v1/evidence_v1/list_generic_lexical/heart/metrics.json,Existing scientific record; see category index
tabllm,experiments/tabllm_generic_lexical_zero_v1/evidence_v1/list_generic_lexical/income/metrics.json,Existing scientific record; see category index
tabllm,experiments/tabllm_generic_lexical_zero_v1/evidence_v1/list_generic_lexical/jungle/metrics.json,Existing scientific record; see category index
tabllm,experiments/tabllm_generic_lexical_zero_v1/smoke_inadmissible/list_generic_lexical/blood/metrics.json,Existing scientific record; see category index
tabllm,experiments/tabllm_generic_lexical_zero_v1/smoke_inadmissible/list_generic_lexical/heart/metrics.json,Existing scientific record; see category index
tabllm,experiments/tabllm_paired_reference_decomposition_v2/ARTIFACT_MANIFEST_V1.json,Existing scientific record; see category index
tabllm,experiments/tabllm_paired_reference_decomposition_v2/FIGURE_PROVENANCE_V1.json,Existing scientific record; see category index
tabllm,experiments/tabllm_paired_reference_decomposition_v2/INPUT_MANIFEST_V1.json,Existing scientific record; see category index
tabllm,experiments/tabllm_paired_reference_decomposition_v2/RESULTS_V1.md,Existing scientific record; see category index
tabllm,experiments/tabllm_paired_reference_decomposition_v2/RUN_LOCK_V1.json,Existing scientific record; see category index
tabllm,experiments/tabllm_paired_reference_decomposition_v2/SUMMARY_V1.json,Existing scientific record; see category index
tabllm,experiments/tabllm_paired_reference_decomposition_v2/VALIDATION_V1.json,Existing scientific record; see category index
tabllm,experiments/tabllm_paired_reference_decomposition_v2/bank.json,Existing scientific record; see category index
tabllm,experiments/tabllm_paired_reference_decomposition_v2/bank_inputs.json,Existing scientific record; see category index
tabllm,experiments/tabllm_paired_reference_decomposition_v2/blood.json,Existing scientific record; see category index
tabllm,experiments/tabllm_paired_reference_decomposition_v2/blood_inputs.json,Existing scientific record; see category index
tabllm,experiments/tabllm_paired_reference_decomposition_v2/calhousing.json,Existing scientific record; see category index
tabllm,experiments/tabllm_paired_reference_decomposition_v2/calhousing_inputs.json,Existing scientific record; see category index
tabllm,experiments/tabllm_paired_reference_decomposition_v2/car.json,Existing scientific record; see category index
tabllm,experiments/tabllm_paired_reference_decomposition_v2/car_inputs.json,Existing scientific record; see category index
tabllm,experiments/tabllm_paired_reference_decomposition_v2/creditg.json,Existing scientific record; see category index
tabllm,experiments/tabllm_paired_reference_decomposition_v2/creditg_inputs.json,Existing scientific record; see category index
tabllm,experiments/tabllm_paired_reference_decomposition_v2/decomposition.csv,Existing scientific record; see category index
tabllm,experiments/tabllm_paired_reference_decomposition_v2/diabetes.json,Existing scientific record; see category index
tabllm,experiments/tabllm_paired_reference_decomposition_v2/diabetes_inputs.json,Existing scientific record; see category index
tabllm,experiments/tabllm_paired_reference_decomposition_v2/heart.json,Existing scientific record; see category index
tabllm,experiments/tabllm_paired_reference_decomposition_v2/heart_inputs.json,Existing scientific record; see category index
tabllm,experiments/tabllm_paired_reference_decomposition_v2/income.json,Existing scientific record; see category index
tabllm,experiments/tabllm_paired_reference_decomposition_v2/income_inputs.json,Existing scientific record; see category index
tabllm,experiments/tabllm_paired_reference_decomposition_v2/jungle.json,Existing scientific record; see category index
tabllm,experiments/tabllm_paired_reference_decomposition_v2/jungle_inputs.json,Existing scientific record; see category index
tabllm,experiments/tabllm_paired_reference_decomposition_v2/utility_intervals.csv,Existing scientific record; see category index
tabllm,experiments/tabllm_published_shot_ladder_v1/EXTRACTED_TABLES_V1.json,Existing scientific record; see category index
tabllm,experiments/tabllm_published_shot_ladder_v1/REPORT_V1.md,Existing scientific record; see category index
tabllm,experiments/tabllm_published_shot_ladder_v1/SUMMARY_V1.json,Existing scientific record; see category index
tabllm,experiments/tabllm_published_three_arm_v1/SUMMARY_V1.json,Existing scientific record; see category index
tabllm,experiments/tabllm_ranon_support_ladder_v1/RESULTS_V1.md,Existing scientific record; see category index
tabllm,experiments/tabllm_ranon_support_ladder_v1/RUN_MANIFEST_V1.md,Existing scientific record; see category index
tabllm,experiments/tabllm_ranon_support_ladder_v1/SUMMARY_V1.json,Existing scientific record; see category index
tabllm,experiments/tabllm_reference_envelope_support_ladder_v1/ARTIFACT_MANIFEST_V1.json,Existing scientific record; see category index
tabllm,experiments/tabllm_reference_envelope_support_ladder_v1/RESULTS_V1.md,Existing scientific record; see category index
tabllm,experiments/tabllm_reference_envelope_support_ladder_v1/RUN_MANIFEST_V1.md,Existing scientific record; see category index
tabllm,experiments/tabllm_reference_envelope_support_ladder_v1/SUMMARY_V1.json,Existing scientific record; see category index
tabllm,experiments/tabllm_reference_envelope_support_ladder_v1/dataset_reference_decays_v1.csv,Existing scientific record; see category index
tabllm,experiments/tabllm_reference_space_v1/REFERENCE_MANIFEST_V1.json,Existing scientific record; see category index
tabllm,experiments/tabllm_reference_space_v1/RUN_MANIFEST_V1.md,Existing scientific record; see category index
tabllm,experiments/tabllm_reference_space_v1/evidence_v1/ref_00/bank/metrics.json,Existing scientific record; see category index
tabllm,experiments/tabllm_reference_space_v1/evidence_v1/ref_00/blood/metrics.json,Existing scientific record; see category index
tabllm,experiments/tabllm_reference_space_v1/evidence_v1/ref_00/calhousing/metrics.json,Existing scientific record; see category index
tabllm,experiments/tabllm_reference_space_v1/evidence_v1/ref_00/car/metrics.json,Existing scientific record; see category index
tabllm,experiments/tabllm_reference_space_v1/evidence_v1/ref_00/creditg/metrics.json,Existing scientific record; see category index
tabllm,experiments/tabllm_reference_space_v1/evidence_v1/ref_00/diabetes/metrics.json,Existing scientific record; see category index
tabllm,experiments/tabllm_reference_space_v1/evidence_v1/ref_00/heart/metrics.json,Existing scientific record; see category index
tabllm,experiments/tabllm_reference_space_v1/evidence_v1/ref_00/income/metrics.json,Existing scientific record; see category index
tabllm,experiments/tabllm_reference_space_v1/evidence_v1/ref_00/jungle/metrics.json,Existing scientific record; see category index
tabllm,experiments/tabllm_reference_space_v1/evidence_v1/ref_01/bank/metrics.json,Existing scientific record; see category index
tabllm,experiments/tabllm_reference_space_v1/evidence_v1/ref_01/blood/metrics.json,Existing scientific record; see category index
tabllm,experiments/tabllm_reference_space_v1/evidence_v1/ref_01/calhousing/metrics.json,Existing scientific record; see category index
tabllm,experiments/tabllm_reference_space_v1/evidence_v1/ref_01/car/metrics.json,Existing scientific record; see category index
tabllm,experiments/tabllm_reference_space_v1/evidence_v1/ref_01/creditg/metrics.json,Existing scientific record; see category index
tabllm,experiments/tabllm_reference_space_v1/evidence_v1/ref_01/diabetes/metrics.json,Existing scientific record; see category index
tabllm,experiments/tabllm_reference_space_v1/evidence_v1/ref_01/heart/metrics.json,Existing scientific record; see category index
tabllm,experiments/tabllm_reference_space_v1/evidence_v1/ref_01/income/metrics.json,Existing scientific record; see category index
tabllm,experiments/tabllm_reference_space_v1/evidence_v1/ref_01/jungle/metrics.json,Existing scientific record; see category index
tabllm,experiments/tabllm_reference_space_v1/evidence_v1/ref_02/bank/metrics.json,Existing scientific record; see category index
tabllm,experiments/tabllm_reference_space_v1/evidence_v1/ref_02/blood/metrics.json,Existing scientific record; see category index
tabllm,experiments/tabllm_reference_space_v1/evidence_v1/ref_02/calhousing/metrics.json,Existing scientific record; see category index
tabllm,experiments/tabllm_reference_space_v1/evidence_v1/ref_02/car/metrics.json,Existing scientific record; see category index
tabllm,experiments/tabllm_reference_space_v1/evidence_v1/ref_02/creditg/metrics.json,Existing scientific record; see category index
tabllm,experiments/tabllm_reference_space_v1/evidence_v1/ref_02/diabetes/metrics.json,Existing scientific record; see category index
tabllm,experiments/tabllm_reference_space_v1/evidence_v1/ref_02/heart/metrics.json,Existing scientific record; see category index
tabllm,experiments/tabllm_reference_space_v1/evidence_v1/ref_02/income/metrics.json,Existing scientific record; see category index
tabllm,experiments/tabllm_reference_space_v1/evidence_v1/ref_02/jungle/metrics.json,Existing scientific record; see category index
tabllm,experiments/tabllm_reference_space_v1/evidence_v1/ref_03/bank/metrics.json,Existing scientific record; see category index
tabllm,experiments/tabllm_reference_space_v1/evidence_v1/ref_03/blood/metrics.json,Existing scientific record; see category index
tabllm,experiments/tabllm_reference_space_v1/evidence_v1/ref_03/calhousing/metrics.json,Existing scientific record; see category index
tabllm,experiments/tabllm_reference_space_v1/evidence_v1/ref_03/car/metrics.json,Existing scientific record; see category index
tabllm,experiments/tabllm_reference_space_v1/evidence_v1/ref_03/creditg/metrics.json,Existing scientific record; see category index
tabllm,experiments/tabllm_reference_space_v1/evidence_v1/ref_03/diabetes/metrics.json,Existing scientific record; see category index
tabllm,experiments/tabllm_reference_space_v1/evidence_v1/ref_03/heart/metrics.json,Existing scientific record; see category index
tabllm,experiments/tabllm_reference_space_v1/evidence_v1/ref_03/income/metrics.json,Existing scientific record; see category index
tabllm,experiments/tabllm_reference_space_v1/evidence_v1/ref_03/jungle/metrics.json,Existing scientific record; see category index
tabllm,experiments/tabllm_reference_space_v1/evidence_v1/ref_04/bank/metrics.json,Existing scientific record; see category index
tabllm,experiments/tabllm_reference_space_v1/evidence_v1/ref_04/blood/metrics.json,Existing scientific record; see category index
tabllm,experiments/tabllm_reference_space_v1/evidence_v1/ref_04/calhousing/metrics.json,Existing scientific record; see category index
tabllm,experiments/tabllm_reference_space_v1/evidence_v1/ref_04/car/metrics.json,Existing scientific record; see category index
tabllm,experiments/tabllm_reference_space_v1/evidence_v1/ref_04/creditg/metrics.json,Existing scientific record; see category index
tabllm,experiments/tabllm_reference_space_v1/evidence_v1/ref_04/diabetes/metrics.json,Existing scientific record; see category index
tabllm,experiments/tabllm_reference_space_v1/evidence_v1/ref_04/heart/metrics.json,Existing scientific record; see category index
tabllm,experiments/tabllm_reference_space_v1/evidence_v1/ref_04/income/metrics.json,Existing scientific record; see category index
tabllm,experiments/tabllm_reference_space_v1/evidence_v1/ref_04/jungle/metrics.json,Existing scientific record; see category index
tabllm,experiments/tabllm_reference_space_v1/evidence_v1/ref_05/bank/metrics.json,Existing scientific record; see category index
tabllm,experiments/tabllm_reference_space_v1/evidence_v1/ref_05/blood/metrics.json,Existing scientific record; see category index
tabllm,experiments/tabllm_reference_space_v1/evidence_v1/ref_05/calhousing/metrics.json,Existing scientific record; see category index
tabllm,experiments/tabllm_reference_space_v1/evidence_v1/ref_05/car/metrics.json,Existing scientific record; see category index
tabllm,experiments/tabllm_reference_space_v1/evidence_v1/ref_05/creditg/metrics.json,Existing scientific record; see category index
tabllm,experiments/tabllm_reference_space_v1/evidence_v1/ref_05/diabetes/metrics.json,Existing scientific record; see category index
tabllm,experiments/tabllm_reference_space_v1/evidence_v1/ref_05/heart/metrics.json,Existing scientific record; see category index
tabllm,experiments/tabllm_reference_space_v1/evidence_v1/ref_05/income/metrics.json,Existing scientific record; see category index
tabllm,experiments/tabllm_reference_space_v1/evidence_v1/ref_05/jungle/metrics.json,Existing scientific record; see category index
tabllm,experiments/tabllm_reference_space_v1/evidence_v1/ref_06/bank/metrics.json,Existing scientific record; see category index
tabllm,experiments/tabllm_reference_space_v1/evidence_v1/ref_06/blood/metrics.json,Existing scientific record; see category index
tabllm,experiments/tabllm_reference_space_v1/evidence_v1/ref_06/calhousing/metrics.json,Existing scientific record; see category index
tabllm,experiments/tabllm_reference_space_v1/evidence_v1/ref_06/car/metrics.json,Existing scientific record; see category index
tabllm,experiments/tabllm_reference_space_v1/evidence_v1/ref_06/creditg/metrics.json,Existing scientific record; see category index
tabllm,experiments/tabllm_reference_space_v1/evidence_v1/ref_06/diabetes/metrics.json,Existing scientific record; see category index
tabllm,experiments/tabllm_reference_space_v1/evidence_v1/ref_06/heart/metrics.json,Existing scientific record; see category index
tabllm,experiments/tabllm_reference_space_v1/evidence_v1/ref_06/income/metrics.json,Existing scientific record; see category index
tabllm,experiments/tabllm_reference_space_v1/evidence_v1/ref_06/jungle/metrics.json,Existing scientific record; see category index
tabllm,experiments/tabllm_reference_space_v1/evidence_v1/ref_07/bank/metrics.json,Existing scientific record; see category index
tabllm,experiments/tabllm_reference_space_v1/evidence_v1/ref_07/blood/metrics.json,Existing scientific record; see category index
tabllm,experiments/tabllm_reference_space_v1/evidence_v1/ref_07/calhousing/metrics.json,Existing scientific record; see category index
tabllm,experiments/tabllm_reference_space_v1/evidence_v1/ref_07/car/metrics.json,Existing scientific record; see category index
tabllm,experiments/tabllm_reference_space_v1/evidence_v1/ref_07/creditg/metrics.json,Existing scientific record; see category index
tabllm,experiments/tabllm_reference_space_v1/evidence_v1/ref_07/diabetes/metrics.json,Existing scientific record; see category index
tabllm,experiments/tabllm_reference_space_v1/evidence_v1/ref_07/heart/metrics.json,Existing scientific record; see category index
tabllm,experiments/tabllm_reference_space_v1/evidence_v1/ref_07/income/metrics.json,Existing scientific record; see category index
tabllm,experiments/tabllm_reference_space_v1/evidence_v1/ref_07/jungle/metrics.json,Existing scientific record; see category index
tabllm,experiments/tabllm_reference_space_v1/evidence_v1/ref_08/bank/metrics.json,Existing scientific record; see category index
tabllm,experiments/tabllm_reference_space_v1/evidence_v1/ref_08/blood/metrics.json,Existing scientific record; see category index
tabllm,experiments/tabllm_reference_space_v1/evidence_v1/ref_08/calhousing/metrics.json,Existing scientific record; see category index
tabllm,experiments/tabllm_reference_space_v1/evidence_v1/ref_08/car/metrics.json,Existing scientific record; see category index
tabllm,experiments/tabllm_reference_space_v1/evidence_v1/ref_08/creditg/metrics.json,Existing scientific record; see category index
tabllm,experiments/tabllm_reference_space_v1/evidence_v1/ref_08/diabetes/metrics.json,Existing scientific record; see category index
tabllm,experiments/tabllm_reference_space_v1/evidence_v1/ref_08/heart/metrics.json,Existing scientific record; see category index
tabllm,experiments/tabllm_reference_space_v1/evidence_v1/ref_08/income/metrics.json,Existing scientific record; see category index
tabllm,experiments/tabllm_reference_space_v1/evidence_v1/ref_08/jungle/metrics.json,Existing scientific record; see category index
tabllm,experiments/tabllm_reference_space_v1/evidence_v1/ref_09/bank/metrics.json,Existing scientific record; see category index
tabllm,experiments/tabllm_reference_space_v1/evidence_v1/ref_09/blood/metrics.json,Existing scientific record; see category index
tabllm,experiments/tabllm_reference_space_v1/evidence_v1/ref_09/calhousing/metrics.json,Existing scientific record; see category index
tabllm,experiments/tabllm_reference_space_v1/evidence_v1/ref_09/car/metrics.json,Existing scientific record; see category index
tabllm,experiments/tabllm_reference_space_v1/evidence_v1/ref_09/creditg/metrics.json,Existing scientific record; see category index
tabllm,experiments/tabllm_reference_space_v1/evidence_v1/ref_09/diabetes/metrics.json,Existing scientific record; see category index
tabllm,experiments/tabllm_reference_space_v1/evidence_v1/ref_09/heart/metrics.json,Existing scientific record; see category index
tabllm,experiments/tabllm_reference_space_v1/evidence_v1/ref_09/income/metrics.json,Existing scientific record; see category index
tabllm,experiments/tabllm_reference_space_v1/evidence_v1/ref_09/jungle/metrics.json,Existing scientific record; see category index
tabllm,experiments/tabllm_reference_space_v1/evidence_v1/ref_10/bank/metrics.json,Existing scientific record; see category index
tabllm,experiments/tabllm_reference_space_v1/evidence_v1/ref_10/blood/metrics.json,Existing scientific record; see category index
tabllm,experiments/tabllm_reference_space_v1/evidence_v1/ref_10/calhousing/metrics.json,Existing scientific record; see category index
tabllm,experiments/tabllm_reference_space_v1/evidence_v1/ref_10/car/metrics.json,Existing scientific record; see category index
tabllm,experiments/tabllm_reference_space_v1/evidence_v1/ref_10/creditg/metrics.json,Existing scientific record; see category index
tabllm,experiments/tabllm_reference_space_v1/evidence_v1/ref_10/diabetes/metrics.json,Existing scientific record; see category index
tabllm,experiments/tabllm_reference_space_v1/evidence_v1/ref_10/heart/metrics.json,Existing scientific record; see category index
tabllm,experiments/tabllm_reference_space_v1/evidence_v1/ref_10/income/metrics.json,Existing scientific record; see category index
tabllm,experiments/tabllm_reference_space_v1/evidence_v1/ref_10/jungle/metrics.json,Existing scientific record; see category index
tabllm,experiments/tabllm_reference_space_v1/evidence_v1/ref_11/bank/metrics.json,Existing scientific record; see category index
tabllm,experiments/tabllm_reference_space_v1/evidence_v1/ref_11/blood/metrics.json,Existing scientific record; see category index
tabllm,experiments/tabllm_reference_space_v1/evidence_v1/ref_11/calhousing/metrics.json,Existing scientific record; see category index
tabllm,experiments/tabllm_reference_space_v1/evidence_v1/ref_11/car/metrics.json,Existing scientific record; see category index
tabllm,experiments/tabllm_reference_space_v1/evidence_v1/ref_11/creditg/metrics.json,Existing scientific record; see category index
tabllm,experiments/tabllm_reference_space_v1/evidence_v1/ref_11/diabetes/metrics.json,Existing scientific record; see category index
tabllm,experiments/tabllm_reference_space_v1/evidence_v1/ref_11/heart/metrics.json,Existing scientific record; see category index
tabllm,experiments/tabllm_reference_space_v1/evidence_v1/ref_11/income/metrics.json,Existing scientific record; see category index
tabllm,experiments/tabllm_reference_space_v1/evidence_v1/ref_11/jungle/metrics.json,Existing scientific record; see category index
tabllm,experiments/tabllm_reference_space_v1/evidence_v1/ref_12/bank/metrics.json,Existing scientific record; see category index
tabllm,experiments/tabllm_reference_space_v1/evidence_v1/ref_12/blood/metrics.json,Existing scientific record; see category index
tabllm,experiments/tabllm_reference_space_v1/evidence_v1/ref_12/calhousing/metrics.json,Existing scientific record; see category index
tabllm,experiments/tabllm_reference_space_v1/evidence_v1/ref_12/car/metrics.json,Existing scientific record; see category index
tabllm,experiments/tabllm_reference_space_v1/evidence_v1/ref_12/creditg/metrics.json,Existing scientific record; see category index
tabllm,experiments/tabllm_reference_space_v1/evidence_v1/ref_12/diabetes/metrics.json,Existing scientific record; see category index
tabllm,experiments/tabllm_reference_space_v1/evidence_v1/ref_12/heart/metrics.json,Existing scientific record; see category index
tabllm,experiments/tabllm_reference_space_v1/evidence_v1/ref_12/income/metrics.json,Existing scientific record; see category index
tabllm,experiments/tabllm_reference_space_v1/evidence_v1/ref_12/jungle/metrics.json,Existing scientific record; see category index
tabllm,experiments/tabllm_reference_space_v1/evidence_v1/ref_13/bank/metrics.json,Existing scientific record; see category index
tabllm,experiments/tabllm_reference_space_v1/evidence_v1/ref_13/blood/metrics.json,Existing scientific record; see category index
tabllm,experiments/tabllm_reference_space_v1/evidence_v1/ref_13/calhousing/metrics.json,Existing scientific record; see category index
tabllm,experiments/tabllm_reference_space_v1/evidence_v1/ref_13/car/metrics.json,Existing scientific record; see category index
tabllm,experiments/tabllm_reference_space_v1/evidence_v1/ref_13/creditg/metrics.json,Existing scientific record; see category index
tabllm,experiments/tabllm_reference_space_v1/evidence_v1/ref_13/diabetes/metrics.json,Existing scientific record; see category index
tabllm,experiments/tabllm_reference_space_v1/evidence_v1/ref_13/heart/metrics.json,Existing scientific record; see category index
tabllm,experiments/tabllm_reference_space_v1/evidence_v1/ref_13/income/metrics.json,Existing scientific record; see category index
tabllm,experiments/tabllm_reference_space_v1/evidence_v1/ref_13/jungle/metrics.json,Existing scientific record; see category index
tabllm,experiments/tabllm_reference_space_v1/evidence_v1/ref_14/bank/metrics.json,Existing scientific record; see category index
tabllm,experiments/tabllm_reference_space_v1/evidence_v1/ref_14/blood/metrics.json,Existing scientific record; see category index
tabllm,experiments/tabllm_reference_space_v1/evidence_v1/ref_14/calhousing/metrics.json,Existing scientific record; see category index
tabllm,experiments/tabllm_reference_space_v1/evidence_v1/ref_14/car/metrics.json,Existing scientific record; see category index
tabllm,experiments/tabllm_reference_space_v1/evidence_v1/ref_14/creditg/metrics.json,Existing scientific record; see category index
tabllm,experiments/tabllm_reference_space_v1/evidence_v1/ref_14/diabetes/metrics.json,Existing scientific record; see category index
tabllm,experiments/tabllm_reference_space_v1/evidence_v1/ref_14/heart/metrics.json,Existing scientific record; see category index
tabllm,experiments/tabllm_reference_space_v1/evidence_v1/ref_14/income/metrics.json,Existing scientific record; see category index
tabllm,experiments/tabllm_reference_space_v1/evidence_v1/ref_14/jungle/metrics.json,Existing scientific record; see category index
tabllm,experiments/tabllm_reference_space_v1/evidence_v1/ref_15/bank/metrics.json,Existing scientific record; see category index
tabllm,experiments/tabllm_reference_space_v1/evidence_v1/ref_15/blood/metrics.json,Existing scientific record; see category index
tabllm,experiments/tabllm_reference_space_v1/evidence_v1/ref_15/calhousing/metrics.json,Existing scientific record; see category index
tabllm,experiments/tabllm_reference_space_v1/evidence_v1/ref_15/car/metrics.json,Existing scientific record; see category index
tabllm,experiments/tabllm_reference_space_v1/evidence_v1/ref_15/creditg/metrics.json,Existing scientific record; see category index
tabllm,experiments/tabllm_reference_space_v1/evidence_v1/ref_15/diabetes/metrics.json,Existing scientific record; see category index
tabllm,experiments/tabllm_reference_space_v1/evidence_v1/ref_15/heart/metrics.json,Existing scientific record; see category index
tabllm,experiments/tabllm_reference_space_v1/evidence_v1/ref_15/income/metrics.json,Existing scientific record; see category index
tabllm,experiments/tabllm_reference_space_v1/evidence_v1/ref_15/jungle/metrics.json,Existing scientific record; see category index
tabllm,experiments/tabllm_reference_space_v1/evidence_v1/ref_16/bank/metrics.json,Existing scientific record; see category index
tabllm,experiments/tabllm_reference_space_v1/evidence_v1/ref_16/blood/metrics.json,Existing scientific record; see category index
tabllm,experiments/tabllm_reference_space_v1/evidence_v1/ref_16/calhousing/metrics.json,Existing scientific record; see category index
tabllm,experiments/tabllm_reference_space_v1/evidence_v1/ref_16/car/metrics.json,Existing scientific record; see category index
tabllm,experiments/tabllm_reference_space_v1/evidence_v1/ref_16/creditg/metrics.json,Existing scientific record; see category index
tabllm,experiments/tabllm_reference_space_v1/evidence_v1/ref_16/diabetes/metrics.json,Existing scientific record; see category index
tabllm,experiments/tabllm_reference_space_v1/evidence_v1/ref_16/heart/metrics.json,Existing scientific record; see category index
tabllm,experiments/tabllm_reference_space_v1/evidence_v1/ref_16/income/metrics.json,Existing scientific record; see category index
tabllm,experiments/tabllm_reference_space_v1/evidence_v1/ref_16/jungle/metrics.json,Existing scientific record; see category index
tabllm,experiments/tabllm_reference_space_v1/evidence_v1/ref_17/bank/metrics.json,Existing scientific record; see category index
tabllm,experiments/tabllm_reference_space_v1/evidence_v1/ref_17/blood/metrics.json,Existing scientific record; see category index
tabllm,experiments/tabllm_reference_space_v1/evidence_v1/ref_17/calhousing/metrics.json,Existing scientific record; see category index
tabllm,experiments/tabllm_reference_space_v1/evidence_v1/ref_17/car/metrics.json,Existing scientific record; see category index
tabllm,experiments/tabllm_reference_space_v1/evidence_v1/ref_17/creditg/metrics.json,Existing scientific record; see category index
tabllm,experiments/tabllm_reference_space_v1/evidence_v1/ref_17/diabetes/metrics.json,Existing scientific record; see category index
tabllm,experiments/tabllm_reference_space_v1/evidence_v1/ref_17/heart/metrics.json,Existing scientific record; see category index
tabllm,experiments/tabllm_reference_space_v1/evidence_v1/ref_17/income/metrics.json,Existing scientific record; see category index
tabllm,experiments/tabllm_reference_space_v1/evidence_v1/ref_17/jungle/metrics.json,Existing scientific record; see category index
tabllm,experiments/tabllm_reference_space_v1/evidence_v1/ref_18/bank/metrics.json,Existing scientific record; see category index
tabllm,experiments/tabllm_reference_space_v1/evidence_v1/ref_18/blood/metrics.json,Existing scientific record; see category index
tabllm,experiments/tabllm_reference_space_v1/evidence_v1/ref_18/calhousing/metrics.json,Existing scientific record; see category index
tabllm,experiments/tabllm_reference_space_v1/evidence_v1/ref_18/car/metrics.json,Existing scientific record; see category index
tabllm,experiments/tabllm_reference_space_v1/evidence_v1/ref_18/creditg/metrics.json,Existing scientific record; see category index
tabllm,experiments/tabllm_reference_space_v1/evidence_v1/ref_18/diabetes/metrics.json,Existing scientific record; see category index
tabllm,experiments/tabllm_reference_space_v1/evidence_v1/ref_18/heart/metrics.json,Existing scientific record; see category index
tabllm,experiments/tabllm_reference_space_v1/evidence_v1/ref_18/income/metrics.json,Existing scientific record; see category index
tabllm,experiments/tabllm_reference_space_v1/evidence_v1/ref_18/jungle/metrics.json,Existing scientific record; see category index
tabllm,experiments/tabllm_reference_space_v1/evidence_v1/ref_19/bank/metrics.json,Existing scientific record; see category index
tabllm,experiments/tabllm_reference_space_v1/evidence_v1/ref_19/blood/metrics.json,Existing scientific record; see category index
tabllm,experiments/tabllm_reference_space_v1/evidence_v1/ref_19/calhousing/metrics.json,Existing scientific record; see category index
tabllm,experiments/tabllm_reference_space_v1/evidence_v1/ref_19/car/metrics.json,Existing scientific record; see category index
tabllm,experiments/tabllm_reference_space_v1/evidence_v1/ref_19/creditg/metrics.json,Existing scientific record; see category index
tabllm,experiments/tabllm_reference_space_v1/evidence_v1/ref_19/diabetes/metrics.json,Existing scientific record; see category index
tabllm,experiments/tabllm_reference_space_v1/evidence_v1/ref_19/heart/metrics.json,Existing scientific record; see category index
tabllm,experiments/tabllm_reference_space_v1/evidence_v1/ref_19/income/metrics.json,Existing scientific record; see category index
tabllm,experiments/tabllm_reference_space_v1/evidence_v1/ref_19/jungle/metrics.json,Existing scientific record; see category index
tabllm,experiments/tabllm_reference_space_v1/evidence_v1/ref_20/bank/metrics.json,Existing scientific record; see category index
tabllm,experiments/tabllm_reference_space_v1/evidence_v1/ref_20/blood/metrics.json,Existing scientific record; see category index
tabllm,experiments/tabllm_reference_space_v1/evidence_v1/ref_20/calhousing/metrics.json,Existing scientific record; see category index
tabllm,experiments/tabllm_reference_space_v1/evidence_v1/ref_20/car/metrics.json,Existing scientific record; see category index
tabllm,experiments/tabllm_reference_space_v1/evidence_v1/ref_20/creditg/metrics.json,Existing scientific record; see category index
tabllm,experiments/tabllm_reference_space_v1/evidence_v1/ref_20/diabetes/metrics.json,Existing scientific record; see category index
tabllm,experiments/tabllm_reference_space_v1/evidence_v1/ref_20/heart/metrics.json,Existing scientific record; see category index
tabllm,experiments/tabllm_reference_space_v1/evidence_v1/ref_20/income/metrics.json,Existing scientific record; see category index
tabllm,experiments/tabllm_reference_space_v1/evidence_v1/ref_20/jungle/metrics.json,Existing scientific record; see category index
tabllm,experiments/tabllm_reference_space_v1/evidence_v1/ref_21/bank/metrics.json,Existing scientific record; see category index
tabllm,experiments/tabllm_reference_space_v1/evidence_v1/ref_21/blood/metrics.json,Existing scientific record; see category index
tabllm,experiments/tabllm_reference_space_v1/evidence_v1/ref_21/calhousing/metrics.json,Existing scientific record; see category index
tabllm,experiments/tabllm_reference_space_v1/evidence_v1/ref_21/car/metrics.json,Existing scientific record; see category index
tabllm,experiments/tabllm_reference_space_v1/evidence_v1/ref_21/creditg/metrics.json,Existing scientific record; see category index
tabllm,experiments/tabllm_reference_space_v1/evidence_v1/ref_21/diabetes/metrics.json,Existing scientific record; see category index
tabllm,experiments/tabllm_reference_space_v1/evidence_v1/ref_21/heart/metrics.json,Existing scientific record; see category index
tabllm,experiments/tabllm_reference_space_v1/evidence_v1/ref_21/income/metrics.json,Existing scientific record; see category index
tabllm,experiments/tabllm_reference_space_v1/evidence_v1/ref_21/jungle/metrics.json,Existing scientific record; see category index
tabllm,experiments/tabllm_reference_space_v1/evidence_v1/ref_22/bank/metrics.json,Existing scientific record; see category index
tabllm,experiments/tabllm_reference_space_v1/evidence_v1/ref_22/blood/metrics.json,Existing scientific record; see category index
tabllm,experiments/tabllm_reference_space_v1/evidence_v1/ref_22/calhousing/metrics.json,Existing scientific record; see category index
tabllm,experiments/tabllm_reference_space_v1/evidence_v1/ref_22/car/metrics.json,Existing scientific record; see category index
tabllm,experiments/tabllm_reference_space_v1/evidence_v1/ref_22/creditg/metrics.json,Existing scientific record; see category index
tabllm,experiments/tabllm_reference_space_v1/evidence_v1/ref_22/diabetes/metrics.json,Existing scientific record; see category index
tabllm,experiments/tabllm_reference_space_v1/evidence_v1/ref_22/heart/metrics.json,Existing scientific record; see category index
tabllm,experiments/tabllm_reference_space_v1/evidence_v1/ref_22/income/metrics.json,Existing scientific record; see category index
tabllm,experiments/tabllm_reference_space_v1/evidence_v1/ref_22/jungle/metrics.json,Existing scientific record; see category index
tabllm,experiments/tabllm_reference_space_v1/evidence_v1/ref_23/bank/metrics.json,Existing scientific record; see category index
tabllm,experiments/tabllm_reference_space_v1/evidence_v1/ref_23/blood/metrics.json,Existing scientific record; see category index
tabllm,experiments/tabllm_reference_space_v1/evidence_v1/ref_23/calhousing/metrics.json,Existing scientific record; see category index
tabllm,experiments/tabllm_reference_space_v1/evidence_v1/ref_23/car/metrics.json,Existing scientific record; see category index
tabllm,experiments/tabllm_reference_space_v1/evidence_v1/ref_23/creditg/metrics.json,Existing scientific record; see category index
tabllm,experiments/tabllm_reference_space_v1/evidence_v1/ref_23/diabetes/metrics.json,Existing scientific record; see category index
tabllm,experiments/tabllm_reference_space_v1/evidence_v1/ref_23/heart/metrics.json,Existing scientific record; see category index
tabllm,experiments/tabllm_reference_space_v1/evidence_v1/ref_23/income/metrics.json,Existing scientific record; see category index
tabllm,experiments/tabllm_reference_space_v1/evidence_v1/ref_23/jungle/metrics.json,Existing scientific record; see category index
tabllm,experiments/tabllm_reference_space_v1/summary_v1/ARTIFACT_MANIFEST_V1.json,Existing scientific record; see category index
tabllm,experiments/tabllm_reference_space_v1/summary_v1/RESULTS_V1.md,Existing scientific record; see category index
tabllm,experiments/tabllm_reference_space_v1/summary_v1/SUMMARY_V1.json,Existing scientific record; see category index
tabllm,experiments/tabllm_reference_space_v1/summary_v1/reference_utilities.csv,Existing scientific record; see category index
tabllm,experiments/tabllm_retrospective_audit_v1/RUN_MANIFEST_V1.md,Existing scientific record; see category index
tabllm,experiments/tabllm_retrospective_audit_v1/SUMMARY_V1.json,Existing scientific record; see category index
tabllm,experiments/tabllm_retrospective_audit_v1/list_only_values/bank/metrics.json,Existing scientific record; see category index
tabllm,experiments/tabllm_retrospective_audit_v1/list_only_values/blood/metrics.json,Existing scientific record; see category index
tabllm,experiments/tabllm_retrospective_audit_v1/list_only_values/calhousing/metrics.json,Existing scientific record; see category index
tabllm,experiments/tabllm_retrospective_audit_v1/list_only_values/car/metrics.json,Existing scientific record; see category index
tabllm,experiments/tabllm_retrospective_audit_v1/list_only_values/creditg/metrics.json,Existing scientific record; see category index
tabllm,experiments/tabllm_retrospective_audit_v1/list_only_values/diabetes/metrics.json,Existing scientific record; see category index
tabllm,experiments/tabllm_retrospective_audit_v1/list_only_values/heart/metrics.json,Existing scientific record; see category index
tabllm,experiments/tabllm_retrospective_audit_v1/list_only_values/income/metrics.json,Existing scientific record; see category index
tabllm,experiments/tabllm_retrospective_audit_v1/list_only_values/jungle/metrics.json,Existing scientific record; see category index
tabllm,experiments/tabllm_retrospective_audit_v1/list_permuted_names/bank/metrics.json,Existing scientific record; see category index
tabllm,experiments/tabllm_retrospective_audit_v1/list_permuted_names/blood/metrics.json,Existing scientific record; see category index
tabllm,experiments/tabllm_retrospective_audit_v1/list_permuted_names/calhousing/metrics.json,Existing scientific record; see category index
tabllm,experiments/tabllm_retrospective_audit_v1/list_permuted_names/car/metrics.json,Existing scientific record; see category index
tabllm,experiments/tabllm_retrospective_audit_v1/list_permuted_names/creditg/metrics.json,Existing scientific record; see category index
tabllm,experiments/tabllm_retrospective_audit_v1/list_permuted_names/diabetes/metrics.json,Existing scientific record; see category index
tabllm,experiments/tabllm_retrospective_audit_v1/list_permuted_names/heart/metrics.json,Existing scientific record; see category index
tabllm,experiments/tabllm_retrospective_audit_v1/list_permuted_names/income/metrics.json,Existing scientific record; see category index
tabllm,experiments/tabllm_retrospective_audit_v1/list_permuted_names/jungle/metrics.json,Existing scientific record; see category index
tabllm,experiments/tabllm_retrospective_audit_v1/list_stable_anonymous/bank/metrics.json,Existing scientific record; see category index
tabllm,experiments/tabllm_retrospective_audit_v1/list_stable_anonymous/blood/metrics.json,Existing scientific record; see category index
tabllm,experiments/tabllm_retrospective_audit_v1/list_stable_anonymous/calhousing/metrics.json,Existing scientific record; see category index
tabllm,experiments/tabllm_retrospective_audit_v1/list_stable_anonymous/car/metrics.json,Existing scientific record; see category index
tabllm,experiments/tabllm_retrospective_audit_v1/list_stable_anonymous/creditg/metrics.json,Existing scientific record; see category index
tabllm,experiments/tabllm_retrospective_audit_v1/list_stable_anonymous/diabetes/metrics.json,Existing scientific record; see category index
tabllm,experiments/tabllm_retrospective_audit_v1/list_stable_anonymous/heart/metrics.json,Existing scientific record; see category index
tabllm,experiments/tabllm_retrospective_audit_v1/list_stable_anonymous/income/metrics.json,Existing scientific record; see category index
tabllm,experiments/tabllm_retrospective_audit_v1/list_stable_anonymous/jungle/metrics.json,Existing scientific record; see category index
tabllm,experiments/tabllm_retrospective_audit_v1/list_template/bank/metrics.json,Existing scientific record; see category index
tabllm,experiments/tabllm_retrospective_audit_v1/list_template/blood/metrics.json,Existing scientific record; see category index
tabllm,experiments/tabllm_retrospective_audit_v1/list_template/calhousing/metrics.json,Existing scientific record; see category index
tabllm,experiments/tabllm_retrospective_audit_v1/list_template/car/metrics.json,Existing scientific record; see category index
tabllm,experiments/tabllm_retrospective_audit_v1/list_template/creditg/metrics.json,Existing scientific record; see category index
tabllm,experiments/tabllm_retrospective_audit_v1/list_template/diabetes/metrics.json,Existing scientific record; see category index
tabllm,experiments/tabllm_retrospective_audit_v1/list_template/heart/metrics.json,Existing scientific record; see category index
tabllm,experiments/tabllm_retrospective_audit_v1/list_template/income/metrics.json,Existing scientific record; see category index
tabllm,experiments/tabllm_retrospective_audit_v1/list_template/jungle/metrics.json,Existing scientific record; see category index
tabllm,experiments/tabllm_w2_fixed_mapping_v2/AUDIT_SUMMARY.json,Existing scientific record; see category index
tabllm,experiments/tabllm_w2_fixed_mapping_v2/FROZEN_DESIGN.json,Existing scientific record; see category index
tabllm,experiments/tabllm_w2_fixed_mapping_v2/RUN_MANIFEST.md,Existing scientific record; see category index
tabllm,experiments/tabllm_w2_fixed_mapping_v2/STATUS.json,Existing scientific record; see category index
tabllm,experiments/tabllm_w2_fixed_mapping_v2/audit/bank/COMPLETE.json,Existing scientific record; see category index
tabllm,experiments/tabllm_w2_fixed_mapping_v2/audit/blood/COMPLETE.json,Existing scientific record; see category index
tabllm,experiments/tabllm_w2_fixed_mapping_v2/audit/calhousing/COMPLETE.json,Existing scientific record; see category index
tabllm,experiments/tabllm_w2_fixed_mapping_v2/audit/car/COMPLETE.json,Existing scientific record; see category index
tabllm,experiments/tabllm_w2_fixed_mapping_v2/audit/creditg/COMPLETE.json,Existing scientific record; see category index
tabllm,experiments/tabllm_w2_fixed_mapping_v2/audit/diabetes/COMPLETE.json,Existing scientific record; see category index
tabllm,experiments/tabllm_w2_fixed_mapping_v2/audit/heart/COMPLETE.json,Existing scientific record; see category index
tabllm,experiments/tabllm_w2_fixed_mapping_v2/audit/income/COMPLETE.json,Existing scientific record; see category index
tabllm,experiments/tabllm_w2_fixed_mapping_v2/audit/jungle/COMPLETE.json,Existing scientific record; see category index
tabllm,experiments/tabllm_w2_fixed_mapping_v2/evidence/bank/k0/seed0/R1/ref_00/metrics.json,Existing scientific record; see category index
tabllm,experiments/tabllm_w2_fixed_mapping_v2/evidence/bank/k0/seed0/R2/ref_00/metrics.json,Existing scientific record; see category index
tabllm,experiments/tabllm_w2_fixed_mapping_v2/evidence/bank/k0/seed0/R3/ref_00/metrics.json,Existing scientific record; see category index
tabllm,experiments/tabllm_w2_fixed_mapping_v2/evidence/bank/k0/seed0/intended/shared/metrics.json,Existing scientific record; see category index
tabllm,experiments/tabllm_w2_fixed_mapping_v2/evidence/bank/k0/seed1/R1/ref_00/metrics.json,Existing scientific record; see category index
tabllm,experiments/tabllm_w2_fixed_mapping_v2/evidence/bank/k0/seed1/R2/ref_00/metrics.json,Existing scientific record; see category index
tabllm,experiments/tabllm_w2_fixed_mapping_v2/evidence/bank/k0/seed1/R3/ref_00/metrics.json,Existing scientific record; see category index
tabllm,experiments/tabllm_w2_fixed_mapping_v2/evidence/bank/k0/seed1/intended/shared/metrics.json,Existing scientific record; see category index
tabllm,experiments/tabllm_w2_fixed_mapping_v2/evidence/bank/k0/seed1024/R1/ref_00/metrics.json,Existing scientific record; see category index
tabllm,experiments/tabllm_w2_fixed_mapping_v2/evidence/bank/k0/seed1024/R2/ref_00/metrics.json,Existing scientific record; see category index
tabllm,experiments/tabllm_w2_fixed_mapping_v2/evidence/bank/k0/seed1024/R3/ref_00/metrics.json,Existing scientific record; see category index
tabllm,experiments/tabllm_w2_fixed_mapping_v2/evidence/bank/k0/seed1024/intended/shared/metrics.json,Existing scientific record; see category index
tabllm,experiments/tabllm_w2_fixed_mapping_v2/evidence/bank/k0/seed32/R1/ref_00/metrics.json,Existing scientific record; see category index
tabllm,experiments/tabllm_w2_fixed_mapping_v2/evidence/bank/k0/seed32/R2/ref_00/metrics.json,Existing scientific record; see category index
tabllm,experiments/tabllm_w2_fixed_mapping_v2/evidence/bank/k0/seed32/R3/ref_00/metrics.json,Existing scientific record; see category index
tabllm,experiments/tabllm_w2_fixed_mapping_v2/evidence/bank/k0/seed32/intended/shared/metrics.json,Existing scientific record; see category index
tabllm,experiments/tabllm_w2_fixed_mapping_v2/evidence/bank/k0/seed42/R1/ref_00/metrics.json,Existing scientific record; see category index
tabllm,experiments/tabllm_w2_fixed_mapping_v2/evidence/bank/k0/seed42/R2/ref_00/metrics.json,Existing scientific record; see category index
tabllm,experiments/tabllm_w2_fixed_mapping_v2/evidence/bank/k0/seed42/R3/ref_00/metrics.json,Existing scientific record; see category index
tabllm,experiments/tabllm_w2_fixed_mapping_v2/evidence/bank/k0/seed42/intended/shared/metrics.json,Existing scientific record; see category index
tabllm,experiments/tabllm_w2_fixed_mapping_v2/evidence/bank/k32/seed0/R1/ref_00/metrics.json,Existing scientific record; see category index
tabllm,experiments/tabllm_w2_fixed_mapping_v2/evidence/bank/k32/seed0/R2/ref_00/metrics.json,Existing scientific record; see category index
tabllm,experiments/tabllm_w2_fixed_mapping_v2/evidence/bank/k32/seed0/R3/ref_00/metrics.json,Existing scientific record; see category index
tabllm,experiments/tabllm_w2_fixed_mapping_v2/evidence/bank/k32/seed0/intended/shared/metrics.json,Existing scientific record; see category index
tabllm,experiments/tabllm_w2_fixed_mapping_v2/evidence/bank/k32/seed1/R1/ref_00/metrics.json,Existing scientific record; see category index
tabllm,experiments/tabllm_w2_fixed_mapping_v2/evidence/bank/k32/seed1/R2/ref_00/metrics.json,Existing scientific record; see category index
tabllm,experiments/tabllm_w2_fixed_mapping_v2/evidence/bank/k32/seed1/R3/ref_00/metrics.json,Existing scientific record; see category index
tabllm,experiments/tabllm_w2_fixed_mapping_v2/evidence/bank/k32/seed1/intended/shared/metrics.json,Existing scientific record; see category index
tabllm,experiments/tabllm_w2_fixed_mapping_v2/evidence/bank/k32/seed1024/R1/ref_00/metrics.json,Existing scientific record; see category index
tabllm,experiments/tabllm_w2_fixed_mapping_v2/evidence/bank/k32/seed1024/R2/ref_00/metrics.json,Existing scientific record; see category index
tabllm,experiments/tabllm_w2_fixed_mapping_v2/evidence/bank/k32/seed1024/R3/ref_00/metrics.json,Existing scientific record; see category index
tabllm,experiments/tabllm_w2_fixed_mapping_v2/evidence/bank/k32/seed1024/intended/shared/metrics.json,Existing scientific record; see category index
tabllm,experiments/tabllm_w2_fixed_mapping_v2/evidence/bank/k32/seed32/R1/ref_00/metrics.json,Existing scientific record; see category index
tabllm,experiments/tabllm_w2_fixed_mapping_v2/evidence/bank/k32/seed32/R2/ref_00/metrics.json,Existing scientific record; see category index
tabllm,experiments/tabllm_w2_fixed_mapping_v2/evidence/bank/k32/seed32/R3/ref_00/metrics.json,Existing scientific record; see category index
tabllm,experiments/tabllm_w2_fixed_mapping_v2/evidence/bank/k32/seed32/intended/shared/metrics.json,Existing scientific record; see category index
tabllm,experiments/tabllm_w2_fixed_mapping_v2/evidence/bank/k32/seed42/R1/ref_00/metrics.json,Existing scientific record; see category index
tabllm,experiments/tabllm_w2_fixed_mapping_v2/evidence/bank/k32/seed42/R2/ref_00/metrics.json,Existing scientific record; see category index
tabllm,experiments/tabllm_w2_fixed_mapping_v2/evidence/bank/k32/seed42/R3/ref_00/metrics.json,Existing scientific record; see category index
tabllm,experiments/tabllm_w2_fixed_mapping_v2/evidence/bank/k32/seed42/intended/shared/metrics.json,Existing scientific record; see category index
tabllm,experiments/tabllm_w2_fixed_mapping_v2/evidence/bank/k4/seed0/R1/ref_00/metrics.json,Existing scientific record; see category index
tabllm,experiments/tabllm_w2_fixed_mapping_v2/evidence/bank/k4/seed0/R2/ref_00/metrics.json,Existing scientific record; see category index
tabllm,experiments/tabllm_w2_fixed_mapping_v2/evidence/bank/k4/seed0/R3/ref_00/metrics.json,Existing scientific record; see category index
tabllm,experiments/tabllm_w2_fixed_mapping_v2/evidence/bank/k4/seed0/intended/shared/metrics.json,Existing scientific record; see category index
tabllm,experiments/tabllm_w2_fixed_mapping_v2/evidence/bank/k4/seed1/R1/ref_00/metrics.json,Existing scientific record; see category index
tabllm,experiments/tabllm_w2_fixed_mapping_v2/evidence/bank/k4/seed1/R2/ref_00/metrics.json,Existing scientific record; see category index
tabllm,experiments/tabllm_w2_fixed_mapping_v2/evidence/bank/k4/seed1/R3/ref_00/metrics.json,Existing scientific record; see category index
tabllm,experiments/tabllm_w2_fixed_mapping_v2/evidence/bank/k4/seed1/intended/shared/metrics.json,Existing scientific record; see category index
tabllm,experiments/tabllm_w2_fixed_mapping_v2/evidence/bank/k4/seed1024/R1/ref_00/metrics.json,Existing scientific record; see category index
tabllm,experiments/tabllm_w2_fixed_mapping_v2/evidence/bank/k4/seed1024/R2/ref_00/metrics.json,Existing scientific record; see category index
tabllm,experiments/tabllm_w2_fixed_mapping_v2/evidence/bank/k4/seed1024/R3/ref_00/metrics.json,Existing scientific record; see category index
tabllm,experiments/tabllm_w2_fixed_mapping_v2/evidence/bank/k4/seed1024/intended/shared/metrics.json,Existing scientific record; see category index
tabllm,experiments/tabllm_w2_fixed_mapping_v2/evidence/bank/k4/seed32/R1/ref_00/metrics.json,Existing scientific record; see category index
tabllm,experiments/tabllm_w2_fixed_mapping_v2/evidence/bank/k4/seed32/R2/ref_00/metrics.json,Existing scientific record; see category index
tabllm,experiments/tabllm_w2_fixed_mapping_v2/evidence/bank/k4/seed32/R3/ref_00/metrics.json,Existing scientific record; see category index
tabllm,experiments/tabllm_w2_fixed_mapping_v2/evidence/bank/k4/seed32/intended/shared/metrics.json,Existing scientific record; see category index
tabllm,experiments/tabllm_w2_fixed_mapping_v2/evidence/bank/k4/seed42/R1/ref_00/metrics.json,Existing scientific record; see category index
tabllm,experiments/tabllm_w2_fixed_mapping_v2/evidence/bank/k4/seed42/R2/ref_00/metrics.json,Existing scientific record; see category index
tabllm,experiments/tabllm_w2_fixed_mapping_v2/evidence/bank/k4/seed42/R3/ref_00/metrics.json,Existing scientific record; see category index
tabllm,experiments/tabllm_w2_fixed_mapping_v2/evidence/bank/k4/seed42/intended/shared/metrics.json,Existing scientific record; see category index
tabllm,experiments/tabllm_w2_fixed_mapping_v2/evidence/bank/k512/seed0/R1/ref_00/metrics.json,Existing scientific record; see category index
tabllm,experiments/tabllm_w2_fixed_mapping_v2/evidence/bank/k512/seed0/R2/ref_00/metrics.json,Existing scientific record; see category index
tabllm,experiments/tabllm_w2_fixed_mapping_v2/evidence/bank/k512/seed0/R3/ref_00/metrics.json,Existing scientific record; see category index
tabllm,experiments/tabllm_w2_fixed_mapping_v2/evidence/bank/k512/seed0/intended/shared/metrics.json,Existing scientific record; see category index
tabllm,experiments/tabllm_w2_fixed_mapping_v2/evidence/bank/k512/seed1/R1/ref_00/metrics.json,Existing scientific record; see category index
tabllm,experiments/tabllm_w2_fixed_mapping_v2/evidence/bank/k512/seed1/R2/ref_00/metrics.json,Existing scientific record; see category index
tabllm,experiments/tabllm_w2_fixed_mapping_v2/evidence/bank/k512/seed1/R3/ref_00/metrics.json,Existing scientific record; see category index
tabllm,experiments/tabllm_w2_fixed_mapping_v2/evidence/bank/k512/seed1/intended/shared/metrics.json,Existing scientific record; see category index
tabllm,experiments/tabllm_w2_fixed_mapping_v2/evidence/bank/k512/seed1024/R1/ref_00/metrics.json,Existing scientific record; see category index
tabllm,experiments/tabllm_w2_fixed_mapping_v2/evidence/bank/k512/seed1024/R2/ref_00/metrics.json,Existing scientific record; see category index
tabllm,experiments/tabllm_w2_fixed_mapping_v2/evidence/bank/k512/seed1024/R3/ref_00/metrics.json,Existing scientific record; see category index
tabllm,experiments/tabllm_w2_fixed_mapping_v2/evidence/bank/k512/seed1024/intended/shared/metrics.json,Existing scientific record; see category index
tabllm,experiments/tabllm_w2_fixed_mapping_v2/evidence/bank/k512/seed32/R1/ref_00/metrics.json,Existing scientific record; see category index
tabllm,experiments/tabllm_w2_fixed_mapping_v2/evidence/bank/k512/seed32/R2/ref_00/metrics.json,Existing scientific record; see category index
tabllm,experiments/tabllm_w2_fixed_mapping_v2/evidence/bank/k512/seed32/R3/ref_00/metrics.json,Existing scientific record; see category index
tabllm,experiments/tabllm_w2_fixed_mapping_v2/evidence/bank/k512/seed32/intended/shared/metrics.json,Existing scientific record; see category index
tabllm,experiments/tabllm_w2_fixed_mapping_v2/evidence/bank/k512/seed42/R1/ref_00/metrics.json,Existing scientific record; see category index
tabllm,experiments/tabllm_w2_fixed_mapping_v2/evidence/bank/k512/seed42/R2/ref_00/metrics.json,Existing scientific record; see category index
tabllm,experiments/tabllm_w2_fixed_mapping_v2/evidence/bank/k512/seed42/R3/ref_00/metrics.json,Existing scientific record; see category index
tabllm,experiments/tabllm_w2_fixed_mapping_v2/evidence/bank/k512/seed42/intended/shared/metrics.json,Existing scientific record; see category index
tabllm,experiments/tabllm_w2_fixed_mapping_v2/evidence/blood/k0/seed0/R1/ref_00/metrics.json,Existing scientific record; see category index
tabllm,experiments/tabllm_w2_fixed_mapping_v2/evidence/blood/k0/seed0/R2/ref_00/metrics.json,Existing scientific record; see category index
tabllm,experiments/tabllm_w2_fixed_mapping_v2/evidence/blood/k0/seed0/R3/ref_00/metrics.json,Existing scientific record; see category index
tabllm,experiments/tabllm_w2_fixed_mapping_v2/evidence/blood/k0/seed0/intended/shared/metrics.json,Existing scientific record; see category index
tabllm,experiments/tabllm_w2_fixed_mapping_v2/evidence/blood/k0/seed1/R1/ref_00/metrics.json,Existing scientific record; see category index
tabllm,experiments/tabllm_w2_fixed_mapping_v2/evidence/blood/k0/seed1/R2/ref_00/metrics.json,Existing scientific record; see category index
tabllm,experiments/tabllm_w2_fixed_mapping_v2/evidence/blood/k0/seed1/R3/ref_00/metrics.json,Existing scientific record; see category index
tabllm,experiments/tabllm_w2_fixed_mapping_v2/evidence/blood/k0/seed1/intended/shared/metrics.json,Existing scientific record; see category index
tabllm,experiments/tabllm_w2_fixed_mapping_v2/evidence/blood/k0/seed1024/R1/ref_00/metrics.json,Existing scientific record; see category index
tabllm,experiments/tabllm_w2_fixed_mapping_v2/evidence/blood/k0/seed1024/R2/ref_00/metrics.json,Existing scientific record; see category index
tabllm,experiments/tabllm_w2_fixed_mapping_v2/evidence/blood/k0/seed1024/R3/ref_00/metrics.json,Existing scientific record; see category index
tabllm,experiments/tabllm_w2_fixed_mapping_v2/evidence/blood/k0/seed1024/intended/shared/metrics.json,Existing scientific record; see category index
tabllm,experiments/tabllm_w2_fixed_mapping_v2/evidence/blood/k0/seed32/R1/ref_00/metrics.json,Existing scientific record; see category index
tabllm,experiments/tabllm_w2_fixed_mapping_v2/evidence/blood/k0/seed32/R2/ref_00/metrics.json,Existing scientific record; see category index
tabllm,experiments/tabllm_w2_fixed_mapping_v2/evidence/blood/k0/seed32/R3/ref_00/metrics.json,Existing scientific record; see category index
tabllm,experiments/tabllm_w2_fixed_mapping_v2/evidence/blood/k0/seed32/intended/shared/metrics.json,Existing scientific record; see category index
tabllm,experiments/tabllm_w2_fixed_mapping_v2/evidence/blood/k0/seed42/R1/ref_00/metrics.json,Existing scientific record; see category index
tabllm,experiments/tabllm_w2_fixed_mapping_v2/evidence/blood/k0/seed42/R2/ref_00/metrics.json,Existing scientific record; see category index
tabllm,experiments/tabllm_w2_fixed_mapping_v2/evidence/blood/k0/seed42/R3/ref_00/metrics.json,Existing scientific record; see category index
tabllm,experiments/tabllm_w2_fixed_mapping_v2/evidence/blood/k0/seed42/intended/shared/metrics.json,Existing scientific record; see category index
tabllm,experiments/tabllm_w2_fixed_mapping_v2/evidence/blood/k32/seed0/R1/ref_00/metrics.json,Existing scientific record; see category index
tabllm,experiments/tabllm_w2_fixed_mapping_v2/evidence/blood/k32/seed0/R2/ref_00/metrics.json,Existing scientific record; see category index
tabllm,experiments/tabllm_w2_fixed_mapping_v2/evidence/blood/k32/seed0/R3/ref_00/metrics.json,Existing scientific record; see category index
tabllm,experiments/tabllm_w2_fixed_mapping_v2/evidence/blood/k32/seed0/intended/shared/metrics.json,Existing scientific record; see category index
tabllm,experiments/tabllm_w2_fixed_mapping_v2/evidence/blood/k32/seed1/R1/ref_00/metrics.json,Existing scientific record; see category index
tabllm,experiments/tabllm_w2_fixed_mapping_v2/evidence/blood/k32/seed1/R2/ref_00/metrics.json,Existing scientific record; see category index
tabllm,experiments/tabllm_w2_fixed_mapping_v2/evidence/blood/k32/seed1/R3/ref_00/metrics.json,Existing scientific record; see category index
tabllm,experiments/tabllm_w2_fixed_mapping_v2/evidence/blood/k32/seed1/intended/shared/metrics.json,Existing scientific record; see category index
tabllm,experiments/tabllm_w2_fixed_mapping_v2/evidence/blood/k32/seed1024/R1/ref_00/metrics.json,Existing scientific record; see category index
tabllm,experiments/tabllm_w2_fixed_mapping_v2/evidence/blood/k32/seed1024/R2/ref_00/metrics.json,Existing scientific record; see category index
tabllm,experiments/tabllm_w2_fixed_mapping_v2/evidence/blood/k32/seed1024/R3/ref_00/metrics.json,Existing scientific record; see category index
tabllm,experiments/tabllm_w2_fixed_mapping_v2/evidence/blood/k32/seed1024/intended/shared/metrics.json,Existing scientific record; see category index
tabllm,experiments/tabllm_w2_fixed_mapping_v2/evidence/blood/k32/seed32/R1/ref_00/metrics.json,Existing scientific record; see category index
tabllm,experiments/tabllm_w2_fixed_mapping_v2/evidence/blood/k32/seed32/R2/ref_00/metrics.json,Existing scientific record; see category index
tabllm,experiments/tabllm_w2_fixed_mapping_v2/evidence/blood/k32/seed32/R3/ref_00/metrics.json,Existing scientific record; see category index
tabllm,experiments/tabllm_w2_fixed_mapping_v2/evidence/blood/k32/seed32/intended/shared/metrics.json,Existing scientific record; see category index
tabllm,experiments/tabllm_w2_fixed_mapping_v2/evidence/blood/k32/seed42/R1/ref_00/metrics.json,Existing scientific record; see category index
tabllm,experiments/tabllm_w2_fixed_mapping_v2/evidence/blood/k32/seed42/R2/ref_00/metrics.json,Existing scientific record; see category index
tabllm,experiments/tabllm_w2_fixed_mapping_v2/evidence/blood/k32/seed42/R3/ref_00/metrics.json,Existing scientific record; see category index
tabllm,experiments/tabllm_w2_fixed_mapping_v2/evidence/blood/k32/seed42/intended/shared/metrics.json,Existing scientific record; see category index
tabllm,experiments/tabllm_w2_fixed_mapping_v2/evidence/blood/k4/seed0/R1/ref_00/metrics.json,Existing scientific record; see category index
tabllm,experiments/tabllm_w2_fixed_mapping_v2/evidence/blood/k4/seed0/R2/ref_00/metrics.json,Existing scientific record; see category index
tabllm,experiments/tabllm_w2_fixed_mapping_v2/evidence/blood/k4/seed0/R3/ref_00/metrics.json,Existing scientific record; see category index
tabllm,experiments/tabllm_w2_fixed_mapping_v2/evidence/blood/k4/seed0/intended/shared/metrics.json,Existing scientific record; see category index
tabllm,experiments/tabllm_w2_fixed_mapping_v2/evidence/blood/k4/seed1/R1/ref_00/metrics.json,Existing scientific record; see category index
tabllm,experiments/tabllm_w2_fixed_mapping_v2/evidence/blood/k4/seed1/R2/ref_00/metrics.json,Existing scientific record; see category index
tabllm,experiments/tabllm_w2_fixed_mapping_v2/evidence/blood/k4/seed1/R3/ref_00/metrics.json,Existing scientific record; see category index
tabllm,experiments/tabllm_w2_fixed_mapping_v2/evidence/blood/k4/seed1/intended/shared/metrics.json,Existing scientific record; see category index
tabllm,experiments/tabllm_w2_fixed_mapping_v2/evidence/blood/k4/seed1024/R1/ref_00/metrics.json,Existing scientific record; see category index
tabllm,experiments/tabllm_w2_fixed_mapping_v2/evidence/blood/k4/seed1024/R2/ref_00/metrics.json,Existing scientific record; see category index
tabllm,experiments/tabllm_w2_fixed_mapping_v2/evidence/blood/k4/seed1024/R3/ref_00/metrics.json,Existing scientific record; see category index
tabllm,experiments/tabllm_w2_fixed_mapping_v2/evidence/blood/k4/seed1024/intended/shared/metrics.json,Existing scientific record; see category index
tabllm,experiments/tabllm_w2_fixed_mapping_v2/evidence/blood/k4/seed32/R1/ref_00/metrics.json,Existing scientific record; see category index
tabllm,experiments/tabllm_w2_fixed_mapping_v2/evidence/blood/k4/seed32/R2/ref_00/metrics.json,Existing scientific record; see category index
tabllm,experiments/tabllm_w2_fixed_mapping_v2/evidence/blood/k4/seed32/R3/ref_00/metrics.json,Existing scientific record; see category index
tabllm,experiments/tabllm_w2_fixed_mapping_v2/evidence/blood/k4/seed32/intended/shared/metrics.json,Existing scientific record; see category index
tabllm,experiments/tabllm_w2_fixed_mapping_v2/evidence/blood/k4/seed42/R1/ref_00/metrics.json,Existing scientific record; see category index
tabllm,experiments/tabllm_w2_fixed_mapping_v2/evidence/blood/k4/seed42/R2/ref_00/metrics.json,Existing scientific record; see category index
tabllm,experiments/tabllm_w2_fixed_mapping_v2/evidence/blood/k4/seed42/R3/ref_00/metrics.json,Existing scientific record; see category index
tabllm,experiments/tabllm_w2_fixed_mapping_v2/evidence/blood/k4/seed42/intended/shared/metrics.json,Existing scientific record; see category index
tabllm,experiments/tabllm_w2_fixed_mapping_v2/evidence/blood/k512/seed0/R1/ref_00/metrics.json,Existing scientific record; see category index
tabllm,experiments/tabllm_w2_fixed_mapping_v2/evidence/blood/k512/seed0/R2/ref_00/metrics.json,Existing scientific record; see category index
tabllm,experiments/tabllm_w2_fixed_mapping_v2/evidence/blood/k512/seed0/R3/ref_00/metrics.json,Existing scientific record; see category index
tabllm,experiments/tabllm_w2_fixed_mapping_v2/evidence/blood/k512/seed0/intended/shared/metrics.json,Existing scientific record; see category index
tabllm,experiments/tabllm_w2_fixed_mapping_v2/evidence/blood/k512/seed1/R1/ref_00/metrics.json,Existing scientific record; see category index
tabllm,experiments/tabllm_w2_fixed_mapping_v2/evidence/blood/k512/seed1/R2/ref_00/metrics.json,Existing scientific record; see category index
tabllm,experiments/tabllm_w2_fixed_mapping_v2/evidence/blood/k512/seed1/R3/ref_00/metrics.json,Existing scientific record; see category index
tabllm,experiments/tabllm_w2_fixed_mapping_v2/evidence/blood/k512/seed1/intended/shared/metrics.json,Existing scientific record; see category index
tabllm,experiments/tabllm_w2_fixed_mapping_v2/evidence/blood/k512/seed1024/R1/ref_00/metrics.json,Existing scientific record; see category index
tabllm,experiments/tabllm_w2_fixed_mapping_v2/evidence/blood/k512/seed1024/R2/ref_00/metrics.json,Existing scientific record; see category index
tabllm,experiments/tabllm_w2_fixed_mapping_v2/evidence/blood/k512/seed1024/R3/ref_00/metrics.json,Existing scientific record; see category index
tabllm,experiments/tabllm_w2_fixed_mapping_v2/evidence/blood/k512/seed1024/intended/shared/metrics.json,Existing scientific record; see category index
tabllm,experiments/tabllm_w2_fixed_mapping_v2/evidence/blood/k512/seed32/R1/ref_00/metrics.json,Existing scientific record; see category index
tabllm,experiments/tabllm_w2_fixed_mapping_v2/evidence/blood/k512/seed32/R2/ref_00/metrics.json,Existing scientific record; see category index
tabllm,experiments/tabllm_w2_fixed_mapping_v2/evidence/blood/k512/seed32/R3/ref_00/metrics.json,Existing scientific record; see category index
tabllm,experiments/tabllm_w2_fixed_mapping_v2/evidence/blood/k512/seed32/intended/shared/metrics.json,Existing scientific record; see category index
tabllm,experiments/tabllm_w2_fixed_mapping_v2/evidence/blood/k512/seed42/R1/ref_00/metrics.json,Existing scientific record; see category index
tabllm,experiments/tabllm_w2_fixed_mapping_v2/evidence/blood/k512/seed42/R2/ref_00/metrics.json,Existing scientific record; see category index
tabllm,experiments/tabllm_w2_fixed_mapping_v2/evidence/blood/k512/seed42/R3/ref_00/metrics.json,Existing scientific record; see category index
tabllm,experiments/tabllm_w2_fixed_mapping_v2/evidence/blood/k512/seed42/intended/shared/metrics.json,Existing scientific record; see category index
tabllm,experiments/tabllm_w2_fixed_mapping_v2/evidence/calhousing/k0/seed0/R1/ref_00/metrics.json,Existing scientific record; see category index
tabllm,experiments/tabllm_w2_fixed_mapping_v2/evidence/calhousing/k0/seed0/R2/ref_00/metrics.json,Existing scientific record; see category index
tabllm,experiments/tabllm_w2_fixed_mapping_v2/evidence/calhousing/k0/seed0/R3/ref_00/metrics.json,Existing scientific record; see category index
tabllm,experiments/tabllm_w2_fixed_mapping_v2/evidence/calhousing/k0/seed0/intended/shared/metrics.json,Existing scientific record; see category index
tabllm,experiments/tabllm_w2_fixed_mapping_v2/evidence/calhousing/k0/seed1/R1/ref_00/metrics.json,Existing scientific record; see category index
tabllm,experiments/tabllm_w2_fixed_mapping_v2/evidence/calhousing/k0/seed1/R2/ref_00/metrics.json,Existing scientific record; see category index
tabllm,experiments/tabllm_w2_fixed_mapping_v2/evidence/calhousing/k0/seed1/R3/ref_00/metrics.json,Existing scientific record; see category index
tabllm,experiments/tabllm_w2_fixed_mapping_v2/evidence/calhousing/k0/seed1/intended/shared/metrics.json,Existing scientific record; see category index
tabllm,experiments/tabllm_w2_fixed_mapping_v2/evidence/calhousing/k0/seed1024/R1/ref_00/metrics.json,Existing scientific record; see category index
tabllm,experiments/tabllm_w2_fixed_mapping_v2/evidence/calhousing/k0/seed1024/R2/ref_00/metrics.json,Existing scientific record; see category index
tabllm,experiments/tabllm_w2_fixed_mapping_v2/evidence/calhousing/k0/seed1024/R3/ref_00/metrics.json,Existing scientific record; see category index
tabllm,experiments/tabllm_w2_fixed_mapping_v2/evidence/calhousing/k0/seed1024/intended/shared/metrics.json,Existing scientific record; see category index
tabllm,experiments/tabllm_w2_fixed_mapping_v2/evidence/calhousing/k0/seed32/R1/ref_00/metrics.json,Existing scientific record; see category index
tabllm,experiments/tabllm_w2_fixed_mapping_v2/evidence/calhousing/k0/seed32/R2/ref_00/metrics.json,Existing scientific record; see category index
tabllm,experiments/tabllm_w2_fixed_mapping_v2/evidence/calhousing/k0/seed32/R3/ref_00/metrics.json,Existing scientific record; see category index
tabllm,experiments/tabllm_w2_fixed_mapping_v2/evidence/calhousing/k0/seed32/intended/shared/metrics.json,Existing scientific record; see category index
tabllm,experiments/tabllm_w2_fixed_mapping_v2/evidence/calhousing/k0/seed42/R1/ref_00/metrics.json,Existing scientific record; see category index
tabllm,experiments/tabllm_w2_fixed_mapping_v2/evidence/calhousing/k0/seed42/R2/ref_00/metrics.json,Existing scientific record; see category index
tabllm,experiments/tabllm_w2_fixed_mapping_v2/evidence/calhousing/k0/seed42/R3/ref_00/metrics.json,Existing scientific record; see category index
tabllm,experiments/tabllm_w2_fixed_mapping_v2/evidence/calhousing/k0/seed42/intended/shared/metrics.json,Existing scientific record; see category index
tabllm,experiments/tabllm_w2_fixed_mapping_v2/evidence/calhousing/k32/seed0/R1/ref_00/metrics.json,Existing scientific record; see category index
tabllm,experiments/tabllm_w2_fixed_mapping_v2/evidence/calhousing/k32/seed0/R2/ref_00/metrics.json,Existing scientific record; see category index
tabllm,experiments/tabllm_w2_fixed_mapping_v2/evidence/calhousing/k32/seed0/R3/ref_00/metrics.json,Existing scientific record; see category index
tabllm,experiments/tabllm_w2_fixed_mapping_v2/evidence/calhousing/k32/seed0/intended/shared/metrics.json,Existing scientific record; see category index
tabllm,experiments/tabllm_w2_fixed_mapping_v2/evidence/calhousing/k32/seed1/R1/ref_00/metrics.json,Existing scientific record; see category index
tabllm,experiments/tabllm_w2_fixed_mapping_v2/evidence/calhousing/k32/seed1/R2/ref_00/metrics.json,Existing scientific record; see category index
tabllm,experiments/tabllm_w2_fixed_mapping_v2/evidence/calhousing/k32/seed1/R3/ref_00/metrics.json,Existing scientific record; see category index
tabllm,experiments/tabllm_w2_fixed_mapping_v2/evidence/calhousing/k32/seed1/intended/shared/metrics.json,Existing scientific record; see category index
tabllm,experiments/tabllm_w2_fixed_mapping_v2/evidence/calhousing/k32/seed1024/R1/ref_00/metrics.json,Existing scientific record; see category index
tabllm,experiments/tabllm_w2_fixed_mapping_v2/evidence/calhousing/k32/seed1024/R2/ref_00/metrics.json,Existing scientific record; see category index
tabllm,experiments/tabllm_w2_fixed_mapping_v2/evidence/calhousing/k32/seed1024/R3/ref_00/metrics.json,Existing scientific record; see category index
tabllm,experiments/tabllm_w2_fixed_mapping_v2/evidence/calhousing/k32/seed1024/intended/shared/metrics.json,Existing scientific record; see category index
tabllm,experiments/tabllm_w2_fixed_mapping_v2/evidence/calhousing/k32/seed32/R1/ref_00/metrics.json,Existing scientific record; see category index
tabllm,experiments/tabllm_w2_fixed_mapping_v2/evidence/calhousing/k32/seed32/R2/ref_00/metrics.json,Existing scientific record; see category index
tabllm,experiments/tabllm_w2_fixed_mapping_v2/evidence/calhousing/k32/seed32/R3/ref_00/metrics.json,Existing scientific record; see category index
tabllm,experiments/tabllm_w2_fixed_mapping_v2/evidence/calhousing/k32/seed32/intended/shared/metrics.json,Existing scientific record; see category index
tabllm,experiments/tabllm_w2_fixed_mapping_v2/evidence/calhousing/k32/seed42/R1/ref_00/metrics.json,Existing scientific record; see category index
tabllm,experiments/tabllm_w2_fixed_mapping_v2/evidence/calhousing/k32/seed42/R2/ref_00/metrics.json,Existing scientific record; see category index
tabllm,experiments/tabllm_w2_fixed_mapping_v2/evidence/calhousing/k32/seed42/R3/ref_00/metrics.json,Existing scientific record; see category index
tabllm,experiments/tabllm_w2_fixed_mapping_v2/evidence/calhousing/k32/seed42/intended/shared/metrics.json,Existing scientific record; see category index
tabllm,experiments/tabllm_w2_fixed_mapping_v2/evidence/calhousing/k4/seed0/R1/ref_00/metrics.json,Existing scientific record; see category index
tabllm,experiments/tabllm_w2_fixed_mapping_v2/evidence/calhousing/k4/seed0/R2/ref_00/metrics.json,Existing scientific record; see category index
tabllm,experiments/tabllm_w2_fixed_mapping_v2/evidence/calhousing/k4/seed0/R3/ref_00/metrics.json,Existing scientific record; see category index
tabllm,experiments/tabllm_w2_fixed_mapping_v2/evidence/calhousing/k4/seed0/intended/shared/metrics.json,Existing scientific record; see category index
tabllm,experiments/tabllm_w2_fixed_mapping_v2/evidence/calhousing/k4/seed1/R1/ref_00/metrics.json,Existing scientific record; see category index
tabllm,experiments/tabllm_w2_fixed_mapping_v2/evidence/calhousing/k4/seed1/R2/ref_00/metrics.json,Existing scientific record; see category index
tabllm,experiments/tabllm_w2_fixed_mapping_v2/evidence/calhousing/k4/seed1/R3/ref_00/metrics.json,Existing scientific record; see category index
tabllm,experiments/tabllm_w2_fixed_mapping_v2/evidence/calhousing/k4/seed1/intended/shared/metrics.json,Existing scientific record; see category index
tabllm,experiments/tabllm_w2_fixed_mapping_v2/evidence/calhousing/k4/seed1024/R1/ref_00/metrics.json,Existing scientific record; see category index
tabllm,experiments/tabllm_w2_fixed_mapping_v2/evidence/calhousing/k4/seed1024/R2/ref_00/metrics.json,Existing scientific record; see category index
tabllm,experiments/tabllm_w2_fixed_mapping_v2/evidence/calhousing/k4/seed1024/R3/ref_00/metrics.json,Existing scientific record; see category index
tabllm,experiments/tabllm_w2_fixed_mapping_v2/evidence/calhousing/k4/seed1024/intended/shared/metrics.json,Existing scientific record; see category index
tabllm,experiments/tabllm_w2_fixed_mapping_v2/evidence/calhousing/k4/seed32/R1/ref_00/metrics.json,Existing scientific record; see category index
tabllm,experiments/tabllm_w2_fixed_mapping_v2/evidence/calhousing/k4/seed32/R2/ref_00/metrics.json,Existing scientific record; see category index
tabllm,experiments/tabllm_w2_fixed_mapping_v2/evidence/calhousing/k4/seed32/R3/ref_00/metrics.json,Existing scientific record; see category index
tabllm,experiments/tabllm_w2_fixed_mapping_v2/evidence/calhousing/k4/seed32/intended/shared/metrics.json,Existing scientific record; see category index
tabllm,experiments/tabllm_w2_fixed_mapping_v2/evidence/calhousing/k4/seed42/R1/ref_00/metrics.json,Existing scientific record; see category index
tabllm,experiments/tabllm_w2_fixed_mapping_v2/evidence/calhousing/k4/seed42/R2/ref_00/metrics.json,Existing scientific record; see category index
tabllm,experiments/tabllm_w2_fixed_mapping_v2/evidence/calhousing/k4/seed42/R3/ref_00/metrics.json,Existing scientific record; see category index
tabllm,experiments/tabllm_w2_fixed_mapping_v2/evidence/calhousing/k4/seed42/intended/shared/metrics.json,Existing scientific record; see category index
tabllm,experiments/tabllm_w2_fixed_mapping_v2/evidence/calhousing/k512/seed0/R1/ref_00/metrics.json,Existing scientific record; see category index
tabllm,experiments/tabllm_w2_fixed_mapping_v2/evidence/calhousing/k512/seed0/R2/ref_00/metrics.json,Existing scientific record; see category index
tabllm,experiments/tabllm_w2_fixed_mapping_v2/evidence/calhousing/k512/seed0/R3/ref_00/metrics.json,Existing scientific record; see category index
tabllm,experiments/tabllm_w2_fixed_mapping_v2/evidence/calhousing/k512/seed0/intended/shared/metrics.json,Existing scientific record; see category index
tabllm,experiments/tabllm_w2_fixed_mapping_v2/evidence/calhousing/k512/seed1/R1/ref_00/metrics.json,Existing scientific record; see category index
tabllm,experiments/tabllm_w2_fixed_mapping_v2/evidence/calhousing/k512/seed1/R2/ref_00/metrics.json,Existing scientific record; see category index
tabllm,experiments/tabllm_w2_fixed_mapping_v2/evidence/calhousing/k512/seed1/R3/ref_00/metrics.json,Existing scientific record; see category index
tabllm,experiments/tabllm_w2_fixed_mapping_v2/evidence/calhousing/k512/seed1/intended/shared/metrics.json,Existing scientific record; see category index
tabllm,experiments/tabllm_w2_fixed_mapping_v2/evidence/calhousing/k512/seed1024/R1/ref_00/metrics.json,Existing scientific record; see category index
tabllm,experiments/tabllm_w2_fixed_mapping_v2/evidence/calhousing/k512/seed1024/R2/ref_00/metrics.json,Existing scientific record; see category index
tabllm,experiments/tabllm_w2_fixed_mapping_v2/evidence/calhousing/k512/seed1024/R3/ref_00/metrics.json,Existing scientific record; see category index
tabllm,experiments/tabllm_w2_fixed_mapping_v2/evidence/calhousing/k512/seed1024/intended/shared/metrics.json,Existing scientific record; see category index
tabllm,experiments/tabllm_w2_fixed_mapping_v2/evidence/calhousing/k512/seed32/R1/ref_00/metrics.json,Existing scientific record; see category index
tabllm,experiments/tabllm_w2_fixed_mapping_v2/evidence/calhousing/k512/seed32/R2/ref_00/metrics.json,Existing scientific record; see category index
tabllm,experiments/tabllm_w2_fixed_mapping_v2/evidence/calhousing/k512/seed32/R3/ref_00/metrics.json,Existing scientific record; see category index
tabllm,experiments/tabllm_w2_fixed_mapping_v2/evidence/calhousing/k512/seed32/intended/shared/metrics.json,Existing scientific record; see category index
tabllm,experiments/tabllm_w2_fixed_mapping_v2/evidence/calhousing/k512/seed42/R1/ref_00/metrics.json,Existing scientific record; see category index
tabllm,experiments/tabllm_w2_fixed_mapping_v2/evidence/calhousing/k512/seed42/R2/ref_00/metrics.json,Existing scientific record; see category index
tabllm,experiments/tabllm_w2_fixed_mapping_v2/evidence/calhousing/k512/seed42/R3/ref_00/metrics.json,Existing scientific record; see category index
tabllm,experiments/tabllm_w2_fixed_mapping_v2/evidence/calhousing/k512/seed42/intended/shared/metrics.json,Existing scientific record; see category index
tabllm,experiments/tabllm_w2_fixed_mapping_v2/evidence/car/k0/seed0/R1/ref_00/metrics.json,Existing scientific record; see category index
tabllm,experiments/tabllm_w2_fixed_mapping_v2/evidence/car/k0/seed0/R2/ref_00/metrics.json,Existing scientific record; see category index
tabllm,experiments/tabllm_w2_fixed_mapping_v2/evidence/car/k0/seed0/R3/ref_00/metrics.json,Existing scientific record; see category index
tabllm,experiments/tabllm_w2_fixed_mapping_v2/evidence/car/k0/seed0/intended/shared/metrics.json,Existing scientific record; see category index
tabllm,experiments/tabllm_w2_fixed_mapping_v2/evidence/car/k0/seed1/R1/ref_00/metrics.json,Existing scientific record; see category index
tabllm,experiments/tabllm_w2_fixed_mapping_v2/evidence/car/k0/seed1/R2/ref_00/metrics.json,Existing scientific record; see category index
tabllm,experiments/tabllm_w2_fixed_mapping_v2/evidence/car/k0/seed1/R3/ref_00/metrics.json,Existing scientific record; see category index
tabllm,experiments/tabllm_w2_fixed_mapping_v2/evidence/car/k0/seed1/intended/shared/metrics.json,Existing scientific record; see category index
tabllm,experiments/tabllm_w2_fixed_mapping_v2/evidence/car/k0/seed1024/R1/ref_00/metrics.json,Existing scientific record; see category index
tabllm,experiments/tabllm_w2_fixed_mapping_v2/evidence/car/k0/seed1024/R2/ref_00/metrics.json,Existing scientific record; see category index
tabllm,experiments/tabllm_w2_fixed_mapping_v2/evidence/car/k0/seed1024/R3/ref_00/metrics.json,Existing scientific record; see category index
tabllm,experiments/tabllm_w2_fixed_mapping_v2/evidence/car/k0/seed1024/intended/shared/metrics.json,Existing scientific record; see category index
tabllm,experiments/tabllm_w2_fixed_mapping_v2/evidence/car/k0/seed32/R1/ref_00/metrics.json,Existing scientific record; see category index
tabllm,experiments/tabllm_w2_fixed_mapping_v2/evidence/car/k0/seed32/R2/ref_00/metrics.json,Existing scientific record; see category index
tabllm,experiments/tabllm_w2_fixed_mapping_v2/evidence/car/k0/seed32/R3/ref_00/metrics.json,Existing scientific record; see category index
tabllm,experiments/tabllm_w2_fixed_mapping_v2/evidence/car/k0/seed32/intended/shared/metrics.json,Existing scientific record; see category index
tabllm,experiments/tabllm_w2_fixed_mapping_v2/evidence/car/k0/seed42/R1/ref_00/metrics.json,Existing scientific record; see category index
tabllm,experiments/tabllm_w2_fixed_mapping_v2/evidence/car/k0/seed42/R2/ref_00/metrics.json,Existing scientific record; see category index
tabllm,experiments/tabllm_w2_fixed_mapping_v2/evidence/car/k0/seed42/R3/ref_00/metrics.json,Existing scientific record; see category index
tabllm,experiments/tabllm_w2_fixed_mapping_v2/evidence/car/k0/seed42/intended/shared/metrics.json,Existing scientific record; see category index
tabllm,experiments/tabllm_w2_fixed_mapping_v2/evidence/car/k32/seed0/R1/ref_00/metrics.json,Existing scientific record; see category index
tabllm,experiments/tabllm_w2_fixed_mapping_v2/evidence/car/k32/seed0/R2/ref_00/metrics.json,Existing scientific record; see category index
tabllm,experiments/tabllm_w2_fixed_mapping_v2/evidence/car/k32/seed0/R3/ref_00/metrics.json,Existing scientific record; see category index
tabllm,experiments/tabllm_w2_fixed_mapping_v2/evidence/car/k32/seed0/intended/shared/metrics.json,Existing scientific record; see category index
tabllm,experiments/tabllm_w2_fixed_mapping_v2/evidence/car/k32/seed1/R1/ref_00/metrics.json,Existing scientific record; see category index
tabllm,experiments/tabllm_w2_fixed_mapping_v2/evidence/car/k32/seed1/R2/ref_00/metrics.json,Existing scientific record; see category index
tabllm,experiments/tabllm_w2_fixed_mapping_v2/evidence/car/k32/seed1/R3/ref_00/metrics.json,Existing scientific record; see category index
tabllm,experiments/tabllm_w2_fixed_mapping_v2/evidence/car/k32/seed1/intended/shared/metrics.json,Existing scientific record; see category index
tabllm,experiments/tabllm_w2_fixed_mapping_v2/evidence/car/k32/seed1024/R1/ref_00/metrics.json,Existing scientific record; see category index
tabllm,experiments/tabllm_w2_fixed_mapping_v2/evidence/car/k32/seed1024/R2/ref_00/metrics.json,Existing scientific record; see category index
tabllm,experiments/tabllm_w2_fixed_mapping_v2/evidence/car/k32/seed1024/R3/ref_00/metrics.json,Existing scientific record; see category index
tabllm,experiments/tabllm_w2_fixed_mapping_v2/evidence/car/k32/seed1024/intended/shared/metrics.json,Existing scientific record; see category index
tabllm,experiments/tabllm_w2_fixed_mapping_v2/evidence/car/k32/seed32/R1/ref_00/metrics.json,Existing scientific record; see category index
tabllm,experiments/tabllm_w2_fixed_mapping_v2/evidence/car/k32/seed32/R2/ref_00/metrics.json,Existing scientific record; see category index
tabllm,experiments/tabllm_w2_fixed_mapping_v2/evidence/car/k32/seed32/R3/ref_00/metrics.json,Existing scientific record; see category index
tabllm,experiments/tabllm_w2_fixed_mapping_v2/evidence/car/k32/seed32/intended/shared/metrics.json,Existing scientific record; see category index
tabllm,experiments/tabllm_w2_fixed_mapping_v2/evidence/car/k32/seed42/R1/ref_00/metrics.json,Existing scientific record; see category index
tabllm,experiments/tabllm_w2_fixed_mapping_v2/evidence/car/k32/seed42/R2/ref_00/metrics.json,Existing scientific record; see category index
tabllm,experiments/tabllm_w2_fixed_mapping_v2/evidence/car/k32/seed42/R3/ref_00/metrics.json,Existing scientific record; see category index
tabllm,experiments/tabllm_w2_fixed_mapping_v2/evidence/car/k32/seed42/intended/shared/metrics.json,Existing scientific record; see category index
tabllm,experiments/tabllm_w2_fixed_mapping_v2/evidence/car/k4/seed0/R1/ref_00/metrics.json,Existing scientific record; see category index
tabllm,experiments/tabllm_w2_fixed_mapping_v2/evidence/car/k4/seed0/R2/ref_00/metrics.json,Existing scientific record; see category index
tabllm,experiments/tabllm_w2_fixed_mapping_v2/evidence/car/k4/seed0/R3/ref_00/metrics.json,Existing scientific record; see category index
tabllm,experiments/tabllm_w2_fixed_mapping_v2/evidence/car/k4/seed0/intended/shared/metrics.json,Existing scientific record; see category index
tabllm,experiments/tabllm_w2_fixed_mapping_v2/evidence/car/k4/seed1/R1/ref_00/metrics.json,Existing scientific record; see category index
tabllm,experiments/tabllm_w2_fixed_mapping_v2/evidence/car/k4/seed1/R2/ref_00/metrics.json,Existing scientific record; see category index
tabllm,experiments/tabllm_w2_fixed_mapping_v2/evidence/car/k4/seed1/R3/ref_00/metrics.json,Existing scientific record; see category index
tabllm,experiments/tabllm_w2_fixed_mapping_v2/evidence/car/k4/seed1/intended/shared/metrics.json,Existing scientific record; see category index
tabllm,experiments/tabllm_w2_fixed_mapping_v2/evidence/car/k4/seed1024/R1/ref_00/metrics.json,Existing scientific record; see category index
tabllm,experiments/tabllm_w2_fixed_mapping_v2/evidence/car/k4/seed1024/R2/ref_00/metrics.json,Existing scientific record; see category index
tabllm,experiments/tabllm_w2_fixed_mapping_v2/evidence/car/k4/seed1024/R3/ref_00/metrics.json,Existing scientific record; see category index
tabllm,experiments/tabllm_w2_fixed_mapping_v2/evidence/car/k4/seed1024/intended/shared/metrics.json,Existing scientific record; see category index
tabllm,experiments/tabllm_w2_fixed_mapping_v2/evidence/car/k4/seed32/R1/ref_00/metrics.json,Existing scientific record; see category index
tabllm,experiments/tabllm_w2_fixed_mapping_v2/evidence/car/k4/seed32/R2/ref_00/metrics.json,Existing scientific record; see category index
tabllm,experiments/tabllm_w2_fixed_mapping_v2/evidence/car/k4/seed32/R3/ref_00/metrics.json,Existing scientific record; see category index
tabllm,experiments/tabllm_w2_fixed_mapping_v2/evidence/car/k4/seed32/intended/shared/metrics.json,Existing scientific record; see category index
tabllm,experiments/tabllm_w2_fixed_mapping_v2/evidence/car/k4/seed42/R1/ref_00/metrics.json,Existing scientific record; see category index
tabllm,experiments/tabllm_w2_fixed_mapping_v2/evidence/car/k4/seed42/R2/ref_00/metrics.json,Existing scientific record; see category index
tabllm,experiments/tabllm_w2_fixed_mapping_v2/evidence/car/k4/seed42/R3/ref_00/metrics.json,Existing scientific record; see category index
tabllm,experiments/tabllm_w2_fixed_mapping_v2/evidence/car/k4/seed42/intended/shared/metrics.json,Existing scientific record; see category index
tabllm,experiments/tabllm_w2_fixed_mapping_v2/evidence/car/k512/seed0/R1/ref_00/metrics.json,Existing scientific record; see category index
tabllm,experiments/tabllm_w2_fixed_mapping_v2/evidence/car/k512/seed0/R2/ref_00/metrics.json,Existing scientific record; see category index
tabllm,experiments/tabllm_w2_fixed_mapping_v2/evidence/car/k512/seed0/R3/ref_00/metrics.json,Existing scientific record; see category index
tabllm,experiments/tabllm_w2_fixed_mapping_v2/evidence/car/k512/seed0/intended/shared/metrics.json,Existing scientific record; see category index
tabllm,experiments/tabllm_w2_fixed_mapping_v2/evidence/car/k512/seed1/R1/ref_00/metrics.json,Existing scientific record; see category index
tabllm,experiments/tabllm_w2_fixed_mapping_v2/evidence/car/k512/seed1/R2/ref_00/metrics.json,Existing scientific record; see category index
tabllm,experiments/tabllm_w2_fixed_mapping_v2/evidence/car/k512/seed1/R3/ref_00/metrics.json,Existing scientific record; see category index
tabllm,experiments/tabllm_w2_fixed_mapping_v2/evidence/car/k512/seed1/intended/shared/metrics.json,Existing scientific record; see category index
tabllm,experiments/tabllm_w2_fixed_mapping_v2/evidence/car/k512/seed1024/R1/ref_00/metrics.json,Existing scientific record; see category index
tabllm,experiments/tabllm_w2_fixed_mapping_v2/evidence/car/k512/seed1024/R2/ref_00/metrics.json,Existing scientific record; see category index
tabllm,experiments/tabllm_w2_fixed_mapping_v2/evidence/car/k512/seed1024/R3/ref_00/metrics.json,Existing scientific record; see category index
tabllm,experiments/tabllm_w2_fixed_mapping_v2/evidence/car/k512/seed1024/intended/shared/metrics.json,Existing scientific record; see category index
tabllm,experiments/tabllm_w2_fixed_mapping_v2/evidence/car/k512/seed32/R1/ref_00/metrics.json,Existing scientific record; see category index
tabllm,experiments/tabllm_w2_fixed_mapping_v2/evidence/car/k512/seed32/R2/ref_00/metrics.json,Existing scientific record; see category index
tabllm,experiments/tabllm_w2_fixed_mapping_v2/evidence/car/k512/seed32/R3/ref_00/metrics.json,Existing scientific record; see category index
tabllm,experiments/tabllm_w2_fixed_mapping_v2/evidence/car/k512/seed32/intended/shared/metrics.json,Existing scientific record; see category index
tabllm,experiments/tabllm_w2_fixed_mapping_v2/evidence/car/k512/seed42/R1/ref_00/metrics.json,Existing scientific record; see category index
tabllm,experiments/tabllm_w2_fixed_mapping_v2/evidence/car/k512/seed42/R2/ref_00/metrics.json,Existing scientific record; see category index
tabllm,experiments/tabllm_w2_fixed_mapping_v2/evidence/car/k512/seed42/R3/ref_00/metrics.json,Existing scientific record; see category index
tabllm,experiments/tabllm_w2_fixed_mapping_v2/evidence/car/k512/seed42/intended/shared/metrics.json,Existing scientific record; see category index
tabllm,experiments/tabllm_w2_fixed_mapping_v2/evidence/creditg/k0/seed0/R1/ref_00/metrics.json,Existing scientific record; see category index
tabllm,experiments/tabllm_w2_fixed_mapping_v2/evidence/creditg/k0/seed0/R2/ref_00/metrics.json,Existing scientific record; see category index
tabllm,experiments/tabllm_w2_fixed_mapping_v2/evidence/creditg/k0/seed0/R3/ref_00/metrics.json,Existing scientific record; see category index
tabllm,experiments/tabllm_w2_fixed_mapping_v2/evidence/creditg/k0/seed0/intended/shared/metrics.json,Existing scientific record; see category index
tabllm,experiments/tabllm_w2_fixed_mapping_v2/evidence/creditg/k0/seed1/R1/ref_00/metrics.json,Existing scientific record; see category index
tabllm,experiments/tabllm_w2_fixed_mapping_v2/evidence/creditg/k0/seed1/R2/ref_00/metrics.json,Existing scientific record; see category index
tabllm,experiments/tabllm_w2_fixed_mapping_v2/evidence/creditg/k0/seed1/R3/ref_00/metrics.json,Existing scientific record; see category index
tabllm,experiments/tabllm_w2_fixed_mapping_v2/evidence/creditg/k0/seed1/intended/shared/metrics.json,Existing scientific record; see category index
tabllm,experiments/tabllm_w2_fixed_mapping_v2/evidence/creditg/k0/seed1024/R1/ref_00/metrics.json,Existing scientific record; see category index
tabllm,experiments/tabllm_w2_fixed_mapping_v2/evidence/creditg/k0/seed1024/R2/ref_00/metrics.json,Existing scientific record; see category index
tabllm,experiments/tabllm_w2_fixed_mapping_v2/evidence/creditg/k0/seed1024/R3/ref_00/metrics.json,Existing scientific record; see category index
tabllm,experiments/tabllm_w2_fixed_mapping_v2/evidence/creditg/k0/seed1024/intended/shared/metrics.json,Existing scientific record; see category index
tabllm,experiments/tabllm_w2_fixed_mapping_v2/evidence/creditg/k0/seed32/R1/ref_00/metrics.json,Existing scientific record; see category index
tabllm,experiments/tabllm_w2_fixed_mapping_v2/evidence/creditg/k0/seed32/R2/ref_00/metrics.json,Existing scientific record; see category index
tabllm,experiments/tabllm_w2_fixed_mapping_v2/evidence/creditg/k0/seed32/R3/ref_00/metrics.json,Existing scientific record; see category index
tabllm,experiments/tabllm_w2_fixed_mapping_v2/evidence/creditg/k0/seed32/intended/shared/metrics.json,Existing scientific record; see category index
tabllm,experiments/tabllm_w2_fixed_mapping_v2/evidence/creditg/k0/seed42/R1/ref_00/metrics.json,Existing scientific record; see category index
tabllm,experiments/tabllm_w2_fixed_mapping_v2/evidence/creditg/k0/seed42/R2/ref_00/metrics.json,Existing scientific record; see category index
tabllm,experiments/tabllm_w2_fixed_mapping_v2/evidence/creditg/k0/seed42/R3/ref_00/metrics.json,Existing scientific record; see category index
tabllm,experiments/tabllm_w2_fixed_mapping_v2/evidence/creditg/k0/seed42/intended/shared/metrics.json,Existing scientific record; see category index
tabllm,experiments/tabllm_w2_fixed_mapping_v2/evidence/creditg/k32/seed0/R1/ref_00/metrics.json,Existing scientific record; see category index
tabllm,experiments/tabllm_w2_fixed_mapping_v2/evidence/creditg/k32/seed0/R2/ref_00/metrics.json,Existing scientific record; see category index
tabllm,experiments/tabllm_w2_fixed_mapping_v2/evidence/creditg/k32/seed0/R3/ref_00/metrics.json,Existing scientific record; see category index
tabllm,experiments/tabllm_w2_fixed_mapping_v2/evidence/creditg/k32/seed0/intended/shared/metrics.json,Existing scientific record; see category index
tabllm,experiments/tabllm_w2_fixed_mapping_v2/evidence/creditg/k32/seed1/R1/ref_00/metrics.json,Existing scientific record; see category index
tabllm,experiments/tabllm_w2_fixed_mapping_v2/evidence/creditg/k32/seed1/R2/ref_00/metrics.json,Existing scientific record; see category index
tabllm,experiments/tabllm_w2_fixed_mapping_v2/evidence/creditg/k32/seed1/R3/ref_00/metrics.json,Existing scientific record; see category index
tabllm,experiments/tabllm_w2_fixed_mapping_v2/evidence/creditg/k32/seed1/intended/shared/metrics.json,Existing scientific record; see category index
tabllm,experiments/tabllm_w2_fixed_mapping_v2/evidence/creditg/k32/seed1024/R1/ref_00/metrics.json,Existing scientific record; see category index
tabllm,experiments/tabllm_w2_fixed_mapping_v2/evidence/creditg/k32/seed1024/R2/ref_00/metrics.json,Existing scientific record; see category index
tabllm,experiments/tabllm_w2_fixed_mapping_v2/evidence/creditg/k32/seed1024/R3/ref_00/metrics.json,Existing scientific record; see category index
tabllm,experiments/tabllm_w2_fixed_mapping_v2/evidence/creditg/k32/seed1024/intended/shared/metrics.json,Existing scientific record; see category index
tabllm,experiments/tabllm_w2_fixed_mapping_v2/evidence/creditg/k32/seed32/R1/ref_00/metrics.json,Existing scientific record; see category index
tabllm,experiments/tabllm_w2_fixed_mapping_v2/evidence/creditg/k32/seed32/R2/ref_00/metrics.json,Existing scientific record; see category index
tabllm,experiments/tabllm_w2_fixed_mapping_v2/evidence/creditg/k32/seed32/R3/ref_00/metrics.json,Existing scientific record; see category index
tabllm,experiments/tabllm_w2_fixed_mapping_v2/evidence/creditg/k32/seed32/intended/shared/metrics.json,Existing scientific record; see category index
tabllm,experiments/tabllm_w2_fixed_mapping_v2/evidence/creditg/k32/seed42/R1/ref_00/metrics.json,Existing scientific record; see category index
tabllm,experiments/tabllm_w2_fixed_mapping_v2/evidence/creditg/k32/seed42/R2/ref_00/metrics.json,Existing scientific record; see category index
tabllm,experiments/tabllm_w2_fixed_mapping_v2/evidence/creditg/k32/seed42/R3/ref_00/metrics.json,Existing scientific record; see category index
tabllm,experiments/tabllm_w2_fixed_mapping_v2/evidence/creditg/k32/seed42/intended/shared/metrics.json,Existing scientific record; see category index
tabllm,experiments/tabllm_w2_fixed_mapping_v2/evidence/creditg/k4/seed0/R1/ref_00/metrics.json,Existing scientific record; see category index
tabllm,experiments/tabllm_w2_fixed_mapping_v2/evidence/creditg/k4/seed0/R2/ref_00/metrics.json,Existing scientific record; see category index
tabllm,experiments/tabllm_w2_fixed_mapping_v2/evidence/creditg/k4/seed0/R3/ref_00/metrics.json,Existing scientific record; see category index
tabllm,experiments/tabllm_w2_fixed_mapping_v2/evidence/creditg/k4/seed0/intended/shared/metrics.json,Existing scientific record; see category index
tabllm,experiments/tabllm_w2_fixed_mapping_v2/evidence/creditg/k4/seed1/R1/ref_00/metrics.json,Existing scientific record; see category index
tabllm,experiments/tabllm_w2_fixed_mapping_v2/evidence/creditg/k4/seed1/R2/ref_00/metrics.json,Existing scientific record; see category index
tabllm,experiments/tabllm_w2_fixed_mapping_v2/evidence/creditg/k4/seed1/R3/ref_00/metrics.json,Existing scientific record; see category index
tabllm,experiments/tabllm_w2_fixed_mapping_v2/evidence/creditg/k4/seed1/intended/shared/metrics.json,Existing scientific record; see category index
tabllm,experiments/tabllm_w2_fixed_mapping_v2/evidence/creditg/k4/seed1024/R1/ref_00/metrics.json,Existing scientific record; see category index
tabllm,experiments/tabllm_w2_fixed_mapping_v2/evidence/creditg/k4/seed1024/R2/ref_00/metrics.json,Existing scientific record; see category index
tabllm,experiments/tabllm_w2_fixed_mapping_v2/evidence/creditg/k4/seed1024/R3/ref_00/metrics.json,Existing scientific record; see category index
tabllm,experiments/tabllm_w2_fixed_mapping_v2/evidence/creditg/k4/seed1024/intended/shared/metrics.json,Existing scientific record; see category index
tabllm,experiments/tabllm_w2_fixed_mapping_v2/evidence/creditg/k4/seed32/R1/ref_00/metrics.json,Existing scientific record; see category index
tabllm,experiments/tabllm_w2_fixed_mapping_v2/evidence/creditg/k4/seed32/R2/ref_00/metrics.json,Existing scientific record; see category index
tabllm,experiments/tabllm_w2_fixed_mapping_v2/evidence/creditg/k4/seed32/R3/ref_00/metrics.json,Existing scientific record; see category index
tabllm,experiments/tabllm_w2_fixed_mapping_v2/evidence/creditg/k4/seed32/intended/shared/metrics.json,Existing scientific record; see category index
tabllm,experiments/tabllm_w2_fixed_mapping_v2/evidence/creditg/k4/seed42/R1/ref_00/metrics.json,Existing scientific record; see category index
tabllm,experiments/tabllm_w2_fixed_mapping_v2/evidence/creditg/k4/seed42/R2/ref_00/metrics.json,Existing scientific record; see category index
tabllm,experiments/tabllm_w2_fixed_mapping_v2/evidence/creditg/k4/seed42/R3/ref_00/metrics.json,Existing scientific record; see category index
tabllm,experiments/tabllm_w2_fixed_mapping_v2/evidence/creditg/k4/seed42/intended/shared/metrics.json,Existing scientific record; see category index
tabllm,experiments/tabllm_w2_fixed_mapping_v2/evidence/creditg/k512/seed0/R1/ref_00/metrics.json,Existing scientific record; see category index
tabllm,experiments/tabllm_w2_fixed_mapping_v2/evidence/creditg/k512/seed0/R2/ref_00/metrics.json,Existing scientific record; see category index
tabllm,experiments/tabllm_w2_fixed_mapping_v2/evidence/creditg/k512/seed0/R3/ref_00/metrics.json,Existing scientific record; see category index
tabllm,experiments/tabllm_w2_fixed_mapping_v2/evidence/creditg/k512/seed0/intended/shared/metrics.json,Existing scientific record; see category index
tabllm,experiments/tabllm_w2_fixed_mapping_v2/evidence/creditg/k512/seed1/R1/ref_00/metrics.json,Existing scientific record; see category index
tabllm,experiments/tabllm_w2_fixed_mapping_v2/evidence/creditg/k512/seed1/R2/ref_00/metrics.json,Existing scientific record; see category index
tabllm,experiments/tabllm_w2_fixed_mapping_v2/evidence/creditg/k512/seed1/R3/ref_00/metrics.json,Existing scientific record; see category index
tabllm,experiments/tabllm_w2_fixed_mapping_v2/evidence/creditg/k512/seed1/intended/shared/metrics.json,Existing scientific record; see category index
tabllm,experiments/tabllm_w2_fixed_mapping_v2/evidence/creditg/k512/seed1024/R1/ref_00/metrics.json,Existing scientific record; see category index
tabllm,experiments/tabllm_w2_fixed_mapping_v2/evidence/creditg/k512/seed1024/R2/ref_00/metrics.json,Existing scientific record; see category index
tabllm,experiments/tabllm_w2_fixed_mapping_v2/evidence/creditg/k512/seed1024/R3/ref_00/metrics.json,Existing scientific record; see category index
tabllm,experiments/tabllm_w2_fixed_mapping_v2/evidence/creditg/k512/seed1024/intended/shared/metrics.json,Existing scientific record; see category index
tabllm,experiments/tabllm_w2_fixed_mapping_v2/evidence/creditg/k512/seed32/R1/ref_00/metrics.json,Existing scientific record; see category index
tabllm,experiments/tabllm_w2_fixed_mapping_v2/evidence/creditg/k512/seed32/R2/ref_00/metrics.json,Existing scientific record; see category index
tabllm,experiments/tabllm_w2_fixed_mapping_v2/evidence/creditg/k512/seed32/R3/ref_00/metrics.json,Existing scientific record; see category index
tabllm,experiments/tabllm_w2_fixed_mapping_v2/evidence/creditg/k512/seed32/intended/shared/metrics.json,Existing scientific record; see category index
tabllm,experiments/tabllm_w2_fixed_mapping_v2/evidence/creditg/k512/seed42/R1/ref_00/metrics.json,Existing scientific record; see category index
tabllm,experiments/tabllm_w2_fixed_mapping_v2/evidence/creditg/k512/seed42/R2/ref_00/metrics.json,Existing scientific record; see category index
tabllm,experiments/tabllm_w2_fixed_mapping_v2/evidence/creditg/k512/seed42/R3/ref_00/metrics.json,Existing scientific record; see category index
tabllm,experiments/tabllm_w2_fixed_mapping_v2/evidence/creditg/k512/seed42/intended/shared/metrics.json,Existing scientific record; see category index
tabllm,experiments/tabllm_w2_fixed_mapping_v2/evidence/diabetes/k0/seed0/R1/ref_00/metrics.json,Existing scientific record; see category index
tabllm,experiments/tabllm_w2_fixed_mapping_v2/evidence/diabetes/k0/seed0/R2/ref_00/metrics.json,Existing scientific record; see category index
tabllm,experiments/tabllm_w2_fixed_mapping_v2/evidence/diabetes/k0/seed0/R3/ref_00/metrics.json,Existing scientific record; see category index
tabllm,experiments/tabllm_w2_fixed_mapping_v2/evidence/diabetes/k0/seed0/intended/shared/metrics.json,Existing scientific record; see category index
tabllm,experiments/tabllm_w2_fixed_mapping_v2/evidence/diabetes/k0/seed1/R1/ref_00/metrics.json,Existing scientific record; see category index
tabllm,experiments/tabllm_w2_fixed_mapping_v2/evidence/diabetes/k0/seed1/R2/ref_00/metrics.json,Existing scientific record; see category index
tabllm,experiments/tabllm_w2_fixed_mapping_v2/evidence/diabetes/k0/seed1/R3/ref_00/metrics.json,Existing scientific record; see category index
tabllm,experiments/tabllm_w2_fixed_mapping_v2/evidence/diabetes/k0/seed1/intended/shared/metrics.json,Existing scientific record; see category index
tabllm,experiments/tabllm_w2_fixed_mapping_v2/evidence/diabetes/k0/seed1024/R1/ref_00/metrics.json,Existing scientific record; see category index
tabllm,experiments/tabllm_w2_fixed_mapping_v2/evidence/diabetes/k0/seed1024/R2/ref_00/metrics.json,Existing scientific record; see category index
tabllm,experiments/tabllm_w2_fixed_mapping_v2/evidence/diabetes/k0/seed1024/R3/ref_00/metrics.json,Existing scientific record; see category index
tabllm,experiments/tabllm_w2_fixed_mapping_v2/evidence/diabetes/k0/seed1024/intended/shared/metrics.json,Existing scientific record; see category index
tabllm,experiments/tabllm_w2_fixed_mapping_v2/evidence/diabetes/k0/seed32/R1/ref_00/metrics.json,Existing scientific record; see category index
tabllm,experiments/tabllm_w2_fixed_mapping_v2/evidence/diabetes/k0/seed32/R2/ref_00/metrics.json,Existing scientific record; see category index
tabllm,experiments/tabllm_w2_fixed_mapping_v2/evidence/diabetes/k0/seed32/R3/ref_00/metrics.json,Existing scientific record; see category index
tabllm,experiments/tabllm_w2_fixed_mapping_v2/evidence/diabetes/k0/seed32/intended/shared/metrics.json,Existing scientific record; see category index
tabllm,experiments/tabllm_w2_fixed_mapping_v2/evidence/diabetes/k0/seed42/R1/ref_00/metrics.json,Existing scientific record; see category index
tabllm,experiments/tabllm_w2_fixed_mapping_v2/evidence/diabetes/k0/seed42/R2/ref_00/metrics.json,Existing scientific record; see category index
tabllm,experiments/tabllm_w2_fixed_mapping_v2/evidence/diabetes/k0/seed42/R3/ref_00/metrics.json,Existing scientific record; see category index
tabllm,experiments/tabllm_w2_fixed_mapping_v2/evidence/diabetes/k0/seed42/intended/shared/metrics.json,Existing scientific record; see category index
tabllm,experiments/tabllm_w2_fixed_mapping_v2/evidence/diabetes/k32/seed0/R1/ref_00/metrics.json,Existing scientific record; see category index
tabllm,experiments/tabllm_w2_fixed_mapping_v2/evidence/diabetes/k32/seed0/R2/ref_00/metrics.json,Existing scientific record; see category index
tabllm,experiments/tabllm_w2_fixed_mapping_v2/evidence/diabetes/k32/seed0/R3/ref_00/metrics.json,Existing scientific record; see category index
tabllm,experiments/tabllm_w2_fixed_mapping_v2/evidence/diabetes/k32/seed0/intended/shared/metrics.json,Existing scientific record; see category index
tabllm,experiments/tabllm_w2_fixed_mapping_v2/evidence/diabetes/k32/seed1/R1/ref_00/metrics.json,Existing scientific record; see category index
tabllm,experiments/tabllm_w2_fixed_mapping_v2/evidence/diabetes/k32/seed1/R2/ref_00/metrics.json,Existing scientific record; see category index
tabllm,experiments/tabllm_w2_fixed_mapping_v2/evidence/diabetes/k32/seed1/R3/ref_00/metrics.json,Existing scientific record; see category index
tabllm,experiments/tabllm_w2_fixed_mapping_v2/evidence/diabetes/k32/seed1/intended/shared/metrics.json,Existing scientific record; see category index
tabllm,experiments/tabllm_w2_fixed_mapping_v2/evidence/diabetes/k32/seed1024/R1/ref_00/metrics.json,Existing scientific record; see category index
tabllm,experiments/tabllm_w2_fixed_mapping_v2/evidence/diabetes/k32/seed1024/R2/ref_00/metrics.json,Existing scientific record; see category index
tabllm,experiments/tabllm_w2_fixed_mapping_v2/evidence/diabetes/k32/seed1024/R3/ref_00/metrics.json,Existing scientific record; see category index
tabllm,experiments/tabllm_w2_fixed_mapping_v2/evidence/diabetes/k32/seed1024/intended/shared/metrics.json,Existing scientific record; see category index
tabllm,experiments/tabllm_w2_fixed_mapping_v2/evidence/diabetes/k32/seed32/R1/ref_00/metrics.json,Existing scientific record; see category index
tabllm,experiments/tabllm_w2_fixed_mapping_v2/evidence/diabetes/k32/seed32/R2/ref_00/metrics.json,Existing scientific record; see category index
tabllm,experiments/tabllm_w2_fixed_mapping_v2/evidence/diabetes/k32/seed32/R3/ref_00/metrics.json,Existing scientific record; see category index
tabllm,experiments/tabllm_w2_fixed_mapping_v2/evidence/diabetes/k32/seed32/intended/shared/metrics.json,Existing scientific record; see category index
tabllm,experiments/tabllm_w2_fixed_mapping_v2/evidence/diabetes/k32/seed42/R1/ref_00/metrics.json,Existing scientific record; see category index
tabllm,experiments/tabllm_w2_fixed_mapping_v2/evidence/diabetes/k32/seed42/R2/ref_00/metrics.json,Existing scientific record; see category index
tabllm,experiments/tabllm_w2_fixed_mapping_v2/evidence/diabetes/k32/seed42/R3/ref_00/metrics.json,Existing scientific record; see category index
tabllm,experiments/tabllm_w2_fixed_mapping_v2/evidence/diabetes/k32/seed42/intended/shared/metrics.json,Existing scientific record; see category index
tabllm,experiments/tabllm_w2_fixed_mapping_v2/evidence/diabetes/k4/seed0/R1/ref_00/metrics.json,Existing scientific record; see category index
tabllm,experiments/tabllm_w2_fixed_mapping_v2/evidence/diabetes/k4/seed0/R2/ref_00/metrics.json,Existing scientific record; see category index
tabllm,experiments/tabllm_w2_fixed_mapping_v2/evidence/diabetes/k4/seed0/R3/ref_00/metrics.json,Existing scientific record; see category index
tabllm,experiments/tabllm_w2_fixed_mapping_v2/evidence/diabetes/k4/seed0/intended/shared/metrics.json,Existing scientific record; see category index
tabllm,experiments/tabllm_w2_fixed_mapping_v2/evidence/diabetes/k4/seed1/R1/ref_00/metrics.json,Existing scientific record; see category index
tabllm,experiments/tabllm_w2_fixed_mapping_v2/evidence/diabetes/k4/seed1/R2/ref_00/metrics.json,Existing scientific record; see category index
tabllm,experiments/tabllm_w2_fixed_mapping_v2/evidence/diabetes/k4/seed1/R3/ref_00/metrics.json,Existing scientific record; see category index
tabllm,experiments/tabllm_w2_fixed_mapping_v2/evidence/diabetes/k4/seed1/intended/shared/metrics.json,Existing scientific record; see category index
tabllm,experiments/tabllm_w2_fixed_mapping_v2/evidence/diabetes/k4/seed1024/R1/ref_00/metrics.json,Existing scientific record; see category index
tabllm,experiments/tabllm_w2_fixed_mapping_v2/evidence/diabetes/k4/seed1024/R2/ref_00/metrics.json,Existing scientific record; see category index
tabllm,experiments/tabllm_w2_fixed_mapping_v2/evidence/diabetes/k4/seed1024/R3/ref_00/metrics.json,Existing scientific record; see category index
tabllm,experiments/tabllm_w2_fixed_mapping_v2/evidence/diabetes/k4/seed1024/intended/shared/metrics.json,Existing scientific record; see category index
tabllm,experiments/tabllm_w2_fixed_mapping_v2/evidence/diabetes/k4/seed32/R1/ref_00/metrics.json,Existing scientific record; see category index
tabllm,experiments/tabllm_w2_fixed_mapping_v2/evidence/diabetes/k4/seed32/R2/ref_00/metrics.json,Existing scientific record; see category index
tabllm,experiments/tabllm_w2_fixed_mapping_v2/evidence/diabetes/k4/seed32/R3/ref_00/metrics.json,Existing scientific record; see category index
tabllm,experiments/tabllm_w2_fixed_mapping_v2/evidence/diabetes/k4/seed32/intended/shared/metrics.json,Existing scientific record; see category index
tabllm,experiments/tabllm_w2_fixed_mapping_v2/evidence/diabetes/k4/seed42/R1/ref_00/metrics.json,Existing scientific record; see category index
tabllm,experiments/tabllm_w2_fixed_mapping_v2/evidence/diabetes/k4/seed42/R2/ref_00/metrics.json,Existing scientific record; see category index
tabllm,experiments/tabllm_w2_fixed_mapping_v2/evidence/diabetes/k4/seed42/R3/ref_00/metrics.json,Existing scientific record; see category index
tabllm,experiments/tabllm_w2_fixed_mapping_v2/evidence/diabetes/k4/seed42/intended/shared/metrics.json,Existing scientific record; see category index
tabllm,experiments/tabllm_w2_fixed_mapping_v2/evidence/diabetes/k512/seed0/R1/ref_00/metrics.json,Existing scientific record; see category index
tabllm,experiments/tabllm_w2_fixed_mapping_v2/evidence/diabetes/k512/seed0/R2/ref_00/metrics.json,Existing scientific record; see category index
tabllm,experiments/tabllm_w2_fixed_mapping_v2/evidence/diabetes/k512/seed0/R3/ref_00/metrics.json,Existing scientific record; see category index
tabllm,experiments/tabllm_w2_fixed_mapping_v2/evidence/diabetes/k512/seed0/intended/shared/metrics.json,Existing scientific record; see category index
tabllm,experiments/tabllm_w2_fixed_mapping_v2/evidence/diabetes/k512/seed1/R1/ref_00/metrics.json,Existing scientific record; see category index
tabllm,experiments/tabllm_w2_fixed_mapping_v2/evidence/diabetes/k512/seed1/R2/ref_00/metrics.json,Existing scientific record; see category index
tabllm,experiments/tabllm_w2_fixed_mapping_v2/evidence/diabetes/k512/seed1/R3/ref_00/metrics.json,Existing scientific record; see category index
tabllm,experiments/tabllm_w2_fixed_mapping_v2/evidence/diabetes/k512/seed1/intended/shared/metrics.json,Existing scientific record; see category index
tabllm,experiments/tabllm_w2_fixed_mapping_v2/evidence/diabetes/k512/seed1024/R1/ref_00/metrics.json,Existing scientific record; see category index
tabllm,experiments/tabllm_w2_fixed_mapping_v2/evidence/diabetes/k512/seed1024/R2/ref_00/metrics.json,Existing scientific record; see category index
tabllm,experiments/tabllm_w2_fixed_mapping_v2/evidence/diabetes/k512/seed1024/R3/ref_00/metrics.json,Existing scientific record; see category index
tabllm,experiments/tabllm_w2_fixed_mapping_v2/evidence/diabetes/k512/seed1024/intended/shared/metrics.json,Existing scientific record; see category index
tabllm,experiments/tabllm_w2_fixed_mapping_v2/evidence/diabetes/k512/seed32/R1/ref_00/metrics.json,Existing scientific record; see category index
tabllm,experiments/tabllm_w2_fixed_mapping_v2/evidence/diabetes/k512/seed32/R2/ref_00/metrics.json,Existing scientific record; see category index
tabllm,experiments/tabllm_w2_fixed_mapping_v2/evidence/diabetes/k512/seed32/R3/ref_00/metrics.json,Existing scientific record; see category index
tabllm,experiments/tabllm_w2_fixed_mapping_v2/evidence/diabetes/k512/seed32/intended/shared/metrics.json,Existing scientific record; see category index
tabllm,experiments/tabllm_w2_fixed_mapping_v2/evidence/diabetes/k512/seed42/R1/ref_00/metrics.json,Existing scientific record; see category index
tabllm,experiments/tabllm_w2_fixed_mapping_v2/evidence/diabetes/k512/seed42/R2/ref_00/metrics.json,Existing scientific record; see category index
tabllm,experiments/tabllm_w2_fixed_mapping_v2/evidence/diabetes/k512/seed42/R3/ref_00/metrics.json,Existing scientific record; see category index
tabllm,experiments/tabllm_w2_fixed_mapping_v2/evidence/diabetes/k512/seed42/intended/shared/metrics.json,Existing scientific record; see category index
tabllm,experiments/tabllm_w2_fixed_mapping_v2/evidence/heart/k0/seed0/R1/ref_00/metrics.json,Existing scientific record; see category index
tabllm,experiments/tabllm_w2_fixed_mapping_v2/evidence/heart/k0/seed0/R2/ref_00/metrics.json,Existing scientific record; see category index
tabllm,experiments/tabllm_w2_fixed_mapping_v2/evidence/heart/k0/seed0/R3/ref_00/metrics.json,Existing scientific record; see category index
tabllm,experiments/tabllm_w2_fixed_mapping_v2/evidence/heart/k0/seed0/intended/shared/metrics.json,Existing scientific record; see category index
tabllm,experiments/tabllm_w2_fixed_mapping_v2/evidence/heart/k0/seed1/R1/ref_00/metrics.json,Existing scientific record; see category index
tabllm,experiments/tabllm_w2_fixed_mapping_v2/evidence/heart/k0/seed1/R2/ref_00/metrics.json,Existing scientific record; see category index
tabllm,experiments/tabllm_w2_fixed_mapping_v2/evidence/heart/k0/seed1/R3/ref_00/metrics.json,Existing scientific record; see category index
tabllm,experiments/tabllm_w2_fixed_mapping_v2/evidence/heart/k0/seed1/intended/shared/metrics.json,Existing scientific record; see category index
tabllm,experiments/tabllm_w2_fixed_mapping_v2/evidence/heart/k0/seed1024/R1/ref_00/metrics.json,Existing scientific record; see category index
tabllm,experiments/tabllm_w2_fixed_mapping_v2/evidence/heart/k0/seed1024/R2/ref_00/metrics.json,Existing scientific record; see category index
tabllm,experiments/tabllm_w2_fixed_mapping_v2/evidence/heart/k0/seed1024/R3/ref_00/metrics.json,Existing scientific record; see category index
tabllm,experiments/tabllm_w2_fixed_mapping_v2/evidence/heart/k0/seed1024/intended/shared/metrics.json,Existing scientific record; see category index
tabllm,experiments/tabllm_w2_fixed_mapping_v2/evidence/heart/k0/seed32/R1/ref_00/metrics.json,Existing scientific record; see category index
tabllm,experiments/tabllm_w2_fixed_mapping_v2/evidence/heart/k0/seed32/R2/ref_00/metrics.json,Existing scientific record; see category index
tabllm,experiments/tabllm_w2_fixed_mapping_v2/evidence/heart/k0/seed32/R3/ref_00/metrics.json,Existing scientific record; see category index
tabllm,experiments/tabllm_w2_fixed_mapping_v2/evidence/heart/k0/seed32/intended/shared/metrics.json,Existing scientific record; see category index
tabllm,experiments/tabllm_w2_fixed_mapping_v2/evidence/heart/k0/seed42/R1/ref_00/metrics.json,Existing scientific record; see category index
tabllm,experiments/tabllm_w2_fixed_mapping_v2/evidence/heart/k0/seed42/R2/ref_00/metrics.json,Existing scientific record; see category index
tabllm,experiments/tabllm_w2_fixed_mapping_v2/evidence/heart/k0/seed42/R3/ref_00/metrics.json,Existing scientific record; see category index
tabllm,experiments/tabllm_w2_fixed_mapping_v2/evidence/heart/k0/seed42/intended/shared/metrics.json,Existing scientific record; see category index
tabllm,experiments/tabllm_w2_fixed_mapping_v2/evidence/heart/k32/seed0/R1/ref_00/metrics.json,Existing scientific record; see category index
tabllm,experiments/tabllm_w2_fixed_mapping_v2/evidence/heart/k32/seed0/R2/ref_00/metrics.json,Existing scientific record; see category index
tabllm,experiments/tabllm_w2_fixed_mapping_v2/evidence/heart/k32/seed0/R3/ref_00/metrics.json,Existing scientific record; see category index
tabllm,experiments/tabllm_w2_fixed_mapping_v2/evidence/heart/k32/seed0/intended/shared/metrics.json,Existing scientific record; see category index
tabllm,experiments/tabllm_w2_fixed_mapping_v2/evidence/heart/k32/seed1/R1/ref_00/metrics.json,Existing scientific record; see category index
tabllm,experiments/tabllm_w2_fixed_mapping_v2/evidence/heart/k32/seed1/R2/ref_00/metrics.json,Existing scientific record; see category index
tabllm,experiments/tabllm_w2_fixed_mapping_v2/evidence/heart/k32/seed1/R3/ref_00/metrics.json,Existing scientific record; see category index
tabllm,experiments/tabllm_w2_fixed_mapping_v2/evidence/heart/k32/seed1/intended/shared/metrics.json,Existing scientific record; see category index
tabllm,experiments/tabllm_w2_fixed_mapping_v2/evidence/heart/k32/seed1024/R1/ref_00/metrics.json,Existing scientific record; see category index
tabllm,experiments/tabllm_w2_fixed_mapping_v2/evidence/heart/k32/seed1024/R2/ref_00/metrics.json,Existing scientific record; see category index
tabllm,experiments/tabllm_w2_fixed_mapping_v2/evidence/heart/k32/seed1024/R3/ref_00/metrics.json,Existing scientific record; see category index
tabllm,experiments/tabllm_w2_fixed_mapping_v2/evidence/heart/k32/seed1024/intended/shared/metrics.json,Existing scientific record; see category index
tabllm,experiments/tabllm_w2_fixed_mapping_v2/evidence/heart/k32/seed32/R1/ref_00/metrics.json,Existing scientific record; see category index
tabllm,experiments/tabllm_w2_fixed_mapping_v2/evidence/heart/k32/seed32/R2/ref_00/metrics.json,Existing scientific record; see category index
tabllm,experiments/tabllm_w2_fixed_mapping_v2/evidence/heart/k32/seed32/R3/ref_00/metrics.json,Existing scientific record; see category index
tabllm,experiments/tabllm_w2_fixed_mapping_v2/evidence/heart/k32/seed32/intended/shared/metrics.json,Existing scientific record; see category index
tabllm,experiments/tabllm_w2_fixed_mapping_v2/evidence/heart/k32/seed42/R1/ref_00/metrics.json,Existing scientific record; see category index
tabllm,experiments/tabllm_w2_fixed_mapping_v2/evidence/heart/k32/seed42/R2/ref_00/metrics.json,Existing scientific record; see category index
tabllm,experiments/tabllm_w2_fixed_mapping_v2/evidence/heart/k32/seed42/R3/ref_00/metrics.json,Existing scientific record; see category index
tabllm,experiments/tabllm_w2_fixed_mapping_v2/evidence/heart/k32/seed42/intended/shared/metrics.json,Existing scientific record; see category index
tabllm,experiments/tabllm_w2_fixed_mapping_v2/evidence/heart/k4/seed0/R1/ref_00/metrics.json,Existing scientific record; see category index
tabllm,experiments/tabllm_w2_fixed_mapping_v2/evidence/heart/k4/seed0/R2/ref_00/metrics.json,Existing scientific record; see category index
tabllm,experiments/tabllm_w2_fixed_mapping_v2/evidence/heart/k4/seed0/R3/ref_00/metrics.json,Existing scientific record; see category index
tabllm,experiments/tabllm_w2_fixed_mapping_v2/evidence/heart/k4/seed0/intended/shared/metrics.json,Existing scientific record; see category index
tabllm,experiments/tabllm_w2_fixed_mapping_v2/evidence/heart/k4/seed1/R1/ref_00/metrics.json,Existing scientific record; see category index
tabllm,experiments/tabllm_w2_fixed_mapping_v2/evidence/heart/k4/seed1/R2/ref_00/metrics.json,Existing scientific record; see category index
tabllm,experiments/tabllm_w2_fixed_mapping_v2/evidence/heart/k4/seed1/R3/ref_00/metrics.json,Existing scientific record; see category index
tabllm,experiments/tabllm_w2_fixed_mapping_v2/evidence/heart/k4/seed1/intended/shared/metrics.json,Existing scientific record; see category index
tabllm,experiments/tabllm_w2_fixed_mapping_v2/evidence/heart/k4/seed1024/R1/ref_00/metrics.json,Existing scientific record; see category index
tabllm,experiments/tabllm_w2_fixed_mapping_v2/evidence/heart/k4/seed1024/R2/ref_00/metrics.json,Existing scientific record; see category index
tabllm,experiments/tabllm_w2_fixed_mapping_v2/evidence/heart/k4/seed1024/R3/ref_00/metrics.json,Existing scientific record; see category index
tabllm,experiments/tabllm_w2_fixed_mapping_v2/evidence/heart/k4/seed1024/intended/shared/metrics.json,Existing scientific record; see category index
tabllm,experiments/tabllm_w2_fixed_mapping_v2/evidence/heart/k4/seed32/R1/ref_00/metrics.json,Existing scientific record; see category index
tabllm,experiments/tabllm_w2_fixed_mapping_v2/evidence/heart/k4/seed32/R2/ref_00/metrics.json,Existing scientific record; see category index
tabllm,experiments/tabllm_w2_fixed_mapping_v2/evidence/heart/k4/seed32/R3/ref_00/metrics.json,Existing scientific record; see category index
tabllm,experiments/tabllm_w2_fixed_mapping_v2/evidence/heart/k4/seed32/intended/shared/metrics.json,Existing scientific record; see category index
tabllm,experiments/tabllm_w2_fixed_mapping_v2/evidence/heart/k4/seed42/R1/ref_00/metrics.json,Existing scientific record; see category index
tabllm,experiments/tabllm_w2_fixed_mapping_v2/evidence/heart/k4/seed42/R2/ref_00/metrics.json,Existing scientific record; see category index
tabllm,experiments/tabllm_w2_fixed_mapping_v2/evidence/heart/k4/seed42/R3/ref_00/metrics.json,Existing scientific record; see category index
tabllm,experiments/tabllm_w2_fixed_mapping_v2/evidence/heart/k4/seed42/intended/shared/metrics.json,Existing scientific record; see category index
tabllm,experiments/tabllm_w2_fixed_mapping_v2/evidence/heart/k512/seed0/R1/ref_00/metrics.json,Existing scientific record; see category index
tabllm,experiments/tabllm_w2_fixed_mapping_v2/evidence/heart/k512/seed0/R2/ref_00/metrics.json,Existing scientific record; see category index
tabllm,experiments/tabllm_w2_fixed_mapping_v2/evidence/heart/k512/seed0/R3/ref_00/metrics.json,Existing scientific record; see category index
tabllm,experiments/tabllm_w2_fixed_mapping_v2/evidence/heart/k512/seed0/intended/shared/metrics.json,Existing scientific record; see category index
tabllm,experiments/tabllm_w2_fixed_mapping_v2/evidence/heart/k512/seed1/R1/ref_00/metrics.json,Existing scientific record; see category index
tabllm,experiments/tabllm_w2_fixed_mapping_v2/evidence/heart/k512/seed1/R2/ref_00/metrics.json,Existing scientific record; see category index
tabllm,experiments/tabllm_w2_fixed_mapping_v2/evidence/heart/k512/seed1/R3/ref_00/metrics.json,Existing scientific record; see category index
tabllm,experiments/tabllm_w2_fixed_mapping_v2/evidence/heart/k512/seed1/intended/shared/metrics.json,Existing scientific record; see category index
tabllm,experiments/tabllm_w2_fixed_mapping_v2/evidence/heart/k512/seed1024/R1/ref_00/metrics.json,Existing scientific record; see category index
tabllm,experiments/tabllm_w2_fixed_mapping_v2/evidence/heart/k512/seed1024/R2/ref_00/metrics.json,Existing scientific record; see category index
tabllm,experiments/tabllm_w2_fixed_mapping_v2/evidence/heart/k512/seed1024/R3/ref_00/metrics.json,Existing scientific record; see category index
tabllm,experiments/tabllm_w2_fixed_mapping_v2/evidence/heart/k512/seed1024/intended/shared/metrics.json,Existing scientific record; see category index
tabllm,experiments/tabllm_w2_fixed_mapping_v2/evidence/heart/k512/seed32/R1/ref_00/metrics.json,Existing scientific record; see category index
tabllm,experiments/tabllm_w2_fixed_mapping_v2/evidence/heart/k512/seed32/R2/ref_00/metrics.json,Existing scientific record; see category index
tabllm,experiments/tabllm_w2_fixed_mapping_v2/evidence/heart/k512/seed32/R3/ref_00/metrics.json,Existing scientific record; see category index
tabllm,experiments/tabllm_w2_fixed_mapping_v2/evidence/heart/k512/seed32/intended/shared/metrics.json,Existing scientific record; see category index
tabllm,experiments/tabllm_w2_fixed_mapping_v2/evidence/heart/k512/seed42/R1/ref_00/metrics.json,Existing scientific record; see category index
tabllm,experiments/tabllm_w2_fixed_mapping_v2/evidence/heart/k512/seed42/R2/ref_00/metrics.json,Existing scientific record; see category index
tabllm,experiments/tabllm_w2_fixed_mapping_v2/evidence/heart/k512/seed42/R3/ref_00/metrics.json,Existing scientific record; see category index
tabllm,experiments/tabllm_w2_fixed_mapping_v2/evidence/heart/k512/seed42/intended/shared/metrics.json,Existing scientific record; see category index
tabllm,experiments/tabllm_w2_fixed_mapping_v2/evidence/income/k0/seed0/R1/ref_00/metrics.json,Existing scientific record; see category index
tabllm,experiments/tabllm_w2_fixed_mapping_v2/evidence/income/k0/seed0/R2/ref_00/metrics.json,Existing scientific record; see category index
tabllm,experiments/tabllm_w2_fixed_mapping_v2/evidence/income/k0/seed0/R3/ref_00/metrics.json,Existing scientific record; see category index
tabllm,experiments/tabllm_w2_fixed_mapping_v2/evidence/income/k0/seed0/intended/shared/metrics.json,Existing scientific record; see category index
tabllm,experiments/tabllm_w2_fixed_mapping_v2/evidence/income/k0/seed1/R1/ref_00/metrics.json,Existing scientific record; see category index
tabllm,experiments/tabllm_w2_fixed_mapping_v2/evidence/income/k0/seed1/R2/ref_00/metrics.json,Existing scientific record; see category index
tabllm,experiments/tabllm_w2_fixed_mapping_v2/evidence/income/k0/seed1/R3/ref_00/metrics.json,Existing scientific record; see category index
tabllm,experiments/tabllm_w2_fixed_mapping_v2/evidence/income/k0/seed1/intended/shared/metrics.json,Existing scientific record; see category index
tabllm,experiments/tabllm_w2_fixed_mapping_v2/evidence/income/k0/seed1024/R1/ref_00/metrics.json,Existing scientific record; see category index
tabllm,experiments/tabllm_w2_fixed_mapping_v2/evidence/income/k0/seed1024/R2/ref_00/metrics.json,Existing scientific record; see category index
tabllm,experiments/tabllm_w2_fixed_mapping_v2/evidence/income/k0/seed1024/R3/ref_00/metrics.json,Existing scientific record; see category index
tabllm,experiments/tabllm_w2_fixed_mapping_v2/evidence/income/k0/seed1024/intended/shared/metrics.json,Existing scientific record; see category index
tabllm,experiments/tabllm_w2_fixed_mapping_v2/evidence/income/k0/seed32/R1/ref_00/metrics.json,Existing scientific record; see category index
tabllm,experiments/tabllm_w2_fixed_mapping_v2/evidence/income/k0/seed32/R2/ref_00/metrics.json,Existing scientific record; see category index
tabllm,experiments/tabllm_w2_fixed_mapping_v2/evidence/income/k0/seed32/R3/ref_00/metrics.json,Existing scientific record; see category index
tabllm,experiments/tabllm_w2_fixed_mapping_v2/evidence/income/k0/seed32/intended/shared/metrics.json,Existing scientific record; see category index
tabllm,experiments/tabllm_w2_fixed_mapping_v2/evidence/income/k0/seed42/R1/ref_00/metrics.json,Existing scientific record; see category index
tabllm,experiments/tabllm_w2_fixed_mapping_v2/evidence/income/k0/seed42/R2/ref_00/metrics.json,Existing scientific record; see category index
tabllm,experiments/tabllm_w2_fixed_mapping_v2/evidence/income/k0/seed42/R3/ref_00/metrics.json,Existing scientific record; see category index
tabllm,experiments/tabllm_w2_fixed_mapping_v2/evidence/income/k0/seed42/intended/shared/metrics.json,Existing scientific record; see category index
tabllm,experiments/tabllm_w2_fixed_mapping_v2/evidence/income/k32/seed0/R1/ref_00/metrics.json,Existing scientific record; see category index
tabllm,experiments/tabllm_w2_fixed_mapping_v2/evidence/income/k32/seed0/R2/ref_00/metrics.json,Existing scientific record; see category index
tabllm,experiments/tabllm_w2_fixed_mapping_v2/evidence/income/k32/seed0/R3/ref_00/metrics.json,Existing scientific record; see category index
tabllm,experiments/tabllm_w2_fixed_mapping_v2/evidence/income/k32/seed0/intended/shared/metrics.json,Existing scientific record; see category index
tabllm,experiments/tabllm_w2_fixed_mapping_v2/evidence/income/k32/seed1/R1/ref_00/metrics.json,Existing scientific record; see category index
tabllm,experiments/tabllm_w2_fixed_mapping_v2/evidence/income/k32/seed1/R2/ref_00/metrics.json,Existing scientific record; see category index
tabllm,experiments/tabllm_w2_fixed_mapping_v2/evidence/income/k32/seed1/R3/ref_00/metrics.json,Existing scientific record; see category index
tabllm,experiments/tabllm_w2_fixed_mapping_v2/evidence/income/k32/seed1/intended/shared/metrics.json,Existing scientific record; see category index
tabllm,experiments/tabllm_w2_fixed_mapping_v2/evidence/income/k32/seed1024/R1/ref_00/metrics.json,Existing scientific record; see category index
tabllm,experiments/tabllm_w2_fixed_mapping_v2/evidence/income/k32/seed1024/R2/ref_00/metrics.json,Existing scientific record; see category index
tabllm,experiments/tabllm_w2_fixed_mapping_v2/evidence/income/k32/seed1024/R3/ref_00/metrics.json,Existing scientific record; see category index
tabllm,experiments/tabllm_w2_fixed_mapping_v2/evidence/income/k32/seed1024/intended/shared/metrics.json,Existing scientific record; see category index
tabllm,experiments/tabllm_w2_fixed_mapping_v2/evidence/income/k32/seed32/R1/ref_00/metrics.json,Existing scientific record; see category index
tabllm,experiments/tabllm_w2_fixed_mapping_v2/evidence/income/k32/seed32/R2/ref_00/metrics.json,Existing scientific record; see category index
tabllm,experiments/tabllm_w2_fixed_mapping_v2/evidence/income/k32/seed32/R3/ref_00/metrics.json,Existing scientific record; see category index
tabllm,experiments/tabllm_w2_fixed_mapping_v2/evidence/income/k32/seed32/intended/shared/metrics.json,Existing scientific record; see category index
tabllm,experiments/tabllm_w2_fixed_mapping_v2/evidence/income/k32/seed42/R1/ref_00/metrics.json,Existing scientific record; see category index
tabllm,experiments/tabllm_w2_fixed_mapping_v2/evidence/income/k32/seed42/R2/ref_00/metrics.json,Existing scientific record; see category index
tabllm,experiments/tabllm_w2_fixed_mapping_v2/evidence/income/k32/seed42/R3/ref_00/metrics.json,Existing scientific record; see category index
tabllm,experiments/tabllm_w2_fixed_mapping_v2/evidence/income/k32/seed42/intended/shared/metrics.json,Existing scientific record; see category index
tabllm,experiments/tabllm_w2_fixed_mapping_v2/evidence/income/k4/seed0/R1/ref_00/metrics.json,Existing scientific record; see category index
tabllm,experiments/tabllm_w2_fixed_mapping_v2/evidence/income/k4/seed0/R2/ref_00/metrics.json,Existing scientific record; see category index
tabllm,experiments/tabllm_w2_fixed_mapping_v2/evidence/income/k4/seed0/R3/ref_00/metrics.json,Existing scientific record; see category index
tabllm,experiments/tabllm_w2_fixed_mapping_v2/evidence/income/k4/seed0/intended/shared/metrics.json,Existing scientific record; see category index
tabllm,experiments/tabllm_w2_fixed_mapping_v2/evidence/income/k4/seed1/R1/ref_00/metrics.json,Existing scientific record; see category index
tabllm,experiments/tabllm_w2_fixed_mapping_v2/evidence/income/k4/seed1/R2/ref_00/metrics.json,Existing scientific record; see category index
tabllm,experiments/tabllm_w2_fixed_mapping_v2/evidence/income/k4/seed1/R3/ref_00/metrics.json,Existing scientific record; see category index
tabllm,experiments/tabllm_w2_fixed_mapping_v2/evidence/income/k4/seed1/intended/shared/metrics.json,Existing scientific record; see category index
tabllm,experiments/tabllm_w2_fixed_mapping_v2/evidence/income/k4/seed1024/R1/ref_00/metrics.json,Existing scientific record; see category index
tabllm,experiments/tabllm_w2_fixed_mapping_v2/evidence/income/k4/seed1024/R2/ref_00/metrics.json,Existing scientific record; see category index
tabllm,experiments/tabllm_w2_fixed_mapping_v2/evidence/income/k4/seed1024/R3/ref_00/metrics.json,Existing scientific record; see category index
tabllm,experiments/tabllm_w2_fixed_mapping_v2/evidence/income/k4/seed1024/intended/shared/metrics.json,Existing scientific record; see category index
tabllm,experiments/tabllm_w2_fixed_mapping_v2/evidence/income/k4/seed32/R1/ref_00/metrics.json,Existing scientific record; see category index
tabllm,experiments/tabllm_w2_fixed_mapping_v2/evidence/income/k4/seed32/R2/ref_00/metrics.json,Existing scientific record; see category index
tabllm,experiments/tabllm_w2_fixed_mapping_v2/evidence/income/k4/seed32/R3/ref_00/metrics.json,Existing scientific record; see category index
tabllm,experiments/tabllm_w2_fixed_mapping_v2/evidence/income/k4/seed32/intended/shared/metrics.json,Existing scientific record; see category index
tabllm,experiments/tabllm_w2_fixed_mapping_v2/evidence/income/k4/seed42/R1/ref_00/metrics.json,Existing scientific record; see category index
tabllm,experiments/tabllm_w2_fixed_mapping_v2/evidence/income/k4/seed42/R2/ref_00/metrics.json,Existing scientific record; see category index
tabllm,experiments/tabllm_w2_fixed_mapping_v2/evidence/income/k4/seed42/R3/ref_00/metrics.json,Existing scientific record; see category index
tabllm,experiments/tabllm_w2_fixed_mapping_v2/evidence/income/k4/seed42/intended/shared/metrics.json,Existing scientific record; see category index
tabllm,experiments/tabllm_w2_fixed_mapping_v2/evidence/income/k512/seed0/R1/ref_00/metrics.json,Existing scientific record; see category index
tabllm,experiments/tabllm_w2_fixed_mapping_v2/evidence/income/k512/seed0/R2/ref_00/metrics.json,Existing scientific record; see category index
tabllm,experiments/tabllm_w2_fixed_mapping_v2/evidence/income/k512/seed0/R3/ref_00/metrics.json,Existing scientific record; see category index
tabllm,experiments/tabllm_w2_fixed_mapping_v2/evidence/income/k512/seed0/intended/shared/metrics.json,Existing scientific record; see category index
tabllm,experiments/tabllm_w2_fixed_mapping_v2/evidence/income/k512/seed1/R1/ref_00/metrics.json,Existing scientific record; see category index
tabllm,experiments/tabllm_w2_fixed_mapping_v2/evidence/income/k512/seed1/R2/ref_00/metrics.json,Existing scientific record; see category index
tabllm,experiments/tabllm_w2_fixed_mapping_v2/evidence/income/k512/seed1/R3/ref_00/metrics.json,Existing scientific record; see category index
tabllm,experiments/tabllm_w2_fixed_mapping_v2/evidence/income/k512/seed1/intended/shared/metrics.json,Existing scientific record; see category index
tabllm,experiments/tabllm_w2_fixed_mapping_v2/evidence/income/k512/seed1024/R1/ref_00/metrics.json,Existing scientific record; see category index
tabllm,experiments/tabllm_w2_fixed_mapping_v2/evidence/income/k512/seed1024/R2/ref_00/metrics.json,Existing scientific record; see category index
tabllm,experiments/tabllm_w2_fixed_mapping_v2/evidence/income/k512/seed1024/R3/ref_00/metrics.json,Existing scientific record; see category index
tabllm,experiments/tabllm_w2_fixed_mapping_v2/evidence/income/k512/seed1024/intended/shared/metrics.json,Existing scientific record; see category index
tabllm,experiments/tabllm_w2_fixed_mapping_v2/evidence/income/k512/seed32/R1/ref_00/metrics.json,Existing scientific record; see category index
tabllm,experiments/tabllm_w2_fixed_mapping_v2/evidence/income/k512/seed32/R2/ref_00/metrics.json,Existing scientific record; see category index
tabllm,experiments/tabllm_w2_fixed_mapping_v2/evidence/income/k512/seed32/R3/ref_00/metrics.json,Existing scientific record; see category index
tabllm,experiments/tabllm_w2_fixed_mapping_v2/evidence/income/k512/seed32/intended/shared/metrics.json,Existing scientific record; see category index
tabllm,experiments/tabllm_w2_fixed_mapping_v2/evidence/income/k512/seed42/R1/ref_00/metrics.json,Existing scientific record; see category index
tabllm,experiments/tabllm_w2_fixed_mapping_v2/evidence/income/k512/seed42/R2/ref_00/metrics.json,Existing scientific record; see category index
tabllm,experiments/tabllm_w2_fixed_mapping_v2/evidence/income/k512/seed42/R3/ref_00/metrics.json,Existing scientific record; see category index
tabllm,experiments/tabllm_w2_fixed_mapping_v2/evidence/income/k512/seed42/intended/shared/metrics.json,Existing scientific record; see category index
tabllm,experiments/tabllm_w2_fixed_mapping_v2/evidence/jungle/k0/seed0/R1/ref_00/metrics.json,Existing scientific record; see category index
tabllm,experiments/tabllm_w2_fixed_mapping_v2/evidence/jungle/k0/seed0/R2/ref_00/metrics.json,Existing scientific record; see category index
tabllm,experiments/tabllm_w2_fixed_mapping_v2/evidence/jungle/k0/seed0/R3/ref_00/metrics.json,Existing scientific record; see category index
tabllm,experiments/tabllm_w2_fixed_mapping_v2/evidence/jungle/k0/seed0/intended/shared/metrics.json,Existing scientific record; see category index
tabllm,experiments/tabllm_w2_fixed_mapping_v2/evidence/jungle/k0/seed1/R1/ref_00/metrics.json,Existing scientific record; see category index
tabllm,experiments/tabllm_w2_fixed_mapping_v2/evidence/jungle/k0/seed1/R2/ref_00/metrics.json,Existing scientific record; see category index
tabllm,experiments/tabllm_w2_fixed_mapping_v2/evidence/jungle/k0/seed1/R3/ref_00/metrics.json,Existing scientific record; see category index
tabllm,experiments/tabllm_w2_fixed_mapping_v2/evidence/jungle/k0/seed1/intended/shared/metrics.json,Existing scientific record; see category index
tabllm,experiments/tabllm_w2_fixed_mapping_v2/evidence/jungle/k0/seed1024/R1/ref_00/metrics.json,Existing scientific record; see category index
tabllm,experiments/tabllm_w2_fixed_mapping_v2/evidence/jungle/k0/seed1024/R2/ref_00/metrics.json,Existing scientific record; see category index
tabllm,experiments/tabllm_w2_fixed_mapping_v2/evidence/jungle/k0/seed1024/R3/ref_00/metrics.json,Existing scientific record; see category index
tabllm,experiments/tabllm_w2_fixed_mapping_v2/evidence/jungle/k0/seed1024/intended/shared/metrics.json,Existing scientific record; see category index
tabllm,experiments/tabllm_w2_fixed_mapping_v2/evidence/jungle/k0/seed32/R1/ref_00/metrics.json,Existing scientific record; see category index
tabllm,experiments/tabllm_w2_fixed_mapping_v2/evidence/jungle/k0/seed32/R2/ref_00/metrics.json,Existing scientific record; see category index
tabllm,experiments/tabllm_w2_fixed_mapping_v2/evidence/jungle/k0/seed32/R3/ref_00/metrics.json,Existing scientific record; see category index
tabllm,experiments/tabllm_w2_fixed_mapping_v2/evidence/jungle/k0/seed32/intended/shared/metrics.json,Existing scientific record; see category index
tabllm,experiments/tabllm_w2_fixed_mapping_v2/evidence/jungle/k0/seed42/R1/ref_00/metrics.json,Existing scientific record; see category index
tabllm,experiments/tabllm_w2_fixed_mapping_v2/evidence/jungle/k0/seed42/R2/ref_00/metrics.json,Existing scientific record; see category index
tabllm,experiments/tabllm_w2_fixed_mapping_v2/evidence/jungle/k0/seed42/R3/ref_00/metrics.json,Existing scientific record; see category index
tabllm,experiments/tabllm_w2_fixed_mapping_v2/evidence/jungle/k0/seed42/intended/shared/metrics.json,Existing scientific record; see category index
tabllm,experiments/tabllm_w2_fixed_mapping_v2/evidence/jungle/k32/seed0/R1/ref_00/metrics.json,Existing scientific record; see category index
tabllm,experiments/tabllm_w2_fixed_mapping_v2/evidence/jungle/k32/seed0/R2/ref_00/metrics.json,Existing scientific record; see category index
tabllm,experiments/tabllm_w2_fixed_mapping_v2/evidence/jungle/k32/seed0/R3/ref_00/metrics.json,Existing scientific record; see category index
tabllm,experiments/tabllm_w2_fixed_mapping_v2/evidence/jungle/k32/seed0/intended/shared/metrics.json,Existing scientific record; see category index
tabllm,experiments/tabllm_w2_fixed_mapping_v2/evidence/jungle/k32/seed1/R1/ref_00/metrics.json,Existing scientific record; see category index
tabllm,experiments/tabllm_w2_fixed_mapping_v2/evidence/jungle/k32/seed1/R2/ref_00/metrics.json,Existing scientific record; see category index
tabllm,experiments/tabllm_w2_fixed_mapping_v2/evidence/jungle/k32/seed1/R3/ref_00/metrics.json,Existing scientific record; see category index
tabllm,experiments/tabllm_w2_fixed_mapping_v2/evidence/jungle/k32/seed1/intended/shared/metrics.json,Existing scientific record; see category index
tabllm,experiments/tabllm_w2_fixed_mapping_v2/evidence/jungle/k32/seed1024/R1/ref_00/metrics.json,Existing scientific record; see category index
tabllm,experiments/tabllm_w2_fixed_mapping_v2/evidence/jungle/k32/seed1024/R2/ref_00/metrics.json,Existing scientific record; see category index
tabllm,experiments/tabllm_w2_fixed_mapping_v2/evidence/jungle/k32/seed1024/R3/ref_00/metrics.json,Existing scientific record; see category index
tabllm,experiments/tabllm_w2_fixed_mapping_v2/evidence/jungle/k32/seed1024/intended/shared/metrics.json,Existing scientific record; see category index
tabllm,experiments/tabllm_w2_fixed_mapping_v2/evidence/jungle/k32/seed32/R1/ref_00/metrics.json,Existing scientific record; see category index
tabllm,experiments/tabllm_w2_fixed_mapping_v2/evidence/jungle/k32/seed32/R2/ref_00/metrics.json,Existing scientific record; see category index
tabllm,experiments/tabllm_w2_fixed_mapping_v2/evidence/jungle/k32/seed32/R3/ref_00/metrics.json,Existing scientific record; see category index
tabllm,experiments/tabllm_w2_fixed_mapping_v2/evidence/jungle/k32/seed32/intended/shared/metrics.json,Existing scientific record; see category index
tabllm,experiments/tabllm_w2_fixed_mapping_v2/evidence/jungle/k32/seed42/R1/ref_00/metrics.json,Existing scientific record; see category index
tabllm,experiments/tabllm_w2_fixed_mapping_v2/evidence/jungle/k32/seed42/R2/ref_00/metrics.json,Existing scientific record; see category index
tabllm,experiments/tabllm_w2_fixed_mapping_v2/evidence/jungle/k32/seed42/R3/ref_00/metrics.json,Existing scientific record; see category index
tabllm,experiments/tabllm_w2_fixed_mapping_v2/evidence/jungle/k32/seed42/intended/shared/metrics.json,Existing scientific record; see category index
tabllm,experiments/tabllm_w2_fixed_mapping_v2/evidence/jungle/k4/seed0/R1/ref_00/metrics.json,Existing scientific record; see category index
tabllm,experiments/tabllm_w2_fixed_mapping_v2/evidence/jungle/k4/seed0/R2/ref_00/metrics.json,Existing scientific record; see category index
tabllm,experiments/tabllm_w2_fixed_mapping_v2/evidence/jungle/k4/seed0/R3/ref_00/metrics.json,Existing scientific record; see category index
tabllm,experiments/tabllm_w2_fixed_mapping_v2/evidence/jungle/k4/seed0/intended/shared/metrics.json,Existing scientific record; see category index
tabllm,experiments/tabllm_w2_fixed_mapping_v2/evidence/jungle/k4/seed1/R1/ref_00/metrics.json,Existing scientific record; see category index
tabllm,experiments/tabllm_w2_fixed_mapping_v2/evidence/jungle/k4/seed1/R2/ref_00/metrics.json,Existing scientific record; see category index
tabllm,experiments/tabllm_w2_fixed_mapping_v2/evidence/jungle/k4/seed1/R3/ref_00/metrics.json,Existing scientific record; see category index
tabllm,experiments/tabllm_w2_fixed_mapping_v2/evidence/jungle/k4/seed1/intended/shared/metrics.json,Existing scientific record; see category index
tabllm,experiments/tabllm_w2_fixed_mapping_v2/evidence/jungle/k4/seed1024/R1/ref_00/metrics.json,Existing scientific record; see category index
tabllm,experiments/tabllm_w2_fixed_mapping_v2/evidence/jungle/k4/seed1024/R2/ref_00/metrics.json,Existing scientific record; see category index
tabllm,experiments/tabllm_w2_fixed_mapping_v2/evidence/jungle/k4/seed1024/R3/ref_00/metrics.json,Existing scientific record; see category index
tabllm,experiments/tabllm_w2_fixed_mapping_v2/evidence/jungle/k4/seed1024/intended/shared/metrics.json,Existing scientific record; see category index
tabllm,experiments/tabllm_w2_fixed_mapping_v2/evidence/jungle/k4/seed32/R1/ref_00/metrics.json,Existing scientific record; see category index
tabllm,experiments/tabllm_w2_fixed_mapping_v2/evidence/jungle/k4/seed32/R2/ref_00/metrics.json,Existing scientific record; see category index
tabllm,experiments/tabllm_w2_fixed_mapping_v2/evidence/jungle/k4/seed32/R3/ref_00/metrics.json,Existing scientific record; see category index
tabllm,experiments/tabllm_w2_fixed_mapping_v2/evidence/jungle/k4/seed32/intended/shared/metrics.json,Existing scientific record; see category index
tabllm,experiments/tabllm_w2_fixed_mapping_v2/evidence/jungle/k4/seed42/R1/ref_00/metrics.json,Existing scientific record; see category index
tabllm,experiments/tabllm_w2_fixed_mapping_v2/evidence/jungle/k4/seed42/R2/ref_00/metrics.json,Existing scientific record; see category index
tabllm,experiments/tabllm_w2_fixed_mapping_v2/evidence/jungle/k4/seed42/R3/ref_00/metrics.json,Existing scientific record; see category index
tabllm,experiments/tabllm_w2_fixed_mapping_v2/evidence/jungle/k4/seed42/intended/shared/metrics.json,Existing scientific record; see category index
tabllm,experiments/tabllm_w2_fixed_mapping_v2/evidence/jungle/k512/seed0/R1/ref_00/metrics.json,Existing scientific record; see category index
tabllm,experiments/tabllm_w2_fixed_mapping_v2/evidence/jungle/k512/seed0/R2/ref_00/metrics.json,Existing scientific record; see category index
tabllm,experiments/tabllm_w2_fixed_mapping_v2/evidence/jungle/k512/seed0/R3/ref_00/metrics.json,Existing scientific record; see category index
tabllm,experiments/tabllm_w2_fixed_mapping_v2/evidence/jungle/k512/seed0/intended/shared/metrics.json,Existing scientific record; see category index
tabllm,experiments/tabllm_w2_fixed_mapping_v2/evidence/jungle/k512/seed1/R1/ref_00/metrics.json,Existing scientific record; see category index
tabllm,experiments/tabllm_w2_fixed_mapping_v2/evidence/jungle/k512/seed1/R2/ref_00/metrics.json,Existing scientific record; see category index
tabllm,experiments/tabllm_w2_fixed_mapping_v2/evidence/jungle/k512/seed1/R3/ref_00/metrics.json,Existing scientific record; see category index
tabllm,experiments/tabllm_w2_fixed_mapping_v2/evidence/jungle/k512/seed1/intended/shared/metrics.json,Existing scientific record; see category index
tabllm,experiments/tabllm_w2_fixed_mapping_v2/evidence/jungle/k512/seed1024/R1/ref_00/metrics.json,Existing scientific record; see category index
tabllm,experiments/tabllm_w2_fixed_mapping_v2/evidence/jungle/k512/seed1024/R2/ref_00/metrics.json,Existing scientific record; see category index
tabllm,experiments/tabllm_w2_fixed_mapping_v2/evidence/jungle/k512/seed1024/R3/ref_00/metrics.json,Existing scientific record; see category index
tabllm,experiments/tabllm_w2_fixed_mapping_v2/evidence/jungle/k512/seed1024/intended/shared/metrics.json,Existing scientific record; see category index
tabllm,experiments/tabllm_w2_fixed_mapping_v2/evidence/jungle/k512/seed32/R1/ref_00/metrics.json,Existing scientific record; see category index
tabllm,experiments/tabllm_w2_fixed_mapping_v2/evidence/jungle/k512/seed32/R2/ref_00/metrics.json,Existing scientific record; see category index
tabllm,experiments/tabllm_w2_fixed_mapping_v2/evidence/jungle/k512/seed32/R3/ref_00/metrics.json,Existing scientific record; see category index
tabllm,experiments/tabllm_w2_fixed_mapping_v2/evidence/jungle/k512/seed32/intended/shared/metrics.json,Existing scientific record; see category index
tabllm,experiments/tabllm_w2_fixed_mapping_v2/evidence/jungle/k512/seed42/R1/ref_00/metrics.json,Existing scientific record; see category index
tabllm,experiments/tabllm_w2_fixed_mapping_v2/evidence/jungle/k512/seed42/R2/ref_00/metrics.json,Existing scientific record; see category index
tabllm,experiments/tabllm_w2_fixed_mapping_v2/evidence/jungle/k512/seed42/R3/ref_00/metrics.json,Existing scientific record; see category index
tabllm,experiments/tabllm_w2_fixed_mapping_v2/evidence/jungle/k512/seed42/intended/shared/metrics.json,Existing scientific record; see category index
tabllm,experiments/tabllm_w2_fixed_mapping_v2/full_analysis/RESULTS.md,Existing scientific record; see category index
tabllm,experiments/tabllm_w2_fixed_mapping_v2/full_analysis/SUMMARY.json,Existing scientific record; see category index
tabllm,experiments/tabllm_w2_fixed_mapping_v2/full_analysis/dataset_utility.csv,Existing scientific record; see category index
tabllm,experiments/tabllm_w2_fixed_mapping_v2/full_analysis/provenance.csv,Existing scientific record; see category index
tabllm,experiments/tabllm_w2_fixed_mapping_v2/primary_analysis/RESULTS.md,Existing scientific record; see category index
tabllm,experiments/tabllm_w2_fixed_mapping_v2/primary_analysis/SUMMARY.json,Existing scientific record; see category index
tabllm,experiments/tabllm_w2_fixed_mapping_v2/primary_analysis/dataset_utility.csv,Existing scientific record; see category index
tabllm,experiments/tabllm_w2_fixed_mapping_v2/primary_analysis/provenance.csv,Existing scientific record; see category index
tabllm,experiments/tabllm_w2_fixed_mapping_v2/review_20260913/VALIDATION.json,Existing scientific record; see category index
tabllm,reanalysis_20260903/A1_tabllm_reference/README.md,Existing scientific record; see category index
tabllm,reanalysis_20260903/A1_tabllm_reference/analyze_tabllm_reference.py,Existing scientific record; see category index
tabllm,reanalysis_20260903/A1_tabllm_reference/tabllm_reference_sensitivity.csv,Existing scientific record; see category index
tabllm,reanalysis_20260903/A1_tabllm_reference/tabllm_reference_sensitivity_macro.json,Existing scientific record; see category index
tabllm,tabllm/README.md,Finalization record or reviewer verification output; see category README and REVISION_REPORT.md
tabllm,tabllm/asset_identifiers.json,Finalization record or reviewer verification output; see category README and REVISION_REPORT.md
