category,path,description
robustness/correspondence,experiments/crta_v3_binding_backbone_generality_v1/SUMMARY_V1.json,Existing scientific record; see category index
robustness/correspondence,experiments/crta_v3_binding_backbone_generality_v1/current_smoking_status/seed_50/metrics.json,Existing scientific record; see category index
robustness/correspondence,experiments/crta_v3_binding_backbone_generality_v1/current_smoking_status/seed_51/metrics.json,Existing scientific record; see category index
robustness/correspondence,experiments/crta_v3_binding_backbone_generality_v1/current_smoking_status/seed_52/metrics.json,Existing scientific record; see category index
robustness/correspondence,experiments/crta_v3_binding_backbone_generality_v1/current_smoking_status/seed_53/metrics.json,Existing scientific record; see category index
robustness/correspondence,experiments/crta_v3_binding_backbone_generality_v1/current_smoking_status/seed_54/metrics.json,Existing scientific record; see category index
robustness/correspondence,experiments/crta_v3_binding_backbone_generality_v1/current_smoking_status/seed_55/metrics.json,Existing scientific record; see category index
robustness/correspondence,experiments/crta_v3_binding_backbone_generality_v1/current_smoking_status/seed_56/metrics.json,Existing scientific record; see category index
robustness/correspondence,experiments/crta_v3_binding_backbone_generality_v1/current_smoking_status/seed_57/metrics.json,Existing scientific record; see category index
robustness/correspondence,experiments/crta_v3_binding_backbone_generality_v1/current_smoking_status/seed_58/metrics.json,Existing scientific record; see category index
robustness/correspondence,experiments/crta_v3_binding_backbone_generality_v1/current_smoking_status/seed_59/metrics.json,Existing scientific record; see category index
robustness/correspondence,experiments/crta_v3_binding_backbone_generality_v1/diabetes_history/seed_50/metrics.json,Existing scientific record; see category index
robustness/correspondence,experiments/crta_v3_binding_backbone_generality_v1/diabetes_history/seed_51/metrics.json,Existing scientific record; see category index
robustness/correspondence,experiments/crta_v3_binding_backbone_generality_v1/diabetes_history/seed_52/metrics.json,Existing scientific record; see category index
robustness/correspondence,experiments/crta_v3_binding_backbone_generality_v1/diabetes_history/seed_53/metrics.json,Existing scientific record; see category index
robustness/correspondence,experiments/crta_v3_binding_backbone_generality_v1/diabetes_history/seed_54/metrics.json,Existing scientific record; see category index
robustness/correspondence,experiments/crta_v3_binding_backbone_generality_v1/diabetes_history/seed_55/metrics.json,Existing scientific record; see category index
robustness/correspondence,experiments/crta_v3_binding_backbone_generality_v1/diabetes_history/seed_56/metrics.json,Existing scientific record; see category index
robustness/correspondence,experiments/crta_v3_binding_backbone_generality_v1/diabetes_history/seed_57/metrics.json,Existing scientific record; see category index
robustness/correspondence,experiments/crta_v3_binding_backbone_generality_v1/diabetes_history/seed_58/metrics.json,Existing scientific record; see category index
robustness/correspondence,experiments/crta_v3_binding_backbone_generality_v1/diabetes_history/seed_59/metrics.json,Existing scientific record; see category index
robustness/correspondence,experiments/crta_v3_binding_backbone_generality_v1/hypertension_history/seed_50/metrics.json,Existing scientific record; see category index
robustness/correspondence,experiments/crta_v3_binding_backbone_generality_v1/hypertension_history/seed_51/metrics.json,Existing scientific record; see category index
robustness/correspondence,experiments/crta_v3_binding_backbone_generality_v1/hypertension_history/seed_52/metrics.json,Existing scientific record; see category index
robustness/correspondence,experiments/crta_v3_binding_backbone_generality_v1/hypertension_history/seed_53/metrics.json,Existing scientific record; see category index
robustness/correspondence,experiments/crta_v3_binding_backbone_generality_v1/hypertension_history/seed_54/metrics.json,Existing scientific record; see category index
robustness/correspondence,experiments/crta_v3_binding_backbone_generality_v1/hypertension_history/seed_55/metrics.json,Existing scientific record; see category index
robustness/correspondence,experiments/crta_v3_binding_backbone_generality_v1/hypertension_history/seed_56/metrics.json,Existing scientific record; see category index
robustness/correspondence,experiments/crta_v3_binding_backbone_generality_v1/hypertension_history/seed_57/metrics.json,Existing scientific record; see category index
robustness/correspondence,experiments/crta_v3_binding_backbone_generality_v1/hypertension_history/seed_58/metrics.json,Existing scientific record; see category index
robustness/correspondence,experiments/crta_v3_binding_backbone_generality_v1/hypertension_history/seed_59/metrics.json,Existing scientific record; see category index
robustness/correspondence,experiments/crta_v3_decoy_compiler_specificity_v1/STAGE_A_MATCHER_V1.json,Existing scientific record; see category index
robustness/correspondence,experiments/crta_v3_decoy_compiler_specificity_v1/SUMMARY_V1.json,Existing scientific record; see category index
robustness/correspondence,experiments/crta_v3_decoy_compiler_specificity_v1/stage_b/k1/BINDING_AUDIT_V1.json,Existing scientific record; see category index
robustness/correspondence,experiments/crta_v3_decoy_compiler_specificity_v1/stage_b/k1/angina_history/seed_50/metrics.json,Existing scientific record; see category index
robustness/correspondence,experiments/crta_v3_decoy_compiler_specificity_v1/stage_b/k1/angina_history/seed_51/metrics.json,Existing scientific record; see category index
robustness/correspondence,experiments/crta_v3_decoy_compiler_specificity_v1/stage_b/k1/angina_history/seed_52/metrics.json,Existing scientific record; see category index
robustness/correspondence,experiments/crta_v3_decoy_compiler_specificity_v1/stage_b/k1/angina_history/seed_53/metrics.json,Existing scientific record; see category index
robustness/correspondence,experiments/crta_v3_decoy_compiler_specificity_v1/stage_b/k1/angina_history/seed_54/metrics.json,Existing scientific record; see category index
robustness/correspondence,experiments/crta_v3_decoy_compiler_specificity_v1/stage_b/k1/angina_history/seed_55/metrics.json,Existing scientific record; see category index
robustness/correspondence,experiments/crta_v3_decoy_compiler_specificity_v1/stage_b/k1/angina_history/seed_56/metrics.json,Existing scientific record; see category index
robustness/correspondence,experiments/crta_v3_decoy_compiler_specificity_v1/stage_b/k1/angina_history/seed_57/metrics.json,Existing scientific record; see category index
robustness/correspondence,experiments/crta_v3_decoy_compiler_specificity_v1/stage_b/k1/angina_history/seed_58/metrics.json,Existing scientific record; see category index
robustness/correspondence,experiments/crta_v3_decoy_compiler_specificity_v1/stage_b/k1/angina_history/seed_59/metrics.json,Existing scientific record; see category index
robustness/correspondence,experiments/crta_v3_decoy_compiler_specificity_v1/stage_b/k1/arthritis_history/seed_50/metrics.json,Existing scientific record; see category index
robustness/correspondence,experiments/crta_v3_decoy_compiler_specificity_v1/stage_b/k1/arthritis_history/seed_51/metrics.json,Existing scientific record; see category index
robustness/correspondence,experiments/crta_v3_decoy_compiler_specificity_v1/stage_b/k1/arthritis_history/seed_52/metrics.json,Existing scientific record; see category index
robustness/correspondence,experiments/crta_v3_decoy_compiler_specificity_v1/stage_b/k1/arthritis_history/seed_53/metrics.json,Existing scientific record; see category index
robustness/correspondence,experiments/crta_v3_decoy_compiler_specificity_v1/stage_b/k1/arthritis_history/seed_54/metrics.json,Existing scientific record; see category index
robustness/correspondence,experiments/crta_v3_decoy_compiler_specificity_v1/stage_b/k1/arthritis_history/seed_55/metrics.json,Existing scientific record; see category index
robustness/correspondence,experiments/crta_v3_decoy_compiler_specificity_v1/stage_b/k1/arthritis_history/seed_56/metrics.json,Existing scientific record; see category index
robustness/correspondence,experiments/crta_v3_decoy_compiler_specificity_v1/stage_b/k1/arthritis_history/seed_57/metrics.json,Existing scientific record; see category index
robustness/correspondence,experiments/crta_v3_decoy_compiler_specificity_v1/stage_b/k1/arthritis_history/seed_58/metrics.json,Existing scientific record; see category index
robustness/correspondence,experiments/crta_v3_decoy_compiler_specificity_v1/stage_b/k1/arthritis_history/seed_59/metrics.json,Existing scientific record; see category index
robustness/correspondence,experiments/crta_v3_decoy_compiler_specificity_v1/stage_b/k1/asthma_history/seed_50/metrics.json,Existing scientific record; see category index
robustness/correspondence,experiments/crta_v3_decoy_compiler_specificity_v1/stage_b/k1/asthma_history/seed_51/metrics.json,Existing scientific record; see category index
robustness/correspondence,experiments/crta_v3_decoy_compiler_specificity_v1/stage_b/k1/asthma_history/seed_52/metrics.json,Existing scientific record; see category index
robustness/correspondence,experiments/crta_v3_decoy_compiler_specificity_v1/stage_b/k1/asthma_history/seed_53/metrics.json,Existing scientific record; see category index
robustness/correspondence,experiments/crta_v3_decoy_compiler_specificity_v1/stage_b/k1/asthma_history/seed_54/metrics.json,Existing scientific record; see category index
robustness/correspondence,experiments/crta_v3_decoy_compiler_specificity_v1/stage_b/k1/asthma_history/seed_55/metrics.json,Existing scientific record; see category index
robustness/correspondence,experiments/crta_v3_decoy_compiler_specificity_v1/stage_b/k1/asthma_history/seed_56/metrics.json,Existing scientific record; see category index
robustness/correspondence,experiments/crta_v3_decoy_compiler_specificity_v1/stage_b/k1/asthma_history/seed_57/metrics.json,Existing scientific record; see category index
robustness/correspondence,experiments/crta_v3_decoy_compiler_specificity_v1/stage_b/k1/asthma_history/seed_58/metrics.json,Existing scientific record; see category index
robustness/correspondence,experiments/crta_v3_decoy_compiler_specificity_v1/stage_b/k1/asthma_history/seed_59/metrics.json,Existing scientific record; see category index
robustness/correspondence,experiments/crta_v3_decoy_compiler_specificity_v1/stage_b/k1/cancer_history/seed_50/metrics.json,Existing scientific record; see category index
robustness/correspondence,experiments/crta_v3_decoy_compiler_specificity_v1/stage_b/k1/cancer_history/seed_51/metrics.json,Existing scientific record; see category index
robustness/correspondence,experiments/crta_v3_decoy_compiler_specificity_v1/stage_b/k1/cancer_history/seed_52/metrics.json,Existing scientific record; see category index
robustness/correspondence,experiments/crta_v3_decoy_compiler_specificity_v1/stage_b/k1/cancer_history/seed_53/metrics.json,Existing scientific record; see category index
robustness/correspondence,experiments/crta_v3_decoy_compiler_specificity_v1/stage_b/k1/cancer_history/seed_54/metrics.json,Existing scientific record; see category index
robustness/correspondence,experiments/crta_v3_decoy_compiler_specificity_v1/stage_b/k1/cancer_history/seed_55/metrics.json,Existing scientific record; see category index
robustness/correspondence,experiments/crta_v3_decoy_compiler_specificity_v1/stage_b/k1/cancer_history/seed_56/metrics.json,Existing scientific record; see category index
robustness/correspondence,experiments/crta_v3_decoy_compiler_specificity_v1/stage_b/k1/cancer_history/seed_57/metrics.json,Existing scientific record; see category index
robustness/correspondence,experiments/crta_v3_decoy_compiler_specificity_v1/stage_b/k1/cancer_history/seed_58/metrics.json,Existing scientific record; see category index
robustness/correspondence,experiments/crta_v3_decoy_compiler_specificity_v1/stage_b/k1/cancer_history/seed_59/metrics.json,Existing scientific record; see category index
robustness/correspondence,experiments/crta_v3_decoy_compiler_specificity_v1/stage_b/k1/current_smoking_status/seed_50/metrics.json,Existing scientific record; see category index
robustness/correspondence,experiments/crta_v3_decoy_compiler_specificity_v1/stage_b/k1/current_smoking_status/seed_51/metrics.json,Existing scientific record; see category index
robustness/correspondence,experiments/crta_v3_decoy_compiler_specificity_v1/stage_b/k1/current_smoking_status/seed_52/metrics.json,Existing scientific record; see category index
robustness/correspondence,experiments/crta_v3_decoy_compiler_specificity_v1/stage_b/k1/current_smoking_status/seed_53/metrics.json,Existing scientific record; see category index
robustness/correspondence,experiments/crta_v3_decoy_compiler_specificity_v1/stage_b/k1/current_smoking_status/seed_54/metrics.json,Existing scientific record; see category index
robustness/correspondence,experiments/crta_v3_decoy_compiler_specificity_v1/stage_b/k1/current_smoking_status/seed_55/metrics.json,Existing scientific record; see category index
robustness/correspondence,experiments/crta_v3_decoy_compiler_specificity_v1/stage_b/k1/current_smoking_status/seed_56/metrics.json,Existing scientific record; see category index
robustness/correspondence,experiments/crta_v3_decoy_compiler_specificity_v1/stage_b/k1/current_smoking_status/seed_57/metrics.json,Existing scientific record; see category index
robustness/correspondence,experiments/crta_v3_decoy_compiler_specificity_v1/stage_b/k1/current_smoking_status/seed_58/metrics.json,Existing scientific record; see category index
robustness/correspondence,experiments/crta_v3_decoy_compiler_specificity_v1/stage_b/k1/current_smoking_status/seed_59/metrics.json,Existing scientific record; see category index
robustness/correspondence,experiments/crta_v3_decoy_compiler_specificity_v1/stage_b/k1/diabetes_history/seed_50/metrics.json,Existing scientific record; see category index
robustness/correspondence,experiments/crta_v3_decoy_compiler_specificity_v1/stage_b/k1/diabetes_history/seed_51/metrics.json,Existing scientific record; see category index
robustness/correspondence,experiments/crta_v3_decoy_compiler_specificity_v1/stage_b/k1/diabetes_history/seed_52/metrics.json,Existing scientific record; see category index
robustness/correspondence,experiments/crta_v3_decoy_compiler_specificity_v1/stage_b/k1/diabetes_history/seed_53/metrics.json,Existing scientific record; see category index
robustness/correspondence,experiments/crta_v3_decoy_compiler_specificity_v1/stage_b/k1/diabetes_history/seed_54/metrics.json,Existing scientific record; see category index
robustness/correspondence,experiments/crta_v3_decoy_compiler_specificity_v1/stage_b/k1/diabetes_history/seed_55/metrics.json,Existing scientific record; see category index
robustness/correspondence,experiments/crta_v3_decoy_compiler_specificity_v1/stage_b/k1/diabetes_history/seed_56/metrics.json,Existing scientific record; see category index
robustness/correspondence,experiments/crta_v3_decoy_compiler_specificity_v1/stage_b/k1/diabetes_history/seed_57/metrics.json,Existing scientific record; see category index
robustness/correspondence,experiments/crta_v3_decoy_compiler_specificity_v1/stage_b/k1/diabetes_history/seed_58/metrics.json,Existing scientific record; see category index
robustness/correspondence,experiments/crta_v3_decoy_compiler_specificity_v1/stage_b/k1/diabetes_history/seed_59/metrics.json,Existing scientific record; see category index
robustness/correspondence,experiments/crta_v3_decoy_compiler_specificity_v1/stage_b/k1/heart_attack_history/seed_50/metrics.json,Existing scientific record; see category index
robustness/correspondence,experiments/crta_v3_decoy_compiler_specificity_v1/stage_b/k1/heart_attack_history/seed_51/metrics.json,Existing scientific record; see category index
robustness/correspondence,experiments/crta_v3_decoy_compiler_specificity_v1/stage_b/k1/heart_attack_history/seed_52/metrics.json,Existing scientific record; see category index
robustness/correspondence,experiments/crta_v3_decoy_compiler_specificity_v1/stage_b/k1/heart_attack_history/seed_53/metrics.json,Existing scientific record; see category index
robustness/correspondence,experiments/crta_v3_decoy_compiler_specificity_v1/stage_b/k1/heart_attack_history/seed_54/metrics.json,Existing scientific record; see category index
robustness/correspondence,experiments/crta_v3_decoy_compiler_specificity_v1/stage_b/k1/heart_attack_history/seed_55/metrics.json,Existing scientific record; see category index
robustness/correspondence,experiments/crta_v3_decoy_compiler_specificity_v1/stage_b/k1/heart_attack_history/seed_56/metrics.json,Existing scientific record; see category index
robustness/correspondence,experiments/crta_v3_decoy_compiler_specificity_v1/stage_b/k1/heart_attack_history/seed_57/metrics.json,Existing scientific record; see category index
robustness/correspondence,experiments/crta_v3_decoy_compiler_specificity_v1/stage_b/k1/heart_attack_history/seed_58/metrics.json,Existing scientific record; see category index
robustness/correspondence,experiments/crta_v3_decoy_compiler_specificity_v1/stage_b/k1/heart_attack_history/seed_59/metrics.json,Existing scientific record; see category index
robustness/correspondence,experiments/crta_v3_decoy_compiler_specificity_v1/stage_b/k1/hypertension_history/seed_50/metrics.json,Existing scientific record; see category index
robustness/correspondence,experiments/crta_v3_decoy_compiler_specificity_v1/stage_b/k1/hypertension_history/seed_51/metrics.json,Existing scientific record; see category index
robustness/correspondence,experiments/crta_v3_decoy_compiler_specificity_v1/stage_b/k1/hypertension_history/seed_52/metrics.json,Existing scientific record; see category index
robustness/correspondence,experiments/crta_v3_decoy_compiler_specificity_v1/stage_b/k1/hypertension_history/seed_53/metrics.json,Existing scientific record; see category index
robustness/correspondence,experiments/crta_v3_decoy_compiler_specificity_v1/stage_b/k1/hypertension_history/seed_54/metrics.json,Existing scientific record; see category index
robustness/correspondence,experiments/crta_v3_decoy_compiler_specificity_v1/stage_b/k1/hypertension_history/seed_55/metrics.json,Existing scientific record; see category index
robustness/correspondence,experiments/crta_v3_decoy_compiler_specificity_v1/stage_b/k1/hypertension_history/seed_56/metrics.json,Existing scientific record; see category index
robustness/correspondence,experiments/crta_v3_decoy_compiler_specificity_v1/stage_b/k1/hypertension_history/seed_57/metrics.json,Existing scientific record; see category index
robustness/correspondence,experiments/crta_v3_decoy_compiler_specificity_v1/stage_b/k1/hypertension_history/seed_58/metrics.json,Existing scientific record; see category index
robustness/correspondence,experiments/crta_v3_decoy_compiler_specificity_v1/stage_b/k1/hypertension_history/seed_59/metrics.json,Existing scientific record; see category index
robustness/correspondence,experiments/crta_v3_decoy_compiler_specificity_v1/stage_b/k1/kidney_disease_history/seed_50/metrics.json,Existing scientific record; see category index
robustness/correspondence,experiments/crta_v3_decoy_compiler_specificity_v1/stage_b/k1/kidney_disease_history/seed_51/metrics.json,Existing scientific record; see category index
robustness/correspondence,experiments/crta_v3_decoy_compiler_specificity_v1/stage_b/k1/kidney_disease_history/seed_52/metrics.json,Existing scientific record; see category index
robustness/correspondence,experiments/crta_v3_decoy_compiler_specificity_v1/stage_b/k1/kidney_disease_history/seed_53/metrics.json,Existing scientific record; see category index
robustness/correspondence,experiments/crta_v3_decoy_compiler_specificity_v1/stage_b/k1/kidney_disease_history/seed_54/metrics.json,Existing scientific record; see category index
robustness/correspondence,experiments/crta_v3_decoy_compiler_specificity_v1/stage_b/k1/kidney_disease_history/seed_55/metrics.json,Existing scientific record; see category index
robustness/correspondence,experiments/crta_v3_decoy_compiler_specificity_v1/stage_b/k1/kidney_disease_history/seed_56/metrics.json,Existing scientific record; see category index
robustness/correspondence,experiments/crta_v3_decoy_compiler_specificity_v1/stage_b/k1/kidney_disease_history/seed_57/metrics.json,Existing scientific record; see category index
robustness/correspondence,experiments/crta_v3_decoy_compiler_specificity_v1/stage_b/k1/kidney_disease_history/seed_58/metrics.json,Existing scientific record; see category index
robustness/correspondence,experiments/crta_v3_decoy_compiler_specificity_v1/stage_b/k1/kidney_disease_history/seed_59/metrics.json,Existing scientific record; see category index
robustness/correspondence,experiments/crta_v3_decoy_compiler_specificity_v1/stage_b/k1/stroke_history/seed_50/metrics.json,Existing scientific record; see category index
robustness/correspondence,experiments/crta_v3_decoy_compiler_specificity_v1/stage_b/k1/stroke_history/seed_51/metrics.json,Existing scientific record; see category index
robustness/correspondence,experiments/crta_v3_decoy_compiler_specificity_v1/stage_b/k1/stroke_history/seed_52/metrics.json,Existing scientific record; see category index
robustness/correspondence,experiments/crta_v3_decoy_compiler_specificity_v1/stage_b/k1/stroke_history/seed_53/metrics.json,Existing scientific record; see category index
robustness/correspondence,experiments/crta_v3_decoy_compiler_specificity_v1/stage_b/k1/stroke_history/seed_54/metrics.json,Existing scientific record; see category index
robustness/correspondence,experiments/crta_v3_decoy_compiler_specificity_v1/stage_b/k1/stroke_history/seed_55/metrics.json,Existing scientific record; see category index
robustness/correspondence,experiments/crta_v3_decoy_compiler_specificity_v1/stage_b/k1/stroke_history/seed_56/metrics.json,Existing scientific record; see category index
robustness/correspondence,experiments/crta_v3_decoy_compiler_specificity_v1/stage_b/k1/stroke_history/seed_57/metrics.json,Existing scientific record; see category index
robustness/correspondence,experiments/crta_v3_decoy_compiler_specificity_v1/stage_b/k1/stroke_history/seed_58/metrics.json,Existing scientific record; see category index
robustness/correspondence,experiments/crta_v3_decoy_compiler_specificity_v1/stage_b/k1/stroke_history/seed_59/metrics.json,Existing scientific record; see category index
robustness/correspondence,experiments/crta_v3_decoy_compiler_specificity_v1/stage_b/k3/BINDING_AUDIT_V1.json,Existing scientific record; see category index
robustness/correspondence,experiments/crta_v3_decoy_compiler_specificity_v1/stage_b/k3/angina_history/seed_50/metrics.json,Existing scientific record; see category index
robustness/correspondence,experiments/crta_v3_decoy_compiler_specificity_v1/stage_b/k3/angina_history/seed_51/metrics.json,Existing scientific record; see category index
robustness/correspondence,experiments/crta_v3_decoy_compiler_specificity_v1/stage_b/k3/angina_history/seed_52/metrics.json,Existing scientific record; see category index
robustness/correspondence,experiments/crta_v3_decoy_compiler_specificity_v1/stage_b/k3/angina_history/seed_53/metrics.json,Existing scientific record; see category index
robustness/correspondence,experiments/crta_v3_decoy_compiler_specificity_v1/stage_b/k3/angina_history/seed_54/metrics.json,Existing scientific record; see category index
robustness/correspondence,experiments/crta_v3_decoy_compiler_specificity_v1/stage_b/k3/angina_history/seed_55/metrics.json,Existing scientific record; see category index
robustness/correspondence,experiments/crta_v3_decoy_compiler_specificity_v1/stage_b/k3/angina_history/seed_56/metrics.json,Existing scientific record; see category index
robustness/correspondence,experiments/crta_v3_decoy_compiler_specificity_v1/stage_b/k3/angina_history/seed_57/metrics.json,Existing scientific record; see category index
robustness/correspondence,experiments/crta_v3_decoy_compiler_specificity_v1/stage_b/k3/angina_history/seed_58/metrics.json,Existing scientific record; see category index
robustness/correspondence,experiments/crta_v3_decoy_compiler_specificity_v1/stage_b/k3/angina_history/seed_59/metrics.json,Existing scientific record; see category index
robustness/correspondence,experiments/crta_v3_decoy_compiler_specificity_v1/stage_b/k3/arthritis_history/seed_50/metrics.json,Existing scientific record; see category index
robustness/correspondence,experiments/crta_v3_decoy_compiler_specificity_v1/stage_b/k3/arthritis_history/seed_51/metrics.json,Existing scientific record; see category index
robustness/correspondence,experiments/crta_v3_decoy_compiler_specificity_v1/stage_b/k3/arthritis_history/seed_52/metrics.json,Existing scientific record; see category index
robustness/correspondence,experiments/crta_v3_decoy_compiler_specificity_v1/stage_b/k3/arthritis_history/seed_53/metrics.json,Existing scientific record; see category index
robustness/correspondence,experiments/crta_v3_decoy_compiler_specificity_v1/stage_b/k3/arthritis_history/seed_54/metrics.json,Existing scientific record; see category index
robustness/correspondence,experiments/crta_v3_decoy_compiler_specificity_v1/stage_b/k3/arthritis_history/seed_55/metrics.json,Existing scientific record; see category index
robustness/correspondence,experiments/crta_v3_decoy_compiler_specificity_v1/stage_b/k3/arthritis_history/seed_56/metrics.json,Existing scientific record; see category index
robustness/correspondence,experiments/crta_v3_decoy_compiler_specificity_v1/stage_b/k3/arthritis_history/seed_57/metrics.json,Existing scientific record; see category index
robustness/correspondence,experiments/crta_v3_decoy_compiler_specificity_v1/stage_b/k3/arthritis_history/seed_58/metrics.json,Existing scientific record; see category index
robustness/correspondence,experiments/crta_v3_decoy_compiler_specificity_v1/stage_b/k3/arthritis_history/seed_59/metrics.json,Existing scientific record; see category index
robustness/correspondence,experiments/crta_v3_decoy_compiler_specificity_v1/stage_b/k3/asthma_history/seed_50/metrics.json,Existing scientific record; see category index
robustness/correspondence,experiments/crta_v3_decoy_compiler_specificity_v1/stage_b/k3/asthma_history/seed_51/metrics.json,Existing scientific record; see category index
robustness/correspondence,experiments/crta_v3_decoy_compiler_specificity_v1/stage_b/k3/asthma_history/seed_52/metrics.json,Existing scientific record; see category index
robustness/correspondence,experiments/crta_v3_decoy_compiler_specificity_v1/stage_b/k3/asthma_history/seed_53/metrics.json,Existing scientific record; see category index
robustness/correspondence,experiments/crta_v3_decoy_compiler_specificity_v1/stage_b/k3/asthma_history/seed_54/metrics.json,Existing scientific record; see category index
robustness/correspondence,experiments/crta_v3_decoy_compiler_specificity_v1/stage_b/k3/asthma_history/seed_55/metrics.json,Existing scientific record; see category index
robustness/correspondence,experiments/crta_v3_decoy_compiler_specificity_v1/stage_b/k3/asthma_history/seed_56/metrics.json,Existing scientific record; see category index
robustness/correspondence,experiments/crta_v3_decoy_compiler_specificity_v1/stage_b/k3/asthma_history/seed_57/metrics.json,Existing scientific record; see category index
robustness/correspondence,experiments/crta_v3_decoy_compiler_specificity_v1/stage_b/k3/asthma_history/seed_58/metrics.json,Existing scientific record; see category index
robustness/correspondence,experiments/crta_v3_decoy_compiler_specificity_v1/stage_b/k3/asthma_history/seed_59/metrics.json,Existing scientific record; see category index
robustness/correspondence,experiments/crta_v3_decoy_compiler_specificity_v1/stage_b/k3/cancer_history/seed_50/metrics.json,Existing scientific record; see category index
robustness/correspondence,experiments/crta_v3_decoy_compiler_specificity_v1/stage_b/k3/cancer_history/seed_51/metrics.json,Existing scientific record; see category index
robustness/correspondence,experiments/crta_v3_decoy_compiler_specificity_v1/stage_b/k3/cancer_history/seed_52/metrics.json,Existing scientific record; see category index
robustness/correspondence,experiments/crta_v3_decoy_compiler_specificity_v1/stage_b/k3/cancer_history/seed_53/metrics.json,Existing scientific record; see category index
robustness/correspondence,experiments/crta_v3_decoy_compiler_specificity_v1/stage_b/k3/cancer_history/seed_54/metrics.json,Existing scientific record; see category index
robustness/correspondence,experiments/crta_v3_decoy_compiler_specificity_v1/stage_b/k3/cancer_history/seed_55/metrics.json,Existing scientific record; see category index
robustness/correspondence,experiments/crta_v3_decoy_compiler_specificity_v1/stage_b/k3/cancer_history/seed_56/metrics.json,Existing scientific record; see category index
robustness/correspondence,experiments/crta_v3_decoy_compiler_specificity_v1/stage_b/k3/cancer_history/seed_57/metrics.json,Existing scientific record; see category index
robustness/correspondence,experiments/crta_v3_decoy_compiler_specificity_v1/stage_b/k3/cancer_history/seed_58/metrics.json,Existing scientific record; see category index
robustness/correspondence,experiments/crta_v3_decoy_compiler_specificity_v1/stage_b/k3/cancer_history/seed_59/metrics.json,Existing scientific record; see category index
robustness/correspondence,experiments/crta_v3_decoy_compiler_specificity_v1/stage_b/k3/current_smoking_status/seed_50/metrics.json,Existing scientific record; see category index
robustness/correspondence,experiments/crta_v3_decoy_compiler_specificity_v1/stage_b/k3/current_smoking_status/seed_51/metrics.json,Existing scientific record; see category index
robustness/correspondence,experiments/crta_v3_decoy_compiler_specificity_v1/stage_b/k3/current_smoking_status/seed_52/metrics.json,Existing scientific record; see category index
robustness/correspondence,experiments/crta_v3_decoy_compiler_specificity_v1/stage_b/k3/current_smoking_status/seed_53/metrics.json,Existing scientific record; see category index
robustness/correspondence,experiments/crta_v3_decoy_compiler_specificity_v1/stage_b/k3/current_smoking_status/seed_54/metrics.json,Existing scientific record; see category index
robustness/correspondence,experiments/crta_v3_decoy_compiler_specificity_v1/stage_b/k3/current_smoking_status/seed_55/metrics.json,Existing scientific record; see category index
robustness/correspondence,experiments/crta_v3_decoy_compiler_specificity_v1/stage_b/k3/current_smoking_status/seed_56/metrics.json,Existing scientific record; see category index
robustness/correspondence,experiments/crta_v3_decoy_compiler_specificity_v1/stage_b/k3/current_smoking_status/seed_57/metrics.json,Existing scientific record; see category index
robustness/correspondence,experiments/crta_v3_decoy_compiler_specificity_v1/stage_b/k3/current_smoking_status/seed_58/metrics.json,Existing scientific record; see category index
robustness/correspondence,experiments/crta_v3_decoy_compiler_specificity_v1/stage_b/k3/current_smoking_status/seed_59/metrics.json,Existing scientific record; see category index
robustness/correspondence,experiments/crta_v3_decoy_compiler_specificity_v1/stage_b/k3/diabetes_history/seed_50/metrics.json,Existing scientific record; see category index
robustness/correspondence,experiments/crta_v3_decoy_compiler_specificity_v1/stage_b/k3/diabetes_history/seed_51/metrics.json,Existing scientific record; see category index
robustness/correspondence,experiments/crta_v3_decoy_compiler_specificity_v1/stage_b/k3/diabetes_history/seed_52/metrics.json,Existing scientific record; see category index
robustness/correspondence,experiments/crta_v3_decoy_compiler_specificity_v1/stage_b/k3/diabetes_history/seed_53/metrics.json,Existing scientific record; see category index
robustness/correspondence,experiments/crta_v3_decoy_compiler_specificity_v1/stage_b/k3/diabetes_history/seed_54/metrics.json,Existing scientific record; see category index
robustness/correspondence,experiments/crta_v3_decoy_compiler_specificity_v1/stage_b/k3/diabetes_history/seed_55/metrics.json,Existing scientific record; see category index
robustness/correspondence,experiments/crta_v3_decoy_compiler_specificity_v1/stage_b/k3/diabetes_history/seed_56/metrics.json,Existing scientific record; see category index
robustness/correspondence,experiments/crta_v3_decoy_compiler_specificity_v1/stage_b/k3/diabetes_history/seed_57/metrics.json,Existing scientific record; see category index
robustness/correspondence,experiments/crta_v3_decoy_compiler_specificity_v1/stage_b/k3/diabetes_history/seed_58/metrics.json,Existing scientific record; see category index
robustness/correspondence,experiments/crta_v3_decoy_compiler_specificity_v1/stage_b/k3/diabetes_history/seed_59/metrics.json,Existing scientific record; see category index
robustness/correspondence,experiments/crta_v3_decoy_compiler_specificity_v1/stage_b/k3/heart_attack_history/seed_50/metrics.json,Existing scientific record; see category index
robustness/correspondence,experiments/crta_v3_decoy_compiler_specificity_v1/stage_b/k3/heart_attack_history/seed_51/metrics.json,Existing scientific record; see category index
robustness/correspondence,experiments/crta_v3_decoy_compiler_specificity_v1/stage_b/k3/heart_attack_history/seed_52/metrics.json,Existing scientific record; see category index
robustness/correspondence,experiments/crta_v3_decoy_compiler_specificity_v1/stage_b/k3/heart_attack_history/seed_53/metrics.json,Existing scientific record; see category index
robustness/correspondence,experiments/crta_v3_decoy_compiler_specificity_v1/stage_b/k3/heart_attack_history/seed_54/metrics.json,Existing scientific record; see category index
robustness/correspondence,experiments/crta_v3_decoy_compiler_specificity_v1/stage_b/k3/heart_attack_history/seed_55/metrics.json,Existing scientific record; see category index
robustness/correspondence,experiments/crta_v3_decoy_compiler_specificity_v1/stage_b/k3/heart_attack_history/seed_56/metrics.json,Existing scientific record; see category index
robustness/correspondence,experiments/crta_v3_decoy_compiler_specificity_v1/stage_b/k3/heart_attack_history/seed_57/metrics.json,Existing scientific record; see category index
robustness/correspondence,experiments/crta_v3_decoy_compiler_specificity_v1/stage_b/k3/heart_attack_history/seed_58/metrics.json,Existing scientific record; see category index
robustness/correspondence,experiments/crta_v3_decoy_compiler_specificity_v1/stage_b/k3/heart_attack_history/seed_59/metrics.json,Existing scientific record; see category index
robustness/correspondence,experiments/crta_v3_decoy_compiler_specificity_v1/stage_b/k3/hypertension_history/seed_50/metrics.json,Existing scientific record; see category index
robustness/correspondence,experiments/crta_v3_decoy_compiler_specificity_v1/stage_b/k3/hypertension_history/seed_51/metrics.json,Existing scientific record; see category index
robustness/correspondence,experiments/crta_v3_decoy_compiler_specificity_v1/stage_b/k3/hypertension_history/seed_52/metrics.json,Existing scientific record; see category index
robustness/correspondence,experiments/crta_v3_decoy_compiler_specificity_v1/stage_b/k3/hypertension_history/seed_53/metrics.json,Existing scientific record; see category index
robustness/correspondence,experiments/crta_v3_decoy_compiler_specificity_v1/stage_b/k3/hypertension_history/seed_54/metrics.json,Existing scientific record; see category index
robustness/correspondence,experiments/crta_v3_decoy_compiler_specificity_v1/stage_b/k3/hypertension_history/seed_55/metrics.json,Existing scientific record; see category index
robustness/correspondence,experiments/crta_v3_decoy_compiler_specificity_v1/stage_b/k3/hypertension_history/seed_56/metrics.json,Existing scientific record; see category index
robustness/correspondence,experiments/crta_v3_decoy_compiler_specificity_v1/stage_b/k3/hypertension_history/seed_57/metrics.json,Existing scientific record; see category index
robustness/correspondence,experiments/crta_v3_decoy_compiler_specificity_v1/stage_b/k3/hypertension_history/seed_58/metrics.json,Existing scientific record; see category index
robustness/correspondence,experiments/crta_v3_decoy_compiler_specificity_v1/stage_b/k3/hypertension_history/seed_59/metrics.json,Existing scientific record; see category index
robustness/correspondence,experiments/crta_v3_decoy_compiler_specificity_v1/stage_b/k3/kidney_disease_history/seed_50/metrics.json,Existing scientific record; see category index
robustness/correspondence,experiments/crta_v3_decoy_compiler_specificity_v1/stage_b/k3/kidney_disease_history/seed_51/metrics.json,Existing scientific record; see category index
robustness/correspondence,experiments/crta_v3_decoy_compiler_specificity_v1/stage_b/k3/kidney_disease_history/seed_52/metrics.json,Existing scientific record; see category index
robustness/correspondence,experiments/crta_v3_decoy_compiler_specificity_v1/stage_b/k3/kidney_disease_history/seed_53/metrics.json,Existing scientific record; see category index
robustness/correspondence,experiments/crta_v3_decoy_compiler_specificity_v1/stage_b/k3/kidney_disease_history/seed_54/metrics.json,Existing scientific record; see category index
robustness/correspondence,experiments/crta_v3_decoy_compiler_specificity_v1/stage_b/k3/kidney_disease_history/seed_55/metrics.json,Existing scientific record; see category index
robustness/correspondence,experiments/crta_v3_decoy_compiler_specificity_v1/stage_b/k3/kidney_disease_history/seed_56/metrics.json,Existing scientific record; see category index
robustness/correspondence,experiments/crta_v3_decoy_compiler_specificity_v1/stage_b/k3/kidney_disease_history/seed_57/metrics.json,Existing scientific record; see category index
robustness/correspondence,experiments/crta_v3_decoy_compiler_specificity_v1/stage_b/k3/kidney_disease_history/seed_58/metrics.json,Existing scientific record; see category index
robustness/correspondence,experiments/crta_v3_decoy_compiler_specificity_v1/stage_b/k3/kidney_disease_history/seed_59/metrics.json,Existing scientific record; see category index
robustness/correspondence,experiments/crta_v3_decoy_compiler_specificity_v1/stage_b/k3/stroke_history/seed_50/metrics.json,Existing scientific record; see category index
robustness/correspondence,experiments/crta_v3_decoy_compiler_specificity_v1/stage_b/k3/stroke_history/seed_51/metrics.json,Existing scientific record; see category index
robustness/correspondence,experiments/crta_v3_decoy_compiler_specificity_v1/stage_b/k3/stroke_history/seed_52/metrics.json,Existing scientific record; see category index
robustness/correspondence,experiments/crta_v3_decoy_compiler_specificity_v1/stage_b/k3/stroke_history/seed_53/metrics.json,Existing scientific record; see category index
robustness/correspondence,experiments/crta_v3_decoy_compiler_specificity_v1/stage_b/k3/stroke_history/seed_54/metrics.json,Existing scientific record; see category index
robustness/correspondence,experiments/crta_v3_decoy_compiler_specificity_v1/stage_b/k3/stroke_history/seed_55/metrics.json,Existing scientific record; see category index
robustness/correspondence,experiments/crta_v3_decoy_compiler_specificity_v1/stage_b/k3/stroke_history/seed_56/metrics.json,Existing scientific record; see category index
robustness/correspondence,experiments/crta_v3_decoy_compiler_specificity_v1/stage_b/k3/stroke_history/seed_57/metrics.json,Existing scientific record; see category index
robustness/correspondence,experiments/crta_v3_decoy_compiler_specificity_v1/stage_b/k3/stroke_history/seed_58/metrics.json,Existing scientific record; see category index
robustness/correspondence,experiments/crta_v3_decoy_compiler_specificity_v1/stage_b/k3/stroke_history/seed_59/metrics.json,Existing scientific record; see category index
robustness/correspondence,experiments/crta_v3_decoy_compiler_specificity_v1/stage_b/k5/BINDING_AUDIT_V1.json,Existing scientific record; see category index
robustness/correspondence,experiments/crta_v3_decoy_compiler_specificity_v1/stage_b/k5/angina_history/seed_50/metrics.json,Existing scientific record; see category index
robustness/correspondence,experiments/crta_v3_decoy_compiler_specificity_v1/stage_b/k5/angina_history/seed_51/metrics.json,Existing scientific record; see category index
robustness/correspondence,experiments/crta_v3_decoy_compiler_specificity_v1/stage_b/k5/angina_history/seed_52/metrics.json,Existing scientific record; see category index
robustness/correspondence,experiments/crta_v3_decoy_compiler_specificity_v1/stage_b/k5/angina_history/seed_53/metrics.json,Existing scientific record; see category index
robustness/correspondence,experiments/crta_v3_decoy_compiler_specificity_v1/stage_b/k5/angina_history/seed_54/metrics.json,Existing scientific record; see category index
robustness/correspondence,experiments/crta_v3_decoy_compiler_specificity_v1/stage_b/k5/angina_history/seed_55/metrics.json,Existing scientific record; see category index
robustness/correspondence,experiments/crta_v3_decoy_compiler_specificity_v1/stage_b/k5/angina_history/seed_56/metrics.json,Existing scientific record; see category index
robustness/correspondence,experiments/crta_v3_decoy_compiler_specificity_v1/stage_b/k5/angina_history/seed_57/metrics.json,Existing scientific record; see category index
robustness/correspondence,experiments/crta_v3_decoy_compiler_specificity_v1/stage_b/k5/angina_history/seed_58/metrics.json,Existing scientific record; see category index
robustness/correspondence,experiments/crta_v3_decoy_compiler_specificity_v1/stage_b/k5/angina_history/seed_59/metrics.json,Existing scientific record; see category index
robustness/correspondence,experiments/crta_v3_decoy_compiler_specificity_v1/stage_b/k5/arthritis_history/seed_50/metrics.json,Existing scientific record; see category index
robustness/correspondence,experiments/crta_v3_decoy_compiler_specificity_v1/stage_b/k5/arthritis_history/seed_51/metrics.json,Existing scientific record; see category index
robustness/correspondence,experiments/crta_v3_decoy_compiler_specificity_v1/stage_b/k5/arthritis_history/seed_52/metrics.json,Existing scientific record; see category index
robustness/correspondence,experiments/crta_v3_decoy_compiler_specificity_v1/stage_b/k5/arthritis_history/seed_53/metrics.json,Existing scientific record; see category index
robustness/correspondence,experiments/crta_v3_decoy_compiler_specificity_v1/stage_b/k5/arthritis_history/seed_54/metrics.json,Existing scientific record; see category index
robustness/correspondence,experiments/crta_v3_decoy_compiler_specificity_v1/stage_b/k5/arthritis_history/seed_55/metrics.json,Existing scientific record; see category index
robustness/correspondence,experiments/crta_v3_decoy_compiler_specificity_v1/stage_b/k5/arthritis_history/seed_56/metrics.json,Existing scientific record; see category index
robustness/correspondence,experiments/crta_v3_decoy_compiler_specificity_v1/stage_b/k5/arthritis_history/seed_57/metrics.json,Existing scientific record; see category index
robustness/correspondence,experiments/crta_v3_decoy_compiler_specificity_v1/stage_b/k5/arthritis_history/seed_58/metrics.json,Existing scientific record; see category index
robustness/correspondence,experiments/crta_v3_decoy_compiler_specificity_v1/stage_b/k5/arthritis_history/seed_59/metrics.json,Existing scientific record; see category index
robustness/correspondence,experiments/crta_v3_decoy_compiler_specificity_v1/stage_b/k5/asthma_history/seed_50/metrics.json,Existing scientific record; see category index
robustness/correspondence,experiments/crta_v3_decoy_compiler_specificity_v1/stage_b/k5/asthma_history/seed_51/metrics.json,Existing scientific record; see category index
robustness/correspondence,experiments/crta_v3_decoy_compiler_specificity_v1/stage_b/k5/asthma_history/seed_52/metrics.json,Existing scientific record; see category index
robustness/correspondence,experiments/crta_v3_decoy_compiler_specificity_v1/stage_b/k5/asthma_history/seed_53/metrics.json,Existing scientific record; see category index
robustness/correspondence,experiments/crta_v3_decoy_compiler_specificity_v1/stage_b/k5/asthma_history/seed_54/metrics.json,Existing scientific record; see category index
robustness/correspondence,experiments/crta_v3_decoy_compiler_specificity_v1/stage_b/k5/asthma_history/seed_55/metrics.json,Existing scientific record; see category index
robustness/correspondence,experiments/crta_v3_decoy_compiler_specificity_v1/stage_b/k5/asthma_history/seed_56/metrics.json,Existing scientific record; see category index
robustness/correspondence,experiments/crta_v3_decoy_compiler_specificity_v1/stage_b/k5/asthma_history/seed_57/metrics.json,Existing scientific record; see category index
robustness/correspondence,experiments/crta_v3_decoy_compiler_specificity_v1/stage_b/k5/asthma_history/seed_58/metrics.json,Existing scientific record; see category index
robustness/correspondence,experiments/crta_v3_decoy_compiler_specificity_v1/stage_b/k5/asthma_history/seed_59/metrics.json,Existing scientific record; see category index
robustness/correspondence,experiments/crta_v3_decoy_compiler_specificity_v1/stage_b/k5/cancer_history/seed_50/metrics.json,Existing scientific record; see category index
robustness/correspondence,experiments/crta_v3_decoy_compiler_specificity_v1/stage_b/k5/cancer_history/seed_51/metrics.json,Existing scientific record; see category index
robustness/correspondence,experiments/crta_v3_decoy_compiler_specificity_v1/stage_b/k5/cancer_history/seed_52/metrics.json,Existing scientific record; see category index
robustness/correspondence,experiments/crta_v3_decoy_compiler_specificity_v1/stage_b/k5/cancer_history/seed_53/metrics.json,Existing scientific record; see category index
robustness/correspondence,experiments/crta_v3_decoy_compiler_specificity_v1/stage_b/k5/cancer_history/seed_54/metrics.json,Existing scientific record; see category index
robustness/correspondence,experiments/crta_v3_decoy_compiler_specificity_v1/stage_b/k5/cancer_history/seed_55/metrics.json,Existing scientific record; see category index
robustness/correspondence,experiments/crta_v3_decoy_compiler_specificity_v1/stage_b/k5/cancer_history/seed_56/metrics.json,Existing scientific record; see category index
robustness/correspondence,experiments/crta_v3_decoy_compiler_specificity_v1/stage_b/k5/cancer_history/seed_57/metrics.json,Existing scientific record; see category index
robustness/correspondence,experiments/crta_v3_decoy_compiler_specificity_v1/stage_b/k5/cancer_history/seed_58/metrics.json,Existing scientific record; see category index
robustness/correspondence,experiments/crta_v3_decoy_compiler_specificity_v1/stage_b/k5/cancer_history/seed_59/metrics.json,Existing scientific record; see category index
robustness/correspondence,experiments/crta_v3_decoy_compiler_specificity_v1/stage_b/k5/current_smoking_status/seed_50/metrics.json,Existing scientific record; see category index
robustness/correspondence,experiments/crta_v3_decoy_compiler_specificity_v1/stage_b/k5/current_smoking_status/seed_51/metrics.json,Existing scientific record; see category index
robustness/correspondence,experiments/crta_v3_decoy_compiler_specificity_v1/stage_b/k5/current_smoking_status/seed_52/metrics.json,Existing scientific record; see category index
robustness/correspondence,experiments/crta_v3_decoy_compiler_specificity_v1/stage_b/k5/current_smoking_status/seed_53/metrics.json,Existing scientific record; see category index
robustness/correspondence,experiments/crta_v3_decoy_compiler_specificity_v1/stage_b/k5/current_smoking_status/seed_54/metrics.json,Existing scientific record; see category index
robustness/correspondence,experiments/crta_v3_decoy_compiler_specificity_v1/stage_b/k5/current_smoking_status/seed_55/metrics.json,Existing scientific record; see category index
robustness/correspondence,experiments/crta_v3_decoy_compiler_specificity_v1/stage_b/k5/current_smoking_status/seed_56/metrics.json,Existing scientific record; see category index
robustness/correspondence,experiments/crta_v3_decoy_compiler_specificity_v1/stage_b/k5/current_smoking_status/seed_57/metrics.json,Existing scientific record; see category index
robustness/correspondence,experiments/crta_v3_decoy_compiler_specificity_v1/stage_b/k5/current_smoking_status/seed_58/metrics.json,Existing scientific record; see category index
robustness/correspondence,experiments/crta_v3_decoy_compiler_specificity_v1/stage_b/k5/current_smoking_status/seed_59/metrics.json,Existing scientific record; see category index
robustness/correspondence,experiments/crta_v3_decoy_compiler_specificity_v1/stage_b/k5/diabetes_history/seed_50/metrics.json,Existing scientific record; see category index
robustness/correspondence,experiments/crta_v3_decoy_compiler_specificity_v1/stage_b/k5/diabetes_history/seed_51/metrics.json,Existing scientific record; see category index
robustness/correspondence,experiments/crta_v3_decoy_compiler_specificity_v1/stage_b/k5/diabetes_history/seed_52/metrics.json,Existing scientific record; see category index
robustness/correspondence,experiments/crta_v3_decoy_compiler_specificity_v1/stage_b/k5/diabetes_history/seed_53/metrics.json,Existing scientific record; see category index
robustness/correspondence,experiments/crta_v3_decoy_compiler_specificity_v1/stage_b/k5/diabetes_history/seed_54/metrics.json,Existing scientific record; see category index
robustness/correspondence,experiments/crta_v3_decoy_compiler_specificity_v1/stage_b/k5/diabetes_history/seed_55/metrics.json,Existing scientific record; see category index
robustness/correspondence,experiments/crta_v3_decoy_compiler_specificity_v1/stage_b/k5/diabetes_history/seed_56/metrics.json,Existing scientific record; see category index
robustness/correspondence,experiments/crta_v3_decoy_compiler_specificity_v1/stage_b/k5/diabetes_history/seed_57/metrics.json,Existing scientific record; see category index
robustness/correspondence,experiments/crta_v3_decoy_compiler_specificity_v1/stage_b/k5/diabetes_history/seed_58/metrics.json,Existing scientific record; see category index
robustness/correspondence,experiments/crta_v3_decoy_compiler_specificity_v1/stage_b/k5/diabetes_history/seed_59/metrics.json,Existing scientific record; see category index
robustness/correspondence,experiments/crta_v3_decoy_compiler_specificity_v1/stage_b/k5/heart_attack_history/seed_50/metrics.json,Existing scientific record; see category index
robustness/correspondence,experiments/crta_v3_decoy_compiler_specificity_v1/stage_b/k5/heart_attack_history/seed_51/metrics.json,Existing scientific record; see category index
robustness/correspondence,experiments/crta_v3_decoy_compiler_specificity_v1/stage_b/k5/heart_attack_history/seed_52/metrics.json,Existing scientific record; see category index
robustness/correspondence,experiments/crta_v3_decoy_compiler_specificity_v1/stage_b/k5/heart_attack_history/seed_53/metrics.json,Existing scientific record; see category index
robustness/correspondence,experiments/crta_v3_decoy_compiler_specificity_v1/stage_b/k5/heart_attack_history/seed_54/metrics.json,Existing scientific record; see category index
robustness/correspondence,experiments/crta_v3_decoy_compiler_specificity_v1/stage_b/k5/heart_attack_history/seed_55/metrics.json,Existing scientific record; see category index
robustness/correspondence,experiments/crta_v3_decoy_compiler_specificity_v1/stage_b/k5/heart_attack_history/seed_56/metrics.json,Existing scientific record; see category index
robustness/correspondence,experiments/crta_v3_decoy_compiler_specificity_v1/stage_b/k5/heart_attack_history/seed_57/metrics.json,Existing scientific record; see category index
robustness/correspondence,experiments/crta_v3_decoy_compiler_specificity_v1/stage_b/k5/heart_attack_history/seed_58/metrics.json,Existing scientific record; see category index
robustness/correspondence,experiments/crta_v3_decoy_compiler_specificity_v1/stage_b/k5/heart_attack_history/seed_59/metrics.json,Existing scientific record; see category index
robustness/correspondence,experiments/crta_v3_decoy_compiler_specificity_v1/stage_b/k5/hypertension_history/seed_50/metrics.json,Existing scientific record; see category index
robustness/correspondence,experiments/crta_v3_decoy_compiler_specificity_v1/stage_b/k5/hypertension_history/seed_51/metrics.json,Existing scientific record; see category index
robustness/correspondence,experiments/crta_v3_decoy_compiler_specificity_v1/stage_b/k5/hypertension_history/seed_52/metrics.json,Existing scientific record; see category index
robustness/correspondence,experiments/crta_v3_decoy_compiler_specificity_v1/stage_b/k5/hypertension_history/seed_53/metrics.json,Existing scientific record; see category index
robustness/correspondence,experiments/crta_v3_decoy_compiler_specificity_v1/stage_b/k5/hypertension_history/seed_54/metrics.json,Existing scientific record; see category index
robustness/correspondence,experiments/crta_v3_decoy_compiler_specificity_v1/stage_b/k5/hypertension_history/seed_55/metrics.json,Existing scientific record; see category index
robustness/correspondence,experiments/crta_v3_decoy_compiler_specificity_v1/stage_b/k5/hypertension_history/seed_56/metrics.json,Existing scientific record; see category index
robustness/correspondence,experiments/crta_v3_decoy_compiler_specificity_v1/stage_b/k5/hypertension_history/seed_57/metrics.json,Existing scientific record; see category index
robustness/correspondence,experiments/crta_v3_decoy_compiler_specificity_v1/stage_b/k5/hypertension_history/seed_58/metrics.json,Existing scientific record; see category index
robustness/correspondence,experiments/crta_v3_decoy_compiler_specificity_v1/stage_b/k5/hypertension_history/seed_59/metrics.json,Existing scientific record; see category index
robustness/correspondence,experiments/crta_v3_decoy_compiler_specificity_v1/stage_b/k5/kidney_disease_history/seed_50/metrics.json,Existing scientific record; see category index
robustness/correspondence,experiments/crta_v3_decoy_compiler_specificity_v1/stage_b/k5/kidney_disease_history/seed_51/metrics.json,Existing scientific record; see category index
robustness/correspondence,experiments/crta_v3_decoy_compiler_specificity_v1/stage_b/k5/kidney_disease_history/seed_52/metrics.json,Existing scientific record; see category index
robustness/correspondence,experiments/crta_v3_decoy_compiler_specificity_v1/stage_b/k5/kidney_disease_history/seed_53/metrics.json,Existing scientific record; see category index
robustness/correspondence,experiments/crta_v3_decoy_compiler_specificity_v1/stage_b/k5/kidney_disease_history/seed_54/metrics.json,Existing scientific record; see category index
robustness/correspondence,experiments/crta_v3_decoy_compiler_specificity_v1/stage_b/k5/kidney_disease_history/seed_55/metrics.json,Existing scientific record; see category index
robustness/correspondence,experiments/crta_v3_decoy_compiler_specificity_v1/stage_b/k5/kidney_disease_history/seed_56/metrics.json,Existing scientific record; see category index
robustness/correspondence,experiments/crta_v3_decoy_compiler_specificity_v1/stage_b/k5/kidney_disease_history/seed_57/metrics.json,Existing scientific record; see category index
robustness/correspondence,experiments/crta_v3_decoy_compiler_specificity_v1/stage_b/k5/kidney_disease_history/seed_58/metrics.json,Existing scientific record; see category index
robustness/correspondence,experiments/crta_v3_decoy_compiler_specificity_v1/stage_b/k5/kidney_disease_history/seed_59/metrics.json,Existing scientific record; see category index
robustness/correspondence,experiments/crta_v3_decoy_compiler_specificity_v1/stage_b/k5/stroke_history/seed_50/metrics.json,Existing scientific record; see category index
robustness/correspondence,experiments/crta_v3_decoy_compiler_specificity_v1/stage_b/k5/stroke_history/seed_51/metrics.json,Existing scientific record; see category index
robustness/correspondence,experiments/crta_v3_decoy_compiler_specificity_v1/stage_b/k5/stroke_history/seed_52/metrics.json,Existing scientific record; see category index
robustness/correspondence,experiments/crta_v3_decoy_compiler_specificity_v1/stage_b/k5/stroke_history/seed_53/metrics.json,Existing scientific record; see category index
robustness/correspondence,experiments/crta_v3_decoy_compiler_specificity_v1/stage_b/k5/stroke_history/seed_54/metrics.json,Existing scientific record; see category index
robustness/correspondence,experiments/crta_v3_decoy_compiler_specificity_v1/stage_b/k5/stroke_history/seed_55/metrics.json,Existing scientific record; see category index
robustness/correspondence,experiments/crta_v3_decoy_compiler_specificity_v1/stage_b/k5/stroke_history/seed_56/metrics.json,Existing scientific record; see category index
robustness/correspondence,experiments/crta_v3_decoy_compiler_specificity_v1/stage_b/k5/stroke_history/seed_57/metrics.json,Existing scientific record; see category index
robustness/correspondence,experiments/crta_v3_decoy_compiler_specificity_v1/stage_b/k5/stroke_history/seed_58/metrics.json,Existing scientific record; see category index
robustness/correspondence,experiments/crta_v3_decoy_compiler_specificity_v1/stage_b/k5/stroke_history/seed_59/metrics.json,Existing scientific record; see category index
robustness/correspondence,experiments/crta_v3_decoy_compiler_specificity_v1/stage_b/k9/BINDING_AUDIT_V1.json,Existing scientific record; see category index
robustness/correspondence,experiments/crta_v3_decoy_compiler_specificity_v1/stage_b/k9/angina_history/seed_50/metrics.json,Existing scientific record; see category index
robustness/correspondence,experiments/crta_v3_decoy_compiler_specificity_v1/stage_b/k9/angina_history/seed_51/metrics.json,Existing scientific record; see category index
robustness/correspondence,experiments/crta_v3_decoy_compiler_specificity_v1/stage_b/k9/angina_history/seed_52/metrics.json,Existing scientific record; see category index
robustness/correspondence,experiments/crta_v3_decoy_compiler_specificity_v1/stage_b/k9/angina_history/seed_53/metrics.json,Existing scientific record; see category index
robustness/correspondence,experiments/crta_v3_decoy_compiler_specificity_v1/stage_b/k9/angina_history/seed_54/metrics.json,Existing scientific record; see category index
robustness/correspondence,experiments/crta_v3_decoy_compiler_specificity_v1/stage_b/k9/angina_history/seed_55/metrics.json,Existing scientific record; see category index
robustness/correspondence,experiments/crta_v3_decoy_compiler_specificity_v1/stage_b/k9/angina_history/seed_56/metrics.json,Existing scientific record; see category index
robustness/correspondence,experiments/crta_v3_decoy_compiler_specificity_v1/stage_b/k9/angina_history/seed_57/metrics.json,Existing scientific record; see category index
robustness/correspondence,experiments/crta_v3_decoy_compiler_specificity_v1/stage_b/k9/angina_history/seed_58/metrics.json,Existing scientific record; see category index
robustness/correspondence,experiments/crta_v3_decoy_compiler_specificity_v1/stage_b/k9/angina_history/seed_59/metrics.json,Existing scientific record; see category index
robustness/correspondence,experiments/crta_v3_decoy_compiler_specificity_v1/stage_b/k9/arthritis_history/seed_50/metrics.json,Existing scientific record; see category index
robustness/correspondence,experiments/crta_v3_decoy_compiler_specificity_v1/stage_b/k9/arthritis_history/seed_51/metrics.json,Existing scientific record; see category index
robustness/correspondence,experiments/crta_v3_decoy_compiler_specificity_v1/stage_b/k9/arthritis_history/seed_52/metrics.json,Existing scientific record; see category index
robustness/correspondence,experiments/crta_v3_decoy_compiler_specificity_v1/stage_b/k9/arthritis_history/seed_53/metrics.json,Existing scientific record; see category index
robustness/correspondence,experiments/crta_v3_decoy_compiler_specificity_v1/stage_b/k9/arthritis_history/seed_54/metrics.json,Existing scientific record; see category index
robustness/correspondence,experiments/crta_v3_decoy_compiler_specificity_v1/stage_b/k9/arthritis_history/seed_55/metrics.json,Existing scientific record; see category index
robustness/correspondence,experiments/crta_v3_decoy_compiler_specificity_v1/stage_b/k9/arthritis_history/seed_56/metrics.json,Existing scientific record; see category index
robustness/correspondence,experiments/crta_v3_decoy_compiler_specificity_v1/stage_b/k9/arthritis_history/seed_57/metrics.json,Existing scientific record; see category index
robustness/correspondence,experiments/crta_v3_decoy_compiler_specificity_v1/stage_b/k9/arthritis_history/seed_58/metrics.json,Existing scientific record; see category index
robustness/correspondence,experiments/crta_v3_decoy_compiler_specificity_v1/stage_b/k9/arthritis_history/seed_59/metrics.json,Existing scientific record; see category index
robustness/correspondence,experiments/crta_v3_decoy_compiler_specificity_v1/stage_b/k9/asthma_history/seed_50/metrics.json,Existing scientific record; see category index
robustness/correspondence,experiments/crta_v3_decoy_compiler_specificity_v1/stage_b/k9/asthma_history/seed_51/metrics.json,Existing scientific record; see category index
robustness/correspondence,experiments/crta_v3_decoy_compiler_specificity_v1/stage_b/k9/asthma_history/seed_52/metrics.json,Existing scientific record; see category index
robustness/correspondence,experiments/crta_v3_decoy_compiler_specificity_v1/stage_b/k9/asthma_history/seed_53/metrics.json,Existing scientific record; see category index
robustness/correspondence,experiments/crta_v3_decoy_compiler_specificity_v1/stage_b/k9/asthma_history/seed_54/metrics.json,Existing scientific record; see category index
robustness/correspondence,experiments/crta_v3_decoy_compiler_specificity_v1/stage_b/k9/asthma_history/seed_55/metrics.json,Existing scientific record; see category index
robustness/correspondence,experiments/crta_v3_decoy_compiler_specificity_v1/stage_b/k9/asthma_history/seed_56/metrics.json,Existing scientific record; see category index
robustness/correspondence,experiments/crta_v3_decoy_compiler_specificity_v1/stage_b/k9/asthma_history/seed_57/metrics.json,Existing scientific record; see category index
robustness/correspondence,experiments/crta_v3_decoy_compiler_specificity_v1/stage_b/k9/asthma_history/seed_58/metrics.json,Existing scientific record; see category index
robustness/correspondence,experiments/crta_v3_decoy_compiler_specificity_v1/stage_b/k9/asthma_history/seed_59/metrics.json,Existing scientific record; see category index
robustness/correspondence,experiments/crta_v3_decoy_compiler_specificity_v1/stage_b/k9/cancer_history/seed_50/metrics.json,Existing scientific record; see category index
robustness/correspondence,experiments/crta_v3_decoy_compiler_specificity_v1/stage_b/k9/cancer_history/seed_51/metrics.json,Existing scientific record; see category index
robustness/correspondence,experiments/crta_v3_decoy_compiler_specificity_v1/stage_b/k9/cancer_history/seed_52/metrics.json,Existing scientific record; see category index
robustness/correspondence,experiments/crta_v3_decoy_compiler_specificity_v1/stage_b/k9/cancer_history/seed_53/metrics.json,Existing scientific record; see category index
robustness/correspondence,experiments/crta_v3_decoy_compiler_specificity_v1/stage_b/k9/cancer_history/seed_54/metrics.json,Existing scientific record; see category index
robustness/correspondence,experiments/crta_v3_decoy_compiler_specificity_v1/stage_b/k9/cancer_history/seed_55/metrics.json,Existing scientific record; see category index
robustness/correspondence,experiments/crta_v3_decoy_compiler_specificity_v1/stage_b/k9/cancer_history/seed_56/metrics.json,Existing scientific record; see category index
robustness/correspondence,experiments/crta_v3_decoy_compiler_specificity_v1/stage_b/k9/cancer_history/seed_57/metrics.json,Existing scientific record; see category index
robustness/correspondence,experiments/crta_v3_decoy_compiler_specificity_v1/stage_b/k9/cancer_history/seed_58/metrics.json,Existing scientific record; see category index
robustness/correspondence,experiments/crta_v3_decoy_compiler_specificity_v1/stage_b/k9/cancer_history/seed_59/metrics.json,Existing scientific record; see category index
robustness/correspondence,experiments/crta_v3_decoy_compiler_specificity_v1/stage_b/k9/current_smoking_status/seed_50/metrics.json,Existing scientific record; see category index
robustness/correspondence,experiments/crta_v3_decoy_compiler_specificity_v1/stage_b/k9/current_smoking_status/seed_51/metrics.json,Existing scientific record; see category index
robustness/correspondence,experiments/crta_v3_decoy_compiler_specificity_v1/stage_b/k9/current_smoking_status/seed_52/metrics.json,Existing scientific record; see category index
robustness/correspondence,experiments/crta_v3_decoy_compiler_specificity_v1/stage_b/k9/current_smoking_status/seed_53/metrics.json,Existing scientific record; see category index
robustness/correspondence,experiments/crta_v3_decoy_compiler_specificity_v1/stage_b/k9/current_smoking_status/seed_54/metrics.json,Existing scientific record; see category index
robustness/correspondence,experiments/crta_v3_decoy_compiler_specificity_v1/stage_b/k9/current_smoking_status/seed_55/metrics.json,Existing scientific record; see category index
robustness/correspondence,experiments/crta_v3_decoy_compiler_specificity_v1/stage_b/k9/current_smoking_status/seed_56/metrics.json,Existing scientific record; see category index
robustness/correspondence,experiments/crta_v3_decoy_compiler_specificity_v1/stage_b/k9/current_smoking_status/seed_57/metrics.json,Existing scientific record; see category index
robustness/correspondence,experiments/crta_v3_decoy_compiler_specificity_v1/stage_b/k9/current_smoking_status/seed_58/metrics.json,Existing scientific record; see category index
robustness/correspondence,experiments/crta_v3_decoy_compiler_specificity_v1/stage_b/k9/current_smoking_status/seed_59/metrics.json,Existing scientific record; see category index
robustness/correspondence,experiments/crta_v3_decoy_compiler_specificity_v1/stage_b/k9/diabetes_history/seed_50/metrics.json,Existing scientific record; see category index
robustness/correspondence,experiments/crta_v3_decoy_compiler_specificity_v1/stage_b/k9/diabetes_history/seed_51/metrics.json,Existing scientific record; see category index
robustness/correspondence,experiments/crta_v3_decoy_compiler_specificity_v1/stage_b/k9/diabetes_history/seed_52/metrics.json,Existing scientific record; see category index
robustness/correspondence,experiments/crta_v3_decoy_compiler_specificity_v1/stage_b/k9/diabetes_history/seed_53/metrics.json,Existing scientific record; see category index
robustness/correspondence,experiments/crta_v3_decoy_compiler_specificity_v1/stage_b/k9/diabetes_history/seed_54/metrics.json,Existing scientific record; see category index
robustness/correspondence,experiments/crta_v3_decoy_compiler_specificity_v1/stage_b/k9/diabetes_history/seed_55/metrics.json,Existing scientific record; see category index
robustness/correspondence,experiments/crta_v3_decoy_compiler_specificity_v1/stage_b/k9/diabetes_history/seed_56/metrics.json,Existing scientific record; see category index
robustness/correspondence,experiments/crta_v3_decoy_compiler_specificity_v1/stage_b/k9/diabetes_history/seed_57/metrics.json,Existing scientific record; see category index
robustness/correspondence,experiments/crta_v3_decoy_compiler_specificity_v1/stage_b/k9/diabetes_history/seed_58/metrics.json,Existing scientific record; see category index
robustness/correspondence,experiments/crta_v3_decoy_compiler_specificity_v1/stage_b/k9/diabetes_history/seed_59/metrics.json,Existing scientific record; see category index
robustness/correspondence,experiments/crta_v3_decoy_compiler_specificity_v1/stage_b/k9/heart_attack_history/seed_50/metrics.json,Existing scientific record; see category index
robustness/correspondence,experiments/crta_v3_decoy_compiler_specificity_v1/stage_b/k9/heart_attack_history/seed_51/metrics.json,Existing scientific record; see category index
robustness/correspondence,experiments/crta_v3_decoy_compiler_specificity_v1/stage_b/k9/heart_attack_history/seed_52/metrics.json,Existing scientific record; see category index
robustness/correspondence,experiments/crta_v3_decoy_compiler_specificity_v1/stage_b/k9/heart_attack_history/seed_53/metrics.json,Existing scientific record; see category index
robustness/correspondence,experiments/crta_v3_decoy_compiler_specificity_v1/stage_b/k9/heart_attack_history/seed_54/metrics.json,Existing scientific record; see category index
robustness/correspondence,experiments/crta_v3_decoy_compiler_specificity_v1/stage_b/k9/heart_attack_history/seed_55/metrics.json,Existing scientific record; see category index
robustness/correspondence,experiments/crta_v3_decoy_compiler_specificity_v1/stage_b/k9/heart_attack_history/seed_56/metrics.json,Existing scientific record; see category index
robustness/correspondence,experiments/crta_v3_decoy_compiler_specificity_v1/stage_b/k9/heart_attack_history/seed_57/metrics.json,Existing scientific record; see category index
robustness/correspondence,experiments/crta_v3_decoy_compiler_specificity_v1/stage_b/k9/heart_attack_history/seed_58/metrics.json,Existing scientific record; see category index
robustness/correspondence,experiments/crta_v3_decoy_compiler_specificity_v1/stage_b/k9/heart_attack_history/seed_59/metrics.json,Existing scientific record; see category index
robustness/correspondence,experiments/crta_v3_decoy_compiler_specificity_v1/stage_b/k9/hypertension_history/seed_50/metrics.json,Existing scientific record; see category index
robustness/correspondence,experiments/crta_v3_decoy_compiler_specificity_v1/stage_b/k9/hypertension_history/seed_51/metrics.json,Existing scientific record; see category index
robustness/correspondence,experiments/crta_v3_decoy_compiler_specificity_v1/stage_b/k9/hypertension_history/seed_52/metrics.json,Existing scientific record; see category index
robustness/correspondence,experiments/crta_v3_decoy_compiler_specificity_v1/stage_b/k9/hypertension_history/seed_53/metrics.json,Existing scientific record; see category index
robustness/correspondence,experiments/crta_v3_decoy_compiler_specificity_v1/stage_b/k9/hypertension_history/seed_54/metrics.json,Existing scientific record; see category index
robustness/correspondence,experiments/crta_v3_decoy_compiler_specificity_v1/stage_b/k9/hypertension_history/seed_55/metrics.json,Existing scientific record; see category index
robustness/correspondence,experiments/crta_v3_decoy_compiler_specificity_v1/stage_b/k9/hypertension_history/seed_56/metrics.json,Existing scientific record; see category index
robustness/correspondence,experiments/crta_v3_decoy_compiler_specificity_v1/stage_b/k9/hypertension_history/seed_57/metrics.json,Existing scientific record; see category index
robustness/correspondence,experiments/crta_v3_decoy_compiler_specificity_v1/stage_b/k9/hypertension_history/seed_58/metrics.json,Existing scientific record; see category index
robustness/correspondence,experiments/crta_v3_decoy_compiler_specificity_v1/stage_b/k9/hypertension_history/seed_59/metrics.json,Existing scientific record; see category index
robustness/correspondence,experiments/crta_v3_decoy_compiler_specificity_v1/stage_b/k9/kidney_disease_history/seed_50/metrics.json,Existing scientific record; see category index
robustness/correspondence,experiments/crta_v3_decoy_compiler_specificity_v1/stage_b/k9/kidney_disease_history/seed_51/metrics.json,Existing scientific record; see category index
robustness/correspondence,experiments/crta_v3_decoy_compiler_specificity_v1/stage_b/k9/kidney_disease_history/seed_52/metrics.json,Existing scientific record; see category index
robustness/correspondence,experiments/crta_v3_decoy_compiler_specificity_v1/stage_b/k9/kidney_disease_history/seed_53/metrics.json,Existing scientific record; see category index
robustness/correspondence,experiments/crta_v3_decoy_compiler_specificity_v1/stage_b/k9/kidney_disease_history/seed_54/metrics.json,Existing scientific record; see category index
robustness/correspondence,experiments/crta_v3_decoy_compiler_specificity_v1/stage_b/k9/kidney_disease_history/seed_55/metrics.json,Existing scientific record; see category index
robustness/correspondence,experiments/crta_v3_decoy_compiler_specificity_v1/stage_b/k9/kidney_disease_history/seed_56/metrics.json,Existing scientific record; see category index
robustness/correspondence,experiments/crta_v3_decoy_compiler_specificity_v1/stage_b/k9/kidney_disease_history/seed_57/metrics.json,Existing scientific record; see category index
robustness/correspondence,experiments/crta_v3_decoy_compiler_specificity_v1/stage_b/k9/kidney_disease_history/seed_58/metrics.json,Existing scientific record; see category index
robustness/correspondence,experiments/crta_v3_decoy_compiler_specificity_v1/stage_b/k9/kidney_disease_history/seed_59/metrics.json,Existing scientific record; see category index
robustness/correspondence,experiments/crta_v3_decoy_compiler_specificity_v1/stage_b/k9/stroke_history/seed_50/metrics.json,Existing scientific record; see category index
robustness/correspondence,experiments/crta_v3_decoy_compiler_specificity_v1/stage_b/k9/stroke_history/seed_51/metrics.json,Existing scientific record; see category index
robustness/correspondence,experiments/crta_v3_decoy_compiler_specificity_v1/stage_b/k9/stroke_history/seed_52/metrics.json,Existing scientific record; see category index
robustness/correspondence,experiments/crta_v3_decoy_compiler_specificity_v1/stage_b/k9/stroke_history/seed_53/metrics.json,Existing scientific record; see category index
robustness/correspondence,experiments/crta_v3_decoy_compiler_specificity_v1/stage_b/k9/stroke_history/seed_54/metrics.json,Existing scientific record; see category index
robustness/correspondence,experiments/crta_v3_decoy_compiler_specificity_v1/stage_b/k9/stroke_history/seed_55/metrics.json,Existing scientific record; see category index
robustness/correspondence,experiments/crta_v3_decoy_compiler_specificity_v1/stage_b/k9/stroke_history/seed_56/metrics.json,Existing scientific record; see category index
robustness/correspondence,experiments/crta_v3_decoy_compiler_specificity_v1/stage_b/k9/stroke_history/seed_57/metrics.json,Existing scientific record; see category index
robustness/correspondence,experiments/crta_v3_decoy_compiler_specificity_v1/stage_b/k9/stroke_history/seed_58/metrics.json,Existing scientific record; see category index
robustness/correspondence,experiments/crta_v3_decoy_compiler_specificity_v1/stage_b/k9/stroke_history/seed_59/metrics.json,Existing scientific record; see category index
robustness/correspondence,experiments/crta_v3_exam_no_bridge_reference_v1/SUMMARY_V1.json,Existing scientific record; see category index
robustness/correspondence,experiments/crta_v3_exam_no_bridge_reference_v1/dbp/seed_50/metrics.json,Existing scientific record; see category index
robustness/correspondence,experiments/crta_v3_exam_no_bridge_reference_v1/dbp/seed_51/metrics.json,Existing scientific record; see category index
robustness/correspondence,experiments/crta_v3_exam_no_bridge_reference_v1/dbp/seed_52/metrics.json,Existing scientific record; see category index
robustness/correspondence,experiments/crta_v3_exam_no_bridge_reference_v1/dbp/seed_53/metrics.json,Existing scientific record; see category index
robustness/correspondence,experiments/crta_v3_exam_no_bridge_reference_v1/dbp/seed_54/metrics.json,Existing scientific record; see category index
robustness/correspondence,experiments/crta_v3_exam_no_bridge_reference_v1/dbp/seed_55/metrics.json,Existing scientific record; see category index
robustness/correspondence,experiments/crta_v3_exam_no_bridge_reference_v1/dbp/seed_56/metrics.json,Existing scientific record; see category index
robustness/correspondence,experiments/crta_v3_exam_no_bridge_reference_v1/dbp/seed_57/metrics.json,Existing scientific record; see category index
robustness/correspondence,experiments/crta_v3_exam_no_bridge_reference_v1/dbp/seed_58/metrics.json,Existing scientific record; see category index
robustness/correspondence,experiments/crta_v3_exam_no_bridge_reference_v1/dbp/seed_59/metrics.json,Existing scientific record; see category index
robustness/correspondence,experiments/crta_v3_exam_no_bridge_reference_v1/glucose/seed_50/metrics.json,Existing scientific record; see category index
robustness/correspondence,experiments/crta_v3_exam_no_bridge_reference_v1/glucose/seed_51/metrics.json,Existing scientific record; see category index
robustness/correspondence,experiments/crta_v3_exam_no_bridge_reference_v1/glucose/seed_52/metrics.json,Existing scientific record; see category index
robustness/correspondence,experiments/crta_v3_exam_no_bridge_reference_v1/glucose/seed_53/metrics.json,Existing scientific record; see category index
robustness/correspondence,experiments/crta_v3_exam_no_bridge_reference_v1/glucose/seed_54/metrics.json,Existing scientific record; see category index
robustness/correspondence,experiments/crta_v3_exam_no_bridge_reference_v1/glucose/seed_55/metrics.json,Existing scientific record; see category index
robustness/correspondence,experiments/crta_v3_exam_no_bridge_reference_v1/glucose/seed_56/metrics.json,Existing scientific record; see category index
robustness/correspondence,experiments/crta_v3_exam_no_bridge_reference_v1/glucose/seed_57/metrics.json,Existing scientific record; see category index
robustness/correspondence,experiments/crta_v3_exam_no_bridge_reference_v1/glucose/seed_58/metrics.json,Existing scientific record; see category index
robustness/correspondence,experiments/crta_v3_exam_no_bridge_reference_v1/glucose/seed_59/metrics.json,Existing scientific record; see category index
robustness/correspondence,experiments/crta_v3_exam_no_bridge_reference_v1/sbp/seed_50/metrics.json,Existing scientific record; see category index
robustness/correspondence,experiments/crta_v3_exam_no_bridge_reference_v1/sbp/seed_51/metrics.json,Existing scientific record; see category index
robustness/correspondence,experiments/crta_v3_exam_no_bridge_reference_v1/sbp/seed_52/metrics.json,Existing scientific record; see category index
robustness/correspondence,experiments/crta_v3_exam_no_bridge_reference_v1/sbp/seed_53/metrics.json,Existing scientific record; see category index
robustness/correspondence,experiments/crta_v3_exam_no_bridge_reference_v1/sbp/seed_54/metrics.json,Existing scientific record; see category index
robustness/correspondence,experiments/crta_v3_exam_no_bridge_reference_v1/sbp/seed_55/metrics.json,Existing scientific record; see category index
robustness/correspondence,experiments/crta_v3_exam_no_bridge_reference_v1/sbp/seed_56/metrics.json,Existing scientific record; see category index
robustness/correspondence,experiments/crta_v3_exam_no_bridge_reference_v1/sbp/seed_57/metrics.json,Existing scientific record; see category index
robustness/correspondence,experiments/crta_v3_exam_no_bridge_reference_v1/sbp/seed_58/metrics.json,Existing scientific record; see category index
robustness/correspondence,experiments/crta_v3_exam_no_bridge_reference_v1/sbp/seed_59/metrics.json,Existing scientific record; see category index
robustness/correspondence,experiments/crta_v3_exam_no_bridge_reference_v1/total_cholesterol/seed_50/metrics.json,Existing scientific record; see category index
robustness/correspondence,experiments/crta_v3_exam_no_bridge_reference_v1/total_cholesterol/seed_51/metrics.json,Existing scientific record; see category index
robustness/correspondence,experiments/crta_v3_exam_no_bridge_reference_v1/total_cholesterol/seed_52/metrics.json,Existing scientific record; see category index
robustness/correspondence,experiments/crta_v3_exam_no_bridge_reference_v1/total_cholesterol/seed_53/metrics.json,Existing scientific record; see category index
robustness/correspondence,experiments/crta_v3_exam_no_bridge_reference_v1/total_cholesterol/seed_54/metrics.json,Existing scientific record; see category index
robustness/correspondence,experiments/crta_v3_exam_no_bridge_reference_v1/total_cholesterol/seed_55/metrics.json,Existing scientific record; see category index
robustness/correspondence,experiments/crta_v3_exam_no_bridge_reference_v1/total_cholesterol/seed_56/metrics.json,Existing scientific record; see category index
robustness/correspondence,experiments/crta_v3_exam_no_bridge_reference_v1/total_cholesterol/seed_57/metrics.json,Existing scientific record; see category index
robustness/correspondence,experiments/crta_v3_exam_no_bridge_reference_v1/total_cholesterol/seed_58/metrics.json,Existing scientific record; see category index
robustness/correspondence,experiments/crta_v3_exam_no_bridge_reference_v1/total_cholesterol/seed_59/metrics.json,Existing scientific record; see category index
robustness/correspondence,experiments/crta_v3_exam_no_bridge_reference_v1/triglycerides/seed_50/metrics.json,Existing scientific record; see category index
robustness/correspondence,experiments/crta_v3_exam_no_bridge_reference_v1/triglycerides/seed_51/metrics.json,Existing scientific record; see category index
robustness/correspondence,experiments/crta_v3_exam_no_bridge_reference_v1/triglycerides/seed_52/metrics.json,Existing scientific record; see category index
robustness/correspondence,experiments/crta_v3_exam_no_bridge_reference_v1/triglycerides/seed_53/metrics.json,Existing scientific record; see category index
robustness/correspondence,experiments/crta_v3_exam_no_bridge_reference_v1/triglycerides/seed_54/metrics.json,Existing scientific record; see category index
robustness/correspondence,experiments/crta_v3_exam_no_bridge_reference_v1/triglycerides/seed_55/metrics.json,Existing scientific record; see category index
robustness/correspondence,experiments/crta_v3_exam_no_bridge_reference_v1/triglycerides/seed_56/metrics.json,Existing scientific record; see category index
robustness/correspondence,experiments/crta_v3_exam_no_bridge_reference_v1/triglycerides/seed_57/metrics.json,Existing scientific record; see category index
robustness/correspondence,experiments/crta_v3_exam_no_bridge_reference_v1/triglycerides/seed_58/metrics.json,Existing scientific record; see category index
robustness/correspondence,experiments/crta_v3_exam_no_bridge_reference_v1/triglycerides/seed_59/metrics.json,Existing scientific record; see category index
robustness/correspondence,experiments/crta_v3_exam_no_bridge_reference_v1/waist_cm/seed_50/metrics.json,Existing scientific record; see category index
robustness/correspondence,experiments/crta_v3_exam_no_bridge_reference_v1/waist_cm/seed_51/metrics.json,Existing scientific record; see category index
robustness/correspondence,experiments/crta_v3_exam_no_bridge_reference_v1/waist_cm/seed_52/metrics.json,Existing scientific record; see category index
robustness/correspondence,experiments/crta_v3_exam_no_bridge_reference_v1/waist_cm/seed_53/metrics.json,Existing scientific record; see category index
robustness/correspondence,experiments/crta_v3_exam_no_bridge_reference_v1/waist_cm/seed_54/metrics.json,Existing scientific record; see category index
robustness/correspondence,experiments/crta_v3_exam_no_bridge_reference_v1/waist_cm/seed_55/metrics.json,Existing scientific record; see category index
robustness/correspondence,experiments/crta_v3_exam_no_bridge_reference_v1/waist_cm/seed_56/metrics.json,Existing scientific record; see category index
robustness/correspondence,experiments/crta_v3_exam_no_bridge_reference_v1/waist_cm/seed_57/metrics.json,Existing scientific record; see category index
robustness/correspondence,experiments/crta_v3_exam_no_bridge_reference_v1/waist_cm/seed_58/metrics.json,Existing scientific record; see category index
robustness/correspondence,experiments/crta_v3_exam_no_bridge_reference_v1/waist_cm/seed_59/metrics.json,Existing scientific record; see category index
robustness/correspondence,experiments/crta_v3_exam_reference_sensitivity_v2/PROTOCOL_V1.md,Existing scientific record; see category index
robustness/correspondence,experiments/crta_v3_exam_reference_sensitivity_v2/REPORT_V1.md,Existing scientific record; see category index
robustness/correspondence,experiments/crta_v3_exam_reference_sensitivity_v2/SUMMARY_V1.json,Existing scientific record; see category index
robustness/correspondence,experiments/crta_v3_exam_reference_sensitivity_v2/alt/seed_50/metrics.json,Existing scientific record; see category index
robustness/correspondence,experiments/crta_v3_exam_reference_sensitivity_v2/alt/seed_51/metrics.json,Existing scientific record; see category index
robustness/correspondence,experiments/crta_v3_exam_reference_sensitivity_v2/alt/seed_52/metrics.json,Existing scientific record; see category index
robustness/correspondence,experiments/crta_v3_exam_reference_sensitivity_v2/alt/seed_53/metrics.json,Existing scientific record; see category index
robustness/correspondence,experiments/crta_v3_exam_reference_sensitivity_v2/alt/seed_54/metrics.json,Existing scientific record; see category index
robustness/correspondence,experiments/crta_v3_exam_reference_sensitivity_v2/alt/seed_55/metrics.json,Existing scientific record; see category index
robustness/correspondence,experiments/crta_v3_exam_reference_sensitivity_v2/alt/seed_56/metrics.json,Existing scientific record; see category index
robustness/correspondence,experiments/crta_v3_exam_reference_sensitivity_v2/alt/seed_57/metrics.json,Existing scientific record; see category index
robustness/correspondence,experiments/crta_v3_exam_reference_sensitivity_v2/alt/seed_58/metrics.json,Existing scientific record; see category index
robustness/correspondence,experiments/crta_v3_exam_reference_sensitivity_v2/alt/seed_59/metrics.json,Existing scientific record; see category index
robustness/correspondence,experiments/crta_v3_exam_reference_sensitivity_v2/bun/seed_50/metrics.json,Existing scientific record; see category index
robustness/correspondence,experiments/crta_v3_exam_reference_sensitivity_v2/bun/seed_51/metrics.json,Existing scientific record; see category index
robustness/correspondence,experiments/crta_v3_exam_reference_sensitivity_v2/bun/seed_52/metrics.json,Existing scientific record; see category index
robustness/correspondence,experiments/crta_v3_exam_reference_sensitivity_v2/bun/seed_53/metrics.json,Existing scientific record; see category index
robustness/correspondence,experiments/crta_v3_exam_reference_sensitivity_v2/bun/seed_54/metrics.json,Existing scientific record; see category index
robustness/correspondence,experiments/crta_v3_exam_reference_sensitivity_v2/bun/seed_55/metrics.json,Existing scientific record; see category index
robustness/correspondence,experiments/crta_v3_exam_reference_sensitivity_v2/bun/seed_56/metrics.json,Existing scientific record; see category index
robustness/correspondence,experiments/crta_v3_exam_reference_sensitivity_v2/bun/seed_57/metrics.json,Existing scientific record; see category index
robustness/correspondence,experiments/crta_v3_exam_reference_sensitivity_v2/bun/seed_58/metrics.json,Existing scientific record; see category index
robustness/correspondence,experiments/crta_v3_exam_reference_sensitivity_v2/bun/seed_59/metrics.json,Existing scientific record; see category index
robustness/correspondence,experiments/crta_v3_exam_reference_sensitivity_v2/creatinine/seed_50/metrics.json,Existing scientific record; see category index
robustness/correspondence,experiments/crta_v3_exam_reference_sensitivity_v2/creatinine/seed_51/metrics.json,Existing scientific record; see category index
robustness/correspondence,experiments/crta_v3_exam_reference_sensitivity_v2/creatinine/seed_52/metrics.json,Existing scientific record; see category index
robustness/correspondence,experiments/crta_v3_exam_reference_sensitivity_v2/creatinine/seed_53/metrics.json,Existing scientific record; see category index
robustness/correspondence,experiments/crta_v3_exam_reference_sensitivity_v2/creatinine/seed_54/metrics.json,Existing scientific record; see category index
robustness/correspondence,experiments/crta_v3_exam_reference_sensitivity_v2/creatinine/seed_55/metrics.json,Existing scientific record; see category index
robustness/correspondence,experiments/crta_v3_exam_reference_sensitivity_v2/creatinine/seed_56/metrics.json,Existing scientific record; see category index
robustness/correspondence,experiments/crta_v3_exam_reference_sensitivity_v2/creatinine/seed_57/metrics.json,Existing scientific record; see category index
robustness/correspondence,experiments/crta_v3_exam_reference_sensitivity_v2/creatinine/seed_58/metrics.json,Existing scientific record; see category index
robustness/correspondence,experiments/crta_v3_exam_reference_sensitivity_v2/creatinine/seed_59/metrics.json,Existing scientific record; see category index
robustness/correspondence,experiments/crta_v3_exam_reference_sensitivity_v2/dbp/seed_50/metrics.json,Existing scientific record; see category index
robustness/correspondence,experiments/crta_v3_exam_reference_sensitivity_v2/dbp/seed_51/metrics.json,Existing scientific record; see category index
robustness/correspondence,experiments/crta_v3_exam_reference_sensitivity_v2/dbp/seed_52/metrics.json,Existing scientific record; see category index
robustness/correspondence,experiments/crta_v3_exam_reference_sensitivity_v2/dbp/seed_53/metrics.json,Existing scientific record; see category index
robustness/correspondence,experiments/crta_v3_exam_reference_sensitivity_v2/dbp/seed_54/metrics.json,Existing scientific record; see category index
robustness/correspondence,experiments/crta_v3_exam_reference_sensitivity_v2/dbp/seed_55/metrics.json,Existing scientific record; see category index
robustness/correspondence,experiments/crta_v3_exam_reference_sensitivity_v2/dbp/seed_56/metrics.json,Existing scientific record; see category index
robustness/correspondence,experiments/crta_v3_exam_reference_sensitivity_v2/dbp/seed_57/metrics.json,Existing scientific record; see category index
robustness/correspondence,experiments/crta_v3_exam_reference_sensitivity_v2/dbp/seed_58/metrics.json,Existing scientific record; see category index
robustness/correspondence,experiments/crta_v3_exam_reference_sensitivity_v2/dbp/seed_59/metrics.json,Existing scientific record; see category index
robustness/correspondence,experiments/crta_v3_exam_reference_sensitivity_v2/glucose/seed_50/metrics.json,Existing scientific record; see category index
robustness/correspondence,experiments/crta_v3_exam_reference_sensitivity_v2/glucose/seed_51/metrics.json,Existing scientific record; see category index
robustness/correspondence,experiments/crta_v3_exam_reference_sensitivity_v2/glucose/seed_52/metrics.json,Existing scientific record; see category index
robustness/correspondence,experiments/crta_v3_exam_reference_sensitivity_v2/glucose/seed_53/metrics.json,Existing scientific record; see category index
robustness/correspondence,experiments/crta_v3_exam_reference_sensitivity_v2/glucose/seed_54/metrics.json,Existing scientific record; see category index
robustness/correspondence,experiments/crta_v3_exam_reference_sensitivity_v2/glucose/seed_55/metrics.json,Existing scientific record; see category index
robustness/correspondence,experiments/crta_v3_exam_reference_sensitivity_v2/glucose/seed_56/metrics.json,Existing scientific record; see category index
robustness/correspondence,experiments/crta_v3_exam_reference_sensitivity_v2/glucose/seed_57/metrics.json,Existing scientific record; see category index
robustness/correspondence,experiments/crta_v3_exam_reference_sensitivity_v2/glucose/seed_58/metrics.json,Existing scientific record; see category index
robustness/correspondence,experiments/crta_v3_exam_reference_sensitivity_v2/glucose/seed_59/metrics.json,Existing scientific record; see category index
robustness/correspondence,experiments/crta_v3_exam_reference_sensitivity_v2/hematocrit/seed_50/metrics.json,Existing scientific record; see category index
robustness/correspondence,experiments/crta_v3_exam_reference_sensitivity_v2/hematocrit/seed_51/metrics.json,Existing scientific record; see category index
robustness/correspondence,experiments/crta_v3_exam_reference_sensitivity_v2/hematocrit/seed_52/metrics.json,Existing scientific record; see category index
robustness/correspondence,experiments/crta_v3_exam_reference_sensitivity_v2/hematocrit/seed_53/metrics.json,Existing scientific record; see category index
robustness/correspondence,experiments/crta_v3_exam_reference_sensitivity_v2/hematocrit/seed_54/metrics.json,Existing scientific record; see category index
robustness/correspondence,experiments/crta_v3_exam_reference_sensitivity_v2/hematocrit/seed_55/metrics.json,Existing scientific record; see category index
robustness/correspondence,experiments/crta_v3_exam_reference_sensitivity_v2/hematocrit/seed_56/metrics.json,Existing scientific record; see category index
robustness/correspondence,experiments/crta_v3_exam_reference_sensitivity_v2/hematocrit/seed_57/metrics.json,Existing scientific record; see category index
robustness/correspondence,experiments/crta_v3_exam_reference_sensitivity_v2/hematocrit/seed_58/metrics.json,Existing scientific record; see category index
robustness/correspondence,experiments/crta_v3_exam_reference_sensitivity_v2/hematocrit/seed_59/metrics.json,Existing scientific record; see category index
robustness/correspondence,experiments/crta_v3_exam_reference_sensitivity_v2/hemoglobin/seed_50/metrics.json,Existing scientific record; see category index
robustness/correspondence,experiments/crta_v3_exam_reference_sensitivity_v2/hemoglobin/seed_51/metrics.json,Existing scientific record; see category index
robustness/correspondence,experiments/crta_v3_exam_reference_sensitivity_v2/hemoglobin/seed_52/metrics.json,Existing scientific record; see category index
robustness/correspondence,experiments/crta_v3_exam_reference_sensitivity_v2/hemoglobin/seed_53/metrics.json,Existing scientific record; see category index
robustness/correspondence,experiments/crta_v3_exam_reference_sensitivity_v2/hemoglobin/seed_54/metrics.json,Existing scientific record; see category index
robustness/correspondence,experiments/crta_v3_exam_reference_sensitivity_v2/hemoglobin/seed_55/metrics.json,Existing scientific record; see category index
robustness/correspondence,experiments/crta_v3_exam_reference_sensitivity_v2/hemoglobin/seed_56/metrics.json,Existing scientific record; see category index
robustness/correspondence,experiments/crta_v3_exam_reference_sensitivity_v2/hemoglobin/seed_57/metrics.json,Existing scientific record; see category index
robustness/correspondence,experiments/crta_v3_exam_reference_sensitivity_v2/hemoglobin/seed_58/metrics.json,Existing scientific record; see category index
robustness/correspondence,experiments/crta_v3_exam_reference_sensitivity_v2/hemoglobin/seed_59/metrics.json,Existing scientific record; see category index
robustness/correspondence,experiments/crta_v3_exam_reference_sensitivity_v2/rbc/seed_50/metrics.json,Existing scientific record; see category index
robustness/correspondence,experiments/crta_v3_exam_reference_sensitivity_v2/rbc/seed_51/metrics.json,Existing scientific record; see category index
robustness/correspondence,experiments/crta_v3_exam_reference_sensitivity_v2/rbc/seed_52/metrics.json,Existing scientific record; see category index
robustness/correspondence,experiments/crta_v3_exam_reference_sensitivity_v2/rbc/seed_53/metrics.json,Existing scientific record; see category index
robustness/correspondence,experiments/crta_v3_exam_reference_sensitivity_v2/rbc/seed_54/metrics.json,Existing scientific record; see category index
robustness/correspondence,experiments/crta_v3_exam_reference_sensitivity_v2/rbc/seed_55/metrics.json,Existing scientific record; see category index
robustness/correspondence,experiments/crta_v3_exam_reference_sensitivity_v2/rbc/seed_56/metrics.json,Existing scientific record; see category index
robustness/correspondence,experiments/crta_v3_exam_reference_sensitivity_v2/rbc/seed_57/metrics.json,Existing scientific record; see category index
robustness/correspondence,experiments/crta_v3_exam_reference_sensitivity_v2/rbc/seed_58/metrics.json,Existing scientific record; see category index
robustness/correspondence,experiments/crta_v3_exam_reference_sensitivity_v2/rbc/seed_59/metrics.json,Existing scientific record; see category index
robustness/correspondence,experiments/crta_v3_exam_reference_sensitivity_v2/sbp/seed_50/metrics.json,Existing scientific record; see category index
robustness/correspondence,experiments/crta_v3_exam_reference_sensitivity_v2/sbp/seed_51/metrics.json,Existing scientific record; see category index
robustness/correspondence,experiments/crta_v3_exam_reference_sensitivity_v2/sbp/seed_52/metrics.json,Existing scientific record; see category index
robustness/correspondence,experiments/crta_v3_exam_reference_sensitivity_v2/sbp/seed_53/metrics.json,Existing scientific record; see category index
robustness/correspondence,experiments/crta_v3_exam_reference_sensitivity_v2/sbp/seed_54/metrics.json,Existing scientific record; see category index
robustness/correspondence,experiments/crta_v3_exam_reference_sensitivity_v2/sbp/seed_55/metrics.json,Existing scientific record; see category index
robustness/correspondence,experiments/crta_v3_exam_reference_sensitivity_v2/sbp/seed_56/metrics.json,Existing scientific record; see category index
robustness/correspondence,experiments/crta_v3_exam_reference_sensitivity_v2/sbp/seed_57/metrics.json,Existing scientific record; see category index
robustness/correspondence,experiments/crta_v3_exam_reference_sensitivity_v2/sbp/seed_58/metrics.json,Existing scientific record; see category index
robustness/correspondence,experiments/crta_v3_exam_reference_sensitivity_v2/sbp/seed_59/metrics.json,Existing scientific record; see category index
robustness/correspondence,experiments/crta_v3_exam_reference_sensitivity_v2/total_cholesterol/seed_50/metrics.json,Existing scientific record; see category index
robustness/correspondence,experiments/crta_v3_exam_reference_sensitivity_v2/total_cholesterol/seed_51/metrics.json,Existing scientific record; see category index
robustness/correspondence,experiments/crta_v3_exam_reference_sensitivity_v2/total_cholesterol/seed_52/metrics.json,Existing scientific record; see category index
robustness/correspondence,experiments/crta_v3_exam_reference_sensitivity_v2/total_cholesterol/seed_53/metrics.json,Existing scientific record; see category index
robustness/correspondence,experiments/crta_v3_exam_reference_sensitivity_v2/total_cholesterol/seed_54/metrics.json,Existing scientific record; see category index
robustness/correspondence,experiments/crta_v3_exam_reference_sensitivity_v2/total_cholesterol/seed_55/metrics.json,Existing scientific record; see category index
robustness/correspondence,experiments/crta_v3_exam_reference_sensitivity_v2/total_cholesterol/seed_56/metrics.json,Existing scientific record; see category index
robustness/correspondence,experiments/crta_v3_exam_reference_sensitivity_v2/total_cholesterol/seed_57/metrics.json,Existing scientific record; see category index
robustness/correspondence,experiments/crta_v3_exam_reference_sensitivity_v2/total_cholesterol/seed_58/metrics.json,Existing scientific record; see category index
robustness/correspondence,experiments/crta_v3_exam_reference_sensitivity_v2/total_cholesterol/seed_59/metrics.json,Existing scientific record; see category index
robustness/correspondence,experiments/crta_v3_exam_reference_sensitivity_v2/triglycerides/seed_50/metrics.json,Existing scientific record; see category index
robustness/correspondence,experiments/crta_v3_exam_reference_sensitivity_v2/triglycerides/seed_51/metrics.json,Existing scientific record; see category index
robustness/correspondence,experiments/crta_v3_exam_reference_sensitivity_v2/triglycerides/seed_52/metrics.json,Existing scientific record; see category index
robustness/correspondence,experiments/crta_v3_exam_reference_sensitivity_v2/triglycerides/seed_53/metrics.json,Existing scientific record; see category index
robustness/correspondence,experiments/crta_v3_exam_reference_sensitivity_v2/triglycerides/seed_54/metrics.json,Existing scientific record; see category index
robustness/correspondence,experiments/crta_v3_exam_reference_sensitivity_v2/triglycerides/seed_55/metrics.json,Existing scientific record; see category index
robustness/correspondence,experiments/crta_v3_exam_reference_sensitivity_v2/triglycerides/seed_56/metrics.json,Existing scientific record; see category index
robustness/correspondence,experiments/crta_v3_exam_reference_sensitivity_v2/triglycerides/seed_57/metrics.json,Existing scientific record; see category index
robustness/correspondence,experiments/crta_v3_exam_reference_sensitivity_v2/triglycerides/seed_58/metrics.json,Existing scientific record; see category index
robustness/correspondence,experiments/crta_v3_exam_reference_sensitivity_v2/triglycerides/seed_59/metrics.json,Existing scientific record; see category index
robustness/correspondence,experiments/crta_v3_exam_reference_sensitivity_v2/waist_cm/seed_50/metrics.json,Existing scientific record; see category index
robustness/correspondence,experiments/crta_v3_exam_reference_sensitivity_v2/waist_cm/seed_51/metrics.json,Existing scientific record; see category index
robustness/correspondence,experiments/crta_v3_exam_reference_sensitivity_v2/waist_cm/seed_52/metrics.json,Existing scientific record; see category index
robustness/correspondence,experiments/crta_v3_exam_reference_sensitivity_v2/waist_cm/seed_53/metrics.json,Existing scientific record; see category index
robustness/correspondence,experiments/crta_v3_exam_reference_sensitivity_v2/waist_cm/seed_54/metrics.json,Existing scientific record; see category index
robustness/correspondence,experiments/crta_v3_exam_reference_sensitivity_v2/waist_cm/seed_55/metrics.json,Existing scientific record; see category index
robustness/correspondence,experiments/crta_v3_exam_reference_sensitivity_v2/waist_cm/seed_56/metrics.json,Existing scientific record; see category index
robustness/correspondence,experiments/crta_v3_exam_reference_sensitivity_v2/waist_cm/seed_57/metrics.json,Existing scientific record; see category index
robustness/correspondence,experiments/crta_v3_exam_reference_sensitivity_v2/waist_cm/seed_58/metrics.json,Existing scientific record; see category index
robustness/correspondence,experiments/crta_v3_exam_reference_sensitivity_v2/waist_cm/seed_59/metrics.json,Existing scientific record; see category index
robustness/correspondence,experiments/crta_v3_exam_reference_sensitivity_v2/wbc/seed_50/metrics.json,Existing scientific record; see category index
robustness/correspondence,experiments/crta_v3_exam_reference_sensitivity_v2/wbc/seed_51/metrics.json,Existing scientific record; see category index
robustness/correspondence,experiments/crta_v3_exam_reference_sensitivity_v2/wbc/seed_52/metrics.json,Existing scientific record; see category index
robustness/correspondence,experiments/crta_v3_exam_reference_sensitivity_v2/wbc/seed_53/metrics.json,Existing scientific record; see category index
robustness/correspondence,experiments/crta_v3_exam_reference_sensitivity_v2/wbc/seed_54/metrics.json,Existing scientific record; see category index
robustness/correspondence,experiments/crta_v3_exam_reference_sensitivity_v2/wbc/seed_55/metrics.json,Existing scientific record; see category index
robustness/correspondence,experiments/crta_v3_exam_reference_sensitivity_v2/wbc/seed_56/metrics.json,Existing scientific record; see category index
robustness/correspondence,experiments/crta_v3_exam_reference_sensitivity_v2/wbc/seed_57/metrics.json,Existing scientific record; see category index
robustness/correspondence,experiments/crta_v3_exam_reference_sensitivity_v2/wbc/seed_58/metrics.json,Existing scientific record; see category index
robustness/correspondence,experiments/crta_v3_exam_reference_sensitivity_v2/wbc/seed_59/metrics.json,Existing scientific record; see category index
robustness/correspondence,experiments/crta_v3_exam_support_ladder_v1/PROTOCOL_V1.md,Existing scientific record; see category index
robustness/correspondence,experiments/crta_v3_exam_support_ladder_v1/REPORT_V1.md,Existing scientific record; see category index
robustness/correspondence,experiments/crta_v3_exam_support_ladder_v1/SUMMARY_V1.json,Existing scientific record; see category index
robustness/correspondence,experiments/crta_v3_exam_support_ladder_v1/VERIFICATION_RERUN_SUMMARY_V1.json,Existing scientific record; see category index
robustness/correspondence,experiments/crta_v3_exam_support_ladder_v1/alt/seed_50/metrics.json,Existing scientific record; see category index
robustness/correspondence,experiments/crta_v3_exam_support_ladder_v1/alt/seed_51/metrics.json,Existing scientific record; see category index
robustness/correspondence,experiments/crta_v3_exam_support_ladder_v1/alt/seed_52/metrics.json,Existing scientific record; see category index
robustness/correspondence,experiments/crta_v3_exam_support_ladder_v1/alt/seed_53/metrics.json,Existing scientific record; see category index
robustness/correspondence,experiments/crta_v3_exam_support_ladder_v1/alt/seed_54/metrics.json,Existing scientific record; see category index
robustness/correspondence,experiments/crta_v3_exam_support_ladder_v1/alt/seed_55/metrics.json,Existing scientific record; see category index
robustness/correspondence,experiments/crta_v3_exam_support_ladder_v1/alt/seed_56/metrics.json,Existing scientific record; see category index
robustness/correspondence,experiments/crta_v3_exam_support_ladder_v1/alt/seed_57/metrics.json,Existing scientific record; see category index
robustness/correspondence,experiments/crta_v3_exam_support_ladder_v1/alt/seed_58/metrics.json,Existing scientific record; see category index
robustness/correspondence,experiments/crta_v3_exam_support_ladder_v1/alt/seed_59/metrics.json,Existing scientific record; see category index
robustness/correspondence,experiments/crta_v3_exam_support_ladder_v1/bun/seed_50/metrics.json,Existing scientific record; see category index
robustness/correspondence,experiments/crta_v3_exam_support_ladder_v1/bun/seed_51/metrics.json,Existing scientific record; see category index
robustness/correspondence,experiments/crta_v3_exam_support_ladder_v1/bun/seed_52/metrics.json,Existing scientific record; see category index
robustness/correspondence,experiments/crta_v3_exam_support_ladder_v1/bun/seed_53/metrics.json,Existing scientific record; see category index
robustness/correspondence,experiments/crta_v3_exam_support_ladder_v1/bun/seed_54/metrics.json,Existing scientific record; see category index
robustness/correspondence,experiments/crta_v3_exam_support_ladder_v1/bun/seed_55/metrics.json,Existing scientific record; see category index
robustness/correspondence,experiments/crta_v3_exam_support_ladder_v1/bun/seed_56/metrics.json,Existing scientific record; see category index
robustness/correspondence,experiments/crta_v3_exam_support_ladder_v1/bun/seed_57/metrics.json,Existing scientific record; see category index
robustness/correspondence,experiments/crta_v3_exam_support_ladder_v1/bun/seed_58/metrics.json,Existing scientific record; see category index
robustness/correspondence,experiments/crta_v3_exam_support_ladder_v1/bun/seed_59/metrics.json,Existing scientific record; see category index
robustness/correspondence,experiments/crta_v3_exam_support_ladder_v1/creatinine/seed_50/metrics.json,Existing scientific record; see category index
robustness/correspondence,experiments/crta_v3_exam_support_ladder_v1/creatinine/seed_51/metrics.json,Existing scientific record; see category index
robustness/correspondence,experiments/crta_v3_exam_support_ladder_v1/creatinine/seed_52/metrics.json,Existing scientific record; see category index
robustness/correspondence,experiments/crta_v3_exam_support_ladder_v1/creatinine/seed_53/metrics.json,Existing scientific record; see category index
robustness/correspondence,experiments/crta_v3_exam_support_ladder_v1/creatinine/seed_54/metrics.json,Existing scientific record; see category index
robustness/correspondence,experiments/crta_v3_exam_support_ladder_v1/creatinine/seed_55/metrics.json,Existing scientific record; see category index
robustness/correspondence,experiments/crta_v3_exam_support_ladder_v1/creatinine/seed_56/metrics.json,Existing scientific record; see category index
robustness/correspondence,experiments/crta_v3_exam_support_ladder_v1/creatinine/seed_57/metrics.json,Existing scientific record; see category index
robustness/correspondence,experiments/crta_v3_exam_support_ladder_v1/creatinine/seed_58/metrics.json,Existing scientific record; see category index
robustness/correspondence,experiments/crta_v3_exam_support_ladder_v1/creatinine/seed_59/metrics.json,Existing scientific record; see category index
robustness/correspondence,experiments/crta_v3_exam_support_ladder_v1/dbp/seed_50/metrics.json,Existing scientific record; see category index
robustness/correspondence,experiments/crta_v3_exam_support_ladder_v1/dbp/seed_51/metrics.json,Existing scientific record; see category index
robustness/correspondence,experiments/crta_v3_exam_support_ladder_v1/dbp/seed_52/metrics.json,Existing scientific record; see category index
robustness/correspondence,experiments/crta_v3_exam_support_ladder_v1/dbp/seed_53/metrics.json,Existing scientific record; see category index
robustness/correspondence,experiments/crta_v3_exam_support_ladder_v1/dbp/seed_54/metrics.json,Existing scientific record; see category index
robustness/correspondence,experiments/crta_v3_exam_support_ladder_v1/dbp/seed_55/metrics.json,Existing scientific record; see category index
robustness/correspondence,experiments/crta_v3_exam_support_ladder_v1/dbp/seed_56/metrics.json,Existing scientific record; see category index
robustness/correspondence,experiments/crta_v3_exam_support_ladder_v1/dbp/seed_57/metrics.json,Existing scientific record; see category index
robustness/correspondence,experiments/crta_v3_exam_support_ladder_v1/dbp/seed_58/metrics.json,Existing scientific record; see category index
robustness/correspondence,experiments/crta_v3_exam_support_ladder_v1/dbp/seed_59/metrics.json,Existing scientific record; see category index
robustness/correspondence,experiments/crta_v3_exam_support_ladder_v1/glucose/seed_50/metrics.json,Existing scientific record; see category index
robustness/correspondence,experiments/crta_v3_exam_support_ladder_v1/glucose/seed_51/metrics.json,Existing scientific record; see category index
robustness/correspondence,experiments/crta_v3_exam_support_ladder_v1/glucose/seed_52/metrics.json,Existing scientific record; see category index
robustness/correspondence,experiments/crta_v3_exam_support_ladder_v1/glucose/seed_53/metrics.json,Existing scientific record; see category index
robustness/correspondence,experiments/crta_v3_exam_support_ladder_v1/glucose/seed_54/metrics.json,Existing scientific record; see category index
robustness/correspondence,experiments/crta_v3_exam_support_ladder_v1/glucose/seed_55/metrics.json,Existing scientific record; see category index
robustness/correspondence,experiments/crta_v3_exam_support_ladder_v1/glucose/seed_56/metrics.json,Existing scientific record; see category index
robustness/correspondence,experiments/crta_v3_exam_support_ladder_v1/glucose/seed_57/metrics.json,Existing scientific record; see category index
robustness/correspondence,experiments/crta_v3_exam_support_ladder_v1/glucose/seed_58/metrics.json,Existing scientific record; see category index
robustness/correspondence,experiments/crta_v3_exam_support_ladder_v1/glucose/seed_59/metrics.json,Existing scientific record; see category index
robustness/correspondence,experiments/crta_v3_exam_support_ladder_v1/hematocrit/seed_50/metrics.json,Existing scientific record; see category index
robustness/correspondence,experiments/crta_v3_exam_support_ladder_v1/hematocrit/seed_51/metrics.json,Existing scientific record; see category index
robustness/correspondence,experiments/crta_v3_exam_support_ladder_v1/hematocrit/seed_52/metrics.json,Existing scientific record; see category index
robustness/correspondence,experiments/crta_v3_exam_support_ladder_v1/hematocrit/seed_53/metrics.json,Existing scientific record; see category index
robustness/correspondence,experiments/crta_v3_exam_support_ladder_v1/hematocrit/seed_54/metrics.json,Existing scientific record; see category index
robustness/correspondence,experiments/crta_v3_exam_support_ladder_v1/hematocrit/seed_55/metrics.json,Existing scientific record; see category index
robustness/correspondence,experiments/crta_v3_exam_support_ladder_v1/hematocrit/seed_56/metrics.json,Existing scientific record; see category index
robustness/correspondence,experiments/crta_v3_exam_support_ladder_v1/hematocrit/seed_57/metrics.json,Existing scientific record; see category index
robustness/correspondence,experiments/crta_v3_exam_support_ladder_v1/hematocrit/seed_58/metrics.json,Existing scientific record; see category index
robustness/correspondence,experiments/crta_v3_exam_support_ladder_v1/hematocrit/seed_59/metrics.json,Existing scientific record; see category index
robustness/correspondence,experiments/crta_v3_exam_support_ladder_v1/hemoglobin/seed_50/metrics.json,Existing scientific record; see category index
robustness/correspondence,experiments/crta_v3_exam_support_ladder_v1/hemoglobin/seed_51/metrics.json,Existing scientific record; see category index
robustness/correspondence,experiments/crta_v3_exam_support_ladder_v1/hemoglobin/seed_52/metrics.json,Existing scientific record; see category index
robustness/correspondence,experiments/crta_v3_exam_support_ladder_v1/hemoglobin/seed_53/metrics.json,Existing scientific record; see category index
robustness/correspondence,experiments/crta_v3_exam_support_ladder_v1/hemoglobin/seed_54/metrics.json,Existing scientific record; see category index
robustness/correspondence,experiments/crta_v3_exam_support_ladder_v1/hemoglobin/seed_55/metrics.json,Existing scientific record; see category index
robustness/correspondence,experiments/crta_v3_exam_support_ladder_v1/hemoglobin/seed_56/metrics.json,Existing scientific record; see category index
robustness/correspondence,experiments/crta_v3_exam_support_ladder_v1/hemoglobin/seed_57/metrics.json,Existing scientific record; see category index
robustness/correspondence,experiments/crta_v3_exam_support_ladder_v1/hemoglobin/seed_58/metrics.json,Existing scientific record; see category index
robustness/correspondence,experiments/crta_v3_exam_support_ladder_v1/hemoglobin/seed_59/metrics.json,Existing scientific record; see category index
robustness/correspondence,experiments/crta_v3_exam_support_ladder_v1/rbc/seed_50/metrics.json,Existing scientific record; see category index
robustness/correspondence,experiments/crta_v3_exam_support_ladder_v1/rbc/seed_51/metrics.json,Existing scientific record; see category index
robustness/correspondence,experiments/crta_v3_exam_support_ladder_v1/rbc/seed_52/metrics.json,Existing scientific record; see category index
robustness/correspondence,experiments/crta_v3_exam_support_ladder_v1/rbc/seed_53/metrics.json,Existing scientific record; see category index
robustness/correspondence,experiments/crta_v3_exam_support_ladder_v1/rbc/seed_54/metrics.json,Existing scientific record; see category index
robustness/correspondence,experiments/crta_v3_exam_support_ladder_v1/rbc/seed_55/metrics.json,Existing scientific record; see category index
robustness/correspondence,experiments/crta_v3_exam_support_ladder_v1/rbc/seed_56/metrics.json,Existing scientific record; see category index
robustness/correspondence,experiments/crta_v3_exam_support_ladder_v1/rbc/seed_57/metrics.json,Existing scientific record; see category index
robustness/correspondence,experiments/crta_v3_exam_support_ladder_v1/rbc/seed_58/metrics.json,Existing scientific record; see category index
robustness/correspondence,experiments/crta_v3_exam_support_ladder_v1/rbc/seed_59/metrics.json,Existing scientific record; see category index
robustness/correspondence,experiments/crta_v3_exam_support_ladder_v1/sbp/seed_50/metrics.json,Existing scientific record; see category index
robustness/correspondence,experiments/crta_v3_exam_support_ladder_v1/sbp/seed_51/metrics.json,Existing scientific record; see category index
robustness/correspondence,experiments/crta_v3_exam_support_ladder_v1/sbp/seed_52/metrics.json,Existing scientific record; see category index
robustness/correspondence,experiments/crta_v3_exam_support_ladder_v1/sbp/seed_53/metrics.json,Existing scientific record; see category index
robustness/correspondence,experiments/crta_v3_exam_support_ladder_v1/sbp/seed_54/metrics.json,Existing scientific record; see category index
robustness/correspondence,experiments/crta_v3_exam_support_ladder_v1/sbp/seed_55/metrics.json,Existing scientific record; see category index
robustness/correspondence,experiments/crta_v3_exam_support_ladder_v1/sbp/seed_56/metrics.json,Existing scientific record; see category index
robustness/correspondence,experiments/crta_v3_exam_support_ladder_v1/sbp/seed_57/metrics.json,Existing scientific record; see category index
robustness/correspondence,experiments/crta_v3_exam_support_ladder_v1/sbp/seed_58/metrics.json,Existing scientific record; see category index
robustness/correspondence,experiments/crta_v3_exam_support_ladder_v1/sbp/seed_59/metrics.json,Existing scientific record; see category index
robustness/correspondence,experiments/crta_v3_exam_support_ladder_v1/total_cholesterol/seed_50/metrics.json,Existing scientific record; see category index
robustness/correspondence,experiments/crta_v3_exam_support_ladder_v1/total_cholesterol/seed_51/metrics.json,Existing scientific record; see category index
robustness/correspondence,experiments/crta_v3_exam_support_ladder_v1/total_cholesterol/seed_52/metrics.json,Existing scientific record; see category index
robustness/correspondence,experiments/crta_v3_exam_support_ladder_v1/total_cholesterol/seed_53/metrics.json,Existing scientific record; see category index
robustness/correspondence,experiments/crta_v3_exam_support_ladder_v1/total_cholesterol/seed_54/metrics.json,Existing scientific record; see category index
robustness/correspondence,experiments/crta_v3_exam_support_ladder_v1/total_cholesterol/seed_55/metrics.json,Existing scientific record; see category index
robustness/correspondence,experiments/crta_v3_exam_support_ladder_v1/total_cholesterol/seed_56/metrics.json,Existing scientific record; see category index
robustness/correspondence,experiments/crta_v3_exam_support_ladder_v1/total_cholesterol/seed_57/metrics.json,Existing scientific record; see category index
robustness/correspondence,experiments/crta_v3_exam_support_ladder_v1/total_cholesterol/seed_58/metrics.json,Existing scientific record; see category index
robustness/correspondence,experiments/crta_v3_exam_support_ladder_v1/total_cholesterol/seed_59/metrics.json,Existing scientific record; see category index
robustness/correspondence,experiments/crta_v3_exam_support_ladder_v1/triglycerides/seed_50/metrics.json,Existing scientific record; see category index
robustness/correspondence,experiments/crta_v3_exam_support_ladder_v1/triglycerides/seed_51/metrics.json,Existing scientific record; see category index
robustness/correspondence,experiments/crta_v3_exam_support_ladder_v1/triglycerides/seed_52/metrics.json,Existing scientific record; see category index
robustness/correspondence,experiments/crta_v3_exam_support_ladder_v1/triglycerides/seed_53/metrics.json,Existing scientific record; see category index
robustness/correspondence,experiments/crta_v3_exam_support_ladder_v1/triglycerides/seed_54/metrics.json,Existing scientific record; see category index
robustness/correspondence,experiments/crta_v3_exam_support_ladder_v1/triglycerides/seed_55/metrics.json,Existing scientific record; see category index
robustness/correspondence,experiments/crta_v3_exam_support_ladder_v1/triglycerides/seed_56/metrics.json,Existing scientific record; see category index
robustness/correspondence,experiments/crta_v3_exam_support_ladder_v1/triglycerides/seed_57/metrics.json,Existing scientific record; see category index
robustness/correspondence,experiments/crta_v3_exam_support_ladder_v1/triglycerides/seed_58/metrics.json,Existing scientific record; see category index
robustness/correspondence,experiments/crta_v3_exam_support_ladder_v1/triglycerides/seed_59/metrics.json,Existing scientific record; see category index
robustness/correspondence,experiments/crta_v3_exam_support_ladder_v1/waist_cm/seed_50/metrics.json,Existing scientific record; see category index
robustness/correspondence,experiments/crta_v3_exam_support_ladder_v1/waist_cm/seed_51/metrics.json,Existing scientific record; see category index
robustness/correspondence,experiments/crta_v3_exam_support_ladder_v1/waist_cm/seed_52/metrics.json,Existing scientific record; see category index
robustness/correspondence,experiments/crta_v3_exam_support_ladder_v1/waist_cm/seed_53/metrics.json,Existing scientific record; see category index
robustness/correspondence,experiments/crta_v3_exam_support_ladder_v1/waist_cm/seed_54/metrics.json,Existing scientific record; see category index
robustness/correspondence,experiments/crta_v3_exam_support_ladder_v1/waist_cm/seed_55/metrics.json,Existing scientific record; see category index
robustness/correspondence,experiments/crta_v3_exam_support_ladder_v1/waist_cm/seed_56/metrics.json,Existing scientific record; see category index
robustness/correspondence,experiments/crta_v3_exam_support_ladder_v1/waist_cm/seed_57/metrics.json,Existing scientific record; see category index
robustness/correspondence,experiments/crta_v3_exam_support_ladder_v1/waist_cm/seed_58/metrics.json,Existing scientific record; see category index
robustness/correspondence,experiments/crta_v3_exam_support_ladder_v1/waist_cm/seed_59/metrics.json,Existing scientific record; see category index
robustness/correspondence,experiments/crta_v3_exam_support_ladder_v1/wbc/seed_50/metrics.json,Existing scientific record; see category index
robustness/correspondence,experiments/crta_v3_exam_support_ladder_v1/wbc/seed_51/metrics.json,Existing scientific record; see category index
robustness/correspondence,experiments/crta_v3_exam_support_ladder_v1/wbc/seed_52/metrics.json,Existing scientific record; see category index
robustness/correspondence,experiments/crta_v3_exam_support_ladder_v1/wbc/seed_53/metrics.json,Existing scientific record; see category index
robustness/correspondence,experiments/crta_v3_exam_support_ladder_v1/wbc/seed_54/metrics.json,Existing scientific record; see category index
robustness/correspondence,experiments/crta_v3_exam_support_ladder_v1/wbc/seed_55/metrics.json,Existing scientific record; see category index
robustness/correspondence,experiments/crta_v3_exam_support_ladder_v1/wbc/seed_56/metrics.json,Existing scientific record; see category index
robustness/correspondence,experiments/crta_v3_exam_support_ladder_v1/wbc/seed_57/metrics.json,Existing scientific record; see category index
robustness/correspondence,experiments/crta_v3_exam_support_ladder_v1/wbc/seed_58/metrics.json,Existing scientific record; see category index
robustness/correspondence,experiments/crta_v3_exam_support_ladder_v1/wbc/seed_59/metrics.json,Existing scientific record; see category index
robustness/correspondence,experiments/crta_v3_open_world_schema_matcher_v1/DIAGNOSIS_V1.md,Existing scientific record; see category index
robustness/correspondence,experiments/crta_v3_open_world_schema_matcher_v1/SUMMARY_V1.json,Existing scientific record; see category index
robustness/correspondence,experiments/crta_v3_schema_matcher_baselines_v1/SUMMARY_V1.json,Existing scientific record; see category index
robustness/correspondence,robustness/correspondence/README.md,Finalization record or reviewer verification output; see category README and REVISION_REPORT.md
robustness/correspondence,robustness/correspondence/candidate_inventory_1315.csv,Finalization record or reviewer verification output; see category README and REVISION_REPORT.md
robustness/correspondence,robustness/correspondence/candidate_inventory_provenance.json,Finalization record or reviewer verification output; see category README and REVISION_REPORT.md
