category,path,description
robustness/relation,experiments/crta_v3_camels_sign_probe_llm_v1/SUMMARY_V2.json,Existing scientific record; see category index
robustness/relation,experiments/crta_v3_camels_sign_probe_llm_v1/support_1/seed_20/metrics.json,Existing scientific record; see category index
robustness/relation,experiments/crta_v3_camels_sign_probe_llm_v1/support_1/seed_21/metrics.json,Existing scientific record; see category index
robustness/relation,experiments/crta_v3_camels_sign_probe_llm_v1/support_1/seed_22/metrics.json,Existing scientific record; see category index
robustness/relation,experiments/crta_v3_camels_sign_probe_llm_v1/support_1/seed_23/metrics.json,Existing scientific record; see category index
robustness/relation,experiments/crta_v3_camels_sign_probe_llm_v1/support_1/seed_24/metrics.json,Existing scientific record; see category index
robustness/relation,experiments/crta_v3_camels_sign_probe_llm_v1/support_1/seed_25/metrics.json,Existing scientific record; see category index
robustness/relation,experiments/crta_v3_camels_sign_probe_llm_v1/support_1/seed_26/metrics.json,Existing scientific record; see category index
robustness/relation,experiments/crta_v3_camels_sign_probe_llm_v1/support_1/seed_27/metrics.json,Existing scientific record; see category index
robustness/relation,experiments/crta_v3_camels_sign_probe_llm_v1/support_1/seed_28/metrics.json,Existing scientific record; see category index
robustness/relation,experiments/crta_v3_camels_sign_probe_llm_v1/support_1/seed_29/metrics.json,Existing scientific record; see category index
robustness/relation,experiments/crta_v3_camels_sign_probe_llm_v1/support_1/seed_30/metrics.json,Existing scientific record; see category index
robustness/relation,experiments/crta_v3_camels_sign_probe_llm_v1/support_1/seed_31/metrics.json,Existing scientific record; see category index
robustness/relation,experiments/crta_v3_camels_sign_probe_llm_v1/support_1/seed_32/metrics.json,Existing scientific record; see category index
robustness/relation,experiments/crta_v3_camels_sign_probe_llm_v1/support_1/seed_33/metrics.json,Existing scientific record; see category index
robustness/relation,experiments/crta_v3_camels_sign_probe_llm_v1/support_1/seed_34/metrics.json,Existing scientific record; see category index
robustness/relation,experiments/crta_v3_camels_sign_probe_llm_v1/support_1/seed_35/metrics.json,Existing scientific record; see category index
robustness/relation,experiments/crta_v3_camels_sign_probe_llm_v1/support_1/seed_36/metrics.json,Existing scientific record; see category index
robustness/relation,experiments/crta_v3_camels_sign_probe_llm_v1/support_1/seed_37/metrics.json,Existing scientific record; see category index
robustness/relation,experiments/crta_v3_camels_sign_probe_llm_v1/support_1/seed_38/metrics.json,Existing scientific record; see category index
robustness/relation,experiments/crta_v3_camels_sign_probe_llm_v1/support_1/seed_39/metrics.json,Existing scientific record; see category index
robustness/relation,experiments/crta_v3_camels_sign_probe_llm_v1/support_3/seed_20/metrics.json,Existing scientific record; see category index
robustness/relation,experiments/crta_v3_camels_sign_probe_llm_v1/support_3/seed_21/metrics.json,Existing scientific record; see category index
robustness/relation,experiments/crta_v3_camels_sign_probe_llm_v1/support_3/seed_22/metrics.json,Existing scientific record; see category index
robustness/relation,experiments/crta_v3_camels_sign_probe_llm_v1/support_3/seed_23/metrics.json,Existing scientific record; see category index
robustness/relation,experiments/crta_v3_camels_sign_probe_llm_v1/support_3/seed_24/metrics.json,Existing scientific record; see category index
robustness/relation,experiments/crta_v3_camels_sign_probe_llm_v1/support_3/seed_25/metrics.json,Existing scientific record; see category index
robustness/relation,experiments/crta_v3_camels_sign_probe_llm_v1/support_3/seed_26/metrics.json,Existing scientific record; see category index
robustness/relation,experiments/crta_v3_camels_sign_probe_llm_v1/support_3/seed_27/metrics.json,Existing scientific record; see category index
robustness/relation,experiments/crta_v3_camels_sign_probe_llm_v1/support_3/seed_28/metrics.json,Existing scientific record; see category index
robustness/relation,experiments/crta_v3_camels_sign_probe_llm_v1/support_3/seed_29/metrics.json,Existing scientific record; see category index
robustness/relation,experiments/crta_v3_camels_sign_probe_llm_v1/support_3/seed_30/metrics.json,Existing scientific record; see category index
robustness/relation,experiments/crta_v3_camels_sign_probe_llm_v1/support_3/seed_31/metrics.json,Existing scientific record; see category index
robustness/relation,experiments/crta_v3_camels_sign_probe_llm_v1/support_3/seed_32/metrics.json,Existing scientific record; see category index
robustness/relation,experiments/crta_v3_camels_sign_probe_llm_v1/support_3/seed_33/metrics.json,Existing scientific record; see category index
robustness/relation,experiments/crta_v3_camels_sign_probe_llm_v1/support_3/seed_34/metrics.json,Existing scientific record; see category index
robustness/relation,experiments/crta_v3_camels_sign_probe_llm_v1/support_3/seed_35/metrics.json,Existing scientific record; see category index
robustness/relation,experiments/crta_v3_camels_sign_probe_llm_v1/support_3/seed_36/metrics.json,Existing scientific record; see category index
robustness/relation,experiments/crta_v3_camels_sign_probe_llm_v1/support_3/seed_37/metrics.json,Existing scientific record; see category index
robustness/relation,experiments/crta_v3_camels_sign_probe_llm_v1/support_3/seed_38/metrics.json,Existing scientific record; see category index
robustness/relation,experiments/crta_v3_camels_sign_probe_llm_v1/support_3/seed_39/metrics.json,Existing scientific record; see category index
robustness/relation,experiments/crta_v3_camels_sign_probe_llm_v1/support_5/seed_20/metrics.json,Existing scientific record; see category index
robustness/relation,experiments/crta_v3_camels_sign_probe_llm_v1/support_5/seed_21/metrics.json,Existing scientific record; see category index
robustness/relation,experiments/crta_v3_camels_sign_probe_llm_v1/support_5/seed_22/metrics.json,Existing scientific record; see category index
robustness/relation,experiments/crta_v3_camels_sign_probe_llm_v1/support_5/seed_23/metrics.json,Existing scientific record; see category index
robustness/relation,experiments/crta_v3_camels_sign_probe_llm_v1/support_5/seed_24/metrics.json,Existing scientific record; see category index
robustness/relation,experiments/crta_v3_camels_sign_probe_llm_v1/support_5/seed_25/metrics.json,Existing scientific record; see category index
robustness/relation,experiments/crta_v3_camels_sign_probe_llm_v1/support_5/seed_26/metrics.json,Existing scientific record; see category index
robustness/relation,experiments/crta_v3_camels_sign_probe_llm_v1/support_5/seed_27/metrics.json,Existing scientific record; see category index
robustness/relation,experiments/crta_v3_camels_sign_probe_llm_v1/support_5/seed_28/metrics.json,Existing scientific record; see category index
robustness/relation,experiments/crta_v3_camels_sign_probe_llm_v1/support_5/seed_29/metrics.json,Existing scientific record; see category index
robustness/relation,experiments/crta_v3_camels_sign_probe_llm_v1/support_5/seed_30/metrics.json,Existing scientific record; see category index
robustness/relation,experiments/crta_v3_camels_sign_probe_llm_v1/support_5/seed_31/metrics.json,Existing scientific record; see category index
robustness/relation,experiments/crta_v3_camels_sign_probe_llm_v1/support_5/seed_32/metrics.json,Existing scientific record; see category index
robustness/relation,experiments/crta_v3_camels_sign_probe_llm_v1/support_5/seed_33/metrics.json,Existing scientific record; see category index
robustness/relation,experiments/crta_v3_camels_sign_probe_llm_v1/support_5/seed_34/metrics.json,Existing scientific record; see category index
robustness/relation,experiments/crta_v3_camels_sign_probe_llm_v1/support_5/seed_35/metrics.json,Existing scientific record; see category index
robustness/relation,experiments/crta_v3_camels_sign_probe_llm_v1/support_5/seed_36/metrics.json,Existing scientific record; see category index
robustness/relation,experiments/crta_v3_camels_sign_probe_llm_v1/support_5/seed_37/metrics.json,Existing scientific record; see category index
robustness/relation,experiments/crta_v3_camels_sign_probe_llm_v1/support_5/seed_38/metrics.json,Existing scientific record; see category index
robustness/relation,experiments/crta_v3_camels_sign_probe_llm_v1/support_5/seed_39/metrics.json,Existing scientific record; see category index
robustness/relation,experiments/crta_v3_camels_sign_probe_v1/SUMMARY_V1.json,Existing scientific record; see category index
robustness/relation,experiments/crta_v3_camels_sign_probe_v1/support_1/seed_20/metrics.json,Existing scientific record; see category index
robustness/relation,experiments/crta_v3_camels_sign_probe_v1/support_1/seed_21/metrics.json,Existing scientific record; see category index
robustness/relation,experiments/crta_v3_camels_sign_probe_v1/support_1/seed_22/metrics.json,Existing scientific record; see category index
robustness/relation,experiments/crta_v3_camels_sign_probe_v1/support_1/seed_23/metrics.json,Existing scientific record; see category index
robustness/relation,experiments/crta_v3_camels_sign_probe_v1/support_1/seed_24/metrics.json,Existing scientific record; see category index
robustness/relation,experiments/crta_v3_camels_sign_probe_v1/support_1/seed_25/metrics.json,Existing scientific record; see category index
robustness/relation,experiments/crta_v3_camels_sign_probe_v1/support_1/seed_26/metrics.json,Existing scientific record; see category index
robustness/relation,experiments/crta_v3_camels_sign_probe_v1/support_1/seed_27/metrics.json,Existing scientific record; see category index
robustness/relation,experiments/crta_v3_camels_sign_probe_v1/support_1/seed_28/metrics.json,Existing scientific record; see category index
robustness/relation,experiments/crta_v3_camels_sign_probe_v1/support_1/seed_29/metrics.json,Existing scientific record; see category index
robustness/relation,experiments/crta_v3_camels_sign_probe_v1/support_3/seed_20/metrics.json,Existing scientific record; see category index
robustness/relation,experiments/crta_v3_camels_sign_probe_v1/support_3/seed_21/metrics.json,Existing scientific record; see category index
robustness/relation,experiments/crta_v3_camels_sign_probe_v1/support_3/seed_22/metrics.json,Existing scientific record; see category index
robustness/relation,experiments/crta_v3_camels_sign_probe_v1/support_3/seed_23/metrics.json,Existing scientific record; see category index
robustness/relation,experiments/crta_v3_camels_sign_probe_v1/support_3/seed_24/metrics.json,Existing scientific record; see category index
robustness/relation,experiments/crta_v3_camels_sign_probe_v1/support_3/seed_25/metrics.json,Existing scientific record; see category index
robustness/relation,experiments/crta_v3_camels_sign_probe_v1/support_3/seed_26/metrics.json,Existing scientific record; see category index
robustness/relation,experiments/crta_v3_camels_sign_probe_v1/support_3/seed_27/metrics.json,Existing scientific record; see category index
robustness/relation,experiments/crta_v3_camels_sign_probe_v1/support_3/seed_28/metrics.json,Existing scientific record; see category index
robustness/relation,experiments/crta_v3_camels_sign_probe_v1/support_3/seed_29/metrics.json,Existing scientific record; see category index
robustness/relation,experiments/crta_v3_camels_sign_probe_v1/support_5/seed_20/metrics.json,Existing scientific record; see category index
robustness/relation,experiments/crta_v3_camels_sign_probe_v1/support_5/seed_21/metrics.json,Existing scientific record; see category index
robustness/relation,experiments/crta_v3_camels_sign_probe_v1/support_5/seed_22/metrics.json,Existing scientific record; see category index
robustness/relation,experiments/crta_v3_camels_sign_probe_v1/support_5/seed_23/metrics.json,Existing scientific record; see category index
robustness/relation,experiments/crta_v3_camels_sign_probe_v1/support_5/seed_24/metrics.json,Existing scientific record; see category index
robustness/relation,experiments/crta_v3_camels_sign_probe_v1/support_5/seed_25/metrics.json,Existing scientific record; see category index
robustness/relation,experiments/crta_v3_camels_sign_probe_v1/support_5/seed_26/metrics.json,Existing scientific record; see category index
robustness/relation,experiments/crta_v3_camels_sign_probe_v1/support_5/seed_27/metrics.json,Existing scientific record; see category index
robustness/relation,experiments/crta_v3_camels_sign_probe_v1/support_5/seed_28/metrics.json,Existing scientific record; see category index
robustness/relation,experiments/crta_v3_camels_sign_probe_v1/support_5/seed_29/metrics.json,Existing scientific record; see category index
robustness/relation,experiments/crta_v3_camels_sign_probe_v2/SUMMARY_V2.json,Existing scientific record; see category index
robustness/relation,experiments/crta_v3_camels_sign_probe_v2/support_1/seed_20/metrics.json,Existing scientific record; see category index
robustness/relation,experiments/crta_v3_camels_sign_probe_v2/support_1/seed_21/metrics.json,Existing scientific record; see category index
robustness/relation,experiments/crta_v3_camels_sign_probe_v2/support_1/seed_22/metrics.json,Existing scientific record; see category index
robustness/relation,experiments/crta_v3_camels_sign_probe_v2/support_1/seed_23/metrics.json,Existing scientific record; see category index
robustness/relation,experiments/crta_v3_camels_sign_probe_v2/support_1/seed_24/metrics.json,Existing scientific record; see category index
robustness/relation,experiments/crta_v3_camels_sign_probe_v2/support_1/seed_25/metrics.json,Existing scientific record; see category index
robustness/relation,experiments/crta_v3_camels_sign_probe_v2/support_1/seed_26/metrics.json,Existing scientific record; see category index
robustness/relation,experiments/crta_v3_camels_sign_probe_v2/support_1/seed_27/metrics.json,Existing scientific record; see category index
robustness/relation,experiments/crta_v3_camels_sign_probe_v2/support_1/seed_28/metrics.json,Existing scientific record; see category index
robustness/relation,experiments/crta_v3_camels_sign_probe_v2/support_1/seed_29/metrics.json,Existing scientific record; see category index
robustness/relation,experiments/crta_v3_camels_sign_probe_v2/support_1/seed_30/metrics.json,Existing scientific record; see category index
robustness/relation,experiments/crta_v3_camels_sign_probe_v2/support_1/seed_31/metrics.json,Existing scientific record; see category index
robustness/relation,experiments/crta_v3_camels_sign_probe_v2/support_1/seed_32/metrics.json,Existing scientific record; see category index
robustness/relation,experiments/crta_v3_camels_sign_probe_v2/support_1/seed_33/metrics.json,Existing scientific record; see category index
robustness/relation,experiments/crta_v3_camels_sign_probe_v2/support_1/seed_34/metrics.json,Existing scientific record; see category index
robustness/relation,experiments/crta_v3_camels_sign_probe_v2/support_1/seed_35/metrics.json,Existing scientific record; see category index
robustness/relation,experiments/crta_v3_camels_sign_probe_v2/support_1/seed_36/metrics.json,Existing scientific record; see category index
robustness/relation,experiments/crta_v3_camels_sign_probe_v2/support_1/seed_37/metrics.json,Existing scientific record; see category index
robustness/relation,experiments/crta_v3_camels_sign_probe_v2/support_1/seed_38/metrics.json,Existing scientific record; see category index
robustness/relation,experiments/crta_v3_camels_sign_probe_v2/support_1/seed_39/metrics.json,Existing scientific record; see category index
robustness/relation,experiments/crta_v3_camels_sign_probe_v2/support_3/seed_20/metrics.json,Existing scientific record; see category index
robustness/relation,experiments/crta_v3_camels_sign_probe_v2/support_3/seed_21/metrics.json,Existing scientific record; see category index
robustness/relation,experiments/crta_v3_camels_sign_probe_v2/support_3/seed_22/metrics.json,Existing scientific record; see category index
robustness/relation,experiments/crta_v3_camels_sign_probe_v2/support_3/seed_23/metrics.json,Existing scientific record; see category index
robustness/relation,experiments/crta_v3_camels_sign_probe_v2/support_3/seed_24/metrics.json,Existing scientific record; see category index
robustness/relation,experiments/crta_v3_camels_sign_probe_v2/support_3/seed_25/metrics.json,Existing scientific record; see category index
robustness/relation,experiments/crta_v3_camels_sign_probe_v2/support_3/seed_26/metrics.json,Existing scientific record; see category index
robustness/relation,experiments/crta_v3_camels_sign_probe_v2/support_3/seed_27/metrics.json,Existing scientific record; see category index
robustness/relation,experiments/crta_v3_camels_sign_probe_v2/support_3/seed_28/metrics.json,Existing scientific record; see category index
robustness/relation,experiments/crta_v3_camels_sign_probe_v2/support_3/seed_29/metrics.json,Existing scientific record; see category index
robustness/relation,experiments/crta_v3_camels_sign_probe_v2/support_3/seed_30/metrics.json,Existing scientific record; see category index
robustness/relation,experiments/crta_v3_camels_sign_probe_v2/support_3/seed_31/metrics.json,Existing scientific record; see category index
robustness/relation,experiments/crta_v3_camels_sign_probe_v2/support_3/seed_32/metrics.json,Existing scientific record; see category index
robustness/relation,experiments/crta_v3_camels_sign_probe_v2/support_3/seed_33/metrics.json,Existing scientific record; see category index
robustness/relation,experiments/crta_v3_camels_sign_probe_v2/support_3/seed_34/metrics.json,Existing scientific record; see category index
robustness/relation,experiments/crta_v3_camels_sign_probe_v2/support_3/seed_35/metrics.json,Existing scientific record; see category index
robustness/relation,experiments/crta_v3_camels_sign_probe_v2/support_3/seed_36/metrics.json,Existing scientific record; see category index
robustness/relation,experiments/crta_v3_camels_sign_probe_v2/support_3/seed_37/metrics.json,Existing scientific record; see category index
robustness/relation,experiments/crta_v3_camels_sign_probe_v2/support_3/seed_38/metrics.json,Existing scientific record; see category index
robustness/relation,experiments/crta_v3_camels_sign_probe_v2/support_3/seed_39/metrics.json,Existing scientific record; see category index
robustness/relation,experiments/crta_v3_camels_sign_probe_v2/support_5/seed_20/metrics.json,Existing scientific record; see category index
robustness/relation,experiments/crta_v3_camels_sign_probe_v2/support_5/seed_21/metrics.json,Existing scientific record; see category index
robustness/relation,experiments/crta_v3_camels_sign_probe_v2/support_5/seed_22/metrics.json,Existing scientific record; see category index
robustness/relation,experiments/crta_v3_camels_sign_probe_v2/support_5/seed_23/metrics.json,Existing scientific record; see category index
robustness/relation,experiments/crta_v3_camels_sign_probe_v2/support_5/seed_24/metrics.json,Existing scientific record; see category index
robustness/relation,experiments/crta_v3_camels_sign_probe_v2/support_5/seed_25/metrics.json,Existing scientific record; see category index
robustness/relation,experiments/crta_v3_camels_sign_probe_v2/support_5/seed_26/metrics.json,Existing scientific record; see category index
robustness/relation,experiments/crta_v3_camels_sign_probe_v2/support_5/seed_27/metrics.json,Existing scientific record; see category index
robustness/relation,experiments/crta_v3_camels_sign_probe_v2/support_5/seed_28/metrics.json,Existing scientific record; see category index
robustness/relation,experiments/crta_v3_camels_sign_probe_v2/support_5/seed_29/metrics.json,Existing scientific record; see category index
robustness/relation,experiments/crta_v3_camels_sign_probe_v2/support_5/seed_30/metrics.json,Existing scientific record; see category index
robustness/relation,experiments/crta_v3_camels_sign_probe_v2/support_5/seed_31/metrics.json,Existing scientific record; see category index
robustness/relation,experiments/crta_v3_camels_sign_probe_v2/support_5/seed_32/metrics.json,Existing scientific record; see category index
robustness/relation,experiments/crta_v3_camels_sign_probe_v2/support_5/seed_33/metrics.json,Existing scientific record; see category index
robustness/relation,experiments/crta_v3_camels_sign_probe_v2/support_5/seed_34/metrics.json,Existing scientific record; see category index
robustness/relation,experiments/crta_v3_camels_sign_probe_v2/support_5/seed_35/metrics.json,Existing scientific record; see category index
robustness/relation,experiments/crta_v3_camels_sign_probe_v2/support_5/seed_36/metrics.json,Existing scientific record; see category index
robustness/relation,experiments/crta_v3_camels_sign_probe_v2/support_5/seed_37/metrics.json,Existing scientific record; see category index
robustness/relation,experiments/crta_v3_camels_sign_probe_v2/support_5/seed_38/metrics.json,Existing scientific record; see category index
robustness/relation,experiments/crta_v3_camels_sign_probe_v2/support_5/seed_39/metrics.json,Existing scientific record; see category index
robustness/relation,experiments/crta_v3_camels_sign_relation_ablation_v1/PROVENANCE.json,Existing scientific record; see category index
robustness/relation,experiments/crta_v3_camels_sign_relation_ablation_v1/SUMMARY_GC_REL.json,Existing scientific record; see category index
robustness/relation,experiments/crta_v3_camels_sign_relation_ablation_v1/support_1/seed_20/metrics.json,Existing scientific record; see category index
robustness/relation,experiments/crta_v3_camels_sign_relation_ablation_v1/support_1/seed_21/metrics.json,Existing scientific record; see category index
robustness/relation,experiments/crta_v3_camels_sign_relation_ablation_v1/support_1/seed_22/metrics.json,Existing scientific record; see category index
robustness/relation,experiments/crta_v3_camels_sign_relation_ablation_v1/support_1/seed_23/metrics.json,Existing scientific record; see category index
robustness/relation,experiments/crta_v3_camels_sign_relation_ablation_v1/support_1/seed_24/metrics.json,Existing scientific record; see category index
robustness/relation,experiments/crta_v3_camels_sign_relation_ablation_v1/support_1/seed_25/metrics.json,Existing scientific record; see category index
robustness/relation,experiments/crta_v3_camels_sign_relation_ablation_v1/support_1/seed_26/metrics.json,Existing scientific record; see category index
robustness/relation,experiments/crta_v3_camels_sign_relation_ablation_v1/support_1/seed_27/metrics.json,Existing scientific record; see category index
robustness/relation,experiments/crta_v3_camels_sign_relation_ablation_v1/support_1/seed_28/metrics.json,Existing scientific record; see category index
robustness/relation,experiments/crta_v3_camels_sign_relation_ablation_v1/support_1/seed_29/metrics.json,Existing scientific record; see category index
robustness/relation,experiments/crta_v3_camels_sign_relation_ablation_v1/support_1/seed_30/metrics.json,Existing scientific record; see category index
robustness/relation,experiments/crta_v3_camels_sign_relation_ablation_v1/support_1/seed_31/metrics.json,Existing scientific record; see category index
robustness/relation,experiments/crta_v3_camels_sign_relation_ablation_v1/support_1/seed_32/metrics.json,Existing scientific record; see category index
robustness/relation,experiments/crta_v3_camels_sign_relation_ablation_v1/support_1/seed_33/metrics.json,Existing scientific record; see category index
robustness/relation,experiments/crta_v3_camels_sign_relation_ablation_v1/support_1/seed_34/metrics.json,Existing scientific record; see category index
robustness/relation,experiments/crta_v3_camels_sign_relation_ablation_v1/support_1/seed_35/metrics.json,Existing scientific record; see category index
robustness/relation,experiments/crta_v3_camels_sign_relation_ablation_v1/support_1/seed_36/metrics.json,Existing scientific record; see category index
robustness/relation,experiments/crta_v3_camels_sign_relation_ablation_v1/support_1/seed_37/metrics.json,Existing scientific record; see category index
robustness/relation,experiments/crta_v3_camels_sign_relation_ablation_v1/support_1/seed_38/metrics.json,Existing scientific record; see category index
robustness/relation,experiments/crta_v3_camels_sign_relation_ablation_v1/support_1/seed_39/metrics.json,Existing scientific record; see category index
robustness/relation,experiments/crta_v3_camels_sign_relation_ablation_v1/support_3/seed_20/metrics.json,Existing scientific record; see category index
robustness/relation,experiments/crta_v3_camels_sign_relation_ablation_v1/support_3/seed_21/metrics.json,Existing scientific record; see category index
robustness/relation,experiments/crta_v3_camels_sign_relation_ablation_v1/support_3/seed_22/metrics.json,Existing scientific record; see category index
robustness/relation,experiments/crta_v3_camels_sign_relation_ablation_v1/support_3/seed_23/metrics.json,Existing scientific record; see category index
robustness/relation,experiments/crta_v3_camels_sign_relation_ablation_v1/support_3/seed_24/metrics.json,Existing scientific record; see category index
robustness/relation,experiments/crta_v3_camels_sign_relation_ablation_v1/support_3/seed_25/metrics.json,Existing scientific record; see category index
robustness/relation,experiments/crta_v3_camels_sign_relation_ablation_v1/support_3/seed_26/metrics.json,Existing scientific record; see category index
robustness/relation,experiments/crta_v3_camels_sign_relation_ablation_v1/support_3/seed_27/metrics.json,Existing scientific record; see category index
robustness/relation,experiments/crta_v3_camels_sign_relation_ablation_v1/support_3/seed_28/metrics.json,Existing scientific record; see category index
robustness/relation,experiments/crta_v3_camels_sign_relation_ablation_v1/support_3/seed_29/metrics.json,Existing scientific record; see category index
robustness/relation,experiments/crta_v3_camels_sign_relation_ablation_v1/support_3/seed_30/metrics.json,Existing scientific record; see category index
robustness/relation,experiments/crta_v3_camels_sign_relation_ablation_v1/support_3/seed_31/metrics.json,Existing scientific record; see category index
robustness/relation,experiments/crta_v3_camels_sign_relation_ablation_v1/support_3/seed_32/metrics.json,Existing scientific record; see category index
robustness/relation,experiments/crta_v3_camels_sign_relation_ablation_v1/support_3/seed_33/metrics.json,Existing scientific record; see category index
robustness/relation,experiments/crta_v3_camels_sign_relation_ablation_v1/support_3/seed_34/metrics.json,Existing scientific record; see category index
robustness/relation,experiments/crta_v3_camels_sign_relation_ablation_v1/support_3/seed_35/metrics.json,Existing scientific record; see category index
robustness/relation,experiments/crta_v3_camels_sign_relation_ablation_v1/support_3/seed_36/metrics.json,Existing scientific record; see category index
robustness/relation,experiments/crta_v3_camels_sign_relation_ablation_v1/support_3/seed_37/metrics.json,Existing scientific record; see category index
robustness/relation,experiments/crta_v3_camels_sign_relation_ablation_v1/support_3/seed_38/metrics.json,Existing scientific record; see category index
robustness/relation,experiments/crta_v3_camels_sign_relation_ablation_v1/support_3/seed_39/metrics.json,Existing scientific record; see category index
robustness/relation,experiments/crta_v3_camels_sign_relation_ablation_v1/support_5/seed_20/metrics.json,Existing scientific record; see category index
robustness/relation,experiments/crta_v3_camels_sign_relation_ablation_v1/support_5/seed_21/metrics.json,Existing scientific record; see category index
robustness/relation,experiments/crta_v3_camels_sign_relation_ablation_v1/support_5/seed_22/metrics.json,Existing scientific record; see category index
robustness/relation,experiments/crta_v3_camels_sign_relation_ablation_v1/support_5/seed_23/metrics.json,Existing scientific record; see category index
robustness/relation,experiments/crta_v3_camels_sign_relation_ablation_v1/support_5/seed_24/metrics.json,Existing scientific record; see category index
robustness/relation,experiments/crta_v3_camels_sign_relation_ablation_v1/support_5/seed_25/metrics.json,Existing scientific record; see category index
robustness/relation,experiments/crta_v3_camels_sign_relation_ablation_v1/support_5/seed_26/metrics.json,Existing scientific record; see category index
robustness/relation,experiments/crta_v3_camels_sign_relation_ablation_v1/support_5/seed_27/metrics.json,Existing scientific record; see category index
robustness/relation,experiments/crta_v3_camels_sign_relation_ablation_v1/support_5/seed_28/metrics.json,Existing scientific record; see category index
robustness/relation,experiments/crta_v3_camels_sign_relation_ablation_v1/support_5/seed_29/metrics.json,Existing scientific record; see category index
robustness/relation,experiments/crta_v3_camels_sign_relation_ablation_v1/support_5/seed_30/metrics.json,Existing scientific record; see category index
robustness/relation,experiments/crta_v3_camels_sign_relation_ablation_v1/support_5/seed_31/metrics.json,Existing scientific record; see category index
robustness/relation,experiments/crta_v3_camels_sign_relation_ablation_v1/support_5/seed_32/metrics.json,Existing scientific record; see category index
robustness/relation,experiments/crta_v3_camels_sign_relation_ablation_v1/support_5/seed_33/metrics.json,Existing scientific record; see category index
robustness/relation,experiments/crta_v3_camels_sign_relation_ablation_v1/support_5/seed_34/metrics.json,Existing scientific record; see category index
robustness/relation,experiments/crta_v3_camels_sign_relation_ablation_v1/support_5/seed_35/metrics.json,Existing scientific record; see category index
robustness/relation,experiments/crta_v3_camels_sign_relation_ablation_v1/support_5/seed_36/metrics.json,Existing scientific record; see category index
robustness/relation,experiments/crta_v3_camels_sign_relation_ablation_v1/support_5/seed_37/metrics.json,Existing scientific record; see category index
robustness/relation,experiments/crta_v3_camels_sign_relation_ablation_v1/support_5/seed_38/metrics.json,Existing scientific record; see category index
robustness/relation,experiments/crta_v3_camels_sign_relation_ablation_v1/support_5/seed_39/metrics.json,Existing scientific record; see category index
robustness/relation,experiments/crta_v3_m3_sign_probe_v1/SUMMARY_V1.json,Existing scientific record; see category index
robustness/relation,experiments/crta_v3_m3_sign_probe_v1/bun/support_0p01/seed_40/metrics.json,Existing scientific record; see category index
robustness/relation,experiments/crta_v3_m3_sign_probe_v1/bun/support_0p01/seed_41/metrics.json,Existing scientific record; see category index
robustness/relation,experiments/crta_v3_m3_sign_probe_v1/bun/support_0p01/seed_42/metrics.json,Existing scientific record; see category index
robustness/relation,experiments/crta_v3_m3_sign_probe_v1/bun/support_0p01/seed_43/metrics.json,Existing scientific record; see category index
robustness/relation,experiments/crta_v3_m3_sign_probe_v1/bun/support_0p01/seed_44/metrics.json,Existing scientific record; see category index
robustness/relation,experiments/crta_v3_m3_sign_probe_v1/bun/support_0p01/seed_45/metrics.json,Existing scientific record; see category index
robustness/relation,experiments/crta_v3_m3_sign_probe_v1/bun/support_0p01/seed_46/metrics.json,Existing scientific record; see category index
robustness/relation,experiments/crta_v3_m3_sign_probe_v1/bun/support_0p01/seed_47/metrics.json,Existing scientific record; see category index
robustness/relation,experiments/crta_v3_m3_sign_probe_v1/bun/support_0p01/seed_48/metrics.json,Existing scientific record; see category index
robustness/relation,experiments/crta_v3_m3_sign_probe_v1/bun/support_0p01/seed_49/metrics.json,Existing scientific record; see category index
robustness/relation,experiments/crta_v3_m3_sign_probe_v1/bun/support_0p05/seed_40/metrics.json,Existing scientific record; see category index
robustness/relation,experiments/crta_v3_m3_sign_probe_v1/bun/support_0p05/seed_41/metrics.json,Existing scientific record; see category index
robustness/relation,experiments/crta_v3_m3_sign_probe_v1/bun/support_0p05/seed_42/metrics.json,Existing scientific record; see category index
robustness/relation,experiments/crta_v3_m3_sign_probe_v1/bun/support_0p05/seed_43/metrics.json,Existing scientific record; see category index
robustness/relation,experiments/crta_v3_m3_sign_probe_v1/bun/support_0p05/seed_44/metrics.json,Existing scientific record; see category index
robustness/relation,experiments/crta_v3_m3_sign_probe_v1/bun/support_0p05/seed_45/metrics.json,Existing scientific record; see category index
robustness/relation,experiments/crta_v3_m3_sign_probe_v1/bun/support_0p05/seed_46/metrics.json,Existing scientific record; see category index
robustness/relation,experiments/crta_v3_m3_sign_probe_v1/bun/support_0p05/seed_47/metrics.json,Existing scientific record; see category index
robustness/relation,experiments/crta_v3_m3_sign_probe_v1/bun/support_0p05/seed_48/metrics.json,Existing scientific record; see category index
robustness/relation,experiments/crta_v3_m3_sign_probe_v1/bun/support_0p05/seed_49/metrics.json,Existing scientific record; see category index
robustness/relation,experiments/crta_v3_m3_sign_probe_v1/bun/support_0p10/seed_40/metrics.json,Existing scientific record; see category index
robustness/relation,experiments/crta_v3_m3_sign_probe_v1/bun/support_0p10/seed_41/metrics.json,Existing scientific record; see category index
robustness/relation,experiments/crta_v3_m3_sign_probe_v1/bun/support_0p10/seed_42/metrics.json,Existing scientific record; see category index
robustness/relation,experiments/crta_v3_m3_sign_probe_v1/bun/support_0p10/seed_43/metrics.json,Existing scientific record; see category index
robustness/relation,experiments/crta_v3_m3_sign_probe_v1/bun/support_0p10/seed_44/metrics.json,Existing scientific record; see category index
robustness/relation,experiments/crta_v3_m3_sign_probe_v1/bun/support_0p10/seed_45/metrics.json,Existing scientific record; see category index
robustness/relation,experiments/crta_v3_m3_sign_probe_v1/bun/support_0p10/seed_46/metrics.json,Existing scientific record; see category index
robustness/relation,experiments/crta_v3_m3_sign_probe_v1/bun/support_0p10/seed_47/metrics.json,Existing scientific record; see category index
robustness/relation,experiments/crta_v3_m3_sign_probe_v1/bun/support_0p10/seed_48/metrics.json,Existing scientific record; see category index
robustness/relation,experiments/crta_v3_m3_sign_probe_v1/bun/support_0p10/seed_49/metrics.json,Existing scientific record; see category index
robustness/relation,experiments/crta_v3_m3_sign_probe_v1/dbp/support_0p01/seed_40/metrics.json,Existing scientific record; see category index
robustness/relation,experiments/crta_v3_m3_sign_probe_v1/dbp/support_0p01/seed_41/metrics.json,Existing scientific record; see category index
robustness/relation,experiments/crta_v3_m3_sign_probe_v1/dbp/support_0p01/seed_42/metrics.json,Existing scientific record; see category index
robustness/relation,experiments/crta_v3_m3_sign_probe_v1/dbp/support_0p01/seed_43/metrics.json,Existing scientific record; see category index
robustness/relation,experiments/crta_v3_m3_sign_probe_v1/dbp/support_0p01/seed_44/metrics.json,Existing scientific record; see category index
robustness/relation,experiments/crta_v3_m3_sign_probe_v1/dbp/support_0p01/seed_45/metrics.json,Existing scientific record; see category index
robustness/relation,experiments/crta_v3_m3_sign_probe_v1/dbp/support_0p01/seed_46/metrics.json,Existing scientific record; see category index
robustness/relation,experiments/crta_v3_m3_sign_probe_v1/dbp/support_0p01/seed_47/metrics.json,Existing scientific record; see category index
robustness/relation,experiments/crta_v3_m3_sign_probe_v1/dbp/support_0p01/seed_48/metrics.json,Existing scientific record; see category index
robustness/relation,experiments/crta_v3_m3_sign_probe_v1/dbp/support_0p01/seed_49/metrics.json,Existing scientific record; see category index
robustness/relation,experiments/crta_v3_m3_sign_probe_v1/dbp/support_0p05/seed_40/metrics.json,Existing scientific record; see category index
robustness/relation,experiments/crta_v3_m3_sign_probe_v1/dbp/support_0p05/seed_41/metrics.json,Existing scientific record; see category index
robustness/relation,experiments/crta_v3_m3_sign_probe_v1/dbp/support_0p05/seed_42/metrics.json,Existing scientific record; see category index
robustness/relation,experiments/crta_v3_m3_sign_probe_v1/dbp/support_0p05/seed_43/metrics.json,Existing scientific record; see category index
robustness/relation,experiments/crta_v3_m3_sign_probe_v1/dbp/support_0p05/seed_44/metrics.json,Existing scientific record; see category index
robustness/relation,experiments/crta_v3_m3_sign_probe_v1/dbp/support_0p05/seed_45/metrics.json,Existing scientific record; see category index
robustness/relation,experiments/crta_v3_m3_sign_probe_v1/dbp/support_0p05/seed_46/metrics.json,Existing scientific record; see category index
robustness/relation,experiments/crta_v3_m3_sign_probe_v1/dbp/support_0p05/seed_47/metrics.json,Existing scientific record; see category index
robustness/relation,experiments/crta_v3_m3_sign_probe_v1/dbp/support_0p05/seed_48/metrics.json,Existing scientific record; see category index
robustness/relation,experiments/crta_v3_m3_sign_probe_v1/dbp/support_0p05/seed_49/metrics.json,Existing scientific record; see category index
robustness/relation,experiments/crta_v3_m3_sign_probe_v1/dbp/support_0p10/seed_40/metrics.json,Existing scientific record; see category index
robustness/relation,experiments/crta_v3_m3_sign_probe_v1/dbp/support_0p10/seed_41/metrics.json,Existing scientific record; see category index
robustness/relation,experiments/crta_v3_m3_sign_probe_v1/dbp/support_0p10/seed_42/metrics.json,Existing scientific record; see category index
robustness/relation,experiments/crta_v3_m3_sign_probe_v1/dbp/support_0p10/seed_43/metrics.json,Existing scientific record; see category index
robustness/relation,experiments/crta_v3_m3_sign_probe_v1/dbp/support_0p10/seed_44/metrics.json,Existing scientific record; see category index
robustness/relation,experiments/crta_v3_m3_sign_probe_v1/dbp/support_0p10/seed_45/metrics.json,Existing scientific record; see category index
robustness/relation,experiments/crta_v3_m3_sign_probe_v1/dbp/support_0p10/seed_46/metrics.json,Existing scientific record; see category index
robustness/relation,experiments/crta_v3_m3_sign_probe_v1/dbp/support_0p10/seed_47/metrics.json,Existing scientific record; see category index
robustness/relation,experiments/crta_v3_m3_sign_probe_v1/dbp/support_0p10/seed_48/metrics.json,Existing scientific record; see category index
robustness/relation,experiments/crta_v3_m3_sign_probe_v1/dbp/support_0p10/seed_49/metrics.json,Existing scientific record; see category index
robustness/relation,experiments/crta_v3_m3_sign_probe_v1/glucose/support_0p01/seed_40/metrics.json,Existing scientific record; see category index
robustness/relation,experiments/crta_v3_m3_sign_probe_v1/glucose/support_0p01/seed_41/metrics.json,Existing scientific record; see category index
robustness/relation,experiments/crta_v3_m3_sign_probe_v1/glucose/support_0p01/seed_42/metrics.json,Existing scientific record; see category index
robustness/relation,experiments/crta_v3_m3_sign_probe_v1/glucose/support_0p01/seed_43/metrics.json,Existing scientific record; see category index
robustness/relation,experiments/crta_v3_m3_sign_probe_v1/glucose/support_0p01/seed_44/metrics.json,Existing scientific record; see category index
robustness/relation,experiments/crta_v3_m3_sign_probe_v1/glucose/support_0p01/seed_45/metrics.json,Existing scientific record; see category index
robustness/relation,experiments/crta_v3_m3_sign_probe_v1/glucose/support_0p01/seed_46/metrics.json,Existing scientific record; see category index
robustness/relation,experiments/crta_v3_m3_sign_probe_v1/glucose/support_0p01/seed_47/metrics.json,Existing scientific record; see category index
robustness/relation,experiments/crta_v3_m3_sign_probe_v1/glucose/support_0p01/seed_48/metrics.json,Existing scientific record; see category index
robustness/relation,experiments/crta_v3_m3_sign_probe_v1/glucose/support_0p01/seed_49/metrics.json,Existing scientific record; see category index
robustness/relation,experiments/crta_v3_m3_sign_probe_v1/glucose/support_0p05/seed_40/metrics.json,Existing scientific record; see category index
robustness/relation,experiments/crta_v3_m3_sign_probe_v1/glucose/support_0p05/seed_41/metrics.json,Existing scientific record; see category index
robustness/relation,experiments/crta_v3_m3_sign_probe_v1/glucose/support_0p05/seed_42/metrics.json,Existing scientific record; see category index
robustness/relation,experiments/crta_v3_m3_sign_probe_v1/glucose/support_0p05/seed_43/metrics.json,Existing scientific record; see category index
robustness/relation,experiments/crta_v3_m3_sign_probe_v1/glucose/support_0p05/seed_44/metrics.json,Existing scientific record; see category index
robustness/relation,experiments/crta_v3_m3_sign_probe_v1/glucose/support_0p05/seed_45/metrics.json,Existing scientific record; see category index
robustness/relation,experiments/crta_v3_m3_sign_probe_v1/glucose/support_0p05/seed_46/metrics.json,Existing scientific record; see category index
robustness/relation,experiments/crta_v3_m3_sign_probe_v1/glucose/support_0p05/seed_47/metrics.json,Existing scientific record; see category index
robustness/relation,experiments/crta_v3_m3_sign_probe_v1/glucose/support_0p05/seed_48/metrics.json,Existing scientific record; see category index
robustness/relation,experiments/crta_v3_m3_sign_probe_v1/glucose/support_0p05/seed_49/metrics.json,Existing scientific record; see category index
robustness/relation,experiments/crta_v3_m3_sign_probe_v1/glucose/support_0p10/seed_40/metrics.json,Existing scientific record; see category index
robustness/relation,experiments/crta_v3_m3_sign_probe_v1/glucose/support_0p10/seed_41/metrics.json,Existing scientific record; see category index
robustness/relation,experiments/crta_v3_m3_sign_probe_v1/glucose/support_0p10/seed_42/metrics.json,Existing scientific record; see category index
robustness/relation,experiments/crta_v3_m3_sign_probe_v1/glucose/support_0p10/seed_43/metrics.json,Existing scientific record; see category index
robustness/relation,experiments/crta_v3_m3_sign_probe_v1/glucose/support_0p10/seed_44/metrics.json,Existing scientific record; see category index
robustness/relation,experiments/crta_v3_m3_sign_probe_v1/glucose/support_0p10/seed_45/metrics.json,Existing scientific record; see category index
robustness/relation,experiments/crta_v3_m3_sign_probe_v1/glucose/support_0p10/seed_46/metrics.json,Existing scientific record; see category index
robustness/relation,experiments/crta_v3_m3_sign_probe_v1/glucose/support_0p10/seed_47/metrics.json,Existing scientific record; see category index
robustness/relation,experiments/crta_v3_m3_sign_probe_v1/glucose/support_0p10/seed_48/metrics.json,Existing scientific record; see category index
robustness/relation,experiments/crta_v3_m3_sign_probe_v1/glucose/support_0p10/seed_49/metrics.json,Existing scientific record; see category index
robustness/relation,experiments/crta_v3_m3_sign_probe_v1/hba1c/support_0p01/seed_40/metrics.json,Existing scientific record; see category index
robustness/relation,experiments/crta_v3_m3_sign_probe_v1/hba1c/support_0p01/seed_41/metrics.json,Existing scientific record; see category index
robustness/relation,experiments/crta_v3_m3_sign_probe_v1/hba1c/support_0p01/seed_42/metrics.json,Existing scientific record; see category index
robustness/relation,experiments/crta_v3_m3_sign_probe_v1/hba1c/support_0p01/seed_43/metrics.json,Existing scientific record; see category index
robustness/relation,experiments/crta_v3_m3_sign_probe_v1/hba1c/support_0p01/seed_44/metrics.json,Existing scientific record; see category index
robustness/relation,experiments/crta_v3_m3_sign_probe_v1/hba1c/support_0p01/seed_45/metrics.json,Existing scientific record; see category index
robustness/relation,experiments/crta_v3_m3_sign_probe_v1/hba1c/support_0p01/seed_46/metrics.json,Existing scientific record; see category index
robustness/relation,experiments/crta_v3_m3_sign_probe_v1/hba1c/support_0p01/seed_47/metrics.json,Existing scientific record; see category index
robustness/relation,experiments/crta_v3_m3_sign_probe_v1/hba1c/support_0p01/seed_48/metrics.json,Existing scientific record; see category index
robustness/relation,experiments/crta_v3_m3_sign_probe_v1/hba1c/support_0p01/seed_49/metrics.json,Existing scientific record; see category index
robustness/relation,experiments/crta_v3_m3_sign_probe_v1/hba1c/support_0p05/seed_40/metrics.json,Existing scientific record; see category index
robustness/relation,experiments/crta_v3_m3_sign_probe_v1/hba1c/support_0p05/seed_41/metrics.json,Existing scientific record; see category index
robustness/relation,experiments/crta_v3_m3_sign_probe_v1/hba1c/support_0p05/seed_42/metrics.json,Existing scientific record; see category index
robustness/relation,experiments/crta_v3_m3_sign_probe_v1/hba1c/support_0p05/seed_43/metrics.json,Existing scientific record; see category index
robustness/relation,experiments/crta_v3_m3_sign_probe_v1/hba1c/support_0p05/seed_44/metrics.json,Existing scientific record; see category index
robustness/relation,experiments/crta_v3_m3_sign_probe_v1/hba1c/support_0p05/seed_45/metrics.json,Existing scientific record; see category index
robustness/relation,experiments/crta_v3_m3_sign_probe_v1/hba1c/support_0p05/seed_46/metrics.json,Existing scientific record; see category index
robustness/relation,experiments/crta_v3_m3_sign_probe_v1/hba1c/support_0p05/seed_47/metrics.json,Existing scientific record; see category index
robustness/relation,experiments/crta_v3_m3_sign_probe_v1/hba1c/support_0p05/seed_48/metrics.json,Existing scientific record; see category index
robustness/relation,experiments/crta_v3_m3_sign_probe_v1/hba1c/support_0p05/seed_49/metrics.json,Existing scientific record; see category index
robustness/relation,experiments/crta_v3_m3_sign_probe_v1/hba1c/support_0p10/seed_40/metrics.json,Existing scientific record; see category index
robustness/relation,experiments/crta_v3_m3_sign_probe_v1/hba1c/support_0p10/seed_41/metrics.json,Existing scientific record; see category index
robustness/relation,experiments/crta_v3_m3_sign_probe_v1/hba1c/support_0p10/seed_42/metrics.json,Existing scientific record; see category index
robustness/relation,experiments/crta_v3_m3_sign_probe_v1/hba1c/support_0p10/seed_43/metrics.json,Existing scientific record; see category index
robustness/relation,experiments/crta_v3_m3_sign_probe_v1/hba1c/support_0p10/seed_44/metrics.json,Existing scientific record; see category index
robustness/relation,experiments/crta_v3_m3_sign_probe_v1/hba1c/support_0p10/seed_45/metrics.json,Existing scientific record; see category index
robustness/relation,experiments/crta_v3_m3_sign_probe_v1/hba1c/support_0p10/seed_46/metrics.json,Existing scientific record; see category index
robustness/relation,experiments/crta_v3_m3_sign_probe_v1/hba1c/support_0p10/seed_47/metrics.json,Existing scientific record; see category index
robustness/relation,experiments/crta_v3_m3_sign_probe_v1/hba1c/support_0p10/seed_48/metrics.json,Existing scientific record; see category index
robustness/relation,experiments/crta_v3_m3_sign_probe_v1/hba1c/support_0p10/seed_49/metrics.json,Existing scientific record; see category index
robustness/relation,experiments/crta_v3_m3_sign_probe_v1/hematocrit/support_0p01/seed_40/metrics.json,Existing scientific record; see category index
robustness/relation,experiments/crta_v3_m3_sign_probe_v1/hematocrit/support_0p01/seed_41/metrics.json,Existing scientific record; see category index
robustness/relation,experiments/crta_v3_m3_sign_probe_v1/hematocrit/support_0p01/seed_42/metrics.json,Existing scientific record; see category index
robustness/relation,experiments/crta_v3_m3_sign_probe_v1/hematocrit/support_0p01/seed_43/metrics.json,Existing scientific record; see category index
robustness/relation,experiments/crta_v3_m3_sign_probe_v1/hematocrit/support_0p01/seed_44/metrics.json,Existing scientific record; see category index
robustness/relation,experiments/crta_v3_m3_sign_probe_v1/hematocrit/support_0p01/seed_45/metrics.json,Existing scientific record; see category index
robustness/relation,experiments/crta_v3_m3_sign_probe_v1/hematocrit/support_0p01/seed_46/metrics.json,Existing scientific record; see category index
robustness/relation,experiments/crta_v3_m3_sign_probe_v1/hematocrit/support_0p01/seed_47/metrics.json,Existing scientific record; see category index
robustness/relation,experiments/crta_v3_m3_sign_probe_v1/hematocrit/support_0p01/seed_48/metrics.json,Existing scientific record; see category index
robustness/relation,experiments/crta_v3_m3_sign_probe_v1/hematocrit/support_0p01/seed_49/metrics.json,Existing scientific record; see category index
robustness/relation,experiments/crta_v3_m3_sign_probe_v1/hematocrit/support_0p05/seed_40/metrics.json,Existing scientific record; see category index
robustness/relation,experiments/crta_v3_m3_sign_probe_v1/hematocrit/support_0p05/seed_41/metrics.json,Existing scientific record; see category index
robustness/relation,experiments/crta_v3_m3_sign_probe_v1/hematocrit/support_0p05/seed_42/metrics.json,Existing scientific record; see category index
robustness/relation,experiments/crta_v3_m3_sign_probe_v1/hematocrit/support_0p05/seed_43/metrics.json,Existing scientific record; see category index
robustness/relation,experiments/crta_v3_m3_sign_probe_v1/hematocrit/support_0p05/seed_44/metrics.json,Existing scientific record; see category index
robustness/relation,experiments/crta_v3_m3_sign_probe_v1/hematocrit/support_0p05/seed_45/metrics.json,Existing scientific record; see category index
robustness/relation,experiments/crta_v3_m3_sign_probe_v1/hematocrit/support_0p05/seed_46/metrics.json,Existing scientific record; see category index
robustness/relation,experiments/crta_v3_m3_sign_probe_v1/hematocrit/support_0p05/seed_47/metrics.json,Existing scientific record; see category index
robustness/relation,experiments/crta_v3_m3_sign_probe_v1/hematocrit/support_0p05/seed_48/metrics.json,Existing scientific record; see category index
robustness/relation,experiments/crta_v3_m3_sign_probe_v1/hematocrit/support_0p05/seed_49/metrics.json,Existing scientific record; see category index
robustness/relation,experiments/crta_v3_m3_sign_probe_v1/hematocrit/support_0p10/seed_40/metrics.json,Existing scientific record; see category index
robustness/relation,experiments/crta_v3_m3_sign_probe_v1/hematocrit/support_0p10/seed_41/metrics.json,Existing scientific record; see category index
robustness/relation,experiments/crta_v3_m3_sign_probe_v1/hematocrit/support_0p10/seed_42/metrics.json,Existing scientific record; see category index
robustness/relation,experiments/crta_v3_m3_sign_probe_v1/hematocrit/support_0p10/seed_43/metrics.json,Existing scientific record; see category index
robustness/relation,experiments/crta_v3_m3_sign_probe_v1/hematocrit/support_0p10/seed_44/metrics.json,Existing scientific record; see category index
robustness/relation,experiments/crta_v3_m3_sign_probe_v1/hematocrit/support_0p10/seed_45/metrics.json,Existing scientific record; see category index
robustness/relation,experiments/crta_v3_m3_sign_probe_v1/hematocrit/support_0p10/seed_46/metrics.json,Existing scientific record; see category index
robustness/relation,experiments/crta_v3_m3_sign_probe_v1/hematocrit/support_0p10/seed_47/metrics.json,Existing scientific record; see category index
robustness/relation,experiments/crta_v3_m3_sign_probe_v1/hematocrit/support_0p10/seed_48/metrics.json,Existing scientific record; see category index
robustness/relation,experiments/crta_v3_m3_sign_probe_v1/hematocrit/support_0p10/seed_49/metrics.json,Existing scientific record; see category index
robustness/relation,experiments/crta_v3_m3_sign_probe_v1/rbc/support_0p01/seed_40/metrics.json,Existing scientific record; see category index
robustness/relation,experiments/crta_v3_m3_sign_probe_v1/rbc/support_0p01/seed_41/metrics.json,Existing scientific record; see category index
robustness/relation,experiments/crta_v3_m3_sign_probe_v1/rbc/support_0p01/seed_42/metrics.json,Existing scientific record; see category index
robustness/relation,experiments/crta_v3_m3_sign_probe_v1/rbc/support_0p01/seed_43/metrics.json,Existing scientific record; see category index
robustness/relation,experiments/crta_v3_m3_sign_probe_v1/rbc/support_0p01/seed_44/metrics.json,Existing scientific record; see category index
robustness/relation,experiments/crta_v3_m3_sign_probe_v1/rbc/support_0p01/seed_45/metrics.json,Existing scientific record; see category index
robustness/relation,experiments/crta_v3_m3_sign_probe_v1/rbc/support_0p01/seed_46/metrics.json,Existing scientific record; see category index
robustness/relation,experiments/crta_v3_m3_sign_probe_v1/rbc/support_0p01/seed_47/metrics.json,Existing scientific record; see category index
robustness/relation,experiments/crta_v3_m3_sign_probe_v1/rbc/support_0p01/seed_48/metrics.json,Existing scientific record; see category index
robustness/relation,experiments/crta_v3_m3_sign_probe_v1/rbc/support_0p01/seed_49/metrics.json,Existing scientific record; see category index
robustness/relation,experiments/crta_v3_m3_sign_probe_v1/rbc/support_0p05/seed_40/metrics.json,Existing scientific record; see category index
robustness/relation,experiments/crta_v3_m3_sign_probe_v1/rbc/support_0p05/seed_41/metrics.json,Existing scientific record; see category index
robustness/relation,experiments/crta_v3_m3_sign_probe_v1/rbc/support_0p05/seed_42/metrics.json,Existing scientific record; see category index
robustness/relation,experiments/crta_v3_m3_sign_probe_v1/rbc/support_0p05/seed_43/metrics.json,Existing scientific record; see category index
robustness/relation,experiments/crta_v3_m3_sign_probe_v1/rbc/support_0p05/seed_44/metrics.json,Existing scientific record; see category index
robustness/relation,experiments/crta_v3_m3_sign_probe_v1/rbc/support_0p05/seed_45/metrics.json,Existing scientific record; see category index
robustness/relation,experiments/crta_v3_m3_sign_probe_v1/rbc/support_0p05/seed_46/metrics.json,Existing scientific record; see category index
robustness/relation,experiments/crta_v3_m3_sign_probe_v1/rbc/support_0p05/seed_47/metrics.json,Existing scientific record; see category index
robustness/relation,experiments/crta_v3_m3_sign_probe_v1/rbc/support_0p05/seed_48/metrics.json,Existing scientific record; see category index
robustness/relation,experiments/crta_v3_m3_sign_probe_v1/rbc/support_0p05/seed_49/metrics.json,Existing scientific record; see category index
robustness/relation,experiments/crta_v3_m3_sign_probe_v1/rbc/support_0p10/seed_40/metrics.json,Existing scientific record; see category index
robustness/relation,experiments/crta_v3_m3_sign_probe_v1/rbc/support_0p10/seed_41/metrics.json,Existing scientific record; see category index
robustness/relation,experiments/crta_v3_m3_sign_probe_v1/rbc/support_0p10/seed_42/metrics.json,Existing scientific record; see category index
robustness/relation,experiments/crta_v3_m3_sign_probe_v1/rbc/support_0p10/seed_43/metrics.json,Existing scientific record; see category index
robustness/relation,experiments/crta_v3_m3_sign_probe_v1/rbc/support_0p10/seed_44/metrics.json,Existing scientific record; see category index
robustness/relation,experiments/crta_v3_m3_sign_probe_v1/rbc/support_0p10/seed_45/metrics.json,Existing scientific record; see category index
robustness/relation,experiments/crta_v3_m3_sign_probe_v1/rbc/support_0p10/seed_46/metrics.json,Existing scientific record; see category index
robustness/relation,experiments/crta_v3_m3_sign_probe_v1/rbc/support_0p10/seed_47/metrics.json,Existing scientific record; see category index
robustness/relation,experiments/crta_v3_m3_sign_probe_v1/rbc/support_0p10/seed_48/metrics.json,Existing scientific record; see category index
robustness/relation,experiments/crta_v3_m3_sign_probe_v1/rbc/support_0p10/seed_49/metrics.json,Existing scientific record; see category index
robustness/relation,experiments/crta_v3_m3_sign_probe_v1/sbp/support_0p01/seed_40/metrics.json,Existing scientific record; see category index
robustness/relation,experiments/crta_v3_m3_sign_probe_v1/sbp/support_0p01/seed_41/metrics.json,Existing scientific record; see category index
robustness/relation,experiments/crta_v3_m3_sign_probe_v1/sbp/support_0p01/seed_42/metrics.json,Existing scientific record; see category index
robustness/relation,experiments/crta_v3_m3_sign_probe_v1/sbp/support_0p01/seed_43/metrics.json,Existing scientific record; see category index
robustness/relation,experiments/crta_v3_m3_sign_probe_v1/sbp/support_0p01/seed_44/metrics.json,Existing scientific record; see category index
robustness/relation,experiments/crta_v3_m3_sign_probe_v1/sbp/support_0p01/seed_45/metrics.json,Existing scientific record; see category index
robustness/relation,experiments/crta_v3_m3_sign_probe_v1/sbp/support_0p01/seed_46/metrics.json,Existing scientific record; see category index
robustness/relation,experiments/crta_v3_m3_sign_probe_v1/sbp/support_0p01/seed_47/metrics.json,Existing scientific record; see category index
robustness/relation,experiments/crta_v3_m3_sign_probe_v1/sbp/support_0p01/seed_48/metrics.json,Existing scientific record; see category index
robustness/relation,experiments/crta_v3_m3_sign_probe_v1/sbp/support_0p01/seed_49/metrics.json,Existing scientific record; see category index
robustness/relation,experiments/crta_v3_m3_sign_probe_v1/sbp/support_0p05/seed_40/metrics.json,Existing scientific record; see category index
robustness/relation,experiments/crta_v3_m3_sign_probe_v1/sbp/support_0p05/seed_41/metrics.json,Existing scientific record; see category index
robustness/relation,experiments/crta_v3_m3_sign_probe_v1/sbp/support_0p05/seed_42/metrics.json,Existing scientific record; see category index
robustness/relation,experiments/crta_v3_m3_sign_probe_v1/sbp/support_0p05/seed_43/metrics.json,Existing scientific record; see category index
robustness/relation,experiments/crta_v3_m3_sign_probe_v1/sbp/support_0p05/seed_44/metrics.json,Existing scientific record; see category index
robustness/relation,experiments/crta_v3_m3_sign_probe_v1/sbp/support_0p05/seed_45/metrics.json,Existing scientific record; see category index
robustness/relation,experiments/crta_v3_m3_sign_probe_v1/sbp/support_0p05/seed_46/metrics.json,Existing scientific record; see category index
robustness/relation,experiments/crta_v3_m3_sign_probe_v1/sbp/support_0p05/seed_47/metrics.json,Existing scientific record; see category index
robustness/relation,experiments/crta_v3_m3_sign_probe_v1/sbp/support_0p05/seed_48/metrics.json,Existing scientific record; see category index
robustness/relation,experiments/crta_v3_m3_sign_probe_v1/sbp/support_0p05/seed_49/metrics.json,Existing scientific record; see category index
robustness/relation,experiments/crta_v3_m3_sign_probe_v1/sbp/support_0p10/seed_40/metrics.json,Existing scientific record; see category index
robustness/relation,experiments/crta_v3_m3_sign_probe_v1/sbp/support_0p10/seed_41/metrics.json,Existing scientific record; see category index
robustness/relation,experiments/crta_v3_m3_sign_probe_v1/sbp/support_0p10/seed_42/metrics.json,Existing scientific record; see category index
robustness/relation,experiments/crta_v3_m3_sign_probe_v1/sbp/support_0p10/seed_43/metrics.json,Existing scientific record; see category index
robustness/relation,experiments/crta_v3_m3_sign_probe_v1/sbp/support_0p10/seed_44/metrics.json,Existing scientific record; see category index
robustness/relation,experiments/crta_v3_m3_sign_probe_v1/sbp/support_0p10/seed_45/metrics.json,Existing scientific record; see category index
robustness/relation,experiments/crta_v3_m3_sign_probe_v1/sbp/support_0p10/seed_46/metrics.json,Existing scientific record; see category index
robustness/relation,experiments/crta_v3_m3_sign_probe_v1/sbp/support_0p10/seed_47/metrics.json,Existing scientific record; see category index
robustness/relation,experiments/crta_v3_m3_sign_probe_v1/sbp/support_0p10/seed_48/metrics.json,Existing scientific record; see category index
robustness/relation,experiments/crta_v3_m3_sign_probe_v1/sbp/support_0p10/seed_49/metrics.json,Existing scientific record; see category index
robustness/relation,experiments/crta_v3_mcr_noisy_proxy_recoverability_v1/CELL_DOSE_V1.csv,Existing scientific record; see category index
robustness/relation,experiments/crta_v3_mcr_noisy_proxy_recoverability_v1/FROZEN_MANIFEST_V1.json,Existing scientific record; see category index
robustness/relation,experiments/crta_v3_mcr_noisy_proxy_recoverability_v1/PROTOCOL_V1.md,Existing scientific record; see category index
robustness/relation,experiments/crta_v3_mcr_noisy_proxy_recoverability_v1/PROXY_SEAL_V1.json,Existing scientific record; see category index
robustness/relation,experiments/crta_v3_mcr_noisy_proxy_recoverability_v1/REPORT_V1.md,Existing scientific record; see category index
robustness/relation,experiments/crta_v3_mcr_noisy_proxy_recoverability_v1/SUMMARY_V1.json,Existing scientific record; see category index
robustness/relation,experiments/crta_v3_mcr_noisy_proxy_recoverability_v1/proxy/pairwise/r00.json,Existing scientific record; see category index
robustness/relation,experiments/crta_v3_mcr_noisy_proxy_recoverability_v1/proxy/pairwise/r01.json,Existing scientific record; see category index
robustness/relation,experiments/crta_v3_mcr_noisy_proxy_recoverability_v1/proxy/pairwise/r02.json,Existing scientific record; see category index
robustness/relation,experiments/crta_v3_mcr_noisy_proxy_recoverability_v1/proxy/pairwise/r03.json,Existing scientific record; see category index
robustness/relation,experiments/crta_v3_mcr_noisy_proxy_recoverability_v1/proxy/pairwise/r04.json,Existing scientific record; see category index
robustness/relation,experiments/crta_v3_mcr_noisy_proxy_recoverability_v1/proxy/pairwise/r05.json,Existing scientific record; see category index
robustness/relation,experiments/crta_v3_mcr_noisy_proxy_recoverability_v1/proxy/pairwise/r06.json,Existing scientific record; see category index
robustness/relation,experiments/crta_v3_mcr_noisy_proxy_recoverability_v1/proxy/pairwise/r07.json,Existing scientific record; see category index
robustness/relation,experiments/crta_v3_mcr_noisy_proxy_recoverability_v1/proxy/pairwise/r08.json,Existing scientific record; see category index
robustness/relation,experiments/crta_v3_mcr_noisy_proxy_recoverability_v1/proxy/pairwise/r09.json,Existing scientific record; see category index
robustness/relation,experiments/crta_v3_mcr_noisy_proxy_recoverability_v1/proxy/pairwise/r10.json,Existing scientific record; see category index
robustness/relation,experiments/crta_v3_mcr_noisy_proxy_recoverability_v1/proxy/pairwise/r11.json,Existing scientific record; see category index
robustness/relation,experiments/crta_v3_mcr_noisy_proxy_recoverability_v1/proxy/pairwise/r12.json,Existing scientific record; see category index
robustness/relation,experiments/crta_v3_mcr_noisy_proxy_recoverability_v1/proxy/pairwise/r13.json,Existing scientific record; see category index
robustness/relation,experiments/crta_v3_mcr_noisy_proxy_recoverability_v1/proxy/pairwise/r14.json,Existing scientific record; see category index
robustness/relation,experiments/crta_v3_mcr_noisy_proxy_recoverability_v1/proxy/pairwise/r15.json,Existing scientific record; see category index
robustness/relation,experiments/crta_v3_mcr_noisy_proxy_recoverability_v1/proxy/pairwise/r16.json,Existing scientific record; see category index
robustness/relation,experiments/crta_v3_mcr_noisy_proxy_recoverability_v1/proxy/pairwise/r17.json,Existing scientific record; see category index
robustness/relation,experiments/crta_v3_mcr_noisy_proxy_recoverability_v1/proxy/pairwise/r18.json,Existing scientific record; see category index
robustness/relation,experiments/crta_v3_mcr_noisy_proxy_recoverability_v1/proxy/pairwise/r19.json,Existing scientific record; see category index
robustness/relation,experiments/crta_v3_mcr_noisy_proxy_recoverability_v1/proxy/sparse/r00.json,Existing scientific record; see category index
robustness/relation,experiments/crta_v3_mcr_noisy_proxy_recoverability_v1/proxy/sparse/r01.json,Existing scientific record; see category index
robustness/relation,experiments/crta_v3_mcr_noisy_proxy_recoverability_v1/proxy/sparse/r02.json,Existing scientific record; see category index
robustness/relation,experiments/crta_v3_mcr_noisy_proxy_recoverability_v1/proxy/sparse/r03.json,Existing scientific record; see category index
robustness/relation,experiments/crta_v3_mcr_noisy_proxy_recoverability_v1/proxy/sparse/r04.json,Existing scientific record; see category index
robustness/relation,experiments/crta_v3_mcr_noisy_proxy_recoverability_v1/proxy/sparse/r05.json,Existing scientific record; see category index
robustness/relation,experiments/crta_v3_mcr_noisy_proxy_recoverability_v1/proxy/sparse/r06.json,Existing scientific record; see category index
robustness/relation,experiments/crta_v3_mcr_noisy_proxy_recoverability_v1/proxy/sparse/r07.json,Existing scientific record; see category index
robustness/relation,experiments/crta_v3_mcr_noisy_proxy_recoverability_v1/proxy/sparse/r08.json,Existing scientific record; see category index
robustness/relation,experiments/crta_v3_mcr_noisy_proxy_recoverability_v1/proxy/sparse/r09.json,Existing scientific record; see category index
robustness/relation,experiments/crta_v3_mcr_noisy_proxy_recoverability_v1/proxy/sparse/r10.json,Existing scientific record; see category index
robustness/relation,experiments/crta_v3_mcr_noisy_proxy_recoverability_v1/proxy/sparse/r11.json,Existing scientific record; see category index
robustness/relation,experiments/crta_v3_mcr_noisy_proxy_recoverability_v1/proxy/sparse/r12.json,Existing scientific record; see category index
robustness/relation,experiments/crta_v3_mcr_noisy_proxy_recoverability_v1/proxy/sparse/r13.json,Existing scientific record; see category index
robustness/relation,experiments/crta_v3_mcr_noisy_proxy_recoverability_v1/proxy/sparse/r14.json,Existing scientific record; see category index
robustness/relation,experiments/crta_v3_mcr_noisy_proxy_recoverability_v1/proxy/sparse/r15.json,Existing scientific record; see category index
robustness/relation,experiments/crta_v3_mcr_noisy_proxy_recoverability_v1/proxy/sparse/r16.json,Existing scientific record; see category index
robustness/relation,experiments/crta_v3_mcr_noisy_proxy_recoverability_v1/proxy/sparse/r17.json,Existing scientific record; see category index
robustness/relation,experiments/crta_v3_mcr_noisy_proxy_recoverability_v1/proxy/sparse/r18.json,Existing scientific record; see category index
robustness/relation,experiments/crta_v3_mcr_noisy_proxy_recoverability_v1/proxy/sparse/r19.json,Existing scientific record; see category index
robustness/relation,experiments/crta_v3_mcr_noisy_proxy_recoverability_v1/utility/pairwise/r00.json,Existing scientific record; see category index
robustness/relation,experiments/crta_v3_mcr_noisy_proxy_recoverability_v1/utility/pairwise/r01.json,Existing scientific record; see category index
robustness/relation,experiments/crta_v3_mcr_noisy_proxy_recoverability_v1/utility/pairwise/r02.json,Existing scientific record; see category index
robustness/relation,experiments/crta_v3_mcr_noisy_proxy_recoverability_v1/utility/pairwise/r03.json,Existing scientific record; see category index
robustness/relation,experiments/crta_v3_mcr_noisy_proxy_recoverability_v1/utility/pairwise/r04.json,Existing scientific record; see category index
robustness/relation,experiments/crta_v3_mcr_noisy_proxy_recoverability_v1/utility/pairwise/r05.json,Existing scientific record; see category index
robustness/relation,experiments/crta_v3_mcr_noisy_proxy_recoverability_v1/utility/pairwise/r06.json,Existing scientific record; see category index
robustness/relation,experiments/crta_v3_mcr_noisy_proxy_recoverability_v1/utility/pairwise/r07.json,Existing scientific record; see category index
robustness/relation,experiments/crta_v3_mcr_noisy_proxy_recoverability_v1/utility/pairwise/r08.json,Existing scientific record; see category index
robustness/relation,experiments/crta_v3_mcr_noisy_proxy_recoverability_v1/utility/pairwise/r09.json,Existing scientific record; see category index
robustness/relation,experiments/crta_v3_mcr_noisy_proxy_recoverability_v1/utility/pairwise/r10.json,Existing scientific record; see category index
robustness/relation,experiments/crta_v3_mcr_noisy_proxy_recoverability_v1/utility/pairwise/r11.json,Existing scientific record; see category index
robustness/relation,experiments/crta_v3_mcr_noisy_proxy_recoverability_v1/utility/pairwise/r12.json,Existing scientific record; see category index
robustness/relation,experiments/crta_v3_mcr_noisy_proxy_recoverability_v1/utility/pairwise/r13.json,Existing scientific record; see category index
robustness/relation,experiments/crta_v3_mcr_noisy_proxy_recoverability_v1/utility/pairwise/r14.json,Existing scientific record; see category index
robustness/relation,experiments/crta_v3_mcr_noisy_proxy_recoverability_v1/utility/pairwise/r15.json,Existing scientific record; see category index
robustness/relation,experiments/crta_v3_mcr_noisy_proxy_recoverability_v1/utility/pairwise/r16.json,Existing scientific record; see category index
robustness/relation,experiments/crta_v3_mcr_noisy_proxy_recoverability_v1/utility/pairwise/r17.json,Existing scientific record; see category index
robustness/relation,experiments/crta_v3_mcr_noisy_proxy_recoverability_v1/utility/pairwise/r18.json,Existing scientific record; see category index
robustness/relation,experiments/crta_v3_mcr_noisy_proxy_recoverability_v1/utility/pairwise/r19.json,Existing scientific record; see category index
robustness/relation,experiments/crta_v3_mcr_noisy_proxy_recoverability_v1/utility/sparse/r00.json,Existing scientific record; see category index
robustness/relation,experiments/crta_v3_mcr_noisy_proxy_recoverability_v1/utility/sparse/r01.json,Existing scientific record; see category index
robustness/relation,experiments/crta_v3_mcr_noisy_proxy_recoverability_v1/utility/sparse/r02.json,Existing scientific record; see category index
robustness/relation,experiments/crta_v3_mcr_noisy_proxy_recoverability_v1/utility/sparse/r03.json,Existing scientific record; see category index
robustness/relation,experiments/crta_v3_mcr_noisy_proxy_recoverability_v1/utility/sparse/r04.json,Existing scientific record; see category index
robustness/relation,experiments/crta_v3_mcr_noisy_proxy_recoverability_v1/utility/sparse/r05.json,Existing scientific record; see category index
robustness/relation,experiments/crta_v3_mcr_noisy_proxy_recoverability_v1/utility/sparse/r06.json,Existing scientific record; see category index
robustness/relation,experiments/crta_v3_mcr_noisy_proxy_recoverability_v1/utility/sparse/r07.json,Existing scientific record; see category index
robustness/relation,experiments/crta_v3_mcr_noisy_proxy_recoverability_v1/utility/sparse/r08.json,Existing scientific record; see category index
robustness/relation,experiments/crta_v3_mcr_noisy_proxy_recoverability_v1/utility/sparse/r09.json,Existing scientific record; see category index
robustness/relation,experiments/crta_v3_mcr_noisy_proxy_recoverability_v1/utility/sparse/r10.json,Existing scientific record; see category index
robustness/relation,experiments/crta_v3_mcr_noisy_proxy_recoverability_v1/utility/sparse/r11.json,Existing scientific record; see category index
robustness/relation,experiments/crta_v3_mcr_noisy_proxy_recoverability_v1/utility/sparse/r12.json,Existing scientific record; see category index
robustness/relation,experiments/crta_v3_mcr_noisy_proxy_recoverability_v1/utility/sparse/r13.json,Existing scientific record; see category index
robustness/relation,experiments/crta_v3_mcr_noisy_proxy_recoverability_v1/utility/sparse/r14.json,Existing scientific record; see category index
robustness/relation,experiments/crta_v3_mcr_noisy_proxy_recoverability_v1/utility/sparse/r15.json,Existing scientific record; see category index
robustness/relation,experiments/crta_v3_mcr_noisy_proxy_recoverability_v1/utility/sparse/r16.json,Existing scientific record; see category index
robustness/relation,experiments/crta_v3_mcr_noisy_proxy_recoverability_v1/utility/sparse/r17.json,Existing scientific record; see category index
robustness/relation,experiments/crta_v3_mcr_noisy_proxy_recoverability_v1/utility/sparse/r18.json,Existing scientific record; see category index
robustness/relation,experiments/crta_v3_mcr_noisy_proxy_recoverability_v1/utility/sparse/r19.json,Existing scientific record; see category index
robustness/relation,experiments/crta_v3_mcr_redundancy_ladder_v1/PROTOCOL_V1.md,Existing scientific record; see category index
robustness/relation,experiments/crta_v3_mcr_redundancy_ladder_v1/REPORT_V1.md,Existing scientific record; see category index
robustness/relation,experiments/crta_v3_mcr_redundancy_ladder_v1/SUMMARY_V1.json,Existing scientific record; see category index
robustness/relation,experiments/crta_v3_mcr_redundancy_ladder_v1/pairwise/r00/metrics.json,Existing scientific record; see category index
robustness/relation,experiments/crta_v3_mcr_redundancy_ladder_v1/pairwise/r01/metrics.json,Existing scientific record; see category index
robustness/relation,experiments/crta_v3_mcr_redundancy_ladder_v1/pairwise/r02/metrics.json,Existing scientific record; see category index
robustness/relation,experiments/crta_v3_mcr_redundancy_ladder_v1/pairwise/r03/metrics.json,Existing scientific record; see category index
robustness/relation,experiments/crta_v3_mcr_redundancy_ladder_v1/pairwise/r04/metrics.json,Existing scientific record; see category index
robustness/relation,experiments/crta_v3_mcr_redundancy_ladder_v1/pairwise/r05/metrics.json,Existing scientific record; see category index
robustness/relation,experiments/crta_v3_mcr_redundancy_ladder_v1/pairwise/r06/metrics.json,Existing scientific record; see category index
robustness/relation,experiments/crta_v3_mcr_redundancy_ladder_v1/pairwise/r07/metrics.json,Existing scientific record; see category index
robustness/relation,experiments/crta_v3_mcr_redundancy_ladder_v1/pairwise/r08/metrics.json,Existing scientific record; see category index
robustness/relation,experiments/crta_v3_mcr_redundancy_ladder_v1/pairwise/r09/metrics.json,Existing scientific record; see category index
robustness/relation,experiments/crta_v3_mcr_redundancy_ladder_v1/pairwise/r10/metrics.json,Existing scientific record; see category index
robustness/relation,experiments/crta_v3_mcr_redundancy_ladder_v1/pairwise/r11/metrics.json,Existing scientific record; see category index
robustness/relation,experiments/crta_v3_mcr_redundancy_ladder_v1/pairwise/r12/metrics.json,Existing scientific record; see category index
robustness/relation,experiments/crta_v3_mcr_redundancy_ladder_v1/pairwise/r13/metrics.json,Existing scientific record; see category index
robustness/relation,experiments/crta_v3_mcr_redundancy_ladder_v1/pairwise/r14/metrics.json,Existing scientific record; see category index
robustness/relation,experiments/crta_v3_mcr_redundancy_ladder_v1/pairwise/r15/metrics.json,Existing scientific record; see category index
robustness/relation,experiments/crta_v3_mcr_redundancy_ladder_v1/pairwise/r16/metrics.json,Existing scientific record; see category index
robustness/relation,experiments/crta_v3_mcr_redundancy_ladder_v1/pairwise/r17/metrics.json,Existing scientific record; see category index
robustness/relation,experiments/crta_v3_mcr_redundancy_ladder_v1/pairwise/r18/metrics.json,Existing scientific record; see category index
robustness/relation,experiments/crta_v3_mcr_redundancy_ladder_v1/pairwise/r19/metrics.json,Existing scientific record; see category index
robustness/relation,experiments/crta_v3_mcr_redundancy_ladder_v1/sparse/r00/metrics.json,Existing scientific record; see category index
robustness/relation,experiments/crta_v3_mcr_redundancy_ladder_v1/sparse/r01/metrics.json,Existing scientific record; see category index
robustness/relation,experiments/crta_v3_mcr_redundancy_ladder_v1/sparse/r02/metrics.json,Existing scientific record; see category index
robustness/relation,experiments/crta_v3_mcr_redundancy_ladder_v1/sparse/r03/metrics.json,Existing scientific record; see category index
robustness/relation,experiments/crta_v3_mcr_redundancy_ladder_v1/sparse/r04/metrics.json,Existing scientific record; see category index
robustness/relation,experiments/crta_v3_mcr_redundancy_ladder_v1/sparse/r05/metrics.json,Existing scientific record; see category index
robustness/relation,experiments/crta_v3_mcr_redundancy_ladder_v1/sparse/r06/metrics.json,Existing scientific record; see category index
robustness/relation,experiments/crta_v3_mcr_redundancy_ladder_v1/sparse/r07/metrics.json,Existing scientific record; see category index
robustness/relation,experiments/crta_v3_mcr_redundancy_ladder_v1/sparse/r08/metrics.json,Existing scientific record; see category index
robustness/relation,experiments/crta_v3_mcr_redundancy_ladder_v1/sparse/r09/metrics.json,Existing scientific record; see category index
robustness/relation,experiments/crta_v3_mcr_redundancy_ladder_v1/sparse/r10/metrics.json,Existing scientific record; see category index
robustness/relation,experiments/crta_v3_mcr_redundancy_ladder_v1/sparse/r11/metrics.json,Existing scientific record; see category index
robustness/relation,experiments/crta_v3_mcr_redundancy_ladder_v1/sparse/r12/metrics.json,Existing scientific record; see category index
robustness/relation,experiments/crta_v3_mcr_redundancy_ladder_v1/sparse/r13/metrics.json,Existing scientific record; see category index
robustness/relation,experiments/crta_v3_mcr_redundancy_ladder_v1/sparse/r14/metrics.json,Existing scientific record; see category index
robustness/relation,experiments/crta_v3_mcr_redundancy_ladder_v1/sparse/r15/metrics.json,Existing scientific record; see category index
robustness/relation,experiments/crta_v3_mcr_redundancy_ladder_v1/sparse/r16/metrics.json,Existing scientific record; see category index
robustness/relation,experiments/crta_v3_mcr_redundancy_ladder_v1/sparse/r17/metrics.json,Existing scientific record; see category index
robustness/relation,experiments/crta_v3_mcr_redundancy_ladder_v1/sparse/r18/metrics.json,Existing scientific record; see category index
robustness/relation,experiments/crta_v3_mcr_redundancy_ladder_v1/sparse/r19/metrics.json,Existing scientific record; see category index
robustness/relation,experiments/crta_v3_mcr_value_redundancy_v1/SUMMARY_V1.json,Existing scientific record; see category index
robustness/relation,experiments/crta_v3_mcr_value_redundancy_v1/pairwise/r00/metrics.json,Existing scientific record; see category index
robustness/relation,experiments/crta_v3_mcr_value_redundancy_v1/pairwise/r01/metrics.json,Existing scientific record; see category index
robustness/relation,experiments/crta_v3_mcr_value_redundancy_v1/pairwise/r02/metrics.json,Existing scientific record; see category index
robustness/relation,experiments/crta_v3_mcr_value_redundancy_v1/pairwise/r03/metrics.json,Existing scientific record; see category index
robustness/relation,experiments/crta_v3_mcr_value_redundancy_v1/pairwise/r04/metrics.json,Existing scientific record; see category index
robustness/relation,experiments/crta_v3_mcr_value_redundancy_v1/pairwise/r05/metrics.json,Existing scientific record; see category index
robustness/relation,experiments/crta_v3_mcr_value_redundancy_v1/pairwise/r06/metrics.json,Existing scientific record; see category index
robustness/relation,experiments/crta_v3_mcr_value_redundancy_v1/pairwise/r07/metrics.json,Existing scientific record; see category index
robustness/relation,experiments/crta_v3_mcr_value_redundancy_v1/pairwise/r08/metrics.json,Existing scientific record; see category index
robustness/relation,experiments/crta_v3_mcr_value_redundancy_v1/pairwise/r09/metrics.json,Existing scientific record; see category index
robustness/relation,experiments/crta_v3_mcr_value_redundancy_v1/pairwise/r10/metrics.json,Existing scientific record; see category index
robustness/relation,experiments/crta_v3_mcr_value_redundancy_v1/pairwise/r11/metrics.json,Existing scientific record; see category index
robustness/relation,experiments/crta_v3_mcr_value_redundancy_v1/pairwise/r12/metrics.json,Existing scientific record; see category index
robustness/relation,experiments/crta_v3_mcr_value_redundancy_v1/pairwise/r13/metrics.json,Existing scientific record; see category index
robustness/relation,experiments/crta_v3_mcr_value_redundancy_v1/pairwise/r14/metrics.json,Existing scientific record; see category index
robustness/relation,experiments/crta_v3_mcr_value_redundancy_v1/pairwise/r15/metrics.json,Existing scientific record; see category index
robustness/relation,experiments/crta_v3_mcr_value_redundancy_v1/pairwise/r16/metrics.json,Existing scientific record; see category index
robustness/relation,experiments/crta_v3_mcr_value_redundancy_v1/pairwise/r17/metrics.json,Existing scientific record; see category index
robustness/relation,experiments/crta_v3_mcr_value_redundancy_v1/pairwise/r18/metrics.json,Existing scientific record; see category index
robustness/relation,experiments/crta_v3_mcr_value_redundancy_v1/pairwise/r19/metrics.json,Existing scientific record; see category index
robustness/relation,experiments/crta_v3_mcr_value_redundancy_v1/sparse/r00/metrics.json,Existing scientific record; see category index
robustness/relation,experiments/crta_v3_mcr_value_redundancy_v1/sparse/r01/metrics.json,Existing scientific record; see category index
robustness/relation,experiments/crta_v3_mcr_value_redundancy_v1/sparse/r02/metrics.json,Existing scientific record; see category index
robustness/relation,experiments/crta_v3_mcr_value_redundancy_v1/sparse/r03/metrics.json,Existing scientific record; see category index
robustness/relation,experiments/crta_v3_mcr_value_redundancy_v1/sparse/r04/metrics.json,Existing scientific record; see category index
robustness/relation,experiments/crta_v3_mcr_value_redundancy_v1/sparse/r05/metrics.json,Existing scientific record; see category index
robustness/relation,experiments/crta_v3_mcr_value_redundancy_v1/sparse/r06/metrics.json,Existing scientific record; see category index
robustness/relation,experiments/crta_v3_mcr_value_redundancy_v1/sparse/r07/metrics.json,Existing scientific record; see category index
robustness/relation,experiments/crta_v3_mcr_value_redundancy_v1/sparse/r08/metrics.json,Existing scientific record; see category index
robustness/relation,experiments/crta_v3_mcr_value_redundancy_v1/sparse/r09/metrics.json,Existing scientific record; see category index
robustness/relation,experiments/crta_v3_mcr_value_redundancy_v1/sparse/r10/metrics.json,Existing scientific record; see category index
robustness/relation,experiments/crta_v3_mcr_value_redundancy_v1/sparse/r11/metrics.json,Existing scientific record; see category index
robustness/relation,experiments/crta_v3_mcr_value_redundancy_v1/sparse/r12/metrics.json,Existing scientific record; see category index
robustness/relation,experiments/crta_v3_mcr_value_redundancy_v1/sparse/r13/metrics.json,Existing scientific record; see category index
robustness/relation,experiments/crta_v3_mcr_value_redundancy_v1/sparse/r14/metrics.json,Existing scientific record; see category index
robustness/relation,experiments/crta_v3_mcr_value_redundancy_v1/sparse/r15/metrics.json,Existing scientific record; see category index
robustness/relation,experiments/crta_v3_mcr_value_redundancy_v1/sparse/r16/metrics.json,Existing scientific record; see category index
robustness/relation,experiments/crta_v3_mcr_value_redundancy_v1/sparse/r17/metrics.json,Existing scientific record; see category index
robustness/relation,experiments/crta_v3_mcr_value_redundancy_v1/sparse/r18/metrics.json,Existing scientific record; see category index
robustness/relation,experiments/crta_v3_mcr_value_redundancy_v1/sparse/r19/metrics.json,Existing scientific record; see category index
robustness/relation,experiments/crta_v3_pam_constraint_relations_v1/SUMMARY_V1.json,Existing scientific record; see category index
robustness/relation,experiments/crta_v3_pam_constraint_relations_v1/dbp/seed_50/metrics.json,Existing scientific record; see category index
robustness/relation,experiments/crta_v3_pam_constraint_relations_v1/dbp/seed_51/metrics.json,Existing scientific record; see category index
robustness/relation,experiments/crta_v3_pam_constraint_relations_v1/dbp/seed_52/metrics.json,Existing scientific record; see category index
robustness/relation,experiments/crta_v3_pam_constraint_relations_v1/dbp/seed_53/metrics.json,Existing scientific record; see category index
robustness/relation,experiments/crta_v3_pam_constraint_relations_v1/dbp/seed_54/metrics.json,Existing scientific record; see category index
robustness/relation,experiments/crta_v3_pam_constraint_relations_v1/dbp/seed_55/metrics.json,Existing scientific record; see category index
robustness/relation,experiments/crta_v3_pam_constraint_relations_v1/dbp/seed_56/metrics.json,Existing scientific record; see category index
robustness/relation,experiments/crta_v3_pam_constraint_relations_v1/dbp/seed_57/metrics.json,Existing scientific record; see category index
robustness/relation,experiments/crta_v3_pam_constraint_relations_v1/dbp/seed_58/metrics.json,Existing scientific record; see category index
robustness/relation,experiments/crta_v3_pam_constraint_relations_v1/dbp/seed_59/metrics.json,Existing scientific record; see category index
robustness/relation,experiments/crta_v3_pam_constraint_relations_v1/glucose/seed_50/metrics.json,Existing scientific record; see category index
robustness/relation,experiments/crta_v3_pam_constraint_relations_v1/glucose/seed_51/metrics.json,Existing scientific record; see category index
robustness/relation,experiments/crta_v3_pam_constraint_relations_v1/glucose/seed_52/metrics.json,Existing scientific record; see category index
robustness/relation,experiments/crta_v3_pam_constraint_relations_v1/glucose/seed_53/metrics.json,Existing scientific record; see category index
robustness/relation,experiments/crta_v3_pam_constraint_relations_v1/glucose/seed_54/metrics.json,Existing scientific record; see category index
robustness/relation,experiments/crta_v3_pam_constraint_relations_v1/glucose/seed_55/metrics.json,Existing scientific record; see category index
robustness/relation,experiments/crta_v3_pam_constraint_relations_v1/glucose/seed_56/metrics.json,Existing scientific record; see category index
robustness/relation,experiments/crta_v3_pam_constraint_relations_v1/glucose/seed_57/metrics.json,Existing scientific record; see category index
robustness/relation,experiments/crta_v3_pam_constraint_relations_v1/glucose/seed_58/metrics.json,Existing scientific record; see category index
robustness/relation,experiments/crta_v3_pam_constraint_relations_v1/glucose/seed_59/metrics.json,Existing scientific record; see category index
robustness/relation,experiments/crta_v3_pam_constraint_relations_v1/sbp/seed_50/metrics.json,Existing scientific record; see category index
robustness/relation,experiments/crta_v3_pam_constraint_relations_v1/sbp/seed_51/metrics.json,Existing scientific record; see category index
robustness/relation,experiments/crta_v3_pam_constraint_relations_v1/sbp/seed_52/metrics.json,Existing scientific record; see category index
robustness/relation,experiments/crta_v3_pam_constraint_relations_v1/sbp/seed_53/metrics.json,Existing scientific record; see category index
robustness/relation,experiments/crta_v3_pam_constraint_relations_v1/sbp/seed_54/metrics.json,Existing scientific record; see category index
robustness/relation,experiments/crta_v3_pam_constraint_relations_v1/sbp/seed_55/metrics.json,Existing scientific record; see category index
robustness/relation,experiments/crta_v3_pam_constraint_relations_v1/sbp/seed_56/metrics.json,Existing scientific record; see category index
robustness/relation,experiments/crta_v3_pam_constraint_relations_v1/sbp/seed_57/metrics.json,Existing scientific record; see category index
robustness/relation,experiments/crta_v3_pam_constraint_relations_v1/sbp/seed_58/metrics.json,Existing scientific record; see category index
robustness/relation,experiments/crta_v3_pam_constraint_relations_v1/sbp/seed_59/metrics.json,Existing scientific record; see category index
robustness/relation,experiments/crta_v3_pam_constraint_relations_v1/total_cholesterol/seed_50/metrics.json,Existing scientific record; see category index
robustness/relation,experiments/crta_v3_pam_constraint_relations_v1/total_cholesterol/seed_51/metrics.json,Existing scientific record; see category index
robustness/relation,experiments/crta_v3_pam_constraint_relations_v1/total_cholesterol/seed_52/metrics.json,Existing scientific record; see category index
robustness/relation,experiments/crta_v3_pam_constraint_relations_v1/total_cholesterol/seed_53/metrics.json,Existing scientific record; see category index
robustness/relation,experiments/crta_v3_pam_constraint_relations_v1/total_cholesterol/seed_54/metrics.json,Existing scientific record; see category index
robustness/relation,experiments/crta_v3_pam_constraint_relations_v1/total_cholesterol/seed_55/metrics.json,Existing scientific record; see category index
robustness/relation,experiments/crta_v3_pam_constraint_relations_v1/total_cholesterol/seed_56/metrics.json,Existing scientific record; see category index
robustness/relation,experiments/crta_v3_pam_constraint_relations_v1/total_cholesterol/seed_57/metrics.json,Existing scientific record; see category index
robustness/relation,experiments/crta_v3_pam_constraint_relations_v1/total_cholesterol/seed_58/metrics.json,Existing scientific record; see category index
robustness/relation,experiments/crta_v3_pam_constraint_relations_v1/total_cholesterol/seed_59/metrics.json,Existing scientific record; see category index
robustness/relation,experiments/crta_v3_pam_constraint_relations_v1/triglycerides/seed_50/metrics.json,Existing scientific record; see category index
robustness/relation,experiments/crta_v3_pam_constraint_relations_v1/triglycerides/seed_51/metrics.json,Existing scientific record; see category index
robustness/relation,experiments/crta_v3_pam_constraint_relations_v1/triglycerides/seed_52/metrics.json,Existing scientific record; see category index
robustness/relation,experiments/crta_v3_pam_constraint_relations_v1/triglycerides/seed_53/metrics.json,Existing scientific record; see category index
robustness/relation,experiments/crta_v3_pam_constraint_relations_v1/triglycerides/seed_54/metrics.json,Existing scientific record; see category index
robustness/relation,experiments/crta_v3_pam_constraint_relations_v1/triglycerides/seed_55/metrics.json,Existing scientific record; see category index
robustness/relation,experiments/crta_v3_pam_constraint_relations_v1/triglycerides/seed_56/metrics.json,Existing scientific record; see category index
robustness/relation,experiments/crta_v3_pam_constraint_relations_v1/triglycerides/seed_57/metrics.json,Existing scientific record; see category index
robustness/relation,experiments/crta_v3_pam_constraint_relations_v1/triglycerides/seed_58/metrics.json,Existing scientific record; see category index
robustness/relation,experiments/crta_v3_pam_constraint_relations_v1/triglycerides/seed_59/metrics.json,Existing scientific record; see category index
robustness/relation,experiments/crta_v3_pam_constraint_relations_v1/waist_cm/seed_50/metrics.json,Existing scientific record; see category index
robustness/relation,experiments/crta_v3_pam_constraint_relations_v1/waist_cm/seed_51/metrics.json,Existing scientific record; see category index
robustness/relation,experiments/crta_v3_pam_constraint_relations_v1/waist_cm/seed_52/metrics.json,Existing scientific record; see category index
robustness/relation,experiments/crta_v3_pam_constraint_relations_v1/waist_cm/seed_53/metrics.json,Existing scientific record; see category index
robustness/relation,experiments/crta_v3_pam_constraint_relations_v1/waist_cm/seed_54/metrics.json,Existing scientific record; see category index
robustness/relation,experiments/crta_v3_pam_constraint_relations_v1/waist_cm/seed_55/metrics.json,Existing scientific record; see category index
robustness/relation,experiments/crta_v3_pam_constraint_relations_v1/waist_cm/seed_56/metrics.json,Existing scientific record; see category index
robustness/relation,experiments/crta_v3_pam_constraint_relations_v1/waist_cm/seed_57/metrics.json,Existing scientific record; see category index
robustness/relation,experiments/crta_v3_pam_constraint_relations_v1/waist_cm/seed_58/metrics.json,Existing scientific record; see category index
robustness/relation,experiments/crta_v3_pam_constraint_relations_v1/waist_cm/seed_59/metrics.json,Existing scientific record; see category index
robustness/relation,experiments/crta_v3_pam_constraint_relations_v1_rep1/SUMMARY_V1.json,Existing scientific record; see category index
robustness/relation,experiments/crta_v3_pam_constraint_relations_v1_rep1/dbp/seed_60/metrics.json,Existing scientific record; see category index
robustness/relation,experiments/crta_v3_pam_constraint_relations_v1_rep1/dbp/seed_61/metrics.json,Existing scientific record; see category index
robustness/relation,experiments/crta_v3_pam_constraint_relations_v1_rep1/dbp/seed_62/metrics.json,Existing scientific record; see category index
robustness/relation,experiments/crta_v3_pam_constraint_relations_v1_rep1/dbp/seed_63/metrics.json,Existing scientific record; see category index
robustness/relation,experiments/crta_v3_pam_constraint_relations_v1_rep1/dbp/seed_64/metrics.json,Existing scientific record; see category index
robustness/relation,experiments/crta_v3_pam_constraint_relations_v1_rep1/dbp/seed_65/metrics.json,Existing scientific record; see category index
robustness/relation,experiments/crta_v3_pam_constraint_relations_v1_rep1/dbp/seed_66/metrics.json,Existing scientific record; see category index
robustness/relation,experiments/crta_v3_pam_constraint_relations_v1_rep1/dbp/seed_67/metrics.json,Existing scientific record; see category index
robustness/relation,experiments/crta_v3_pam_constraint_relations_v1_rep1/dbp/seed_68/metrics.json,Existing scientific record; see category index
robustness/relation,experiments/crta_v3_pam_constraint_relations_v1_rep1/dbp/seed_69/metrics.json,Existing scientific record; see category index
robustness/relation,experiments/crta_v3_pam_constraint_relations_v1_rep1/glucose/seed_60/metrics.json,Existing scientific record; see category index
robustness/relation,experiments/crta_v3_pam_constraint_relations_v1_rep1/glucose/seed_61/metrics.json,Existing scientific record; see category index
robustness/relation,experiments/crta_v3_pam_constraint_relations_v1_rep1/glucose/seed_62/metrics.json,Existing scientific record; see category index
robustness/relation,experiments/crta_v3_pam_constraint_relations_v1_rep1/glucose/seed_63/metrics.json,Existing scientific record; see category index
robustness/relation,experiments/crta_v3_pam_constraint_relations_v1_rep1/glucose/seed_64/metrics.json,Existing scientific record; see category index
robustness/relation,experiments/crta_v3_pam_constraint_relations_v1_rep1/glucose/seed_65/metrics.json,Existing scientific record; see category index
robustness/relation,experiments/crta_v3_pam_constraint_relations_v1_rep1/glucose/seed_66/metrics.json,Existing scientific record; see category index
robustness/relation,experiments/crta_v3_pam_constraint_relations_v1_rep1/glucose/seed_67/metrics.json,Existing scientific record; see category index
robustness/relation,experiments/crta_v3_pam_constraint_relations_v1_rep1/glucose/seed_68/metrics.json,Existing scientific record; see category index
robustness/relation,experiments/crta_v3_pam_constraint_relations_v1_rep1/glucose/seed_69/metrics.json,Existing scientific record; see category index
robustness/relation,experiments/crta_v3_pam_constraint_relations_v1_rep1/sbp/seed_60/metrics.json,Existing scientific record; see category index
robustness/relation,experiments/crta_v3_pam_constraint_relations_v1_rep1/sbp/seed_61/metrics.json,Existing scientific record; see category index
robustness/relation,experiments/crta_v3_pam_constraint_relations_v1_rep1/sbp/seed_62/metrics.json,Existing scientific record; see category index
robustness/relation,experiments/crta_v3_pam_constraint_relations_v1_rep1/sbp/seed_63/metrics.json,Existing scientific record; see category index
robustness/relation,experiments/crta_v3_pam_constraint_relations_v1_rep1/sbp/seed_64/metrics.json,Existing scientific record; see category index
robustness/relation,experiments/crta_v3_pam_constraint_relations_v1_rep1/sbp/seed_65/metrics.json,Existing scientific record; see category index
robustness/relation,experiments/crta_v3_pam_constraint_relations_v1_rep1/sbp/seed_66/metrics.json,Existing scientific record; see category index
robustness/relation,experiments/crta_v3_pam_constraint_relations_v1_rep1/sbp/seed_67/metrics.json,Existing scientific record; see category index
robustness/relation,experiments/crta_v3_pam_constraint_relations_v1_rep1/sbp/seed_68/metrics.json,Existing scientific record; see category index
robustness/relation,experiments/crta_v3_pam_constraint_relations_v1_rep1/sbp/seed_69/metrics.json,Existing scientific record; see category index
robustness/relation,experiments/crta_v3_pam_constraint_relations_v1_rep1/total_cholesterol/seed_60/metrics.json,Existing scientific record; see category index
robustness/relation,experiments/crta_v3_pam_constraint_relations_v1_rep1/total_cholesterol/seed_61/metrics.json,Existing scientific record; see category index
robustness/relation,experiments/crta_v3_pam_constraint_relations_v1_rep1/total_cholesterol/seed_62/metrics.json,Existing scientific record; see category index
robustness/relation,experiments/crta_v3_pam_constraint_relations_v1_rep1/total_cholesterol/seed_63/metrics.json,Existing scientific record; see category index
robustness/relation,experiments/crta_v3_pam_constraint_relations_v1_rep1/total_cholesterol/seed_64/metrics.json,Existing scientific record; see category index
robustness/relation,experiments/crta_v3_pam_constraint_relations_v1_rep1/total_cholesterol/seed_65/metrics.json,Existing scientific record; see category index
robustness/relation,experiments/crta_v3_pam_constraint_relations_v1_rep1/total_cholesterol/seed_66/metrics.json,Existing scientific record; see category index
robustness/relation,experiments/crta_v3_pam_constraint_relations_v1_rep1/total_cholesterol/seed_67/metrics.json,Existing scientific record; see category index
robustness/relation,experiments/crta_v3_pam_constraint_relations_v1_rep1/total_cholesterol/seed_68/metrics.json,Existing scientific record; see category index
robustness/relation,experiments/crta_v3_pam_constraint_relations_v1_rep1/total_cholesterol/seed_69/metrics.json,Existing scientific record; see category index
robustness/relation,experiments/crta_v3_pam_constraint_relations_v1_rep1/triglycerides/seed_60/metrics.json,Existing scientific record; see category index
robustness/relation,experiments/crta_v3_pam_constraint_relations_v1_rep1/triglycerides/seed_61/metrics.json,Existing scientific record; see category index
robustness/relation,experiments/crta_v3_pam_constraint_relations_v1_rep1/triglycerides/seed_62/metrics.json,Existing scientific record; see category index
robustness/relation,experiments/crta_v3_pam_constraint_relations_v1_rep1/triglycerides/seed_63/metrics.json,Existing scientific record; see category index
robustness/relation,experiments/crta_v3_pam_constraint_relations_v1_rep1/triglycerides/seed_64/metrics.json,Existing scientific record; see category index
robustness/relation,experiments/crta_v3_pam_constraint_relations_v1_rep1/triglycerides/seed_65/metrics.json,Existing scientific record; see category index
robustness/relation,experiments/crta_v3_pam_constraint_relations_v1_rep1/triglycerides/seed_66/metrics.json,Existing scientific record; see category index
robustness/relation,experiments/crta_v3_pam_constraint_relations_v1_rep1/triglycerides/seed_67/metrics.json,Existing scientific record; see category index
robustness/relation,experiments/crta_v3_pam_constraint_relations_v1_rep1/triglycerides/seed_68/metrics.json,Existing scientific record; see category index
robustness/relation,experiments/crta_v3_pam_constraint_relations_v1_rep1/triglycerides/seed_69/metrics.json,Existing scientific record; see category index
robustness/relation,experiments/crta_v3_pam_constraint_relations_v1_rep1/waist_cm/seed_60/metrics.json,Existing scientific record; see category index
robustness/relation,experiments/crta_v3_pam_constraint_relations_v1_rep1/waist_cm/seed_61/metrics.json,Existing scientific record; see category index
robustness/relation,experiments/crta_v3_pam_constraint_relations_v1_rep1/waist_cm/seed_62/metrics.json,Existing scientific record; see category index
robustness/relation,experiments/crta_v3_pam_constraint_relations_v1_rep1/waist_cm/seed_63/metrics.json,Existing scientific record; see category index
robustness/relation,experiments/crta_v3_pam_constraint_relations_v1_rep1/waist_cm/seed_64/metrics.json,Existing scientific record; see category index
robustness/relation,experiments/crta_v3_pam_constraint_relations_v1_rep1/waist_cm/seed_65/metrics.json,Existing scientific record; see category index
robustness/relation,experiments/crta_v3_pam_constraint_relations_v1_rep1/waist_cm/seed_66/metrics.json,Existing scientific record; see category index
robustness/relation,experiments/crta_v3_pam_constraint_relations_v1_rep1/waist_cm/seed_67/metrics.json,Existing scientific record; see category index
robustness/relation,experiments/crta_v3_pam_constraint_relations_v1_rep1/waist_cm/seed_68/metrics.json,Existing scientific record; see category index
robustness/relation,experiments/crta_v3_pam_constraint_relations_v1_rep1/waist_cm/seed_69/metrics.json,Existing scientific record; see category index
robustness/relation,experiments/crta_v3_real_value_reconstruction_falsification_v1/DIAGNOSTICS_V1.json,Existing scientific record; see category index
robustness/relation,experiments/crta_v3_real_value_reconstruction_falsification_v1/FROZEN_MANIFEST_V1.json,Existing scientific record; see category index
robustness/relation,experiments/crta_v3_real_value_reconstruction_falsification_v1/MEDICAL_NOISE_GEOMETRY_DIAGNOSTICS_V1.json,Existing scientific record; see category index
robustness/relation,experiments/crta_v3_real_value_reconstruction_falsification_v1/PROTOCOL_V1.md,Existing scientific record; see category index
robustness/relation,experiments/crta_v3_real_value_reconstruction_falsification_v1/PROXY_ROWS_V1.json,Existing scientific record; see category index
robustness/relation,experiments/crta_v3_real_value_reconstruction_falsification_v1/PROXY_SEAL_V1.json,Existing scientific record; see category index
robustness/relation,experiments/crta_v3_real_value_reconstruction_falsification_v1/SUMMARY_V1.json,Existing scientific record; see category index
robustness/relation,experiments/crta_v3_real_value_reconstruction_falsification_v1/UTILITY_ROWS_V1.json,Existing scientific record; see category index
robustness/relation,experiments/crta_v3_reconstruction_utility_proxy_v1/CELL_RUNG_PROXY_V1.csv,Existing scientific record; see category index
robustness/relation,experiments/crta_v3_reconstruction_utility_proxy_v1/SUMMARY_V1.json,Existing scientific record; see category index
robustness/relation,experiments/crta_v3_relation_capacity_sensitivity_v1/SUMMARY_V1.json,Existing scientific record; see category index
robustness/relation,experiments/crta_v3_relation_capacity_sensitivity_v1/additive/r00/metrics.json,Existing scientific record; see category index
robustness/relation,experiments/crta_v3_relation_capacity_sensitivity_v1/additive/r01/metrics.json,Existing scientific record; see category index
robustness/relation,experiments/crta_v3_relation_capacity_sensitivity_v1/additive/r02/metrics.json,Existing scientific record; see category index
robustness/relation,experiments/crta_v3_relation_capacity_sensitivity_v1/additive/r03/metrics.json,Existing scientific record; see category index
robustness/relation,experiments/crta_v3_relation_capacity_sensitivity_v1/additive/r04/metrics.json,Existing scientific record; see category index
robustness/relation,experiments/crta_v3_relation_capacity_sensitivity_v1/additive/r05/metrics.json,Existing scientific record; see category index
robustness/relation,experiments/crta_v3_relation_capacity_sensitivity_v1/additive/r06/metrics.json,Existing scientific record; see category index
robustness/relation,experiments/crta_v3_relation_capacity_sensitivity_v1/additive/r07/metrics.json,Existing scientific record; see category index
robustness/relation,experiments/crta_v3_relation_capacity_sensitivity_v1/additive/r08/metrics.json,Existing scientific record; see category index
robustness/relation,experiments/crta_v3_relation_capacity_sensitivity_v1/additive/r09/metrics.json,Existing scientific record; see category index
robustness/relation,experiments/crta_v3_relation_capacity_sensitivity_v1/additive/r10/metrics.json,Existing scientific record; see category index
robustness/relation,experiments/crta_v3_relation_capacity_sensitivity_v1/additive/r11/metrics.json,Existing scientific record; see category index
robustness/relation,experiments/crta_v3_relation_capacity_sensitivity_v1/additive/r12/metrics.json,Existing scientific record; see category index
robustness/relation,experiments/crta_v3_relation_capacity_sensitivity_v1/additive/r13/metrics.json,Existing scientific record; see category index
robustness/relation,experiments/crta_v3_relation_capacity_sensitivity_v1/additive/r14/metrics.json,Existing scientific record; see category index
robustness/relation,experiments/crta_v3_relation_capacity_sensitivity_v1/additive/r15/metrics.json,Existing scientific record; see category index
robustness/relation,experiments/crta_v3_relation_capacity_sensitivity_v1/additive/r16/metrics.json,Existing scientific record; see category index
robustness/relation,experiments/crta_v3_relation_capacity_sensitivity_v1/additive/r17/metrics.json,Existing scientific record; see category index
robustness/relation,experiments/crta_v3_relation_capacity_sensitivity_v1/additive/r18/metrics.json,Existing scientific record; see category index
robustness/relation,experiments/crta_v3_relation_capacity_sensitivity_v1/additive/r19/metrics.json,Existing scientific record; see category index
robustness/relation,experiments/crta_v3_relation_capacity_sensitivity_v1/pairwise/r00/metrics.json,Existing scientific record; see category index
robustness/relation,experiments/crta_v3_relation_capacity_sensitivity_v1/pairwise/r01/metrics.json,Existing scientific record; see category index
robustness/relation,experiments/crta_v3_relation_capacity_sensitivity_v1/pairwise/r02/metrics.json,Existing scientific record; see category index
robustness/relation,experiments/crta_v3_relation_capacity_sensitivity_v1/pairwise/r03/metrics.json,Existing scientific record; see category index
robustness/relation,experiments/crta_v3_relation_capacity_sensitivity_v1/pairwise/r04/metrics.json,Existing scientific record; see category index
robustness/relation,experiments/crta_v3_relation_capacity_sensitivity_v1/pairwise/r05/metrics.json,Existing scientific record; see category index
robustness/relation,experiments/crta_v3_relation_capacity_sensitivity_v1/pairwise/r06/metrics.json,Existing scientific record; see category index
robustness/relation,experiments/crta_v3_relation_capacity_sensitivity_v1/pairwise/r07/metrics.json,Existing scientific record; see category index
robustness/relation,experiments/crta_v3_relation_capacity_sensitivity_v1/pairwise/r08/metrics.json,Existing scientific record; see category index
robustness/relation,experiments/crta_v3_relation_capacity_sensitivity_v1/pairwise/r09/metrics.json,Existing scientific record; see category index
robustness/relation,experiments/crta_v3_relation_capacity_sensitivity_v1/pairwise/r10/metrics.json,Existing scientific record; see category index
robustness/relation,experiments/crta_v3_relation_capacity_sensitivity_v1/pairwise/r11/metrics.json,Existing scientific record; see category index
robustness/relation,experiments/crta_v3_relation_capacity_sensitivity_v1/pairwise/r12/metrics.json,Existing scientific record; see category index
robustness/relation,experiments/crta_v3_relation_capacity_sensitivity_v1/pairwise/r13/metrics.json,Existing scientific record; see category index
robustness/relation,experiments/crta_v3_relation_capacity_sensitivity_v1/pairwise/r14/metrics.json,Existing scientific record; see category index
robustness/relation,experiments/crta_v3_relation_capacity_sensitivity_v1/pairwise/r15/metrics.json,Existing scientific record; see category index
robustness/relation,experiments/crta_v3_relation_capacity_sensitivity_v1/pairwise/r16/metrics.json,Existing scientific record; see category index
robustness/relation,experiments/crta_v3_relation_capacity_sensitivity_v1/pairwise/r17/metrics.json,Existing scientific record; see category index
robustness/relation,experiments/crta_v3_relation_capacity_sensitivity_v1/pairwise/r18/metrics.json,Existing scientific record; see category index
robustness/relation,experiments/crta_v3_relation_capacity_sensitivity_v1/pairwise/r19/metrics.json,Existing scientific record; see category index
robustness/relation,experiments/crta_v3_relation_capacity_sensitivity_v1/sparse/r00/metrics.json,Existing scientific record; see category index
robustness/relation,experiments/crta_v3_relation_capacity_sensitivity_v1/sparse/r01/metrics.json,Existing scientific record; see category index
robustness/relation,experiments/crta_v3_relation_capacity_sensitivity_v1/sparse/r02/metrics.json,Existing scientific record; see category index
robustness/relation,experiments/crta_v3_relation_capacity_sensitivity_v1/sparse/r03/metrics.json,Existing scientific record; see category index
robustness/relation,experiments/crta_v3_relation_capacity_sensitivity_v1/sparse/r04/metrics.json,Existing scientific record; see category index
robustness/relation,experiments/crta_v3_relation_capacity_sensitivity_v1/sparse/r05/metrics.json,Existing scientific record; see category index
robustness/relation,experiments/crta_v3_relation_capacity_sensitivity_v1/sparse/r06/metrics.json,Existing scientific record; see category index
robustness/relation,experiments/crta_v3_relation_capacity_sensitivity_v1/sparse/r07/metrics.json,Existing scientific record; see category index
robustness/relation,experiments/crta_v3_relation_capacity_sensitivity_v1/sparse/r08/metrics.json,Existing scientific record; see category index
robustness/relation,experiments/crta_v3_relation_capacity_sensitivity_v1/sparse/r09/metrics.json,Existing scientific record; see category index
robustness/relation,experiments/crta_v3_relation_capacity_sensitivity_v1/sparse/r10/metrics.json,Existing scientific record; see category index
robustness/relation,experiments/crta_v3_relation_capacity_sensitivity_v1/sparse/r11/metrics.json,Existing scientific record; see category index
robustness/relation,experiments/crta_v3_relation_capacity_sensitivity_v1/sparse/r12/metrics.json,Existing scientific record; see category index
robustness/relation,experiments/crta_v3_relation_capacity_sensitivity_v1/sparse/r13/metrics.json,Existing scientific record; see category index
robustness/relation,experiments/crta_v3_relation_capacity_sensitivity_v1/sparse/r14/metrics.json,Existing scientific record; see category index
robustness/relation,experiments/crta_v3_relation_capacity_sensitivity_v1/sparse/r15/metrics.json,Existing scientific record; see category index
robustness/relation,experiments/crta_v3_relation_capacity_sensitivity_v1/sparse/r16/metrics.json,Existing scientific record; see category index
robustness/relation,experiments/crta_v3_relation_capacity_sensitivity_v1/sparse/r17/metrics.json,Existing scientific record; see category index
robustness/relation,experiments/crta_v3_relation_capacity_sensitivity_v1/sparse/r18/metrics.json,Existing scientific record; see category index
robustness/relation,experiments/crta_v3_relation_capacity_sensitivity_v1/sparse/r19/metrics.json,Existing scientific record; see category index
robustness/relation,experiments/crta_v3_relation_random_wrong_v1/SUMMARY_V1.json,Existing scientific record; see category index
robustness/relation,experiments/crta_v3_relation_random_wrong_v1/TABLE2_RANDOM_WRONG_V1.json,Existing scientific record; see category index
robustness/relation,experiments/crta_v3_relation_random_wrong_v1/rep1/dbp/seed_60/metrics.json,Existing scientific record; see category index
robustness/relation,experiments/crta_v3_relation_random_wrong_v1/rep1/dbp/seed_61/metrics.json,Existing scientific record; see category index
robustness/relation,experiments/crta_v3_relation_random_wrong_v1/rep1/dbp/seed_62/metrics.json,Existing scientific record; see category index
robustness/relation,experiments/crta_v3_relation_random_wrong_v1/rep1/dbp/seed_63/metrics.json,Existing scientific record; see category index
robustness/relation,experiments/crta_v3_relation_random_wrong_v1/rep1/dbp/seed_64/metrics.json,Existing scientific record; see category index
robustness/relation,experiments/crta_v3_relation_random_wrong_v1/rep1/dbp/seed_65/metrics.json,Existing scientific record; see category index
robustness/relation,experiments/crta_v3_relation_random_wrong_v1/rep1/dbp/seed_66/metrics.json,Existing scientific record; see category index
robustness/relation,experiments/crta_v3_relation_random_wrong_v1/rep1/dbp/seed_67/metrics.json,Existing scientific record; see category index
robustness/relation,experiments/crta_v3_relation_random_wrong_v1/rep1/dbp/seed_68/metrics.json,Existing scientific record; see category index
robustness/relation,experiments/crta_v3_relation_random_wrong_v1/rep1/dbp/seed_69/metrics.json,Existing scientific record; see category index
robustness/relation,experiments/crta_v3_relation_random_wrong_v1/rep1/glucose/seed_60/metrics.json,Existing scientific record; see category index
robustness/relation,experiments/crta_v3_relation_random_wrong_v1/rep1/glucose/seed_61/metrics.json,Existing scientific record; see category index
robustness/relation,experiments/crta_v3_relation_random_wrong_v1/rep1/glucose/seed_62/metrics.json,Existing scientific record; see category index
robustness/relation,experiments/crta_v3_relation_random_wrong_v1/rep1/glucose/seed_63/metrics.json,Existing scientific record; see category index
robustness/relation,experiments/crta_v3_relation_random_wrong_v1/rep1/glucose/seed_64/metrics.json,Existing scientific record; see category index
robustness/relation,experiments/crta_v3_relation_random_wrong_v1/rep1/glucose/seed_65/metrics.json,Existing scientific record; see category index
robustness/relation,experiments/crta_v3_relation_random_wrong_v1/rep1/glucose/seed_66/metrics.json,Existing scientific record; see category index
robustness/relation,experiments/crta_v3_relation_random_wrong_v1/rep1/glucose/seed_67/metrics.json,Existing scientific record; see category index
robustness/relation,experiments/crta_v3_relation_random_wrong_v1/rep1/glucose/seed_68/metrics.json,Existing scientific record; see category index
robustness/relation,experiments/crta_v3_relation_random_wrong_v1/rep1/glucose/seed_69/metrics.json,Existing scientific record; see category index
robustness/relation,experiments/crta_v3_relation_random_wrong_v1/rep1/sbp/seed_60/metrics.json,Existing scientific record; see category index
robustness/relation,experiments/crta_v3_relation_random_wrong_v1/rep1/sbp/seed_61/metrics.json,Existing scientific record; see category index
robustness/relation,experiments/crta_v3_relation_random_wrong_v1/rep1/sbp/seed_62/metrics.json,Existing scientific record; see category index
robustness/relation,experiments/crta_v3_relation_random_wrong_v1/rep1/sbp/seed_63/metrics.json,Existing scientific record; see category index
robustness/relation,experiments/crta_v3_relation_random_wrong_v1/rep1/sbp/seed_64/metrics.json,Existing scientific record; see category index
robustness/relation,experiments/crta_v3_relation_random_wrong_v1/rep1/sbp/seed_65/metrics.json,Existing scientific record; see category index
robustness/relation,experiments/crta_v3_relation_random_wrong_v1/rep1/sbp/seed_66/metrics.json,Existing scientific record; see category index
robustness/relation,experiments/crta_v3_relation_random_wrong_v1/rep1/sbp/seed_67/metrics.json,Existing scientific record; see category index
robustness/relation,experiments/crta_v3_relation_random_wrong_v1/rep1/sbp/seed_68/metrics.json,Existing scientific record; see category index
robustness/relation,experiments/crta_v3_relation_random_wrong_v1/rep1/sbp/seed_69/metrics.json,Existing scientific record; see category index
robustness/relation,experiments/crta_v3_relation_random_wrong_v1/rep1/total_cholesterol/seed_60/metrics.json,Existing scientific record; see category index
robustness/relation,experiments/crta_v3_relation_random_wrong_v1/rep1/total_cholesterol/seed_61/metrics.json,Existing scientific record; see category index
robustness/relation,experiments/crta_v3_relation_random_wrong_v1/rep1/total_cholesterol/seed_62/metrics.json,Existing scientific record; see category index
robustness/relation,experiments/crta_v3_relation_random_wrong_v1/rep1/total_cholesterol/seed_63/metrics.json,Existing scientific record; see category index
robustness/relation,experiments/crta_v3_relation_random_wrong_v1/rep1/total_cholesterol/seed_64/metrics.json,Existing scientific record; see category index
robustness/relation,experiments/crta_v3_relation_random_wrong_v1/rep1/total_cholesterol/seed_65/metrics.json,Existing scientific record; see category index
robustness/relation,experiments/crta_v3_relation_random_wrong_v1/rep1/total_cholesterol/seed_66/metrics.json,Existing scientific record; see category index
robustness/relation,experiments/crta_v3_relation_random_wrong_v1/rep1/total_cholesterol/seed_67/metrics.json,Existing scientific record; see category index
robustness/relation,experiments/crta_v3_relation_random_wrong_v1/rep1/total_cholesterol/seed_68/metrics.json,Existing scientific record; see category index
robustness/relation,experiments/crta_v3_relation_random_wrong_v1/rep1/total_cholesterol/seed_69/metrics.json,Existing scientific record; see category index
robustness/relation,experiments/crta_v3_relation_random_wrong_v1/rep1/triglycerides/seed_60/metrics.json,Existing scientific record; see category index
robustness/relation,experiments/crta_v3_relation_random_wrong_v1/rep1/triglycerides/seed_61/metrics.json,Existing scientific record; see category index
robustness/relation,experiments/crta_v3_relation_random_wrong_v1/rep1/triglycerides/seed_62/metrics.json,Existing scientific record; see category index
robustness/relation,experiments/crta_v3_relation_random_wrong_v1/rep1/triglycerides/seed_63/metrics.json,Existing scientific record; see category index
robustness/relation,experiments/crta_v3_relation_random_wrong_v1/rep1/triglycerides/seed_64/metrics.json,Existing scientific record; see category index
robustness/relation,experiments/crta_v3_relation_random_wrong_v1/rep1/triglycerides/seed_65/metrics.json,Existing scientific record; see category index
robustness/relation,experiments/crta_v3_relation_random_wrong_v1/rep1/triglycerides/seed_66/metrics.json,Existing scientific record; see category index
robustness/relation,experiments/crta_v3_relation_random_wrong_v1/rep1/triglycerides/seed_67/metrics.json,Existing scientific record; see category index
robustness/relation,experiments/crta_v3_relation_random_wrong_v1/rep1/triglycerides/seed_68/metrics.json,Existing scientific record; see category index
robustness/relation,experiments/crta_v3_relation_random_wrong_v1/rep1/triglycerides/seed_69/metrics.json,Existing scientific record; see category index
robustness/relation,experiments/crta_v3_relation_random_wrong_v1/rep1/waist_cm/seed_60/metrics.json,Existing scientific record; see category index
robustness/relation,experiments/crta_v3_relation_random_wrong_v1/rep1/waist_cm/seed_61/metrics.json,Existing scientific record; see category index
robustness/relation,experiments/crta_v3_relation_random_wrong_v1/rep1/waist_cm/seed_62/metrics.json,Existing scientific record; see category index
robustness/relation,experiments/crta_v3_relation_random_wrong_v1/rep1/waist_cm/seed_63/metrics.json,Existing scientific record; see category index
robustness/relation,experiments/crta_v3_relation_random_wrong_v1/rep1/waist_cm/seed_64/metrics.json,Existing scientific record; see category index
robustness/relation,experiments/crta_v3_relation_random_wrong_v1/rep1/waist_cm/seed_65/metrics.json,Existing scientific record; see category index
robustness/relation,experiments/crta_v3_relation_random_wrong_v1/rep1/waist_cm/seed_66/metrics.json,Existing scientific record; see category index
robustness/relation,experiments/crta_v3_relation_random_wrong_v1/rep1/waist_cm/seed_67/metrics.json,Existing scientific record; see category index
robustness/relation,experiments/crta_v3_relation_random_wrong_v1/rep1/waist_cm/seed_68/metrics.json,Existing scientific record; see category index
robustness/relation,experiments/crta_v3_relation_random_wrong_v1/rep1/waist_cm/seed_69/metrics.json,Existing scientific record; see category index
robustness/relation,experiments/crta_v3_relation_random_wrong_v1/v1/dbp/seed_50/metrics.json,Existing scientific record; see category index
robustness/relation,experiments/crta_v3_relation_random_wrong_v1/v1/dbp/seed_51/metrics.json,Existing scientific record; see category index
robustness/relation,experiments/crta_v3_relation_random_wrong_v1/v1/dbp/seed_52/metrics.json,Existing scientific record; see category index
robustness/relation,experiments/crta_v3_relation_random_wrong_v1/v1/dbp/seed_53/metrics.json,Existing scientific record; see category index
robustness/relation,experiments/crta_v3_relation_random_wrong_v1/v1/dbp/seed_54/metrics.json,Existing scientific record; see category index
robustness/relation,experiments/crta_v3_relation_random_wrong_v1/v1/dbp/seed_55/metrics.json,Existing scientific record; see category index
robustness/relation,experiments/crta_v3_relation_random_wrong_v1/v1/dbp/seed_56/metrics.json,Existing scientific record; see category index
robustness/relation,experiments/crta_v3_relation_random_wrong_v1/v1/dbp/seed_57/metrics.json,Existing scientific record; see category index
robustness/relation,experiments/crta_v3_relation_random_wrong_v1/v1/dbp/seed_58/metrics.json,Existing scientific record; see category index
robustness/relation,experiments/crta_v3_relation_random_wrong_v1/v1/dbp/seed_59/metrics.json,Existing scientific record; see category index
robustness/relation,experiments/crta_v3_relation_random_wrong_v1/v1/glucose/seed_50/metrics.json,Existing scientific record; see category index
robustness/relation,experiments/crta_v3_relation_random_wrong_v1/v1/glucose/seed_51/metrics.json,Existing scientific record; see category index
robustness/relation,experiments/crta_v3_relation_random_wrong_v1/v1/glucose/seed_52/metrics.json,Existing scientific record; see category index
robustness/relation,experiments/crta_v3_relation_random_wrong_v1/v1/glucose/seed_53/metrics.json,Existing scientific record; see category index
robustness/relation,experiments/crta_v3_relation_random_wrong_v1/v1/glucose/seed_54/metrics.json,Existing scientific record; see category index
robustness/relation,experiments/crta_v3_relation_random_wrong_v1/v1/glucose/seed_55/metrics.json,Existing scientific record; see category index
robustness/relation,experiments/crta_v3_relation_random_wrong_v1/v1/glucose/seed_56/metrics.json,Existing scientific record; see category index
robustness/relation,experiments/crta_v3_relation_random_wrong_v1/v1/glucose/seed_57/metrics.json,Existing scientific record; see category index
robustness/relation,experiments/crta_v3_relation_random_wrong_v1/v1/glucose/seed_58/metrics.json,Existing scientific record; see category index
robustness/relation,experiments/crta_v3_relation_random_wrong_v1/v1/glucose/seed_59/metrics.json,Existing scientific record; see category index
robustness/relation,experiments/crta_v3_relation_random_wrong_v1/v1/sbp/seed_50/metrics.json,Existing scientific record; see category index
robustness/relation,experiments/crta_v3_relation_random_wrong_v1/v1/sbp/seed_51/metrics.json,Existing scientific record; see category index
robustness/relation,experiments/crta_v3_relation_random_wrong_v1/v1/sbp/seed_52/metrics.json,Existing scientific record; see category index
robustness/relation,experiments/crta_v3_relation_random_wrong_v1/v1/sbp/seed_53/metrics.json,Existing scientific record; see category index
robustness/relation,experiments/crta_v3_relation_random_wrong_v1/v1/sbp/seed_54/metrics.json,Existing scientific record; see category index
robustness/relation,experiments/crta_v3_relation_random_wrong_v1/v1/sbp/seed_55/metrics.json,Existing scientific record; see category index
robustness/relation,experiments/crta_v3_relation_random_wrong_v1/v1/sbp/seed_56/metrics.json,Existing scientific record; see category index
robustness/relation,experiments/crta_v3_relation_random_wrong_v1/v1/sbp/seed_57/metrics.json,Existing scientific record; see category index
robustness/relation,experiments/crta_v3_relation_random_wrong_v1/v1/sbp/seed_58/metrics.json,Existing scientific record; see category index
robustness/relation,experiments/crta_v3_relation_random_wrong_v1/v1/sbp/seed_59/metrics.json,Existing scientific record; see category index
robustness/relation,experiments/crta_v3_relation_random_wrong_v1/v1/total_cholesterol/seed_50/metrics.json,Existing scientific record; see category index
robustness/relation,experiments/crta_v3_relation_random_wrong_v1/v1/total_cholesterol/seed_51/metrics.json,Existing scientific record; see category index
robustness/relation,experiments/crta_v3_relation_random_wrong_v1/v1/total_cholesterol/seed_52/metrics.json,Existing scientific record; see category index
robustness/relation,experiments/crta_v3_relation_random_wrong_v1/v1/total_cholesterol/seed_53/metrics.json,Existing scientific record; see category index
robustness/relation,experiments/crta_v3_relation_random_wrong_v1/v1/total_cholesterol/seed_54/metrics.json,Existing scientific record; see category index
robustness/relation,experiments/crta_v3_relation_random_wrong_v1/v1/total_cholesterol/seed_55/metrics.json,Existing scientific record; see category index
robustness/relation,experiments/crta_v3_relation_random_wrong_v1/v1/total_cholesterol/seed_56/metrics.json,Existing scientific record; see category index
robustness/relation,experiments/crta_v3_relation_random_wrong_v1/v1/total_cholesterol/seed_57/metrics.json,Existing scientific record; see category index
robustness/relation,experiments/crta_v3_relation_random_wrong_v1/v1/total_cholesterol/seed_58/metrics.json,Existing scientific record; see category index
robustness/relation,experiments/crta_v3_relation_random_wrong_v1/v1/total_cholesterol/seed_59/metrics.json,Existing scientific record; see category index
robustness/relation,experiments/crta_v3_relation_random_wrong_v1/v1/triglycerides/seed_50/metrics.json,Existing scientific record; see category index
robustness/relation,experiments/crta_v3_relation_random_wrong_v1/v1/triglycerides/seed_51/metrics.json,Existing scientific record; see category index
robustness/relation,experiments/crta_v3_relation_random_wrong_v1/v1/triglycerides/seed_52/metrics.json,Existing scientific record; see category index
robustness/relation,experiments/crta_v3_relation_random_wrong_v1/v1/triglycerides/seed_53/metrics.json,Existing scientific record; see category index
robustness/relation,experiments/crta_v3_relation_random_wrong_v1/v1/triglycerides/seed_54/metrics.json,Existing scientific record; see category index
robustness/relation,experiments/crta_v3_relation_random_wrong_v1/v1/triglycerides/seed_55/metrics.json,Existing scientific record; see category index
robustness/relation,experiments/crta_v3_relation_random_wrong_v1/v1/triglycerides/seed_56/metrics.json,Existing scientific record; see category index
robustness/relation,experiments/crta_v3_relation_random_wrong_v1/v1/triglycerides/seed_57/metrics.json,Existing scientific record; see category index
robustness/relation,experiments/crta_v3_relation_random_wrong_v1/v1/triglycerides/seed_58/metrics.json,Existing scientific record; see category index
robustness/relation,experiments/crta_v3_relation_random_wrong_v1/v1/triglycerides/seed_59/metrics.json,Existing scientific record; see category index
robustness/relation,experiments/crta_v3_relation_random_wrong_v1/v1/waist_cm/seed_50/metrics.json,Existing scientific record; see category index
robustness/relation,experiments/crta_v3_relation_random_wrong_v1/v1/waist_cm/seed_51/metrics.json,Existing scientific record; see category index
robustness/relation,experiments/crta_v3_relation_random_wrong_v1/v1/waist_cm/seed_52/metrics.json,Existing scientific record; see category index
robustness/relation,experiments/crta_v3_relation_random_wrong_v1/v1/waist_cm/seed_53/metrics.json,Existing scientific record; see category index
robustness/relation,experiments/crta_v3_relation_random_wrong_v1/v1/waist_cm/seed_54/metrics.json,Existing scientific record; see category index
robustness/relation,experiments/crta_v3_relation_random_wrong_v1/v1/waist_cm/seed_55/metrics.json,Existing scientific record; see category index
robustness/relation,experiments/crta_v3_relation_random_wrong_v1/v1/waist_cm/seed_56/metrics.json,Existing scientific record; see category index
robustness/relation,experiments/crta_v3_relation_random_wrong_v1/v1/waist_cm/seed_57/metrics.json,Existing scientific record; see category index
robustness/relation,experiments/crta_v3_relation_random_wrong_v1/v1/waist_cm/seed_58/metrics.json,Existing scientific record; see category index
robustness/relation,experiments/crta_v3_relation_random_wrong_v1/v1/waist_cm/seed_59/metrics.json,Existing scientific record; see category index
robustness/relation,experiments/crta_v3_sign_support_sweep_v1/SUMMARY_V1.json,Existing scientific record; see category index
robustness/relation,experiments/crta_v3_sign_support_sweep_v1/dbp/seed_50/metrics.json,Existing scientific record; see category index
robustness/relation,experiments/crta_v3_sign_support_sweep_v1/dbp/seed_51/metrics.json,Existing scientific record; see category index
robustness/relation,experiments/crta_v3_sign_support_sweep_v1/dbp/seed_52/metrics.json,Existing scientific record; see category index
robustness/relation,experiments/crta_v3_sign_support_sweep_v1/dbp/seed_53/metrics.json,Existing scientific record; see category index
robustness/relation,experiments/crta_v3_sign_support_sweep_v1/dbp/seed_54/metrics.json,Existing scientific record; see category index
robustness/relation,experiments/crta_v3_sign_support_sweep_v1/dbp/seed_55/metrics.json,Existing scientific record; see category index
robustness/relation,experiments/crta_v3_sign_support_sweep_v1/dbp/seed_56/metrics.json,Existing scientific record; see category index
robustness/relation,experiments/crta_v3_sign_support_sweep_v1/dbp/seed_57/metrics.json,Existing scientific record; see category index
robustness/relation,experiments/crta_v3_sign_support_sweep_v1/dbp/seed_58/metrics.json,Existing scientific record; see category index
robustness/relation,experiments/crta_v3_sign_support_sweep_v1/dbp/seed_59/metrics.json,Existing scientific record; see category index
robustness/relation,experiments/crta_v3_sign_support_sweep_v1/glucose/seed_50/metrics.json,Existing scientific record; see category index
robustness/relation,experiments/crta_v3_sign_support_sweep_v1/glucose/seed_51/metrics.json,Existing scientific record; see category index
robustness/relation,experiments/crta_v3_sign_support_sweep_v1/glucose/seed_52/metrics.json,Existing scientific record; see category index
robustness/relation,experiments/crta_v3_sign_support_sweep_v1/glucose/seed_53/metrics.json,Existing scientific record; see category index
robustness/relation,experiments/crta_v3_sign_support_sweep_v1/glucose/seed_54/metrics.json,Existing scientific record; see category index
robustness/relation,experiments/crta_v3_sign_support_sweep_v1/glucose/seed_55/metrics.json,Existing scientific record; see category index
robustness/relation,experiments/crta_v3_sign_support_sweep_v1/glucose/seed_56/metrics.json,Existing scientific record; see category index
robustness/relation,experiments/crta_v3_sign_support_sweep_v1/glucose/seed_57/metrics.json,Existing scientific record; see category index
robustness/relation,experiments/crta_v3_sign_support_sweep_v1/glucose/seed_58/metrics.json,Existing scientific record; see category index
robustness/relation,experiments/crta_v3_sign_support_sweep_v1/glucose/seed_59/metrics.json,Existing scientific record; see category index
robustness/relation,experiments/crta_v3_sign_support_sweep_v1/sbp/seed_50/metrics.json,Existing scientific record; see category index
robustness/relation,experiments/crta_v3_sign_support_sweep_v1/sbp/seed_51/metrics.json,Existing scientific record; see category index
robustness/relation,experiments/crta_v3_sign_support_sweep_v1/sbp/seed_52/metrics.json,Existing scientific record; see category index
robustness/relation,experiments/crta_v3_sign_support_sweep_v1/sbp/seed_53/metrics.json,Existing scientific record; see category index
robustness/relation,experiments/crta_v3_sign_support_sweep_v1/sbp/seed_54/metrics.json,Existing scientific record; see category index
robustness/relation,experiments/crta_v3_sign_support_sweep_v1/sbp/seed_55/metrics.json,Existing scientific record; see category index
robustness/relation,experiments/crta_v3_sign_support_sweep_v1/sbp/seed_56/metrics.json,Existing scientific record; see category index
robustness/relation,experiments/crta_v3_sign_support_sweep_v1/sbp/seed_57/metrics.json,Existing scientific record; see category index
robustness/relation,experiments/crta_v3_sign_support_sweep_v1/sbp/seed_58/metrics.json,Existing scientific record; see category index
robustness/relation,experiments/crta_v3_sign_support_sweep_v1/sbp/seed_59/metrics.json,Existing scientific record; see category index
robustness/relation,experiments/crta_v3_sign_support_sweep_v1/total_cholesterol/seed_50/metrics.json,Existing scientific record; see category index
robustness/relation,experiments/crta_v3_sign_support_sweep_v1/total_cholesterol/seed_51/metrics.json,Existing scientific record; see category index
robustness/relation,experiments/crta_v3_sign_support_sweep_v1/total_cholesterol/seed_52/metrics.json,Existing scientific record; see category index
robustness/relation,experiments/crta_v3_sign_support_sweep_v1/total_cholesterol/seed_53/metrics.json,Existing scientific record; see category index
robustness/relation,experiments/crta_v3_sign_support_sweep_v1/total_cholesterol/seed_54/metrics.json,Existing scientific record; see category index
robustness/relation,experiments/crta_v3_sign_support_sweep_v1/total_cholesterol/seed_55/metrics.json,Existing scientific record; see category index
robustness/relation,experiments/crta_v3_sign_support_sweep_v1/total_cholesterol/seed_56/metrics.json,Existing scientific record; see category index
robustness/relation,experiments/crta_v3_sign_support_sweep_v1/total_cholesterol/seed_57/metrics.json,Existing scientific record; see category index
robustness/relation,experiments/crta_v3_sign_support_sweep_v1/total_cholesterol/seed_58/metrics.json,Existing scientific record; see category index
robustness/relation,experiments/crta_v3_sign_support_sweep_v1/total_cholesterol/seed_59/metrics.json,Existing scientific record; see category index
robustness/relation,experiments/crta_v3_sign_support_sweep_v1/triglycerides/seed_50/metrics.json,Existing scientific record; see category index
robustness/relation,experiments/crta_v3_sign_support_sweep_v1/triglycerides/seed_51/metrics.json,Existing scientific record; see category index
robustness/relation,experiments/crta_v3_sign_support_sweep_v1/triglycerides/seed_52/metrics.json,Existing scientific record; see category index
robustness/relation,experiments/crta_v3_sign_support_sweep_v1/triglycerides/seed_53/metrics.json,Existing scientific record; see category index
robustness/relation,experiments/crta_v3_sign_support_sweep_v1/triglycerides/seed_54/metrics.json,Existing scientific record; see category index
robustness/relation,experiments/crta_v3_sign_support_sweep_v1/triglycerides/seed_55/metrics.json,Existing scientific record; see category index
robustness/relation,experiments/crta_v3_sign_support_sweep_v1/triglycerides/seed_56/metrics.json,Existing scientific record; see category index
robustness/relation,experiments/crta_v3_sign_support_sweep_v1/triglycerides/seed_57/metrics.json,Existing scientific record; see category index
robustness/relation,experiments/crta_v3_sign_support_sweep_v1/triglycerides/seed_58/metrics.json,Existing scientific record; see category index
robustness/relation,experiments/crta_v3_sign_support_sweep_v1/triglycerides/seed_59/metrics.json,Existing scientific record; see category index
robustness/relation,experiments/crta_v3_sign_support_sweep_v1/waist_cm/seed_50/metrics.json,Existing scientific record; see category index
robustness/relation,experiments/crta_v3_sign_support_sweep_v1/waist_cm/seed_51/metrics.json,Existing scientific record; see category index
robustness/relation,experiments/crta_v3_sign_support_sweep_v1/waist_cm/seed_52/metrics.json,Existing scientific record; see category index
robustness/relation,experiments/crta_v3_sign_support_sweep_v1/waist_cm/seed_53/metrics.json,Existing scientific record; see category index
robustness/relation,experiments/crta_v3_sign_support_sweep_v1/waist_cm/seed_54/metrics.json,Existing scientific record; see category index
robustness/relation,experiments/crta_v3_sign_support_sweep_v1/waist_cm/seed_55/metrics.json,Existing scientific record; see category index
robustness/relation,experiments/crta_v3_sign_support_sweep_v1/waist_cm/seed_56/metrics.json,Existing scientific record; see category index
robustness/relation,experiments/crta_v3_sign_support_sweep_v1/waist_cm/seed_57/metrics.json,Existing scientific record; see category index
robustness/relation,experiments/crta_v3_sign_support_sweep_v1/waist_cm/seed_58/metrics.json,Existing scientific record; see category index
robustness/relation,experiments/crta_v3_sign_support_sweep_v1/waist_cm/seed_59/metrics.json,Existing scientific record; see category index
robustness/relation,experiments/real_constituent_absence_audit_v1/SUMMARY_V1.json,Existing scientific record; see category index
robustness/relation,reanalysis_20260903/A4_reconstruction_incremental/README.md,Existing scientific record; see category index
robustness/relation,reanalysis_20260903/A4_reconstruction_incremental/analyze_incremental_loro.py,Existing scientific record; see category index
robustness/relation,reanalysis_20260903/A4_reconstruction_incremental/bootstrap_deltas.csv,Existing scientific record; see category index
robustness/relation,reanalysis_20260903/A4_reconstruction_incremental/conditional_slope_bootstrap.csv,Existing scientific record; see category index
robustness/relation,reanalysis_20260903/A4_reconstruction_incremental/reconstruction_incremental_r2.csv,Existing scientific record; see category index
robustness/relation,reanalysis_20260903/A4_reconstruction_incremental/summary.json,Existing scientific record; see category index
robustness/relation,robustness/relation/README.md,Finalization record or reviewer verification output; see category README and REVISION_REPORT.md
robustness/relation,robustness/relation/historical_within_dose_table.tex,Finalization record or reviewer verification output; see category README and REVISION_REPORT.md
robustness/relation,robustness/relation/relation_evidence_from_manuscript.tex,Finalization record or reviewer verification output; see category README and REVISION_REPORT.md
robustness/relation,robustness/relation/within_dose_dose_means.csv,Finalization record or reviewer verification output; see category README and REVISION_REPORT.md
robustness/relation,robustness/relation/within_dose_provenance.json,Finalization record or reviewer verification output; see category README and REVISION_REPORT.md
robustness/relation,robustness/relation/within_dose_recomputed.csv,Finalization record or reviewer verification output; see category README and REVISION_REPORT.md
robustness/relation,robustness/relation/within_dose_setting_means.csv,Finalization record or reviewer verification output; see category README and REVISION_REPORT.md
