family,realization,backbone,support,map_regime,dose,U_raw,U_rank,A_rank,D_rank,C_rank,G
additive,0,xgb,32,support_only,0,0.0,0.0,-0.06445369596240447,-0.06445369596240447,0.0,0.06445369596240447
additive,0,xgb,32,support_only,2,-0.002174411564981993,-0.0012304604344519632,-0.0653976470929345,-0.06445369596240447,-0.0009439511305300297,0.0632232355279525
additive,0,xgb,32,support_only,4,0.07665501800635688,0.05231867136663304,-0.04011734932268063,-0.06445369596240447,0.024336346639723838,0.11677236732903751
additive,0,xgb,32,support_only,6,0.14215129253825698,0.05330119503482833,0.024396401541024182,-0.06445369596240447,0.08885009750342865,0.1177548909972328
additive,0,xgb,32,support_only,8,0.27573894637028074,0.24229739807121553,-0.031012147663339262,-0.06445369596240447,0.033441548299065205,0.30675109403362
additive,1,xgb,32,support_only,0,0.0,0.0,-0.030485719705115155,-0.030485719705115155,0.0,0.030485719705115155
additive,1,xgb,32,support_only,2,0.2369566699928196,0.23249750593306895,-0.02602655564536449,-0.030485719705115155,0.004459164059750664,0.2629832256381841
additive,1,xgb,32,support_only,4,0.26271876150936957,0.3534198246243778,-0.1211867828201234,-0.030485719705115155,-0.09070106311500825,0.383905544329493
additive,1,xgb,32,support_only,6,0.28692069721413116,0.3534198246243778,-0.09698484711536182,-0.030485719705115155,-0.06649912741024666,0.383905544329493
additive,1,xgb,32,support_only,8,0.2350443195849754,0.3534198246243778,-0.14886122474451757,-0.030485719705115155,-0.11837550503940242,0.383905544329493
additive,2,xgb,32,support_only,0,0.0,0.0,-0.01592520649551965,-0.01592520649551965,0.0,0.01592520649551965
additive,2,xgb,32,support_only,2,0.04901073232879649,0.03654269631358642,-0.0034571704803095793,-0.01592520649551965,0.012468036015210071,0.05246790280910607
additive,2,xgb,32,support_only,4,0.02716445709639337,0.037092348528473984,-0.025853097927600266,-0.01592520649551965,-0.009927891432080616,0.053017555023993634
additive,2,xgb,32,support_only,6,0.09233316574064931,0.059646076639048085,0.01676188260608158,-0.01592520649551965,0.03268708910160123,0.07557128313456773
additive,2,xgb,32,support_only,8,0.20317661542542176,0.059646076639048085,0.12760533229085402,-0.01592520649551965,0.14353053878637367,0.07557128313456773
additive,3,xgb,32,support_only,0,0.0,0.0,-0.043132556520294574,-0.043132556520294574,0.0,0.043132556520294574
additive,3,xgb,32,support_only,2,0.1493502652707468,0.0,0.10621770875045222,-0.043132556520294574,0.1493502652707468,0.043132556520294574
additive,3,xgb,32,support_only,4,0.18134522007967968,0.008190541278427,0.1300221222809581,-0.043132556520294574,0.17315467880125268,0.05132309779872157
additive,3,xgb,32,support_only,6,0.15012473869774356,0.008190541278427,0.09880164089902199,-0.043132556520294574,0.14193419741931657,0.05132309779872157
additive,3,xgb,32,support_only,8,0.16261923672334722,0.31457280983378155,-0.1950861296307289,-0.043132556520294574,-0.15195357311043434,0.3577053663540761
additive,4,xgb,32,support_only,0,0.0,0.0,-0.00022463613498102664,-0.00022463613498102664,0.0,0.00022463613498102664
additive,4,xgb,32,support_only,2,0.19881460915874183,0.18219784668632,0.016392126337440804,-0.00022463613498102664,0.01661676247242183,0.18242248282130102
additive,4,xgb,32,support_only,4,0.2919693579720961,0.19787320327298152,0.09387151856413356,-0.00022463613498102664,0.09409615469911459,0.19809783940796255
additive,4,xgb,32,support_only,6,0.16651698386862956,0.19787320327298152,-0.031580855539332986,-0.00022463613498102664,-0.03135621940435196,0.19809783940796255
additive,4,xgb,32,support_only,8,0.12265997649573501,0.18882837347595438,-0.0663930331152004,-0.00022463613498102664,-0.06616839698021937,0.1890530096109354
additive,5,xgb,32,support_only,0,0.0,0.0,-0.020040031715285567,-0.020040031715285567,0.0,0.020040031715285567
additive,5,xgb,32,support_only,2,0.1219651925284081,0.0,0.10192516081312253,-0.020040031715285567,0.1219651925284081,0.020040031715285567
additive,5,xgb,32,support_only,4,0.07739672210825876,0.001414484305353847,0.05594220608761935,-0.020040031715285567,0.07598223780290492,0.021454516020639414
additive,5,xgb,32,support_only,6,0.14248208076262803,0.191183694948049,-0.06874164590070653,-0.020040031715285567,-0.04870161418542096,0.21122372666333455
additive,5,xgb,32,support_only,8,0.17876600970854561,0.3660939064367872,-0.20736792844352714,-0.020040031715285567,-0.18732789672824157,0.38613393815207275
additive,6,xgb,32,support_only,0,0.0,0.0,-0.05408191220241976,-0.05408191220241976,0.0,0.05408191220241976
additive,6,xgb,32,support_only,2,0.1969035079893765,0.0,0.14282159578695675,-0.05408191220241976,0.1969035079893765,0.05408191220241976
additive,6,xgb,32,support_only,4,0.25424816963371577,0.006271450148914726,0.1938948072823813,-0.05408191220241976,0.24797671948480104,0.06035336235133448
additive,6,xgb,32,support_only,6,0.2186645880048802,0.006271450148914726,0.15831122565354572,-0.05408191220241976,0.21239313785596547,0.06035336235133448
additive,6,xgb,32,support_only,8,0.25200555678333836,0.11370399816553389,0.08421964641538471,-0.05408191220241976,0.13830155861780447,0.16778591036795365
additive,7,xgb,32,support_only,0,0.0,0.0,-0.0134580774850116,-0.0134580774850116,0.0,0.0134580774850116
additive,7,xgb,32,support_only,2,0.16619332380824914,0.15159142260926983,0.0011438237139677065,-0.0134580774850116,0.014601901198979306,0.16504950009428143
additive,7,xgb,32,support_only,4,0.27003255882496424,0.32296895243850643,-0.06639447109855379,-0.0134580774850116,-0.05293639361354219,0.33642702992351803
additive,7,xgb,32,support_only,6,0.23515070933011406,0.30312628402603115,-0.08143365218092868,-0.0134580774850116,-0.06797557469591708,0.31658436151104274
additive,7,xgb,32,support_only,8,0.34264394606567905,0.358658275140028,-0.029472406559360564,-0.0134580774850116,-0.016014329074348965,0.3721163526250396
additive,8,xgb,32,support_only,0,0.0,0.0,-0.019369037512511955,-0.019369037512511955,0.0,0.019369037512511955
additive,8,xgb,32,support_only,2,0.04228133049505456,0.0,0.022912292982542604,-0.019369037512511955,0.04228133049505456,0.019369037512511955
additive,8,xgb,32,support_only,4,0.07943265259158272,0.3257252261204001,-0.26566161104132935,-0.019369037512511955,-0.2462925735288174,0.34509426363291207
additive,8,xgb,32,support_only,6,0.2052933450616613,0.7411755005862918,-0.5552511930371424,-0.019369037512511955,-0.5358821555246305,0.7605445380988037
additive,8,xgb,32,support_only,8,0.23201964864080693,0.7411755005862918,-0.5285248894579968,-0.019369037512511955,-0.5091558519454848,0.7605445380988037
additive,9,xgb,32,support_only,0,0.0,0.0,-0.025388130978974965,-0.025388130978974965,0.0,0.025388130978974965
additive,9,xgb,32,support_only,2,0.13223630734583625,0.2578978925824903,-0.15104971621562902,-0.025388130978974965,-0.12566158523665405,0.28328602356146526
additive,9,xgb,32,support_only,4,0.17044952777239586,0.2578978925824903,-0.1128364957890694,-0.025388130978974965,-0.08744836481009444,0.28328602356146526
additive,9,xgb,32,support_only,6,0.17193362328022954,0.3607964450653618,-0.21425095276410722,-0.025388130978974965,-0.18886282178513225,0.38618457604433676
additive,9,xgb,32,support_only,8,0.16882067683170265,0.3625287213193884,-0.21909617546666071,-0.025388130978974965,-0.19370804448768575,0.38791685229836337
additive,10,xgb,32,support_only,0,0.0,0.0,-0.026219031165705786,-0.026219031165705786,0.0,0.026219031165705786
additive,10,xgb,32,support_only,2,0.02325874391591154,-0.001585466553831072,-0.0013748206959631748,-0.026219031165705786,0.02484421046974261,0.024633564611874714
additive,10,xgb,32,support_only,4,0.090782455061442,-0.001585466553831072,0.06614889044956729,-0.026219031165705786,0.09236792161527307,0.024633564611874714
additive,10,xgb,32,support_only,6,0.23093693883768718,0.17476243467707342,0.029955472994907972,-0.026219031165705786,0.05617450416061376,0.2009814658427792
additive,10,xgb,32,support_only,8,0.2964670229641265,0.5169142032851186,-0.24666621148669787,-0.026219031165705786,-0.2204471803209921,0.5431332344508244
additive,11,xgb,32,support_only,0,0.0,0.0,-0.0601229743148628,-0.0601229743148628,0.0,0.0601229743148628
additive,11,xgb,32,support_only,2,0.09749639614881711,0.0,0.03737342183395431,-0.0601229743148628,0.09749639614881711,0.0601229743148628
additive,11,xgb,32,support_only,4,0.18397144024583645,0.0,0.12384846593097365,-0.0601229743148628,0.18397144024583645,0.0601229743148628
additive,11,xgb,32,support_only,6,0.17207343796407637,0.0,0.11195046364921357,-0.0601229743148628,0.17207343796407637,0.0601229743148628
additive,11,xgb,32,support_only,8,0.288586867277013,0.08555850176879043,0.14290539119335977,-0.0601229743148628,0.20302836550822256,0.14568147608365323
additive,12,xgb,32,support_only,0,0.0,0.0,-0.04288215032775189,-0.04288215032775189,0.0,0.04288215032775189
additive,12,xgb,32,support_only,2,0.1007291264230118,0.0,0.057846976095259905,-0.04288215032775189,0.1007291264230118,0.04288215032775189
additive,12,xgb,32,support_only,4,0.11785214596942262,0.0021957403633710015,0.07277425527829973,-0.04288215032775189,0.11565640560605162,0.04507789069112289
additive,12,xgb,32,support_only,6,0.14685881141364265,0.09113341565572397,0.012843245430166794,-0.04288215032775189,0.05572539575791868,0.13401556598347586
additive,12,xgb,32,support_only,8,0.28553350185089077,0.33684958157010114,-0.09419823004696226,-0.04288215032775189,-0.05131607971921037,0.37973173189785303
additive,13,xgb,32,support_only,0,0.0,0.0,-0.01497966211364088,-0.01497966211364088,0.0,0.01497966211364088
additive,13,xgb,32,support_only,2,0.13256864000917978,0.0,0.1175889778955389,-0.01497966211364088,0.13256864000917978,0.01497966211364088
additive,13,xgb,32,support_only,4,0.11790189861323219,0.004710463105124796,0.09821177339446652,-0.01497966211364088,0.1131914355081074,0.019690125218765675
additive,13,xgb,32,support_only,6,0.3666705359601986,0.004710463105124796,0.34698041074143293,-0.01497966211364088,0.3619600728550738,0.019690125218765675
additive,13,xgb,32,support_only,8,0.3625819394340549,0.1034926551884301,0.24410962213198395,-0.01497966211364088,0.25908928424562483,0.11847231730207097
additive,14,xgb,32,support_only,0,0.0,0.0,-0.041754388266461495,-0.041754388266461495,0.0,0.041754388266461495
additive,14,xgb,32,support_only,2,0.22617371084451443,0.23939645904623585,-0.05497713646818292,-0.041754388266461495,-0.013222748201721424,0.28115084731269735
additive,14,xgb,32,support_only,4,0.3367414324574549,0.23939645904623585,0.055590585144757565,-0.041754388266461495,0.09734497341121906,0.28115084731269735
additive,14,xgb,32,support_only,6,0.43911571451254927,0.25945824022063135,0.13790308602545642,-0.041754388266461495,0.17965747429191792,0.30121262848709285
additive,14,xgb,32,support_only,8,0.36116304658054177,0.25945824022063135,0.05995041809344892,-0.041754388266461495,0.10170480635991042,0.30121262848709285
additive,15,xgb,32,support_only,0,0.0,0.0,-0.06222295390166632,-0.06222295390166632,0.0,0.06222295390166632
additive,15,xgb,32,support_only,2,0.11382413138418523,0.0,0.05160117748251891,-0.06222295390166632,0.11382413138418523,0.06222295390166632
additive,15,xgb,32,support_only,4,0.23420935829654121,0.16329926639566983,0.008687137999205063,-0.06222295390166632,0.07091009190087139,0.22552222029733615
additive,15,xgb,32,support_only,6,0.27298480112788803,0.22602827522144464,-0.015266427995222931,-0.06222295390166632,0.04695652590644339,0.28825122912311096
additive,15,xgb,32,support_only,8,0.2922702733210818,0.22602827522144464,0.0040190441979708336,-0.06222295390166632,0.06624199809963716,0.28825122912311096
additive,16,xgb,32,support_only,0,0.0,0.0,-0.08394815416137091,-0.08394815416137091,0.0,0.08394815416137091
additive,16,xgb,32,support_only,2,0.01918304521003167,0.0,-0.06476510895133925,-0.08394815416137091,0.01918304521003167,0.08394815416137091
additive,16,xgb,32,support_only,4,0.09346513569351156,0.0,0.009516981532140645,-0.08394815416137091,0.09346513569351156,0.08394815416137091
additive,16,xgb,32,support_only,6,0.12347894989383801,0.01335866406381081,0.026172131668656284,-0.08394815416137091,0.1101202858300272,0.09730681822518172
additive,16,xgb,32,support_only,8,0.2285632418244149,0.01335866406381081,0.13125642359923317,-0.08394815416137091,0.2152045777606041,0.09730681822518172
additive,17,xgb,32,support_only,0,0.0,0.0,-0.04158873216357084,-0.04158873216357084,0.0,0.04158873216357084
additive,17,xgb,32,support_only,2,0.1575960188616503,0.18064397877502625,-0.06463669207694678,-0.04158873216357084,-0.023047959913375937,0.2222327109385971
additive,17,xgb,32,support_only,4,0.27609892256998436,0.17427187894347562,0.0602383114629379,-0.04158873216357084,0.10182704362650874,0.21586061110704646
additive,17,xgb,32,support_only,6,0.1992256313500801,0.17427187894347562,-0.016634979756966373,-0.04158873216357084,0.024953752406604468,0.21586061110704646
additive,17,xgb,32,support_only,8,0.3224611397696354,0.3930110468743847,-0.11213863926832013,-0.04158873216357084,-0.07054990710474929,0.43459977903795555
additive,18,xgb,32,support_only,0,0.0,0.0,-0.15833586248184217,-0.15833586248184217,0.0,0.15833586248184217
additive,18,xgb,32,support_only,2,0.29994906659952225,0.0,0.14161320411768008,-0.15833586248184217,0.29994906659952225,0.15833586248184217
additive,18,xgb,32,support_only,4,0.3780574124888362,0.29002389048312804,-0.07030234047613404,-0.15833586248184217,0.08803352200570813,0.4483597529649702
additive,18,xgb,32,support_only,6,0.37077189048596704,0.3037376332784363,-0.09130160527431141,-0.15833586248184217,0.06703425720753076,0.46207349576027845
additive,18,xgb,32,support_only,8,0.4070857598961607,0.47188478528119804,-0.22313488786687952,-0.15833586248184217,-0.06479902538503735,0.6302206477630402
additive,19,xgb,32,support_only,0,0.0,0.0,-0.039356442488294396,-0.039356442488294396,0.0,0.039356442488294396
additive,19,xgb,32,support_only,2,9.629891612628061e-05,-0.008848407162149075,-0.03041173641001904,-0.039356442488294396,0.008944706078275355,0.030508035326145322
additive,19,xgb,32,support_only,4,0.09139987103062586,-0.008848407162149075,0.060891835704480535,-0.039356442488294396,0.10024827819277493,0.030508035326145322
additive,19,xgb,32,support_only,6,0.06099373354115778,-0.008848407162149075,0.030485698215012458,-0.039356442488294396,0.06984214070330685,0.030508035326145322
additive,19,xgb,32,support_only,8,0.15916797285868933,-0.008848407162149075,0.128659937532544,-0.039356442488294396,0.1680163800208384,0.030508035326145322
pairwise,0,xgb,32,support_only,0,0.0,0.0,-0.06622121689006566,-0.06622121689006566,0.0,0.06622121689006566
pairwise,0,xgb,32,support_only,2,0.046939104845141744,0.0,-0.019282112044923916,-0.06622121689006566,0.046939104845141744,0.06622121689006566
pairwise,0,xgb,32,support_only,4,0.0777997655628141,0.0,0.011578548672748434,-0.06622121689006566,0.0777997655628141,0.06622121689006566
pairwise,0,xgb,32,support_only,6,0.22965134047128866,0.0,0.163430123581223,-0.06622121689006566,0.22965134047128866,0.06622121689006566
pairwise,0,xgb,32,support_only,8,0.2837907078107603,0.09286250871956425,0.12470698220113041,-0.06622121689006566,0.19092819909119607,0.1590837256096299
pairwise,1,xgb,32,support_only,0,0.0,0.0,-0.04336467303776059,-0.04336467303776059,0.0,0.04336467303776059
pairwise,1,xgb,32,support_only,2,0.03406804454837031,0.0,-0.00929662848939028,-0.04336467303776059,0.03406804454837031,0.04336467303776059
pairwise,1,xgb,32,support_only,4,0.060440843247757225,-0.008485263584113945,0.025561433794110577,-0.04336467303776059,0.06892610683187117,0.03487940945364665
pairwise,1,xgb,32,support_only,6,0.09772263574547635,-0.008485263584113945,0.0628432262918297,-0.04336467303776059,0.1062078993295903,0.03487940945364665
pairwise,1,xgb,32,support_only,8,0.18413606321485365,0.09727332222605567,0.04349806795103739,-0.04336467303776059,0.08686274098879798,0.14063799526381626
pairwise,2,xgb,32,support_only,0,0.0,0.0,-0.057256243746874214,-0.057256243746874214,0.0,0.057256243746874214
pairwise,2,xgb,32,support_only,2,0.009319446724778468,0.0,-0.047936797022095745,-0.057256243746874214,0.009319446724778468,0.057256243746874214
pairwise,2,xgb,32,support_only,4,0.22168124579622073,0.0,0.1644250020493465,-0.057256243746874214,0.22168124579622073,0.057256243746874214
pairwise,2,xgb,32,support_only,6,0.35852626503201834,0.07915995628278094,0.2221100650023632,-0.057256243746874214,0.2793663087492374,0.13641620002965515
pairwise,2,xgb,32,support_only,8,0.48669587836297257,0.07915995628278094,0.3502796783333174,-0.057256243746874214,0.4075359220801916,0.13641620002965515
pairwise,3,xgb,32,support_only,0,0.0,0.0,-0.04301688194156761,-0.04301688194156761,0.0,0.04301688194156761
pairwise,3,xgb,32,support_only,2,0.017111889009096215,0.0,-0.025904992932471393,-0.04301688194156761,0.017111889009096215,0.04301688194156761
pairwise,3,xgb,32,support_only,4,0.028613049416685632,0.0,-0.014403832524881977,-0.04301688194156761,0.028613049416685632,0.04301688194156761
pairwise,3,xgb,32,support_only,6,0.06655379323317956,0.12722500198400832,-0.10368809069239637,-0.04301688194156761,-0.060671208750828765,0.17024188392557593
pairwise,3,xgb,32,support_only,8,0.24592247417157553,0.48022622347321586,-0.27732063124320794,-0.04301688194156761,-0.23430374930164033,0.5232431054147835
pairwise,4,xgb,32,support_only,0,0.0,0.0,-0.07095831260315377,-0.07095831260315377,0.0,0.07095831260315377
pairwise,4,xgb,32,support_only,2,0.21455032259593654,0.11183522471959684,0.03175678527318593,-0.07095831260315377,0.1027150978763397,0.1827935373227506
pairwise,4,xgb,32,support_only,4,0.2870113255690996,0.3020551742089578,-0.08600216124301197,-0.07095831260315377,-0.015043848639858193,0.37301348681211155
pairwise,4,xgb,32,support_only,6,0.3163900613426296,0.3045163291377465,-0.05908458039827069,-0.07095831260315377,0.01187373220488308,0.3754746417409003
pairwise,4,xgb,32,support_only,8,0.3004268915856676,0.3045163291377465,-0.07504775015523268,-0.07095831260315377,-0.004089437552078912,0.3754746417409003
pairwise,5,xgb,32,support_only,0,0.0,0.0,-0.016011744983577936,-0.016011744983577936,0.0,0.016011744983577936
pairwise,5,xgb,32,support_only,2,0.05726916219894429,0.14110103809830754,-0.09984362088294119,-0.016011744983577936,-0.08383187589936325,0.15711278308188548
pairwise,5,xgb,32,support_only,4,0.10078738992366976,0.14110103809830754,-0.05632539315821572,-0.016011744983577936,-0.040313648174637784,0.15711278308188548
pairwise,5,xgb,32,support_only,6,0.11277434761937088,0.14110103809830754,-0.04433843546251459,-0.016011744983577936,-0.028326690478936656,0.15711278308188548
pairwise,5,xgb,32,support_only,8,0.129552601590883,0.14110103809830754,-0.027560181491002478,-0.016011744983577936,-0.011548436507424542,0.15711278308188548
pairwise,6,xgb,32,support_only,0,0.0,0.0,-0.05236764959639817,-0.05236764959639817,0.0,0.05236764959639817
pairwise,6,xgb,32,support_only,2,0.037575390602921255,0.07361471047202683,-0.08840696946550375,-0.05236764959639817,-0.03603931986910558,0.125982360068425
pairwise,6,xgb,32,support_only,4,0.14080755962124702,0.2839322072720577,-0.19549229724720885,-0.05236764959639817,-0.14312464765081068,0.33629985686845587
pairwise,6,xgb,32,support_only,6,0.12816284225568841,0.2853634172868217,-0.20956822462753144,-0.05236764959639817,-0.15720057503113327,0.33773106688321985
pairwise,6,xgb,32,support_only,8,0.25482174372926225,0.2853634172868217,-0.0829093231539576,-0.05236764959639817,-0.030541673557559434,0.33773106688321985
pairwise,7,xgb,32,support_only,0,0.0,0.0,-0.010984128816245997,-0.010984128816245997,0.0,0.010984128816245997
pairwise,7,xgb,32,support_only,2,0.18132824703541073,0.24537750381917145,-0.07503338560000672,-0.010984128816245997,-0.06404925678376072,0.25636163263541745
pairwise,7,xgb,32,support_only,4,0.22654648700330215,0.24537750381917145,-0.029815145632115292,-0.010984128816245997,-0.018831016815869295,0.25636163263541745
pairwise,7,xgb,32,support_only,6,0.4815297109222977,0.24537750381917145,0.22516807828688024,-0.010984128816245997,0.23615220710312623,0.25636163263541745
pairwise,7,xgb,32,support_only,8,0.5035056020689926,0.22757482438329324,0.2649466488694534,-0.010984128816245997,0.2759307776856994,0.23855895319953924
pairwise,8,xgb,32,support_only,0,0.0,0.0,-0.06161028286800063,-0.06161028286800063,0.0,0.06161028286800063
pairwise,8,xgb,32,support_only,2,0.06442547621577521,0.0,0.0028151933477745805,-0.06161028286800063,0.06442547621577521,0.06161028286800063
pairwise,8,xgb,32,support_only,4,0.14771010623703007,0.0,0.08609982336902944,-0.06161028286800063,0.14771010623703007,0.06161028286800063
pairwise,8,xgb,32,support_only,6,0.14958184197242186,0.0,0.08797155910442123,-0.06161028286800063,0.14958184197242186,0.06161028286800063
pairwise,8,xgb,32,support_only,8,0.20504064668989097,0.0,0.14343036382189034,-0.06161028286800063,0.20504064668989097,0.06161028286800063
pairwise,9,xgb,32,support_only,0,0.0,0.0,-0.09017792107648048,-0.09017792107648048,0.0,0.09017792107648048
pairwise,9,xgb,32,support_only,2,0.023124285203141692,0.0,-0.06705363587333879,-0.09017792107648048,0.023124285203141692,0.09017792107648048
pairwise,9,xgb,32,support_only,4,0.1282536066689125,0.0058670870533442665,0.03220859853908775,-0.09017792107648048,0.12238651961556823,0.09604500812982475
pairwise,9,xgb,32,support_only,6,0.13244806878519977,0.0058670870533442665,0.03640306065537502,-0.09017792107648048,0.1265809817318555,0.09604500812982475
pairwise,9,xgb,32,support_only,8,0.2440846042090976,0.12539483747512226,0.028511845657494872,-0.09017792107648048,0.11868976673397535,0.21557275855160274
pairwise,10,xgb,32,support_only,0,0.0,0.0,-0.0739544948941645,-0.0739544948941645,0.0,0.0739544948941645
pairwise,10,xgb,32,support_only,2,0.10768611409746798,0.12058056948469664,-0.08684895028139317,-0.0739544948941645,-0.012894455387228665,0.19453506437886114
pairwise,10,xgb,32,support_only,4,0.09636885147032359,0.12998570642760965,-0.10757134985145056,-0.0739544948941645,-0.03361685495728606,0.20394020132177415
pairwise,10,xgb,32,support_only,6,0.05798341832202669,0.12998570642760965,-0.14595678299974746,-0.0739544948941645,-0.07200228810558296,0.20394020132177415
pairwise,10,xgb,32,support_only,8,0.16493918263459084,0.3321647972253814,-0.24118010948495505,-0.0739544948941645,-0.16722561459079055,0.4061192921195459
pairwise,11,xgb,32,support_only,0,0.0,0.0,-0.03749081889911121,-0.03749081889911121,0.0,0.03749081889911121
pairwise,11,xgb,32,support_only,2,0.18246233484447982,0.059316055923294475,0.08565546002207414,-0.03749081889911121,0.12314627892118535,0.09680687482240569
pairwise,11,xgb,32,support_only,4,0.23423287080354904,0.059316055923294475,0.13742599598114336,-0.03749081889911121,0.17491681488025457,0.09680687482240569
pairwise,11,xgb,32,support_only,6,0.3099865879859113,0.059316055923294475,0.2131797131635056,-0.03749081889911121,0.2506705320626168,0.09680687482240569
pairwise,11,xgb,32,support_only,8,0.3721293257213505,0.06183897038094255,0.27279953644129673,-0.03749081889911121,0.31029035534040794,0.09932978928005376
pairwise,12,xgb,32,support_only,0,0.0,0.0,-0.043701366774462125,-0.043701366774462125,0.0,0.043701366774462125
pairwise,12,xgb,32,support_only,2,0.044395793159480834,0.008794185199598958,-0.008099758814580249,-0.043701366774462125,0.035601607959881876,0.05249555197406108
pairwise,12,xgb,32,support_only,4,0.13841041048818992,0.13583292155851712,-0.041123877844789325,-0.043701366774462125,0.0025774889296728,0.17953428833297924
pairwise,12,xgb,32,support_only,6,0.27624483580215964,0.2658880462604911,-0.033344577232793604,-0.043701366774462125,0.01035678954166852,0.30958941303495324
pairwise,12,xgb,32,support_only,8,0.31513730586906763,0.2658880462604911,0.005547892834114387,-0.043701366774462125,0.04924925960857651,0.30958941303495324
pairwise,13,xgb,32,support_only,0,0.0,0.0,-0.026838409692188203,-0.026838409692188203,0.0,0.026838409692188203
pairwise,13,xgb,32,support_only,2,0.10945404249292845,0.0,0.08261563280074025,-0.026838409692188203,0.10945404249292845,0.026838409692188203
pairwise,13,xgb,32,support_only,4,0.07479657917342242,0.0,0.047958169481234214,-0.026838409692188203,0.07479657917342242,0.026838409692188203
pairwise,13,xgb,32,support_only,6,0.04371355267857979,-0.00026859814560975526,0.017143741132001344,-0.026838409692188203,0.04398215082418955,0.026569811546578448
pairwise,13,xgb,32,support_only,8,0.08882608371290734,-0.00026859814560975526,0.062256272166328896,-0.026838409692188203,0.0890946818585171,0.026569811546578448
pairwise,14,xgb,32,support_only,0,0.0,0.0,-0.014398988664767964,-0.014398988664767964,0.0,0.014398988664767964
pairwise,14,xgb,32,support_only,2,0.04111182915157874,0.0,0.026712840486810774,-0.014398988664767964,0.04111182915157874,0.014398988664767964
pairwise,14,xgb,32,support_only,4,0.08859845608881722,0.0,0.07419946742404926,-0.014398988664767964,0.08859845608881722,0.014398988664767964
pairwise,14,xgb,32,support_only,6,0.14213505552104444,0.0,0.12773606685627648,-0.014398988664767964,0.14213505552104444,0.014398988664767964
pairwise,14,xgb,32,support_only,8,0.20722309112124782,0.0,0.19282410245647985,-0.014398988664767964,0.20722309112124782,0.014398988664767964
pairwise,15,xgb,32,support_only,0,0.0,0.0,-0.007198082935622074,-0.007198082935622074,0.0,0.007198082935622074
pairwise,15,xgb,32,support_only,2,0.16904148118278362,0.1279097306255077,0.03393366762165384,-0.007198082935622074,0.041131750557275915,0.13510781356112977
pairwise,15,xgb,32,support_only,4,0.4521803331525577,0.573387767755243,-0.12840551753830742,-0.007198082935622074,-0.12120743460268535,0.5805858506908651
pairwise,15,xgb,32,support_only,6,0.42137336199898245,0.573387767755243,-0.15921248869188265,-0.007198082935622074,-0.15201440575626057,0.5805858506908651
pairwise,15,xgb,32,support_only,8,0.36573413727128246,0.573387767755243,-0.21485171341958265,-0.007198082935622074,-0.20765363048396057,0.5805858506908651
pairwise,16,xgb,32,support_only,0,0.0,0.0,-0.13232035373375606,-0.13232035373375606,0.0,0.13232035373375606
pairwise,16,xgb,32,support_only,2,0.05910146506056069,-0.005176565072791739,-0.06804232360040363,-0.13232035373375606,0.06427803013335243,0.12714378866096432
pairwise,16,xgb,32,support_only,4,0.0973962783448894,-0.005176565072791739,-0.02974751031607492,-0.13232035373375606,0.10257284341768114,0.12714378866096432
pairwise,16,xgb,32,support_only,6,0.14559150892548411,-0.005176565072791739,0.018447720264519796,-0.13232035373375606,0.15076807399827585,0.12714378866096432
pairwise,16,xgb,32,support_only,8,0.15828707304482703,-0.02863527909037622,0.054601998401447194,-0.13232035373375606,0.18692235213520325,0.10368507464337984
pairwise,17,xgb,32,support_only,0,0.0,0.0,-0.07551083255716862,-0.07551083255716862,0.0,0.07551083255716862
pairwise,17,xgb,32,support_only,2,0.08096915125176496,0.0,0.0054583186945963424,-0.07551083255716862,0.08096915125176496,0.07551083255716862
pairwise,17,xgb,32,support_only,4,0.27490520401652585,0.0,0.19939437145935723,-0.07551083255716862,0.27490520401652585,0.07551083255716862
pairwise,17,xgb,32,support_only,6,0.33204937908215704,0.045410247998162734,0.2111282985268257,-0.07551083255716862,0.2866391310839943,0.12092108055533135
pairwise,17,xgb,32,support_only,8,0.43197063585505835,0.1703222793172704,0.18613752398061933,-0.07551083255716862,0.26164835653778795,0.24583311187443901
pairwise,18,xgb,32,support_only,0,0.0,0.0,-0.07228919309636284,-0.07228919309636284,0.0,0.07228919309636284
pairwise,18,xgb,32,support_only,2,0.09268896512477653,0.03542229700231192,-0.015022524973898221,-0.07228919309636284,0.057266668122464615,0.10771149009867476
pairwise,18,xgb,32,support_only,4,0.0890734127222853,0.04177798662114829,-0.02499376699522582,-0.07228919309636284,0.04729542610113702,0.11406717971751112
pairwise,18,xgb,32,support_only,6,0.193909969742722,0.06831851187733673,0.053302264769022445,-0.07228919309636284,0.12559145786538528,0.14060770497369957
pairwise,18,xgb,32,support_only,8,0.1536656680212377,0.06831851187733673,0.013057963047538146,-0.07228919309636284,0.08534715614390098,0.14060770497369957
pairwise,19,xgb,32,support_only,0,0.0,0.0,-0.07905623755823166,-0.07905623755823166,0.0,0.07905623755823166
pairwise,19,xgb,32,support_only,2,0.05668002701394048,0.09663516785355397,-0.11901137839784515,-0.07905623755823166,-0.03995514083961349,0.17569140541178563
pairwise,19,xgb,32,support_only,4,0.05024705748523184,0.09663516785355397,-0.1254443479265538,-0.07905623755823166,-0.04638811036832213,0.17569140541178563
pairwise,19,xgb,32,support_only,6,0.07278904060137337,0.09663516785355397,-0.10290236481041226,-0.07905623755823166,-0.023846127252180604,0.17569140541178563
pairwise,19,xgb,32,support_only,8,0.0920180089332705,0.09663516785355397,-0.08367339647851513,-0.07905623755823166,-0.004617158920283471,0.17569140541178563
sparse,0,xgb,32,support_only,0,0.0,0.0,-0.03483537261445169,-0.03483537261445169,0.0,0.03483537261445169
sparse,0,xgb,32,support_only,2,0.06635846249445065,0.0,0.03152308987999897,-0.03483537261445169,0.06635846249445065,0.03483537261445169
sparse,0,xgb,32,support_only,4,0.0484639014042908,0.0015188006079822625,0.01210972818185685,-0.03483537261445169,0.046945100796308536,0.03635417322243395
sparse,0,xgb,32,support_only,6,0.3362166939374275,0.43489949162496255,-0.13351817030198676,-0.03483537261445169,-0.09868279768753507,0.46973486423941424
sparse,0,xgb,32,support_only,8,0.3790157435651963,0.43489949162496255,-0.09071912067421795,-0.03483537261445169,-0.05588374805976626,0.46973486423941424
sparse,1,xgb,32,support_only,0,0.0,0.0,-0.029509952129876837,-0.029509952129876837,0.0,0.029509952129876837
sparse,1,xgb,32,support_only,2,0.35724270327882335,0.0,0.3277327511489465,-0.029509952129876837,0.35724270327882335,0.029509952129876837
sparse,1,xgb,32,support_only,4,0.26201511447854675,0.0,0.2325051623486699,-0.029509952129876837,0.26201511447854675,0.029509952129876837
sparse,1,xgb,32,support_only,6,0.1971051437164253,0.0,0.16759519158654845,-0.029509952129876837,0.1971051437164253,0.029509952129876837
sparse,1,xgb,32,support_only,8,0.524780455932922,0.17590126428544717,0.319369239517598,-0.029509952129876837,0.34887919164747483,0.205411216415324
sparse,2,xgb,32,support_only,0,0.0,0.0,-0.05727558996790849,-0.05727558996790849,0.0,0.05727558996790849
sparse,2,xgb,32,support_only,2,0.0020746803267890357,0.0,-0.055200909641119456,-0.05727558996790849,0.0020746803267890357,0.05727558996790849
sparse,2,xgb,32,support_only,4,0.0086124484106056,0.042834612118841764,-0.09149775367614466,-0.05727558996790849,-0.034222163708236164,0.10011020208675026
sparse,2,xgb,32,support_only,6,0.09084610254430969,0.042834612118841764,-0.009264099542440563,-0.05727558996790849,0.04801149042546793,0.10011020208675026
sparse,2,xgb,32,support_only,8,0.11789442426215735,0.042834612118841764,0.017784222175407094,-0.05727558996790849,0.07505981214331559,0.10011020208675026
sparse,3,xgb,32,support_only,0,0.0,0.0,-0.04084973315379847,-0.04084973315379847,0.0,0.04084973315379847
sparse,3,xgb,32,support_only,2,0.009279601761831846,0.0,-0.03157013139196663,-0.04084973315379847,0.009279601761831846,0.04084973315379847
sparse,3,xgb,32,support_only,4,0.06092149368808275,0.0,0.020071760534284278,-0.04084973315379847,0.06092149368808275,0.04084973315379847
sparse,3,xgb,32,support_only,6,0.061051539308968006,0.0,0.020201806155169533,-0.04084973315379847,0.061051539308968006,0.04084973315379847
sparse,3,xgb,32,support_only,8,0.13135276043120958,0.0,0.09050302727741111,-0.04084973315379847,0.13135276043120958,0.04084973315379847
sparse,4,xgb,32,support_only,0,0.0,0.0,-0.01830601035365864,-0.01830601035365864,0.0,0.01830601035365864
sparse,4,xgb,32,support_only,2,0.2471920236890457,0.25834843435065724,-0.02946242101527019,-0.01830601035365864,-0.011156410661611549,0.2766544447043159
sparse,4,xgb,32,support_only,4,0.30776737747043226,0.2565756553447074,0.03288571177206623,-0.01830601035365864,0.05119172212572487,0.27488166569836603
sparse,4,xgb,32,support_only,6,0.24304615954833242,0.2547518946718843,-0.030011745477210527,-0.01830601035365864,-0.011705735123551886,0.27305790502554295
sparse,4,xgb,32,support_only,8,0.4343525048344129,0.2547518946718843,0.16129459980886995,-0.01830601035365864,0.1796006101625286,0.27305790502554295
sparse,5,xgb,32,support_only,0,0.0,0.0,-0.05550842969353764,-0.05550842969353764,0.0,0.05550842969353764
sparse,5,xgb,32,support_only,2,0.154979861502324,0.018466754535255148,0.08100467727353122,-0.05550842969353764,0.13651310696706886,0.07397518422879279
sparse,5,xgb,32,support_only,4,0.10383009014688238,0.007643520903883427,0.04067813954946131,-0.05550842969353764,0.09618656924299895,0.06315195059742107
sparse,5,xgb,32,support_only,6,0.15772457714227406,0.14563481234934794,-0.043418664900611526,-0.05550842969353764,0.012089764792926116,0.20114324204288558
sparse,5,xgb,32,support_only,8,0.1948494622468484,0.23200722823999498,-0.09266619568668422,-0.05550842969353764,-0.037157765993146574,0.2875156579335326
sparse,6,xgb,32,support_only,0,0.0,0.0,-0.027351093167797824,-0.027351093167797824,0.0,0.027351093167797824
sparse,6,xgb,32,support_only,2,0.003312289739621055,0.0,-0.02403880342817677,-0.027351093167797824,0.003312289739621055,0.027351093167797824
sparse,6,xgb,32,support_only,4,0.019543472050338462,0.0,-0.007807621117459362,-0.027351093167797824,0.019543472050338462,0.027351093167797824
sparse,6,xgb,32,support_only,6,0.14108921574317834,-0.00441318735604046,0.11815130993142098,-0.027351093167797824,0.1455024030992188,0.022937905811757364
sparse,6,xgb,32,support_only,8,0.10657085948009892,-0.00441318735604046,0.08363295366834156,-0.027351093167797824,0.11098404683613938,0.022937905811757364
sparse,7,xgb,32,support_only,0,0.0,0.0,-0.012260734722035815,-0.012260734722035815,0.0,0.012260734722035815
sparse,7,xgb,32,support_only,2,0.16012325405811445,0.16855183416814878,-0.02068931483207015,-0.012260734722035815,-0.008428580110034334,0.1808125688901846
sparse,7,xgb,32,support_only,4,0.20722809769722428,0.1480410374535398,0.04692632552164866,-0.012260734722035815,0.059187060243684475,0.16030177217557562
sparse,7,xgb,32,support_only,6,0.21688485014242653,0.35719767702950056,-0.15257356160910984,-0.012260734722035815,-0.14031282688707403,0.3694584117515364
sparse,7,xgb,32,support_only,8,0.15768723659295103,0.35719767702950056,-0.21177117515858535,-0.012260734722035815,-0.19951044043654953,0.3694584117515364
sparse,8,xgb,32,support_only,0,0.0,0.0,-0.06341265676981478,-0.06341265676981478,0.0,0.06341265676981478
sparse,8,xgb,32,support_only,2,0.1681321578603694,0.0,0.10471950109055461,-0.06341265676981478,0.1681321578603694,0.06341265676981478
sparse,8,xgb,32,support_only,4,0.11564350140351021,0.0,0.05223084463369543,-0.06341265676981478,0.11564350140351021,0.06341265676981478
sparse,8,xgb,32,support_only,6,0.07082636946855914,-0.008987053397975564,0.01640076609671992,-0.06341265676981478,0.0798134228665347,0.054425603371839215
sparse,8,xgb,32,support_only,8,0.15957970429298618,-0.008987053397975564,0.10515410092114696,-0.06341265676981478,0.16856675769096174,0.054425603371839215
sparse,9,xgb,32,support_only,0,0.0,0.0,-0.06093003766421312,-0.06093003766421312,0.0,0.06093003766421312
sparse,9,xgb,32,support_only,2,0.10429800010844714,0.0,0.04336796244423402,-0.06093003766421312,0.10429800010844714,0.06093003766421312
sparse,9,xgb,32,support_only,4,0.09374422012089978,0.0,0.03281418245668666,-0.06093003766421312,0.09374422012089978,0.06093003766421312
sparse,9,xgb,32,support_only,6,0.15708268120843016,0.0,0.09615264354421704,-0.06093003766421312,0.15708268120843016,0.06093003766421312
sparse,9,xgb,32,support_only,8,0.15231230811771346,-0.003908502574524797,0.09529077302802513,-0.06093003766421312,0.15622081069223825,0.057021535089688324
sparse,10,xgb,32,support_only,0,0.0,0.0,-0.007336167923670089,-0.007336167923670089,0.0,0.007336167923670089
sparse,10,xgb,32,support_only,2,0.0430627430076258,0.0,0.035726575083955714,-0.007336167923670089,0.0430627430076258,0.007336167923670089
sparse,10,xgb,32,support_only,4,0.2076631117878599,0.2495367538844785,-0.04920981002028868,-0.007336167923670089,-0.04187364209661859,0.2568729218081486
sparse,10,xgb,32,support_only,6,0.15250353599025823,0.4443979974091491,-0.29923062934256095,-0.007336167923670089,-0.29189446141889086,0.4517341653328192
sparse,10,xgb,32,support_only,8,0.274207752677858,0.4443979974091491,-0.17752641265496116,-0.007336167923670089,-0.17019024473129107,0.4517341653328192
sparse,11,xgb,32,support_only,0,0.0,0.0,-0.017943404033432753,-0.017943404033432753,0.0,0.017943404033432753
sparse,11,xgb,32,support_only,2,0.2210126302434724,0.0,0.20306922621003964,-0.017943404033432753,0.2210126302434724,0.017943404033432753
sparse,11,xgb,32,support_only,4,0.2028097425004709,0.00548505965232482,0.17938127881471333,-0.017943404033432753,0.19732468284814608,0.023428463685757572
sparse,11,xgb,32,support_only,6,0.18048250991373438,-0.010982849790648674,0.1735219556709503,-0.017943404033432753,0.19146535970438305,0.006960554242784078
sparse,11,xgb,32,support_only,8,0.11162542610604842,0.003253991532899403,0.09042803053971626,-0.017943404033432753,0.10837143457314902,0.021197395566332156
sparse,12,xgb,32,support_only,0,0.0,0.0,-0.08940459218975982,-0.08940459218975982,0.0,0.08940459218975982
sparse,12,xgb,32,support_only,2,0.010002582951290528,0.0,-0.0794020092384693,-0.08940459218975982,0.010002582951290528,0.08940459218975982
sparse,12,xgb,32,support_only,4,0.34701878398824804,0.5432884485818223,-0.28567425678333414,-0.08940459218975982,-0.1962696645935743,0.6326930407715822
sparse,12,xgb,32,support_only,6,0.3941673436978047,0.5381419103619629,-0.23337915885391802,-0.08940459218975982,-0.1439745666641582,0.6275465025517227
sparse,12,xgb,32,support_only,8,0.39436758102040914,0.5381419103619629,-0.2331789215313136,-0.08940459218975982,-0.14377432934155376,0.6275465025517227
sparse,13,xgb,32,support_only,0,0.0,0.0,0.013092217964425612,0.013092217964425612,0.0,-0.013092217964425612
sparse,13,xgb,32,support_only,2,0.015935707549386557,0.0,0.02902792551381217,0.013092217964425612,0.015935707549386557,-0.013092217964425612
sparse,13,xgb,32,support_only,4,0.12247966431170199,0.0,0.1355718822761276,0.013092217964425612,0.12247966431170199,-0.013092217964425612
sparse,13,xgb,32,support_only,6,0.37097263531884284,0.21563331306703415,0.1684315402162343,0.013092217964425612,0.1553393222518087,0.20254109510260854
sparse,13,xgb,32,support_only,8,0.38160825430900724,0.21563331306703415,0.1790671592063987,0.013092217964425612,0.1659749412419731,0.20254109510260854
sparse,14,xgb,32,support_only,0,0.0,0.0,-0.019576986465538515,-0.019576986465538515,0.0,0.019576986465538515
sparse,14,xgb,32,support_only,2,0.018025174574270997,0.0,-0.0015518118912675183,-0.019576986465538515,0.018025174574270997,0.019576986465538515
sparse,14,xgb,32,support_only,4,0.06141675485296183,0.05681497628798915,-0.014975207900565835,-0.019576986465538515,0.0046017785649726806,0.07639196275352766
sparse,14,xgb,32,support_only,6,0.4215672128979958,0.8330344928601492,-0.4310442664276919,-0.019576986465538515,-0.4114672799621534,0.8526114793256877
sparse,14,xgb,32,support_only,8,0.3914804605506773,0.8330344928601492,-0.4611310187750104,-0.019576986465538515,-0.4415540323094719,0.8526114793256877
sparse,15,xgb,32,support_only,0,0.0,0.0,-0.010504546701077366,-0.010504546701077366,0.0,0.010504546701077366
sparse,15,xgb,32,support_only,2,0.02954612750549135,0.018230436636349823,0.0008111441680641596,-0.010504546701077366,0.011315690869141526,0.02873498333742719
sparse,15,xgb,32,support_only,4,0.07463886697279176,0.004347796950965099,0.059786523320749296,-0.010504546701077366,0.07029107002182666,0.014852343652042466
sparse,15,xgb,32,support_only,6,0.4801878583630568,0.49317561813057176,-0.02349230646859235,-0.010504546701077366,-0.012987759767514984,0.5036801648316491
sparse,15,xgb,32,support_only,8,0.4390821030435652,0.5230263057238951,-0.09444874938140724,-0.010504546701077366,-0.08394420268032987,0.5335308524249724
sparse,16,xgb,32,support_only,0,0.0,0.0,-0.029270943817330752,-0.029270943817330752,0.0,0.029270943817330752
sparse,16,xgb,32,support_only,2,0.052961742284363234,0.0,0.02369079846703248,-0.029270943817330752,0.052961742284363234,0.029270943817330752
sparse,16,xgb,32,support_only,4,0.20943749048465965,0.7176302608726771,-0.5374637142053482,-0.029270943817330752,-0.5081927703880175,0.7469012046900079
sparse,16,xgb,32,support_only,6,0.17665539310070322,0.7176302608726771,-0.5702458115893047,-0.029270943817330752,-0.5409748677719739,0.7469012046900079
sparse,16,xgb,32,support_only,8,0.21882965265998444,0.7176302608726771,-0.5280715520300234,-0.029270943817330752,-0.4988006082126927,0.7469012046900079
sparse,17,xgb,32,support_only,0,0.0,0.0,-0.06062677132836136,-0.06062677132836136,0.0,0.06062677132836136
sparse,17,xgb,32,support_only,2,0.09367318419408788,0.06495384731679832,-0.0319074344510718,-0.06062677132836136,0.02871933687728956,0.12558061864515968
sparse,17,xgb,32,support_only,4,0.08714098994510244,0.06495384731679832,-0.03843962870005724,-0.06062677132836136,0.022187142628304124,0.12558061864515968
sparse,17,xgb,32,support_only,6,0.07872784707165659,0.06495384731679832,-0.046852771573503094,-0.06062677132836136,0.013773999754858268,0.12558061864515968
sparse,17,xgb,32,support_only,8,0.1378925843120985,0.052053365601436585,0.02521244738230055,-0.06062677132836136,0.08583921871066191,0.11268013692979795
sparse,18,xgb,32,support_only,0,0.0,0.0,-0.030895212503675884,-0.030895212503675884,0.0,0.030895212503675884
sparse,18,xgb,32,support_only,2,0.006645616975962998,0.0,-0.024249595527712886,-0.030895212503675884,0.006645616975962998,0.030895212503675884
sparse,18,xgb,32,support_only,4,0.13282641653805605,0.0,0.10193120403438016,-0.030895212503675884,0.13282641653805605,0.030895212503675884
sparse,18,xgb,32,support_only,6,0.2305513880965323,0.0,0.19965617559285642,-0.030895212503675884,0.2305513880965323,0.030895212503675884
sparse,18,xgb,32,support_only,8,0.2590804513734013,0.0,0.22818523886972542,-0.030895212503675884,0.2590804513734013,0.030895212503675884
sparse,19,xgb,32,support_only,0,0.0,0.0,-0.018621287868908154,-0.018621287868908154,0.0,0.018621287868908154
sparse,19,xgb,32,support_only,2,0.009617170929012153,0.01568250313190256,-0.02468662007179856,-0.018621287868908154,-0.0060653322028904055,0.03430379100081071
sparse,19,xgb,32,support_only,4,0.07548889334062103,0.01568250313190256,0.04118510233981032,-0.018621287868908154,0.059806390208718474,0.03430379100081071
sparse,19,xgb,32,support_only,6,0.18870799939150507,0.01568250313190256,0.15440420839069435,-0.018621287868908154,0.1730254962596025,0.03430379100081071
sparse,19,xgb,32,support_only,8,0.2250545993262939,0.01568250313190256,0.1907508083254832,-0.018621287868908154,0.20937209619439134,0.03430379100081071
additive,0,xgb,32,support_query,0,0.0,0.0,-0.021777118844043875,-0.021777118844043875,0.0,0.021777118844043875
additive,0,xgb,32,support_query,2,-0.002174411564981993,0.028081421498514336,-0.052032951907540204,-0.021777118844043875,-0.03025583306349633,0.04985854034255821
additive,0,xgb,32,support_query,4,0.07665501800635688,0.11414766643517649,-0.05926976727286348,-0.021777118844043875,-0.03749264842881961,0.13592478527922036
additive,0,xgb,32,support_query,6,0.14215129253825698,0.12014598587083658,0.00022818782337652443,-0.021777118844043875,0.0220053066674204,0.14192310471488045
additive,0,xgb,32,support_query,8,0.27573894637028074,0.41459003221327184,-0.16062820468703498,-0.021777118844043875,-0.1388510858429911,0.4363671510573157
additive,1,xgb,32,support_query,0,0.0,0.0,0.0005107996609302612,0.0005107996609302612,0.0,-0.0005107996609302612
additive,1,xgb,32,support_query,2,0.2369566699928196,0.29576009886415655,-0.05829262921040668,0.0005107996609302612,-0.05880342887133694,0.2952492992032263
additive,1,xgb,32,support_query,4,0.26271876150936957,0.4090497856838816,-0.1458202245135818,0.0005107996609302612,-0.14633102417451205,0.40853898602295136
additive,1,xgb,32,support_query,6,0.28692069721413116,0.4090497856838816,-0.1216182888088202,0.0005107996609302612,-0.12212908846975046,0.40853898602295136
additive,1,xgb,32,support_query,8,0.2350443195849754,0.4090497856838816,-0.17349466643797595,0.0005107996609302612,-0.17400546609890621,0.40853898602295136
additive,2,xgb,32,support_query,0,0.0,0.0,-0.0032557541160459502,-0.0032557541160459502,0.0,0.0032557541160459502
additive,2,xgb,32,support_query,2,0.04901073232879649,0.03353741376717101,0.012217564445579532,-0.0032557541160459502,0.015473318561625482,0.03679316788321696
additive,2,xgb,32,support_query,4,0.02716445709639337,0.05214185268136262,-0.028233149701015203,-0.0032557541160459502,-0.024977395584969253,0.05539760679740857
additive,2,xgb,32,support_query,6,0.09233316574064931,0.06294538499439517,0.026132026630208194,-0.0032557541160459502,0.029387780746254144,0.06620113911044112
additive,2,xgb,32,support_query,8,0.20317661542542176,0.06294538499439517,0.13697547631498064,-0.0032557541160459502,0.1402312304310266,0.06620113911044112
additive,3,xgb,32,support_query,0,0.0,0.0,0.008675858434538553,0.008675858434538553,0.0,-0.008675858434538553
additive,3,xgb,32,support_query,2,0.1493502652707468,0.0,0.15802612370528535,0.008675858434538553,0.1493502652707468,-0.008675858434538553
additive,3,xgb,32,support_query,4,0.18134522007967968,0.0035323059885888908,0.18648877252562934,0.008675858434538553,0.1778129140910908,-0.005143552445949662
additive,3,xgb,32,support_query,6,0.15012473869774356,0.0035323059885888908,0.15526829114369323,0.008675858434538553,0.14659243270915467,-0.005143552445949662
additive,3,xgb,32,support_query,8,0.16261923672334722,0.4565895199287435,-0.28529442477085776,0.008675858434538553,-0.2939702832053963,0.447913661494205
additive,4,xgb,32,support_query,0,0.0,0.0,-0.0054778847423462285,-0.0054778847423462285,0.0,0.0054778847423462285
additive,4,xgb,32,support_query,2,0.19881460915874183,0.10959153886704365,0.08374518554935195,-0.0054778847423462285,0.08922307029169818,0.11506942360938988
additive,4,xgb,32,support_query,4,0.2919693579720961,0.11309032675910102,0.17340114647064886,-0.0054778847423462285,0.1788790312129951,0.11856821150144725
additive,4,xgb,32,support_query,6,0.16651698386862956,0.11309032675910102,0.04794877236718231,-0.0054778847423462285,0.05342665710952854,0.11856821150144725
additive,4,xgb,32,support_query,8,0.12265997649573501,0.11430330584172554,0.0028787859116632397,-0.0054778847423462285,0.008356670654009468,0.11978119058407177
additive,5,xgb,32,support_query,0,0.0,0.0,-0.008665504647003552,-0.008665504647003552,0.0,0.008665504647003552
additive,5,xgb,32,support_query,2,0.1219651925284081,0.0,0.11329968788140454,-0.008665504647003552,0.1219651925284081,0.008665504647003552
additive,5,xgb,32,support_query,4,0.07739672210825876,0.007849668169032209,0.060881549292223,-0.008665504647003552,0.06954705393922656,0.01651517281603576
additive,5,xgb,32,support_query,6,0.14248208076262803,0.17426744599371613,-0.040450869878091655,-0.008665504647003552,-0.0317853652310881,0.18293295064071968
additive,5,xgb,32,support_query,8,0.17876600970854561,0.3189716764602758,-0.14887117139873374,-0.008665504647003552,-0.14020566675173018,0.32763718110727935
additive,6,xgb,32,support_query,0,0.0,0.0,-0.015244779861806723,-0.015244779861806723,0.0,0.015244779861806723
additive,6,xgb,32,support_query,2,0.1969035079893765,0.0,0.18165872812756978,-0.015244779861806723,0.1969035079893765,0.015244779861806723
additive,6,xgb,32,support_query,4,0.25424816963371577,-0.0005243542374260279,0.23952774400933508,-0.015244779861806723,0.2547725238711418,0.014720425624380695
additive,6,xgb,32,support_query,6,0.2186645880048802,-0.0005243542374260279,0.2039441623804995,-0.015244779861806723,0.21918894224230623,0.014720425624380695
additive,6,xgb,32,support_query,8,0.25200555678333836,0.07186472392019072,0.16489605300134091,-0.015244779861806723,0.18014083286314764,0.08710950378199744
additive,7,xgb,32,support_query,0,0.0,0.0,-0.02870277669992305,-0.02870277669992305,0.0,0.02870277669992305
additive,7,xgb,32,support_query,2,0.16619332380824914,0.08086732492935877,0.056623222178967314,-0.02870277669992305,0.08532599887889036,0.10957010162928182
additive,7,xgb,32,support_query,4,0.27003255882496424,0.27687384124965997,-0.035544059124618776,-0.02870277669992305,-0.006841282424695727,0.305576617949583
additive,7,xgb,32,support_query,6,0.23515070933011406,0.27569987781703975,-0.06925194518684874,-0.02870277669992305,-0.04054916848692569,0.3044026545169628
additive,7,xgb,32,support_query,8,0.34264394606567905,0.3056893011820009,0.008251868183755118,-0.02870277669992305,0.03695464488367817,0.33439207788192393
additive,8,xgb,32,support_query,0,0.0,0.0,-0.010761670985162008,-0.010761670985162008,0.0,0.010761670985162008
additive,8,xgb,32,support_query,2,0.04228133049505456,0.0,0.03151965950989255,-0.010761670985162008,0.04228133049505456,0.010761670985162008
additive,8,xgb,32,support_query,4,0.07943265259158272,0.3079163093921471,-0.23924532778572638,-0.010761670985162008,-0.22848365680056437,0.3186779803773091
additive,8,xgb,32,support_query,6,0.2052933450616613,0.6506938239585314,-0.4561621498820321,-0.010761670985162008,-0.44540047889687007,0.6614554949436934
additive,8,xgb,32,support_query,8,0.23201964864080693,0.6506938239585314,-0.42943584630288645,-0.010761670985162008,-0.41867417531772444,0.6614554949436934
additive,9,xgb,32,support_query,0,0.0,0.0,0.005504306131774106,0.005504306131774106,0.0,-0.005504306131774106
additive,9,xgb,32,support_query,2,0.13223630734583625,0.1387334429220396,-0.000992829444429244,0.005504306131774106,-0.00649713557620335,0.1332291367902655
additive,9,xgb,32,support_query,4,0.17044952777239586,0.1387334429220396,0.03722039098213037,0.005504306131774106,0.03171608485035626,0.1332291367902655
additive,9,xgb,32,support_query,6,0.17193362328022954,0.26603421781819514,-0.08859628840619149,0.005504306131774106,-0.0941005945379656,0.26052991168642103
additive,9,xgb,32,support_query,8,0.16882067683170265,0.29312497928644055,-0.11879999632296379,0.005504306131774106,-0.12430430245473789,0.28762067315466644
additive,10,xgb,32,support_query,0,0.0,0.0,0.0041505620148580835,0.0041505620148580835,0.0,-0.0041505620148580835
additive,10,xgb,32,support_query,2,0.02325874391591154,0.002541409863198507,0.024867896067571116,0.0041505620148580835,0.020717334052713032,-0.0016091521516595764
additive,10,xgb,32,support_query,4,0.090782455061442,0.002541409863198507,0.09239160721310158,0.0041505620148580835,0.0882410451982435,-0.0016091521516595764
additive,10,xgb,32,support_query,6,0.23093693883768718,0.16937766545084465,0.06570983540170061,0.0041505620148580835,0.06155927338684253,0.16522710343598657
additive,10,xgb,32,support_query,8,0.2964670229641265,0.5306535304356563,-0.23003594545667172,0.0041505620148580835,-0.2341865074715298,0.5265029684207982
additive,11,xgb,32,support_query,0,0.0,0.0,-0.018887481047535237,-0.018887481047535237,0.0,0.018887481047535237
additive,11,xgb,32,support_query,2,0.09749639614881711,0.0,0.07860891510128187,-0.018887481047535237,0.09749639614881711,0.018887481047535237
additive,11,xgb,32,support_query,4,0.18397144024583645,0.0,0.1650839591983012,-0.018887481047535237,0.18397144024583645,0.018887481047535237
additive,11,xgb,32,support_query,6,0.17207343796407637,0.0,0.15318595691654113,-0.018887481047535237,0.17207343796407637,0.018887481047535237
additive,11,xgb,32,support_query,8,0.288586867277013,0.09761602068705366,0.1720833655424241,-0.018887481047535237,0.19097084658995933,0.1165035017345889
additive,12,xgb,32,support_query,0,0.0,0.0,-0.0811769995295607,-0.0811769995295607,0.0,0.0811769995295607
additive,12,xgb,32,support_query,2,0.1007291264230118,0.0,0.019552126893451094,-0.0811769995295607,0.1007291264230118,0.0811769995295607
additive,12,xgb,32,support_query,4,0.11785214596942262,0.005757093427773086,0.03091805301208883,-0.0811769995295607,0.11209505254164953,0.08693409295733379
additive,12,xgb,32,support_query,6,0.14685881141364265,0.06480082843770374,0.000880983446378214,-0.0811769995295607,0.08205798297593891,0.14597782796726444
additive,12,xgb,32,support_query,8,0.28553350185089077,0.30666794376805095,-0.10231144144672089,-0.0811769995295607,-0.021134441917160185,0.38784494329761166
additive,13,xgb,32,support_query,0,0.0,0.0,-0.01608403712006312,-0.01608403712006312,0.0,0.01608403712006312
additive,13,xgb,32,support_query,2,0.13256864000917978,0.0,0.11648460288911666,-0.01608403712006312,0.13256864000917978,0.01608403712006312
additive,13,xgb,32,support_query,4,0.11790189861323219,0.0012614064342822973,0.10055645505888677,-0.01608403712006312,0.1166404921789499,0.01734544355434542
additive,13,xgb,32,support_query,6,0.3666705359601986,0.0012614064342822973,0.3493250924058532,-0.01608403712006312,0.3654091295259163,0.01734544355434542
additive,13,xgb,32,support_query,8,0.3625819394340549,0.07200969001826318,0.2744882122957286,-0.01608403712006312,0.29057224941579174,0.0880937271383263
additive,14,xgb,32,support_query,0,0.0,0.0,-0.05939105980197934,-0.05939105980197934,0.0,0.05939105980197934
additive,14,xgb,32,support_query,2,0.22617371084451443,0.23593862852388348,-0.06915597748134839,-0.05939105980197934,-0.009764917679369045,0.2953296883258628
additive,14,xgb,32,support_query,4,0.3367414324574549,0.23593862852388348,0.0414117441315921,-0.05939105980197934,0.10080280393357144,0.2953296883258628
additive,14,xgb,32,support_query,6,0.43911571451254927,0.25124622727281176,0.12847842743775817,-0.05939105980197934,0.1878694872397375,0.3106372870747911
additive,14,xgb,32,support_query,8,0.36116304658054177,0.25124622727281176,0.05052575950575067,-0.05939105980197934,0.10991681930773001,0.3106372870747911
additive,15,xgb,32,support_query,0,0.0,0.0,-0.01103760882719551,-0.01103760882719551,0.0,0.01103760882719551
additive,15,xgb,32,support_query,2,0.11382413138418523,0.0,0.10278652255698972,-0.01103760882719551,0.11382413138418523,0.01103760882719551
additive,15,xgb,32,support_query,4,0.23420935829654121,0.18658960741617014,0.03658214205317556,-0.01103760882719551,0.04761975088037107,0.19762721624336566
additive,15,xgb,32,support_query,6,0.27298480112788803,0.2543004906524481,0.007646701648244436,-0.01103760882719551,0.018684310475439947,0.2653380994796436
additive,15,xgb,32,support_query,8,0.2922702733210818,0.2543004906524481,0.0269321738414382,-0.01103760882719551,0.03796978266863371,0.2653380994796436
additive,16,xgb,32,support_query,0,0.0,0.0,-0.0013952202568375816,-0.0013952202568375816,0.0,0.0013952202568375816
additive,16,xgb,32,support_query,2,0.01918304521003167,0.0,0.017787824953194087,-0.0013952202568375816,0.01918304521003167,0.0013952202568375816
additive,16,xgb,32,support_query,4,0.09346513569351156,0.0,0.09206991543667398,-0.0013952202568375816,0.09346513569351156,0.0013952202568375816
additive,16,xgb,32,support_query,6,0.12347894989383801,0.005693716042950436,0.11639001359404999,-0.0013952202568375816,0.11778523385088757,0.007088936299788018
additive,16,xgb,32,support_query,8,0.2285632418244149,0.005693716042950436,0.22147430552462688,-0.0013952202568375816,0.22286952578146446,0.007088936299788018
additive,17,xgb,32,support_query,0,0.0,0.0,-0.02864009044148308,-0.02864009044148308,0.0,0.02864009044148308
additive,17,xgb,32,support_query,2,0.1575960188616503,0.1954672838503866,-0.06651135543021935,-0.02864009044148308,-0.037871264988736275,0.22410737429186967
additive,17,xgb,32,support_query,4,0.27609892256998436,0.1902697703858257,0.05718906174267557,-0.02864009044148308,0.08582915218415865,0.2189098608273088
additive,17,xgb,32,support_query,6,0.1992256313500801,0.1902697703858257,-0.0196842294772287,-0.02864009044148308,0.00895586096425438,0.2189098608273088
additive,17,xgb,32,support_query,8,0.3224611397696354,0.3808410378233784,-0.08701998849522607,-0.02864009044148308,-0.058379898053742996,0.4094811282648615
additive,18,xgb,32,support_query,0,0.0,0.0,0.00032844388531150237,0.00032844388531150237,0.0,-0.00032844388531150237
additive,18,xgb,32,support_query,2,0.29994906659952225,0.0,0.30027751048483375,0.00032844388531150237,0.29994906659952225,-0.00032844388531150237
additive,18,xgb,32,support_query,4,0.3780574124888362,0.32049346029248105,0.05789239608166663,0.00032844388531150237,0.05756395219635513,0.32016501640716954
additive,18,xgb,32,support_query,6,0.37077189048596704,0.29412018853206867,0.07698014583920987,0.00032844388531150237,0.07665170195389837,0.29379174464675717
additive,18,xgb,32,support_query,8,0.4070857598961607,0.4914922778138896,-0.0840780740324174,0.00032844388531150237,-0.08440651791772891,0.4911638339285781
additive,19,xgb,32,support_query,0,0.0,0.0,-0.007364716633746604,-0.007364716633746604,0.0,0.007364716633746604
additive,19,xgb,32,support_query,2,9.629891612628061e-05,0.00024568926900747634,-0.0075141069866278,-0.007364716633746604,-0.00014939035288119573,0.0076104059027540805
additive,19,xgb,32,support_query,4,0.09139987103062586,0.00024568926900747634,0.08378946512787178,-0.007364716633746604,0.09115418176161838,0.0076104059027540805
additive,19,xgb,32,support_query,6,0.06099373354115778,0.00024568926900747634,0.0533833276384037,-0.007364716633746604,0.0607480442721503,0.0076104059027540805
additive,19,xgb,32,support_query,8,0.15916797285868933,0.00024568926900747634,0.15155756695593525,-0.007364716633746604,0.15892228358968186,0.0076104059027540805
pairwise,0,xgb,32,support_query,0,0.0,0.0,-0.014020927934361382,-0.014020927934361382,0.0,0.014020927934361382
pairwise,0,xgb,32,support_query,2,0.046939104845141744,0.0,0.03291817691078036,-0.014020927934361382,0.046939104845141744,0.014020927934361382
pairwise,0,xgb,32,support_query,4,0.0777997655628141,0.0,0.06377883762845271,-0.014020927934361382,0.0777997655628141,0.014020927934361382
pairwise,0,xgb,32,support_query,6,0.22965134047128866,0.0,0.21563041253692727,-0.014020927934361382,0.22965134047128866,0.014020927934361382
pairwise,0,xgb,32,support_query,8,0.2837907078107603,0.08308788280506474,0.1866818970713342,-0.014020927934361382,0.20070282500569558,0.09710881073942612
pairwise,1,xgb,32,support_query,0,0.0,0.0,-0.0192443671643574,-0.0192443671643574,0.0,0.0192443671643574
pairwise,1,xgb,32,support_query,2,0.03406804454837031,0.0,0.014823677384012912,-0.0192443671643574,0.03406804454837031,0.0192443671643574
pairwise,1,xgb,32,support_query,4,0.060440843247757225,0.0010617622185529196,0.040134713864846905,-0.0192443671643574,0.059379081029204306,0.02030612938291032
pairwise,1,xgb,32,support_query,6,0.09772263574547635,0.0010617622185529196,0.07741650636256603,-0.0192443671643574,0.09666087352692343,0.02030612938291032
pairwise,1,xgb,32,support_query,8,0.18413606321485365,0.12766417829593113,0.03722751775456512,-0.0192443671643574,0.05647188491892252,0.14690854546028853
pairwise,2,xgb,32,support_query,0,0.0,0.0,-0.026250184859274994,-0.026250184859274994,0.0,0.026250184859274994
pairwise,2,xgb,32,support_query,2,0.009319446724778468,0.0,-0.016930738134496526,-0.026250184859274994,0.009319446724778468,0.026250184859274994
pairwise,2,xgb,32,support_query,4,0.22168124579622073,0.0,0.19543106093694573,-0.026250184859274994,0.22168124579622073,0.026250184859274994
pairwise,2,xgb,32,support_query,6,0.35852626503201834,0.06421777909787252,0.26805830107487083,-0.026250184859274994,0.2943084859341458,0.09046796395714751
pairwise,2,xgb,32,support_query,8,0.48669587836297257,0.06421777909787252,0.39622791440582505,-0.026250184859274994,0.42247809926510005,0.09046796395714751
pairwise,3,xgb,32,support_query,0,0.0,0.0,-0.0002763321522630813,-0.0002763321522630813,0.0,0.0002763321522630813
pairwise,3,xgb,32,support_query,2,0.017111889009096215,0.0,0.016835556856833134,-0.0002763321522630813,0.017111889009096215,0.0002763321522630813
pairwise,3,xgb,32,support_query,4,0.028613049416685632,0.0,0.02833671726442255,-0.0002763321522630813,0.028613049416685632,0.0002763321522630813
pairwise,3,xgb,32,support_query,6,0.06655379323317956,0.1608535886615382,-0.09457612758062173,-0.0002763321522630813,-0.09429979542835865,0.1611299208138013
pairwise,3,xgb,32,support_query,8,0.24592247417157553,0.5482854764907447,-0.3026393344714322,-0.0002763321522630813,-0.3023630023191691,0.5485618086430077
pairwise,4,xgb,32,support_query,0,0.0,0.0,-0.009388440121305464,-0.009388440121305464,0.0,0.009388440121305464
pairwise,4,xgb,32,support_query,2,0.21455032259593654,0.11723569982383297,0.0879261826507981,-0.009388440121305464,0.09731462277210357,0.12662413994513844
pairwise,4,xgb,32,support_query,4,0.2870113255690996,0.3172729484990787,-0.0396500630512846,-0.009388440121305464,-0.030261622929979137,0.3266613886203842
pairwise,4,xgb,32,support_query,6,0.3163900613426296,0.32320499483054854,-0.016203373609224414,-0.009388440121305464,-0.0068149334879189505,0.332593434951854
pairwise,4,xgb,32,support_query,8,0.3004268915856676,0.32320499483054854,-0.032166543366186406,-0.009388440121305464,-0.022778103244880943,0.332593434951854
pairwise,5,xgb,32,support_query,0,0.0,0.0,0.011062480639135397,0.011062480639135397,0.0,-0.011062480639135397
pairwise,5,xgb,32,support_query,2,0.05726916219894429,0.15527732211971945,-0.08694567928163977,0.011062480639135397,-0.09800815992077516,0.14421484148058406
pairwise,5,xgb,32,support_query,4,0.10078738992366976,0.15527732211971945,-0.0434274515569143,0.011062480639135397,-0.054489932196049695,0.14421484148058406
pairwise,5,xgb,32,support_query,6,0.11277434761937088,0.15527732211971945,-0.03144049386121317,0.011062480639135397,-0.04250297450034857,0.14421484148058406
pairwise,5,xgb,32,support_query,8,0.129552601590883,0.15527732211971945,-0.014662239889701056,0.011062480639135397,-0.025724720528836453,0.14421484148058406
pairwise,6,xgb,32,support_query,0,0.0,0.0,-0.03322671229332552,-0.03322671229332552,0.0,0.03322671229332552
pairwise,6,xgb,32,support_query,2,0.037575390602921255,0.10728216253031508,-0.10293348422071935,-0.03322671229332552,-0.06970677192739383,0.1405088748236406
pairwise,6,xgb,32,support_query,4,0.14080755962124702,0.3323573094485174,-0.22477646212059588,-0.03322671229332552,-0.19154974982727035,0.3655840217418429
pairwise,6,xgb,32,support_query,6,0.12816284225568841,0.33917281720084336,-0.24423668723848047,-0.03322671229332552,-0.21100997494515494,0.3723995294941689
pairwise,6,xgb,32,support_query,8,0.25482174372926225,0.33917281720084336,-0.11757778576490663,-0.03322671229332552,-0.0843510734715811,0.3723995294941689
pairwise,7,xgb,32,support_query,0,0.0,0.0,-0.057730225986939665,-0.057730225986939665,0.0,0.057730225986939665
pairwise,7,xgb,32,support_query,2,0.18132824703541073,0.19306049304673734,-0.06946247199826627,-0.057730225986939665,-0.011732246011326608,0.250790719033677
pairwise,7,xgb,32,support_query,4,0.22654648700330215,0.19306049304673734,-0.024244232030374846,-0.057730225986939665,0.03348599395656482,0.250790719033677
pairwise,7,xgb,32,support_query,6,0.4815297109222977,0.19306049304673734,0.23073899188862068,-0.057730225986939665,0.28846921787556035,0.250790719033677
pairwise,7,xgb,32,support_query,8,0.5035056020689926,0.18568515103405803,0.26009022504799495,-0.057730225986939665,0.3178204510349346,0.2434153770209977
pairwise,8,xgb,32,support_query,0,0.0,0.0,-0.05404506997714331,-0.05404506997714331,0.0,0.05404506997714331
pairwise,8,xgb,32,support_query,2,0.06442547621577521,0.0,0.0103804062386319,-0.05404506997714331,0.06442547621577521,0.05404506997714331
pairwise,8,xgb,32,support_query,4,0.14771010623703007,0.0,0.09366503625988676,-0.05404506997714331,0.14771010623703007,0.05404506997714331
pairwise,8,xgb,32,support_query,6,0.14958184197242186,0.0,0.09553677199527855,-0.05404506997714331,0.14958184197242186,0.05404506997714331
pairwise,8,xgb,32,support_query,8,0.20504064668989097,0.0,0.15099557671274766,-0.05404506997714331,0.20504064668989097,0.05404506997714331
pairwise,9,xgb,32,support_query,0,0.0,0.0,-0.011987604525450779,-0.011987604525450779,0.0,0.011987604525450779
pairwise,9,xgb,32,support_query,2,0.023124285203141692,0.0,0.011136680677690913,-0.011987604525450779,0.023124285203141692,0.011987604525450779
pairwise,9,xgb,32,support_query,4,0.1282536066689125,0.010802896080817526,0.1054631060626442,-0.011987604525450779,0.11745071058809498,0.022790500606268305
pairwise,9,xgb,32,support_query,6,0.13244806878519977,0.010802896080817526,0.10965756817893146,-0.011987604525450779,0.12164517270438224,0.022790500606268305
pairwise,9,xgb,32,support_query,8,0.2440846042090976,0.18780289445771203,0.0442941052259348,-0.011987604525450779,0.05628170975138558,0.1997904989831628
pairwise,10,xgb,32,support_query,0,0.0,0.0,-0.04487607204398336,-0.04487607204398336,0.0,0.04487607204398336
pairwise,10,xgb,32,support_query,2,0.10768611409746798,0.16759199156911908,-0.10478194951563446,-0.04487607204398336,-0.0599058774716511,0.21246806361310244
pairwise,10,xgb,32,support_query,4,0.09636885147032359,0.17371792210645498,-0.12222514268011475,-0.04487607204398336,-0.07734907063613139,0.21859399415043834
pairwise,10,xgb,32,support_query,6,0.05798341832202669,0.17371792210645498,-0.16061057582841165,-0.04487607204398336,-0.11573450378442829,0.21859399415043834
pairwise,10,xgb,32,support_query,8,0.16493918263459084,0.35501953352922333,-0.23495642293861585,-0.04487607204398336,-0.1900803508946325,0.3998956055732067
pairwise,11,xgb,32,support_query,0,0.0,0.0,-0.06859196649554744,-0.06859196649554744,0.0,0.06859196649554744
pairwise,11,xgb,32,support_query,2,0.18246233484447982,0.017119452145940794,0.09675091620299159,-0.06859196649554744,0.16534288269853903,0.08571141864148824
pairwise,11,xgb,32,support_query,4,0.23423287080354904,0.017119452145940794,0.1485214521620608,-0.06859196649554744,0.21711341865760825,0.08571141864148824
pairwise,11,xgb,32,support_query,6,0.3099865879859113,0.017119452145940794,0.22427516934442304,-0.06859196649554744,0.2928671358399705,0.08571141864148824
pairwise,11,xgb,32,support_query,8,0.3721293257213505,0.019958373620235892,0.28357898560556716,-0.06859196649554744,0.3521709521011146,0.08855034011578333
pairwise,12,xgb,32,support_query,0,0.0,0.0,-0.04168723644900496,-0.04168723644900496,0.0,0.04168723644900496
pairwise,12,xgb,32,support_query,2,0.044395793159480834,0.0020898001948044254,0.0006187565156714481,-0.04168723644900496,0.04230599296467641,0.043777036643809386
pairwise,12,xgb,32,support_query,4,0.13841041048818992,0.16109264001541124,-0.06436946597622628,-0.04168723644900496,-0.02268222952722132,0.2027798764644162
pairwise,12,xgb,32,support_query,6,0.27624483580215964,0.2138858530202079,0.020671746332946772,-0.04168723644900496,0.06235898278195173,0.25557308946921287
pairwise,12,xgb,32,support_query,8,0.31513730586906763,0.2138858530202079,0.059564216399854764,-0.04168723644900496,0.10125145284885972,0.25557308946921287
pairwise,13,xgb,32,support_query,0,0.0,0.0,-0.0025276557433610014,-0.0025276557433610014,0.0,0.0025276557433610014
pairwise,13,xgb,32,support_query,2,0.10945404249292845,0.0,0.10692638674956745,-0.0025276557433610014,0.10945404249292845,0.0025276557433610014
pairwise,13,xgb,32,support_query,4,0.07479657917342242,0.0,0.07226892343006142,-0.0025276557433610014,0.07479657917342242,0.0025276557433610014
pairwise,13,xgb,32,support_query,6,0.04371355267857979,-0.006532596907699917,0.04771849384291871,-0.0025276557433610014,0.05024614958627971,-0.0040049411643389154
pairwise,13,xgb,32,support_query,8,0.08882608371290734,-0.006532596907699917,0.09283102487724626,-0.0025276557433610014,0.09535868062060726,-0.0040049411643389154
pairwise,14,xgb,32,support_query,0,0.0,0.0,-0.020551859694438623,-0.020551859694438623,0.0,0.020551859694438623
pairwise,14,xgb,32,support_query,2,0.04111182915157874,0.0,0.020559969457140115,-0.020551859694438623,0.04111182915157874,0.020551859694438623
pairwise,14,xgb,32,support_query,4,0.08859845608881722,0.0,0.0680465963943786,-0.020551859694438623,0.08859845608881722,0.020551859694438623
pairwise,14,xgb,32,support_query,6,0.14213505552104444,0.0,0.12158319582660582,-0.020551859694438623,0.14213505552104444,0.020551859694438623
pairwise,14,xgb,32,support_query,8,0.20722309112124782,0.0,0.1866712314268092,-0.020551859694438623,0.20722309112124782,0.020551859694438623
pairwise,15,xgb,32,support_query,0,0.0,0.0,0.007106130090497986,0.007106130090497986,0.0,-0.007106130090497986
pairwise,15,xgb,32,support_query,2,0.16904148118278362,0.17232948247907975,0.003818128794201847,0.007106130090497986,-0.003288001296296139,0.16522335238858177
pairwise,15,xgb,32,support_query,4,0.4521803331525577,0.4974844157425379,-0.03819795249948221,0.007106130090497986,-0.0453040825899802,0.4903782856520399
pairwise,15,xgb,32,support_query,6,0.42137336199898245,0.4974844157425379,-0.06900492365305744,0.007106130090497986,-0.07611105374355542,0.4903782856520399
pairwise,15,xgb,32,support_query,8,0.36573413727128246,0.4974844157425379,-0.12464414838075744,0.007106130090497986,-0.13175027847125542,0.4903782856520399
pairwise,16,xgb,32,support_query,0,0.0,0.0,-0.018856088364582746,-0.018856088364582746,0.0,0.018856088364582746
pairwise,16,xgb,32,support_query,2,0.05910146506056069,-0.0033362523655591225,0.043581629061537064,-0.018856088364582746,0.06243771742611981,0.015519835999023623
pairwise,16,xgb,32,support_query,4,0.0973962783448894,-0.0033362523655591225,0.08187644234586577,-0.018856088364582746,0.10073253071044852,0.015519835999023623
pairwise,16,xgb,32,support_query,6,0.14559150892548411,-0.0033362523655591225,0.1300716729264605,-0.018856088364582746,0.14892776129104324,0.015519835999023623
pairwise,16,xgb,32,support_query,8,0.15828707304482703,0.00638582694734513,0.13304515773289916,-0.018856088364582746,0.1519012460974819,0.025241915311927876
pairwise,17,xgb,32,support_query,0,0.0,0.0,-0.053521619997666026,-0.053521619997666026,0.0,0.053521619997666026
pairwise,17,xgb,32,support_query,2,0.08096915125176496,0.0,0.027447531254098934,-0.053521619997666026,0.08096915125176496,0.053521619997666026
pairwise,17,xgb,32,support_query,4,0.27490520401652585,0.0,0.22138358401885982,-0.053521619997666026,0.27490520401652585,0.053521619997666026
pairwise,17,xgb,32,support_query,6,0.33204937908215704,-0.002472328710930727,0.28100008779542174,-0.053521619997666026,0.33452170779308776,0.0510492912867353
pairwise,17,xgb,32,support_query,8,0.43197063585505835,0.18992192029721222,0.1885270955601801,-0.053521619997666026,0.24204871555784613,0.24344354029487825
pairwise,18,xgb,32,support_query,0,0.0,0.0,0.004882392300999627,0.004882392300999627,0.0,-0.004882392300999627
pairwise,18,xgb,32,support_query,2,0.09268896512477653,0.05736203101787296,0.0402093264079032,0.004882392300999627,0.035326934106903574,0.052479638716873334
pairwise,18,xgb,32,support_query,4,0.0890734127222853,0.06727872017077363,0.0266770848525113,0.004882392300999627,0.021794692551511674,0.062396327869774004
pairwise,18,xgb,32,support_query,6,0.193909969742722,0.10768914744879476,0.09110321459492687,0.004882392300999627,0.08622082229392725,0.10280675514779514
pairwise,18,xgb,32,support_query,8,0.1536656680212377,0.10768914744879476,0.050858912873442574,0.004882392300999627,0.04597652057244295,0.10280675514779514
pairwise,19,xgb,32,support_query,0,0.0,0.0,-0.012003288741880724,-0.012003288741880724,0.0,0.012003288741880724
pairwise,19,xgb,32,support_query,2,0.05668002701394048,0.06634745673805709,-0.02167071846599733,-0.012003288741880724,-0.009667429724116605,0.07835074547993781
pairwise,19,xgb,32,support_query,4,0.05024705748523184,0.06634745673805709,-0.028103687994705973,-0.012003288741880724,-0.016100399252825248,0.07835074547993781
pairwise,19,xgb,32,support_query,6,0.07278904060137337,0.06634745673805709,-0.005561704878564444,-0.012003288741880724,0.00644158386331628,0.07835074547993781
pairwise,19,xgb,32,support_query,8,0.0920180089332705,0.06634745673805709,0.01366726345333269,-0.012003288741880724,0.025670552195213414,0.07835074547993781
sparse,0,xgb,32,support_query,0,0.0,0.0,-0.02550897654657125,-0.02550897654657125,0.0,0.02550897654657125
sparse,0,xgb,32,support_query,2,0.06635846249445065,0.0,0.040849485947879405,-0.02550897654657125,0.06635846249445065,0.02550897654657125
sparse,0,xgb,32,support_query,4,0.0484639014042908,0.00047819820224992426,0.022476726655469625,-0.02550897654657125,0.047985703202040875,0.025987174748821174
sparse,0,xgb,32,support_query,6,0.3362166939374275,0.48139267855756473,-0.1706849611667085,-0.02550897654657125,-0.14517598462013726,0.506901655104136
sparse,0,xgb,32,support_query,8,0.3790157435651963,0.48139267855756473,-0.1278859115389397,-0.02550897654657125,-0.10237693499236844,0.506901655104136
sparse,1,xgb,32,support_query,0,0.0,0.0,-0.07736300406722663,-0.07736300406722663,0.0,0.07736300406722663
sparse,1,xgb,32,support_query,2,0.35724270327882335,0.0,0.2798796992115967,-0.07736300406722663,0.35724270327882335,0.07736300406722663
sparse,1,xgb,32,support_query,4,0.26201511447854675,0.0,0.18465211041132013,-0.07736300406722663,0.26201511447854675,0.07736300406722663
sparse,1,xgb,32,support_query,6,0.1971051437164253,0.0,0.11974213964919866,-0.07736300406722663,0.1971051437164253,0.07736300406722663
sparse,1,xgb,32,support_query,8,0.524780455932922,0.18087724637869795,0.2665402054869974,-0.07736300406722663,0.34390320955422404,0.2582402504459246
sparse,2,xgb,32,support_query,0,0.0,0.0,0.008137769593351774,0.008137769593351774,0.0,-0.008137769593351774
sparse,2,xgb,32,support_query,2,0.0020746803267890357,0.0,0.01021244992014081,0.008137769593351774,0.0020746803267890357,-0.008137769593351774
sparse,2,xgb,32,support_query,4,0.0086124484106056,0.04616484230056683,-0.02941462429660946,0.008137769593351774,-0.03755239388996123,0.03802707270721506
sparse,2,xgb,32,support_query,6,0.09084610254430969,0.04616484230056683,0.05281902983709463,0.008137769593351774,0.04468126024374286,0.03802707270721506
sparse,2,xgb,32,support_query,8,0.11789442426215735,0.04616484230056683,0.07986735155494229,0.008137769593351774,0.07172958196159052,0.03802707270721506
sparse,3,xgb,32,support_query,0,0.0,0.0,-0.023555397268224643,-0.023555397268224643,0.0,0.023555397268224643
sparse,3,xgb,32,support_query,2,0.009279601761831846,0.0,-0.014275795506392797,-0.023555397268224643,0.009279601761831846,0.023555397268224643
sparse,3,xgb,32,support_query,4,0.06092149368808275,0.0,0.03736609641985811,-0.023555397268224643,0.06092149368808275,0.023555397268224643
sparse,3,xgb,32,support_query,6,0.061051539308968006,0.0,0.03749614204074336,-0.023555397268224643,0.061051539308968006,0.023555397268224643
sparse,3,xgb,32,support_query,8,0.13135276043120958,0.0,0.10779736316298494,-0.023555397268224643,0.13135276043120958,0.023555397268224643
sparse,4,xgb,32,support_query,0,0.0,0.0,-0.10738673080841266,-0.10738673080841266,0.0,0.10738673080841266
sparse,4,xgb,32,support_query,2,0.2471920236890457,0.09165214569635749,0.048153147184275547,-0.10738673080841266,0.1555398779926882,0.19903887650477015
sparse,4,xgb,32,support_query,4,0.30776737747043226,0.08190406615016188,0.11847658051185772,-0.10738673080841266,0.22586331132027038,0.18929079695857454
sparse,4,xgb,32,support_query,6,0.24304615954833242,0.0747357454473202,0.06092368329259956,-0.10738673080841266,0.16831041410101222,0.18212247625573286
sparse,4,xgb,32,support_query,8,0.4343525048344129,0.0747357454473202,0.25223002857868004,-0.10738673080841266,0.3596167593870927,0.18212247625573286
sparse,5,xgb,32,support_query,0,0.0,0.0,-0.0189703988720763,-0.0189703988720763,0.0,0.0189703988720763
sparse,5,xgb,32,support_query,2,0.154979861502324,0.025074637631642194,0.11093482499860552,-0.0189703988720763,0.12990522387068182,0.04404503650371849
sparse,5,xgb,32,support_query,4,0.10383009014688238,0.01844542110707681,0.06641427016772927,-0.0189703988720763,0.08538466903980557,0.03741581997915311
sparse,5,xgb,32,support_query,6,0.15772457714227406,0.14895970508411815,-0.010205526813920396,-0.0189703988720763,0.008764872058155904,0.16793010395619445
sparse,5,xgb,32,support_query,8,0.1948494622468484,0.23733756159765818,-0.06145849822288607,-0.0189703988720763,-0.04248809935080977,0.2563079604697345
sparse,6,xgb,32,support_query,0,0.0,0.0,-0.004033663675905519,-0.004033663675905519,0.0,0.004033663675905519
sparse,6,xgb,32,support_query,2,0.003312289739621055,0.0,-0.000721373936284464,-0.004033663675905519,0.003312289739621055,0.004033663675905519
sparse,6,xgb,32,support_query,4,0.019543472050338462,0.0,0.015509808374432943,-0.004033663675905519,0.019543472050338462,0.004033663675905519
sparse,6,xgb,32,support_query,6,0.14108921574317834,-0.00254589619298895,0.13960144826026177,-0.004033663675905519,0.1436351119361673,0.0014877674829165688
sparse,6,xgb,32,support_query,8,0.10657085948009892,-0.00254589619298895,0.10508309199718235,-0.004033663675905519,0.10911675567308787,0.0014877674829165688
sparse,7,xgb,32,support_query,0,0.0,0.0,-0.023537058509112474,-0.023537058509112474,0.0,0.023537058509112474
sparse,7,xgb,32,support_query,2,0.16012325405811445,0.14288227511826945,-0.0062960795692674765,-0.023537058509112474,0.017240978939844998,0.16641933362738193
sparse,7,xgb,32,support_query,4,0.20722809769722428,0.15274280897025705,0.030948230217854755,-0.023537058509112474,0.05448528872696723,0.17627986747936952
sparse,7,xgb,32,support_query,6,0.21688485014242653,0.31458038672247324,-0.12123259508915918,-0.023537058509112474,-0.0976955365800467,0.3381174452315857
sparse,7,xgb,32,support_query,8,0.15768723659295103,0.31458038672247324,-0.18043020863863468,-0.023537058509112474,-0.1568931501295222,0.3381174452315857
sparse,8,xgb,32,support_query,0,0.0,0.0,-0.028635809828616354,-0.028635809828616354,0.0,0.028635809828616354
sparse,8,xgb,32,support_query,2,0.1681321578603694,0.0,0.13949634803175304,-0.028635809828616354,0.1681321578603694,0.028635809828616354
sparse,8,xgb,32,support_query,4,0.11564350140351021,0.0,0.08700769157489385,-0.028635809828616354,0.11564350140351021,0.028635809828616354
sparse,8,xgb,32,support_query,6,0.07082636946855914,0.007519901625415604,0.03467065801452718,-0.028635809828616354,0.06330646784314353,0.03615571145403196
sparse,8,xgb,32,support_query,8,0.15957970429298618,0.007519901625415604,0.12342399283895422,-0.028635809828616354,0.15205980266757058,0.03615571145403196
sparse,9,xgb,32,support_query,0,0.0,0.0,-0.05124480486722749,-0.05124480486722749,0.0,0.05124480486722749
sparse,9,xgb,32,support_query,2,0.10429800010844714,0.0,0.05305319524121965,-0.05124480486722749,0.10429800010844714,0.05124480486722749
sparse,9,xgb,32,support_query,4,0.09374422012089978,0.0,0.04249941525367229,-0.05124480486722749,0.09374422012089978,0.05124480486722749
sparse,9,xgb,32,support_query,6,0.15708268120843016,0.0,0.10583787634120267,-0.05124480486722749,0.15708268120843016,0.05124480486722749
sparse,9,xgb,32,support_query,8,0.15231230811771346,0.0008956726291965422,0.10017183062128943,-0.05124480486722749,0.15141663548851692,0.05214047749642403
sparse,10,xgb,32,support_query,0,0.0,0.0,-0.008671302241519019,-0.008671302241519019,0.0,0.008671302241519019
sparse,10,xgb,32,support_query,2,0.0430627430076258,0.0,0.034391440766106784,-0.008671302241519019,0.0430627430076258,0.008671302241519019
sparse,10,xgb,32,support_query,4,0.2076631117878599,0.22602290876690379,-0.027031099220562904,-0.008671302241519019,-0.018359796979043885,0.2346942110084228
sparse,10,xgb,32,support_query,6,0.15250353599025823,0.4537530868497016,-0.3099208531009624,-0.008671302241519019,-0.3012495508594434,0.46242438909122063
sparse,10,xgb,32,support_query,8,0.274207752677858,0.4537530868497016,-0.18821663641336261,-0.008671302241519019,-0.1795453341718436,0.46242438909122063
sparse,11,xgb,32,support_query,0,0.0,0.0,0.013696655228210508,0.013696655228210508,0.0,-0.013696655228210508
sparse,11,xgb,32,support_query,2,0.2210126302434724,0.0,0.2347092854716829,0.013696655228210508,0.2210126302434724,-0.013696655228210508
sparse,11,xgb,32,support_query,4,0.2028097425004709,-0.0032433393238608943,0.2197497370525423,0.013696655228210508,0.2060530818243318,-0.016939994552071402
sparse,11,xgb,32,support_query,6,0.18048250991373438,-0.005266877172307116,0.199446042314252,0.013696655228210508,0.1857493870860415,-0.018963532400517624
sparse,11,xgb,32,support_query,8,0.11162542610604842,-0.0032574968313614505,0.12857957816562038,0.013696655228210508,0.11488292293740987,-0.01695415205957196
sparse,12,xgb,32,support_query,0,0.0,0.0,0.005516563315218326,0.005516563315218326,0.0,-0.005516563315218326
sparse,12,xgb,32,support_query,2,0.010002582951290528,0.0,0.015519146266508854,0.005516563315218326,0.010002582951290528,-0.005516563315218326
sparse,12,xgb,32,support_query,4,0.34701878398824804,0.48080924902338806,-0.1282739017199217,0.005516563315218326,-0.13379046503514003,0.47529268570816974
sparse,12,xgb,32,support_query,6,0.3941673436978047,0.48179875246142656,-0.08211484544840353,0.005516563315218326,-0.08763140876362185,0.47628218914620823
sparse,12,xgb,32,support_query,8,0.39436758102040914,0.48179875246142656,-0.0819146081257991,0.005516563315218326,-0.08743117144101742,0.47628218914620823
sparse,13,xgb,32,support_query,0,0.0,0.0,-0.004431031620419024,-0.004431031620419024,0.0,0.004431031620419024
sparse,13,xgb,32,support_query,2,0.015935707549386557,0.0,0.011504675928967534,-0.004431031620419024,0.015935707549386557,0.004431031620419024
sparse,13,xgb,32,support_query,4,0.12247966431170199,0.0,0.11804863269128296,-0.004431031620419024,0.12247966431170199,0.004431031620419024
sparse,13,xgb,32,support_query,6,0.37097263531884284,0.20289532829103318,0.16364627540739063,-0.004431031620419024,0.16807730702780965,0.2073263599114522
sparse,13,xgb,32,support_query,8,0.38160825430900724,0.20289532829103318,0.17428189439755504,-0.004431031620419024,0.17871292601797406,0.2073263599114522
sparse,14,xgb,32,support_query,0,0.0,0.0,-0.03439784127340695,-0.03439784127340695,0.0,0.03439784127340695
sparse,14,xgb,32,support_query,2,0.018025174574270997,0.0,-0.01637266669913595,-0.03439784127340695,0.018025174574270997,0.03439784127340695
sparse,14,xgb,32,support_query,4,0.06141675485296183,0.0588829244652721,-0.03186401088571722,-0.03439784127340695,0.0025338303876897283,0.09328076573867905
sparse,14,xgb,32,support_query,6,0.4215672128979958,0.8153346431335019,-0.42816527150891304,-0.03439784127340695,-0.3937674302355061,0.8497324844069089
sparse,14,xgb,32,support_query,8,0.3914804605506773,0.8153346431335019,-0.45825202385623154,-0.03439784127340695,-0.4238541825828246,0.8497324844069089
sparse,15,xgb,32,support_query,0,0.0,0.0,-0.0021711311460832494,-0.0021711311460832494,0.0,0.0021711311460832494
sparse,15,xgb,32,support_query,2,0.02954612750549135,0.0175114094905664,0.0098635868688417,-0.0021711311460832494,0.01203471801492495,0.019682540636649648
sparse,15,xgb,32,support_query,4,0.07463886697279176,0.012417711661728226,0.06005002416498029,-0.0021711311460832494,0.062221155311063536,0.014588842807811475
sparse,15,xgb,32,support_query,6,0.4801878583630568,0.5202868827706901,-0.042270155553716604,-0.0021711311460832494,-0.040099024407633355,0.5224580139167734
sparse,15,xgb,32,support_query,8,0.4390821030435652,0.53572110081509,-0.09881012891760799,-0.0021711311460832494,-0.09663899777152474,0.5378922319611732
sparse,16,xgb,32,support_query,0,0.0,0.0,-0.025239737244281968,-0.025239737244281968,0.0,0.025239737244281968
sparse,16,xgb,32,support_query,2,0.052961742284363234,0.0,0.027722005040081266,-0.025239737244281968,0.052961742284363234,0.025239737244281968
sparse,16,xgb,32,support_query,4,0.20943749048465965,0.6526534942432766,-0.4684557410028989,-0.025239737244281968,-0.4432160037586169,0.6778932314875585
sparse,16,xgb,32,support_query,6,0.17665539310070322,0.6526534942432766,-0.5012378383868553,-0.025239737244281968,-0.47599810114257335,0.6778932314875585
sparse,16,xgb,32,support_query,8,0.21882965265998444,0.6526534942432766,-0.4590635788275741,-0.025239737244281968,-0.4338238415832921,0.6778932314875585
sparse,17,xgb,32,support_query,0,0.0,0.0,0.0008909822932239297,0.0008909822932239297,0.0,-0.0008909822932239297
sparse,17,xgb,32,support_query,2,0.09367318419408788,0.09125397126097512,0.0033101952263366874,0.0008909822932239297,0.0024192129331127576,0.09036298896775119
sparse,17,xgb,32,support_query,4,0.08714098994510244,0.09125397126097512,-0.003221999022648747,0.0008909822932239297,-0.004112981315872677,0.09036298896775119
sparse,17,xgb,32,support_query,6,0.07872784707165659,0.09125397126097512,-0.011635141896094603,0.0008909822932239297,-0.012526124189318533,0.09036298896775119
sparse,17,xgb,32,support_query,8,0.1378925843120985,0.08566906726321821,0.053114499342104216,0.0008909822932239297,0.052223517048880286,0.08477808496999428
sparse,18,xgb,32,support_query,0,0.0,0.0,-0.051546226681399854,-0.051546226681399854,0.0,0.051546226681399854
sparse,18,xgb,32,support_query,2,0.006645616975962998,0.0,-0.044900609705436856,-0.051546226681399854,0.006645616975962998,0.051546226681399854
sparse,18,xgb,32,support_query,4,0.13282641653805605,0.0,0.0812801898566562,-0.051546226681399854,0.13282641653805605,0.051546226681399854
sparse,18,xgb,32,support_query,6,0.2305513880965323,0.0,0.17900516141513245,-0.051546226681399854,0.2305513880965323,0.051546226681399854
sparse,18,xgb,32,support_query,8,0.2590804513734013,0.0,0.20753422469200145,-0.051546226681399854,0.2590804513734013,0.051546226681399854
sparse,19,xgb,32,support_query,0,0.0,0.0,-0.0012622778644562072,-0.0012622778644562072,0.0,0.0012622778644562072
sparse,19,xgb,32,support_query,2,0.009617170929012153,0.019075482137303035,-0.010720589072747089,-0.0012622778644562072,-0.009458311208290882,0.020337760001759242
sparse,19,xgb,32,support_query,4,0.07548889334062103,0.019075482137303035,0.05515113333886179,-0.0012622778644562072,0.056413411203318,0.020337760001759242
sparse,19,xgb,32,support_query,6,0.18870799939150507,0.019075482137303035,0.16837023938974582,-0.0012622778644562072,0.16963251725420203,0.020337760001759242
sparse,19,xgb,32,support_query,8,0.2250545993262939,0.019075482137303035,0.20471683932453466,-0.0012622778644562072,0.20597911718899087,0.020337760001759242
additive,0,xgb,512,support_only,0,0.0,0.0,-0.008004954713467294,-0.008004954713467294,0.0,0.008004954713467294
additive,0,xgb,512,support_only,2,-0.007834619403827459,0.009062716633581047,-0.0249022907508758,-0.008004954713467294,-0.016897336037408506,0.01706767134704834
additive,0,xgb,512,support_only,4,0.01242005972231175,-0.0005436448891865675,0.004958749898031023,-0.008004954713467294,0.012963704611498317,0.007461309824280726
additive,0,xgb,512,support_only,6,0.03398854595086309,0.0007973890320640553,0.025186202205331742,-0.008004954713467294,0.033191156918799036,0.008802343745531349
additive,0,xgb,512,support_only,8,0.0077453904374295,0.007231522809570401,-0.007491087085608195,-0.008004954713467294,0.0005138676278590992,0.015236477523037695
additive,1,xgb,512,support_only,0,0.0,0.0,-0.03422558141787302,-0.03422558141787302,0.0,0.03422558141787302
additive,1,xgb,512,support_only,2,0.0056244437799102265,-0.002090317728292157,-0.026510819909670635,-0.03422558141787302,0.0077147615082023835,0.03213526368958086
additive,1,xgb,512,support_only,4,0.03467984400432611,0.012974296113861694,-0.012520033527408603,-0.03422558141787302,0.021705547890464416,0.04719987753173471
additive,1,xgb,512,support_only,6,0.07244491484419946,0.012974296113861694,0.025245037312464746,-0.03422558141787302,0.059470618730337765,0.04719987753173471
additive,1,xgb,512,support_only,8,0.06933044145443878,0.012974296113861694,0.022130563922704072,-0.03422558141787302,0.05635614534057709,0.04719987753173471
additive,2,xgb,512,support_only,0,0.0,0.0,-0.009444166796285902,-0.009444166796285902,0.0,0.009444166796285902
additive,2,xgb,512,support_only,2,0.025119333875349814,0.006500817320890695,0.009174349758173217,-0.009444166796285902,0.01861851655445912,0.015944984117176597
additive,2,xgb,512,support_only,4,0.0216489931667051,0.015298484332135431,-0.003093657961716234,-0.009444166796285902,0.006350508834569668,0.024742651128421334
additive,2,xgb,512,support_only,6,0.03432009565866345,0.011036158331444446,0.013839770530933104,-0.009444166796285902,0.023283937327219006,0.020480325127730348
additive,2,xgb,512,support_only,8,0.031000424476034016,0.011036158331444446,0.010520099348303669,-0.009444166796285902,0.01996426614458957,0.020480325127730348
additive,3,xgb,512,support_only,0,0.0,0.0,-0.005560410003971561,-0.005560410003971561,0.0,0.005560410003971561
additive,3,xgb,512,support_only,2,0.03220085885802537,0.0,0.02664044885405381,-0.005560410003971561,0.03220085885802537,0.005560410003971561
additive,3,xgb,512,support_only,4,0.025537895860678783,0.006807644681364078,0.013169841175343144,-0.005560410003971561,0.018730251179314705,0.012368054685335639
additive,3,xgb,512,support_only,6,0.04209941699531761,0.006807644681364078,0.029731362309981968,-0.005560410003971561,0.03529177231395353,0.012368054685335639
additive,3,xgb,512,support_only,8,0.05453587261624482,0.03621709809649942,0.012758364515773835,-0.005560410003971561,0.018318774519745396,0.041777508100470984
additive,4,xgb,512,support_only,0,0.0,0.0,-0.006076691721136895,-0.006076691721136895,0.0,0.006076691721136895
additive,4,xgb,512,support_only,2,0.008227949231188414,0.0002808416934341196,0.001870415816617399,-0.006076691721136895,0.007947107537754294,0.006357533414571015
additive,4,xgb,512,support_only,4,0.005458383194635208,0.00692565014726787,-0.007543958673769557,-0.006076691721136895,-0.001467266952632662,0.013002341868404765
additive,4,xgb,512,support_only,6,0.01053510301055649,0.00692565014726787,-0.002467238857848275,-0.006076691721136895,0.0036094528632886203,0.013002341868404765
additive,4,xgb,512,support_only,8,0.015565446533586935,-0.0011055210326431641,0.010594275845093204,-0.006076691721136895,0.0166709675662301,0.004971170688493731
additive,5,xgb,512,support_only,0,0.0,0.0,0.019472935631911326,0.019472935631911326,0.0,-0.019472935631911326
additive,5,xgb,512,support_only,2,0.011270468535636735,0.0,0.03074340416754806,0.019472935631911326,0.011270468535636735,-0.019472935631911326
additive,5,xgb,512,support_only,4,-0.003708425065261034,0.005431648247958387,0.010332862318691904,0.019472935631911326,-0.009140073313219421,-0.014041287383952938
additive,5,xgb,512,support_only,6,0.0008179602762229399,0.010582862259599257,0.009708033648535008,0.019472935631911326,-0.009764901983376317,-0.008890073372312068
additive,5,xgb,512,support_only,8,0.01372944445170754,0.022311573099721316,0.01089080698389755,0.019472935631911326,-0.008582128648013776,0.00283863746780999
additive,6,xgb,512,support_only,0,0.0,0.0,-0.0024961454265877148,-0.0024961454265877148,0.0,0.0024961454265877148
additive,6,xgb,512,support_only,2,0.011480787640914314,0.0,0.0089846422143266,-0.0024961454265877148,0.011480787640914314,0.0024961454265877148
additive,6,xgb,512,support_only,4,0.027810545562260036,0.007551362751067603,0.01776303738460472,-0.0024961454265877148,0.020259182811192433,0.010047508177655318
additive,6,xgb,512,support_only,6,0.029418755570210564,0.007551362751067603,0.019371247392555246,-0.0024961454265877148,0.02186739281914296,0.010047508177655318
additive,6,xgb,512,support_only,8,0.0270451614830991,-0.003820484281686354,0.02836950033819774,-0.0024961454265877148,0.030865645764785454,-0.001324338855098639
additive,7,xgb,512,support_only,0,0.0,0.0,0.0108121811372065,0.0108121811372065,0.0,-0.0108121811372065
additive,7,xgb,512,support_only,2,0.005416145250482507,0.012205334298886594,0.004022992088802413,0.0108121811372065,-0.006789189048404087,0.001393153161680094
additive,7,xgb,512,support_only,4,0.011627546125922872,0.03296338672540444,-0.01052365946227507,0.0108121811372065,-0.02133584059948157,0.022151205588197942
additive,7,xgb,512,support_only,6,0.023892827061964828,0.036071173146096536,-0.001366164946925208,0.0108121811372065,-0.012178346084131708,0.025258992008890035
additive,7,xgb,512,support_only,8,0.01709634440554153,0.027433834245715882,0.0004746912970321482,0.0108121811372065,-0.010337489840174352,0.016621653108509382
additive,8,xgb,512,support_only,0,0.0,0.0,-0.00724077887637431,-0.00724077887637431,0.0,0.00724077887637431
additive,8,xgb,512,support_only,2,0.007019620687665595,0.0,-0.0002211581887087144,-0.00724077887637431,0.007019620687665595,0.00724077887637431
additive,8,xgb,512,support_only,4,0.013229983259125055,0.025737943864357238,-0.019748739481606492,-0.00724077887637431,-0.012507960605232182,0.03297872274073155
additive,8,xgb,512,support_only,6,0.024574996311704345,0.01974803623697896,-0.002413818801648926,-0.00724077887637431,0.004826960074725384,0.02698881511335327
additive,8,xgb,512,support_only,8,0.015040569170549412,0.01974803623697896,-0.011948245942803859,-0.00724077887637431,-0.004707467066429549,0.02698881511335327
additive,9,xgb,512,support_only,0,0.0,0.0,0.006250911107157253,0.006250911107157253,0.0,-0.006250911107157253
additive,9,xgb,512,support_only,2,0.023264147132849855,0.009675453871417328,0.01983960436858978,0.006250911107157253,0.013588693261432527,0.0034245427642600745
additive,9,xgb,512,support_only,4,0.02128586975557667,0.009675453871417328,0.017861326991316595,0.006250911107157253,0.011610415884159342,0.0034245427642600745
additive,9,xgb,512,support_only,6,0.03186716973769732,0.015442990363068843,0.02267509048178573,0.006250911107157253,0.016424179374628478,0.00919207925591159
additive,9,xgb,512,support_only,8,0.03354649168904211,0.0254016600721666,0.014395742724032767,0.006250911107157253,0.008144831616875514,0.019150748965009345
additive,10,xgb,512,support_only,0,0.0,0.0,0.00016694511746462304,0.00016694511746462304,0.0,-0.00016694511746462304
additive,10,xgb,512,support_only,2,0.0011997805584184063,-0.0010277435299573812,0.0023944692058404105,0.00016694511746462304,0.0022275240883757874,-0.0011946886474220042
additive,10,xgb,512,support_only,4,-0.00385396058545473,-0.0010277435299573812,-0.0026592719380327257,0.00016694511746462304,-0.0028262170554973487,-0.0011946886474220042
additive,10,xgb,512,support_only,6,0.0007492056000063529,0.007420410632169139,-0.006504259914698163,0.00016694511746462304,-0.006671205032162786,0.007253465514704516
additive,10,xgb,512,support_only,8,-0.00023566567432109498,0.0078282067191483,-0.007896927276004773,0.00016694511746462304,-0.008063872393469396,0.007661261601683678
additive,11,xgb,512,support_only,0,0.0,0.0,-0.004610047206261014,-0.004610047206261014,0.0,0.004610047206261014
additive,11,xgb,512,support_only,2,0.01073481322774894,0.0,0.006124766021487926,-0.004610047206261014,0.01073481322774894,0.004610047206261014
additive,11,xgb,512,support_only,4,0.01942827642016165,0.0,0.014818229213900636,-0.004610047206261014,0.01942827642016165,0.004610047206261014
additive,11,xgb,512,support_only,6,0.008909522442277606,0.0,0.004299475236016592,-0.004610047206261014,0.008909522442277606,0.004610047206261014
additive,11,xgb,512,support_only,8,0.021639327558004462,0.02120432654376847,-0.004175046192025023,-0.004610047206261014,0.0004350010142359917,0.025814373750029485
additive,12,xgb,512,support_only,0,0.0,0.0,-0.012601474622421116,-0.012601474622421116,0.0,0.012601474622421116
additive,12,xgb,512,support_only,2,0.03769502622683685,0.0,0.02509355160441573,-0.012601474622421116,0.03769502622683685,0.012601474622421116
additive,12,xgb,512,support_only,4,0.05025209233496686,-0.0008701435003394264,0.03852076121288517,-0.012601474622421116,0.051122235835306284,0.01173133112208169
additive,12,xgb,512,support_only,6,0.03349787650151881,0.002629553764438408,0.018266848114659284,-0.012601474622421116,0.0308683227370804,0.015231028386859524
additive,12,xgb,512,support_only,8,0.0405876454077303,0.02103868621991123,0.0069474845653979544,-0.012601474622421116,0.01954895918781907,0.033640160842332345
additive,13,xgb,512,support_only,0,0.0,0.0,-0.0008466930513998383,-0.0008466930513998383,0.0,0.0008466930513998383
additive,13,xgb,512,support_only,2,0.012424476480901614,0.0,0.011577783429501776,-0.0008466930513998383,0.012424476480901614,0.0008466930513998383
additive,13,xgb,512,support_only,4,0.010889055477660725,-0.00278307468561112,0.012825437111872007,-0.0008466930513998383,0.013672130163271845,-0.0019363816342112816
additive,13,xgb,512,support_only,6,0.037019843164790456,-0.00278307468561112,0.03895622479900174,-0.0008466930513998383,0.039802917850401576,-0.0019363816342112816
additive,13,xgb,512,support_only,8,0.03578607165199099,0.0026158941036654726,0.03232348449692568,-0.0008466930513998383,0.03317017754832552,0.003462587155065311
additive,14,xgb,512,support_only,0,0.0,0.0,0.0009125024013748595,0.0009125024013748595,0.0,-0.0009125024013748595
additive,14,xgb,512,support_only,2,0.011269049972335576,0.029795305458158228,-0.017613753084447792,0.0009125024013748595,-0.01852625548582265,0.028882803056783368
additive,14,xgb,512,support_only,4,0.03748795735401955,0.029795305458158228,0.008605154297236184,0.0009125024013748595,0.007692651895861324,0.028882803056783368
additive,14,xgb,512,support_only,6,0.0383532065525477,0.037522167538468376,0.0017435414154541862,0.0009125024013748595,0.0008310390140793267,0.03660966513709352
additive,14,xgb,512,support_only,8,0.04243673187584762,0.037522167538468376,0.005827066738754105,0.0009125024013748595,0.004914564337379246,0.03660966513709352
additive,15,xgb,512,support_only,0,0.0,0.0,-0.01622791194391826,-0.01622791194391826,0.0,0.01622791194391826
additive,15,xgb,512,support_only,2,0.019740257912908787,0.0,0.0035123459689905268,-0.01622791194391826,0.019740257912908787,0.01622791194391826
additive,15,xgb,512,support_only,4,0.017919251896093003,0.008717720636229886,-0.007026380684055145,-0.01622791194391826,0.009201531259863116,0.024945632580148147
additive,15,xgb,512,support_only,6,0.026573125975784095,0.026094190531792183,-0.015748976499926348,-0.01622791194391826,0.00047893544399191246,0.042322102475710444
additive,15,xgb,512,support_only,8,0.035889957922973004,0.026094190531792183,-0.00643214455273744,-0.01622791194391826,0.00979576739118082,0.042322102475710444
additive,16,xgb,512,support_only,0,0.0,0.0,-0.0109497251173023,-0.0109497251173023,0.0,0.0109497251173023
additive,16,xgb,512,support_only,2,0.011606644497440644,0.0,0.0006569193801383433,-0.0109497251173023,0.011606644497440644,0.0109497251173023
additive,16,xgb,512,support_only,4,0.03438446300802189,0.0,0.023434737890719592,-0.0109497251173023,0.03438446300802189,0.0109497251173023
additive,16,xgb,512,support_only,6,0.036940457603369725,0.01077577424866083,0.015214958237406595,-0.0109497251173023,0.026164683354708895,0.02172549936596313
additive,16,xgb,512,support_only,8,0.0582578999734239,0.01077577424866083,0.03653240060746077,-0.0109497251173023,0.04748212572476307,0.02172549936596313
additive,17,xgb,512,support_only,0,0.0,0.0,0.002943963371371372,0.002943963371371372,0.0,-0.002943963371371372
additive,17,xgb,512,support_only,2,0.0058511694680620785,0.021893463547093206,-0.013098330707659755,0.002943963371371372,-0.016042294079031127,0.018949500175721834
additive,17,xgb,512,support_only,4,0.02508755175250399,0.02140246704715021,0.0066290480767251525,0.002943963371371372,0.0036850847053537805,0.018458503675778837
additive,17,xgb,512,support_only,6,0.031165330524932977,0.02140246704715021,0.01270682684915414,0.002943963371371372,0.009762863477782768,0.018458503675778837
additive,17,xgb,512,support_only,8,0.04640533854138473,0.04592903469363485,0.0034202672191212535,0.002943963371371372,0.00047630384774988155,0.04298507132226348
additive,18,xgb,512,support_only,0,0.0,0.0,-0.0007969459135569457,-0.0007969459135569457,0.0,0.0007969459135569457
additive,18,xgb,512,support_only,2,0.047714158480891666,0.0,0.04691721256733472,-0.0007969459135569457,0.047714158480891666,0.0007969459135569457
additive,18,xgb,512,support_only,4,0.042422771962542294,0.01831719385423669,0.023308632194748657,-0.0007969459135569457,0.024105578108305603,0.019114139767793636
additive,18,xgb,512,support_only,6,0.05006187155189601,0.02216039331833053,0.027104532320008534,-0.0007969459135569457,0.02790147823356548,0.022957339231887475
additive,18,xgb,512,support_only,8,0.06279965528604359,0.051883224960349694,0.010119484412136948,-0.0007969459135569457,0.010916430325693893,0.05268017087390664
additive,19,xgb,512,support_only,0,0.0,0.0,-0.009149117533704176,-0.009149117533704176,0.0,0.009149117533704176
additive,19,xgb,512,support_only,2,0.0014502490377971133,-0.009906468971742743,0.0022076004758356804,-0.009149117533704176,0.011356718009539857,-0.0007573514380385671
additive,19,xgb,512,support_only,4,0.007054595843824951,-0.009906468971742743,0.007811947281863518,-0.009149117533704176,0.016961064815567695,-0.0007573514380385671
additive,19,xgb,512,support_only,6,0.025081423617962617,-0.009906468971742743,0.025838775056001184,-0.009149117533704176,0.03498789258970536,-0.0007573514380385671
additive,19,xgb,512,support_only,8,0.03618055616801885,-0.009906468971742743,0.03693790760605742,-0.009149117533704176,0.046087025139761595,-0.0007573514380385671
pairwise,0,xgb,512,support_only,0,0.0,0.0,0.0001811224231581532,0.0001811224231581532,0.0,-0.0001811224231581532
pairwise,0,xgb,512,support_only,2,-0.0006628833169367576,0.0,-0.0004817608937786044,0.0001811224231581532,-0.0006628833169367576,-0.0001811224231581532
pairwise,0,xgb,512,support_only,4,0.0017560046708918753,0.0,0.0019371270940500285,0.0001811224231581532,0.0017560046708918753,-0.0001811224231581532
pairwise,0,xgb,512,support_only,6,0.021446622760479483,0.0,0.021627745183637637,0.0001811224231581532,0.021446622760479483,-0.0001811224231581532
pairwise,0,xgb,512,support_only,8,0.04147086095557484,0.003897672357533022,0.03775431102119997,0.0001811224231581532,0.03757318859804182,0.0037165499343748687
pairwise,1,xgb,512,support_only,0,0.0,0.0,0.011177389440204966,0.011177389440204966,0.0,-0.011177389440204966
pairwise,1,xgb,512,support_only,2,0.006945806774023011,0.0,0.018123196214227977,0.011177389440204966,0.006945806774023011,-0.011177389440204966
pairwise,1,xgb,512,support_only,4,0.027568390611527493,0.0022494853056505004,0.03649629474608196,0.011177389440204966,0.025318905305876993,-0.008927904134554465
pairwise,1,xgb,512,support_only,6,0.02674408269274975,0.0022494853056505004,0.035671986827304214,0.011177389440204966,0.02449459738709925,-0.008927904134554465
pairwise,1,xgb,512,support_only,8,0.019378787834536726,0.007426353060876467,0.023129824213865224,0.011177389440204966,0.011952434773660259,-0.0037510363793284984
pairwise,2,xgb,512,support_only,0,0.0,0.0,-0.012253343170055553,-0.012253343170055553,0.0,0.012253343170055553
pairwise,2,xgb,512,support_only,2,0.02093519850022707,0.0,0.008681855330171517,-0.012253343170055553,0.02093519850022707,0.012253343170055553
pairwise,2,xgb,512,support_only,4,0.06604793315759705,0.0,0.0537945899875415,-0.012253343170055553,0.06604793315759705,0.012253343170055553
pairwise,2,xgb,512,support_only,6,0.0879523144229396,0.002671847592366494,0.07302712366051756,-0.012253343170055553,0.08528046683057311,0.014925190762422047
pairwise,2,xgb,512,support_only,8,0.10059263276391583,0.002671847592366494,0.08566744200149379,-0.012253343170055553,0.09792078517154934,0.014925190762422047
pairwise,3,xgb,512,support_only,0,0.0,0.0,-0.016590510597236707,-0.016590510597236707,0.0,0.016590510597236707
pairwise,3,xgb,512,support_only,2,0.009068783394765134,0.0,-0.007521727202471573,-0.016590510597236707,0.009068783394765134,0.016590510597236707
pairwise,3,xgb,512,support_only,4,0.022125268862581482,0.0,0.005534758265344775,-0.016590510597236707,0.022125268862581482,0.016590510597236707
pairwise,3,xgb,512,support_only,6,0.01345987773817292,0.0018491988928761582,-0.004979831751939945,-0.016590510597236707,0.011610678845296762,0.018439709490112866
pairwise,3,xgb,512,support_only,8,0.04180779132550416,0.00837884328873506,0.016838437439532394,-0.016590510597236707,0.0334289480367691,0.024969353885971768
pairwise,4,xgb,512,support_only,0,0.0,0.0,-0.0008418283665251325,-0.0008418283665251325,0.0,0.0008418283665251325
pairwise,4,xgb,512,support_only,2,0.019825763697305265,0.010497712069307275,0.008486223261472858,-0.0008418283665251325,0.00932805162799799,0.011339540435832407
pairwise,4,xgb,512,support_only,4,0.018083950600894294,0.025075975568798037,-0.007833853334428875,-0.0008418283665251325,-0.006992024967903743,0.02591780393532317
pairwise,4,xgb,512,support_only,6,0.032239886613614877,0.022987052105254868,0.008411006141834876,-0.0008418283665251325,0.009252834508360008,0.02382888047178
pairwise,4,xgb,512,support_only,8,0.033881441483565755,0.022987052105254868,0.010052561011785754,-0.0008418283665251325,0.010894389378310887,0.02382888047178
pairwise,5,xgb,512,support_only,0,0.0,0.0,0.006231573381616173,0.006231573381616173,0.0,-0.006231573381616173
pairwise,5,xgb,512,support_only,2,0.024962377009075,0.0040053122603828095,0.027188638130308362,0.006231573381616173,0.02095706474869219,-0.002226261121233364
pairwise,5,xgb,512,support_only,4,0.025693215615474996,0.0040053122603828095,0.02791947673670836,0.006231573381616173,0.021687903355092186,-0.002226261121233364
pairwise,5,xgb,512,support_only,6,0.03588321694218133,0.0040053122603828095,0.03810947806341469,0.006231573381616173,0.03187790468179852,-0.002226261121233364
pairwise,5,xgb,512,support_only,8,0.035482745770698876,0.0040053122603828095,0.03770900689193224,0.006231573381616173,0.031477433510316066,-0.002226261121233364
pairwise,6,xgb,512,support_only,0,0.0,0.0,-0.009605256353060976,-0.009605256353060976,0.0,0.009605256353060976
pairwise,6,xgb,512,support_only,2,-0.00997922700818843,0.004033684424978756,-0.02361816778622816,-0.009605256353060976,-0.014012911433167186,0.013638940778039732
pairwise,6,xgb,512,support_only,4,-0.005298881366982755,0.005728254231643581,-0.020632391951687312,-0.009605256353060976,-0.011027135598626336,0.015333510584704557
pairwise,6,xgb,512,support_only,6,0.00917852916919537,-0.00035262840351979463,-7.409878034581041e-05,-0.009605256353060976,0.009531157572715165,0.009252627949541181
pairwise,6,xgb,512,support_only,8,-0.00027756869320660904,-0.00035262840351979463,-0.00953019664274779,-0.009605256353060976,7.505971031318559e-05,0.009252627949541181
pairwise,7,xgb,512,support_only,0,0.0,0.0,-0.02151217545811901,-0.02151217545811901,0.0,0.02151217545811901
pairwise,7,xgb,512,support_only,2,0.043168135516175266,0.01874812962048289,0.0029078304375733666,-0.02151217545811901,0.024420005895692376,0.0402603050786019
pairwise,7,xgb,512,support_only,4,0.0809777137104758,0.01874812962048289,0.0407174086318739,-0.02151217545811901,0.062229584089992906,0.0402603050786019
pairwise,7,xgb,512,support_only,6,0.0884702515086162,0.01874812962048289,0.048209946430014305,-0.02151217545811901,0.06972212188813331,0.0402603050786019
pairwise,7,xgb,512,support_only,8,0.0841634375613377,0.017695917173775944,0.04495534492944275,-0.02151217545811901,0.06646752038756176,0.03920809263189495
pairwise,8,xgb,512,support_only,0,0.0,0.0,-0.00970118187727731,-0.00970118187727731,0.0,0.00970118187727731
pairwise,8,xgb,512,support_only,2,0.013979327470599934,0.0,0.004278145593322624,-0.00970118187727731,0.013979327470599934,0.00970118187727731
pairwise,8,xgb,512,support_only,4,0.028727705648670332,0.0,0.019026523771393022,-0.00970118187727731,0.028727705648670332,0.00970118187727731
pairwise,8,xgb,512,support_only,6,0.02460871154151223,0.0,0.01490752966423492,-0.00970118187727731,0.02460871154151223,0.00970118187727731
pairwise,8,xgb,512,support_only,8,0.011162707655757775,0.0,0.0014615257784804658,-0.00970118187727731,0.011162707655757775,0.00970118187727731
pairwise,9,xgb,512,support_only,0,0.0,0.0,-0.016189981778480966,-0.016189981778480966,0.0,0.016189981778480966
pairwise,9,xgb,512,support_only,2,0.004792109539639933,0.0,-0.011397872238841034,-0.016189981778480966,0.004792109539639933,0.016189981778480966
pairwise,9,xgb,512,support_only,4,0.043183022903724444,0.003486358268493084,0.023506682856750394,-0.016189981778480966,0.03969666463523136,0.01967634004697405
pairwise,9,xgb,512,support_only,6,0.02883754900381663,0.003486358268493084,0.009161208956842581,-0.016189981778480966,0.025351190735323548,0.01967634004697405
pairwise,9,xgb,512,support_only,8,0.032244036284141075,0.009572550815428182,0.006481503690231927,-0.016189981778480966,0.022671485468712893,0.02576253259390915
pairwise,10,xgb,512,support_only,0,0.0,0.0,-0.01565347190386135,-0.01565347190386135,0.0,0.01565347190386135
pairwise,10,xgb,512,support_only,2,0.01254700531142261,0.0065891658720316215,-0.00969563246447036,-0.01565347190386135,0.005957839439390988,0.02224263777589297
pairwise,10,xgb,512,support_only,4,0.008165355359254445,0.012450034133016707,-0.01993815067762361,-0.01565347190386135,-0.004284678773762263,0.028103506036878056
pairwise,10,xgb,512,support_only,6,-0.0030514115810275078,0.012450034133016707,-0.031154917617905564,-0.01565347190386135,-0.015501445714044215,0.028103506036878056
pairwise,10,xgb,512,support_only,8,0.009071972523985616,0.01780830877669981,-0.024389808156575543,-0.01565347190386135,-0.008736336252714194,0.03346178068056116
pairwise,11,xgb,512,support_only,0,0.0,0.0,-0.012170724050578619,-0.012170724050578619,0.0,0.012170724050578619
pairwise,11,xgb,512,support_only,2,0.0226059074296735,0.0027890298878563424,0.007646153491238539,-0.012170724050578619,0.019816877541817157,0.014959753938434961
pairwise,11,xgb,512,support_only,4,0.03309657062146365,0.0027890298878563424,0.01813681668302869,-0.012170724050578619,0.030307540733607308,0.014959753938434961
pairwise,11,xgb,512,support_only,6,0.06194994386302011,0.0027890298878563424,0.046990189924585146,-0.012170724050578619,0.059160913975163765,0.014959753938434961
pairwise,11,xgb,512,support_only,8,0.0480009254635253,0.008510760449204513,0.02731944096374217,-0.012170724050578619,0.03949016501432079,0.02068148449978313
pairwise,12,xgb,512,support_only,0,0.0,0.0,-0.008477683193007568,-0.008477683193007568,0.0,0.008477683193007568
pairwise,12,xgb,512,support_only,2,0.013470779996638038,0.0013264202639353684,0.0036666765396951018,-0.008477683193007568,0.01214435973270267,0.009804103456942936
pairwise,12,xgb,512,support_only,4,0.02389592657077011,0.012982686172333224,0.0024355572054293173,-0.008477683193007568,0.010913240398436885,0.021460369365340792
pairwise,12,xgb,512,support_only,6,0.033206634456451445,0.022053367584080052,0.0026755836793638244,-0.008477683193007568,0.011153266872371392,0.03053105077708762
pairwise,12,xgb,512,support_only,8,0.06144773274027204,0.022053367584080052,0.030916681963184423,-0.008477683193007568,0.03939436515619199,0.03053105077708762
pairwise,13,xgb,512,support_only,0,0.0,0.0,0.007749832481157681,0.007749832481157681,0.0,-0.007749832481157681
pairwise,13,xgb,512,support_only,2,0.006613079666186739,0.0,0.01436291214734442,0.007749832481157681,0.006613079666186739,-0.007749832481157681
pairwise,13,xgb,512,support_only,4,0.009346308546272497,0.0,0.01709614102743018,0.007749832481157681,0.009346308546272497,-0.007749832481157681
pairwise,13,xgb,512,support_only,6,0.005499232624570416,-0.007786295820526701,0.021035360926254798,0.007749832481157681,0.013285528445097117,-0.015536128301684382
pairwise,13,xgb,512,support_only,8,-0.0006452420724256669,-0.007786295820526701,0.014890886229258715,0.007749832481157681,0.007141053748101034,-0.015536128301684382
pairwise,14,xgb,512,support_only,0,0.0,0.0,-0.009036670772742061,-0.009036670772742061,0.0,0.009036670772742061
pairwise,14,xgb,512,support_only,2,0.0051048399659606725,0.0,-0.003931830806781389,-0.009036670772742061,0.0051048399659606725,0.009036670772742061
pairwise,14,xgb,512,support_only,4,0.0005145232350572959,0.0,-0.008522147537684766,-0.009036670772742061,0.0005145232350572959,0.009036670772742061
pairwise,14,xgb,512,support_only,6,0.022853513117255586,0.0,0.013816842344513525,-0.009036670772742061,0.022853513117255586,0.009036670772742061
pairwise,14,xgb,512,support_only,8,0.05774186007799298,0.0,0.04870518930525092,-0.009036670772742061,0.05774186007799298,0.009036670772742061
pairwise,15,xgb,512,support_only,0,0.0,0.0,-0.009248371723401427,-0.009248371723401427,0.0,0.009248371723401427
pairwise,15,xgb,512,support_only,2,0.013150330724135073,0.018197731092062464,-0.014295772091328818,-0.009248371723401427,-0.0050474003679273904,0.02744610281546389
pairwise,15,xgb,512,support_only,4,0.03872619162241753,0.025545652751100656,0.003932167147915444,-0.009248371723401427,0.013180538871316871,0.03479402447450208
pairwise,15,xgb,512,support_only,6,0.032417981195116075,0.025545652751100656,-0.0023760432793860087,-0.009248371723401427,0.006872328444015419,0.03479402447450208
pairwise,15,xgb,512,support_only,8,0.03383840188914222,0.025545652751100656,-0.000955622585359861,-0.009248371723401427,0.008292749138041566,0.03479402447450208
pairwise,16,xgb,512,support_only,0,0.0,0.0,-0.02508288384419488,-0.02508288384419488,0.0,0.02508288384419488
pairwise,16,xgb,512,support_only,2,0.030403251150983746,-0.0019974211173995338,0.007317788424188398,-0.02508288384419488,0.03240067226838328,0.023085462726795347
pairwise,16,xgb,512,support_only,4,0.025208666565306848,-0.0019974211173995338,0.0021232038385115004,-0.02508288384419488,0.02720608768270638,0.023085462726795347
pairwise,16,xgb,512,support_only,6,0.025847435443154043,-0.0019974211173995338,0.002761972716358696,-0.02508288384419488,0.027844856560553577,0.023085462726795347
pairwise,16,xgb,512,support_only,8,0.043917165105429534,-0.007747035368772526,0.02658131663000718,-0.02508288384419488,0.05166420047420206,0.017335848475422355
pairwise,17,xgb,512,support_only,0,0.0,0.0,-0.012334095425292513,-0.012334095425292513,0.0,0.012334095425292513
pairwise,17,xgb,512,support_only,2,0.00416505300157799,0.0,-0.008169042423714523,-0.012334095425292513,0.00416505300157799,0.012334095425292513
pairwise,17,xgb,512,support_only,4,0.009124471209611795,0.0,-0.0032096242156807175,-0.012334095425292513,0.009124471209611795,0.012334095425292513
pairwise,17,xgb,512,support_only,6,0.0035726119539967183,-0.0010508569102495313,-0.007710626561046263,-0.012334095425292513,0.00462346886424625,0.011283238515042981
pairwise,17,xgb,512,support_only,8,0.019714079674843177,0.033234480773388975,-0.02585449652383831,-0.012334095425292513,-0.013520401098545798,0.04556857619868149
pairwise,18,xgb,512,support_only,0,0.0,0.0,-0.010640543260327151,-0.010640543260327151,0.0,0.010640543260327151
pairwise,18,xgb,512,support_only,2,0.030800337416321488,0.012672299023845701,0.007487495132148636,-0.010640543260327151,0.018128038392475787,0.023312842284172852
pairwise,18,xgb,512,support_only,4,0.037483077346213256,0.009256798743854766,0.01758573534203134,-0.010640543260327151,0.02822627860235849,0.019897342004181917
pairwise,18,xgb,512,support_only,6,0.057591697957075194,0.02300266388448835,0.023948490812259693,-0.010640543260327151,0.034589034072586844,0.0336432071448155
pairwise,18,xgb,512,support_only,8,0.04193379528096386,0.02300266388448835,0.008290588136148358,-0.010640543260327151,0.01893113139647551,0.0336432071448155
pairwise,19,xgb,512,support_only,0,0.0,0.0,-0.005422468998166674,-0.005422468998166674,0.0,0.005422468998166674
pairwise,19,xgb,512,support_only,2,0.00653516642500207,0.0036401497283221618,-0.0025274523014867656,-0.005422468998166674,0.0028950166966799085,0.009062618726488836
pairwise,19,xgb,512,support_only,4,0.0033148584824527205,0.0036401497283221618,-0.005747760244036115,-0.005422468998166674,-0.00032529124586944125,0.009062618726488836
pairwise,19,xgb,512,support_only,6,0.015840141163134147,0.0036401497283221618,0.006777522436645311,-0.005422468998166674,0.012199991434811985,0.009062618726488836
pairwise,19,xgb,512,support_only,8,0.021797011986460002,0.0036401497283221618,0.012734393259971166,-0.005422468998166674,0.01815686225813784,0.009062618726488836
sparse,0,xgb,512,support_only,0,0.0,0.0,-0.0007434377097561562,-0.0007434377097561562,0.0,0.0007434377097561562
sparse,0,xgb,512,support_only,2,0.026158660939828438,0.0,0.02541522323007228,-0.0007434377097561562,0.026158660939828438,0.0007434377097561562
sparse,0,xgb,512,support_only,4,0.03199793923123495,0.00957053410046138,0.021683967421017414,-0.0007434377097561562,0.02242740513077357,0.010313971810217537
sparse,0,xgb,512,support_only,6,0.03045334738758998,0.017854061917898956,0.011855847759934868,-0.0007434377097561562,0.012599285469691024,0.018597499627655112
sparse,0,xgb,512,support_only,8,0.028455635618207964,0.017854061917898956,0.009858135990552852,-0.0007434377097561562,0.010601573700309008,0.018597499627655112
sparse,1,xgb,512,support_only,0,0.0,0.0,-0.004359547138784392,-0.004359547138784392,0.0,0.004359547138784392
sparse,1,xgb,512,support_only,2,0.027208113900058728,0.0,0.022848566761274336,-0.004359547138784392,0.027208113900058728,0.004359547138784392
sparse,1,xgb,512,support_only,4,0.03701650660860267,0.0,0.03265695946981828,-0.004359547138784392,0.03701650660860267,0.004359547138784392
sparse,1,xgb,512,support_only,6,0.040694970707876865,0.0,0.03633542356909247,-0.004359547138784392,0.040694970707876865,0.004359547138784392
sparse,1,xgb,512,support_only,8,0.044121601872306626,0.020352202089571447,0.019409852643950787,-0.004359547138784392,0.02376939978273518,0.02471174922835584
sparse,2,xgb,512,support_only,0,0.0,0.0,-0.006368644226786624,-0.006368644226786624,0.0,0.006368644226786624
sparse,2,xgb,512,support_only,2,0.0023507923161401045,0.0,-0.004017851910646519,-0.006368644226786624,0.0023507923161401045,0.006368644226786624
sparse,2,xgb,512,support_only,4,0.005823534673757513,0.005166849731879863,-0.005711959284908974,-0.006368644226786624,0.0006566849418776499,0.011535493958666487
sparse,2,xgb,512,support_only,6,0.0026968098030139,0.005166849731879863,-0.008838684155652587,-0.006368644226786624,-0.0024700399288659636,0.011535493958666487
sparse,2,xgb,512,support_only,8,0.011774405460745152,0.005166849731879863,0.00023891150207866474,-0.006368644226786624,0.006607555728865289,0.011535493958666487
sparse,3,xgb,512,support_only,0,0.0,0.0,0.0020518756631435764,0.0020518756631435764,0.0,-0.0020518756631435764
sparse,3,xgb,512,support_only,2,-0.002939499968574899,0.0,-0.0008876243054313226,0.0020518756631435764,-0.002939499968574899,-0.0020518756631435764
sparse,3,xgb,512,support_only,4,0.009649526476226411,0.0,0.011701402139369987,0.0020518756631435764,0.009649526476226411,-0.0020518756631435764
sparse,3,xgb,512,support_only,6,-0.00808309935538798,0.0,-0.006031223692244403,0.0020518756631435764,-0.00808309935538798,-0.0020518756631435764
sparse,3,xgb,512,support_only,8,0.00762813245941496,0.0,0.009680008122558537,0.0020518756631435764,0.00762813245941496,-0.0020518756631435764
sparse,4,xgb,512,support_only,0,0.0,0.0,-0.004643733507860515,-0.004643733507860515,0.0,0.004643733507860515
sparse,4,xgb,512,support_only,2,0.007169514120208054,-0.002515307638904618,0.005041088251252157,-0.004643733507860515,0.009684821759112672,0.0021284258689558966
sparse,4,xgb,512,support_only,4,0.01840488847707844,-0.00034919824029511215,0.014110353209513038,-0.004643733507860515,0.018754086717373553,0.0042945352675654025
sparse,4,xgb,512,support_only,6,0.010239228260185529,-0.006473469100982565,0.01206896385330758,-0.004643733507860515,0.016712697361168094,-0.0018297355931220505
sparse,4,xgb,512,support_only,8,0.026710810664872242,-0.006473469100982565,0.028540546257994293,-0.004643733507860515,0.03318427976585481,-0.0018297355931220505
sparse,5,xgb,512,support_only,0,0.0,0.0,-0.017215713115935616,-0.017215713115935616,0.0,0.017215713115935616
sparse,5,xgb,512,support_only,2,0.0456611400292497,0.0054855235804573965,0.02295990333285669,-0.017215713115935616,0.040175616448792306,0.022701236696393012
sparse,5,xgb,512,support_only,4,0.05528690270887904,0.0006069151115178917,0.03746427448142553,-0.017215713115935616,0.054679987597361146,0.017822628227453507
sparse,5,xgb,512,support_only,6,0.033756750785576495,-0.00014432101114059126,0.01668535868078147,-0.017215713115935616,0.033901071796717086,0.017071392104795025
sparse,5,xgb,512,support_only,8,0.045098083327951954,0.013427226230904421,0.014455143981111918,-0.017215713115935616,0.03167085709704753,0.030642939346840037
sparse,6,xgb,512,support_only,0,0.0,0.0,-0.004140236618559223,-0.004140236618559223,0.0,0.004140236618559223
sparse,6,xgb,512,support_only,2,-0.0002952582878706922,0.0,-0.004435494906429915,-0.004140236618559223,-0.0002952582878706922,0.004140236618559223
sparse,6,xgb,512,support_only,4,0.0030769663263536806,0.0,-0.0010632702922055426,-0.004140236618559223,0.0030769663263536806,0.004140236618559223
sparse,6,xgb,512,support_only,6,0.007888078506249951,0.0034762676077746413,0.00027157427991608696,-0.004140236618559223,0.00441181089847531,0.0076165042263338645
sparse,6,xgb,512,support_only,8,0.00976681007900948,0.0034762676077746413,0.002150305852675616,-0.004140236618559223,0.006290542471234839,0.0076165042263338645
sparse,7,xgb,512,support_only,0,0.0,0.0,0.003401184392211265,0.003401184392211265,0.0,-0.003401184392211265
sparse,7,xgb,512,support_only,2,0.007958243398211606,0.01558449247174265,-0.004225064681319779,0.003401184392211265,-0.007626249073531044,0.012183308079531385
sparse,7,xgb,512,support_only,4,0.026376956928875317,0.02062679303920012,0.009151348281886462,0.003401184392211265,0.005750163889675197,0.017225608646988855
sparse,7,xgb,512,support_only,6,0.0229648068802194,0.01014876322292746,0.016217228049503207,0.003401184392211265,0.012816043657291942,0.006747578830716194
sparse,7,xgb,512,support_only,8,0.012141691114889275,0.01014876322292746,0.00539411228417308,0.003401184392211265,0.0019929278919618154,0.006747578830716194
sparse,8,xgb,512,support_only,0,0.0,0.0,0.01177661879273939,0.01177661879273939,0.0,-0.01177661879273939
sparse,8,xgb,512,support_only,2,0.005502735961712912,0.0,0.017279354754452303,0.01177661879273939,0.005502735961712912,-0.01177661879273939
sparse,8,xgb,512,support_only,4,-0.003221022645056859,0.0,0.008555596147682532,0.01177661879273939,-0.003221022645056859,-0.01177661879273939
sparse,8,xgb,512,support_only,6,-0.011110117001449149,4.293962235113469e-06,0.0006622078290551281,0.01177661879273939,-0.011114410963684263,-0.011772324830504277
sparse,8,xgb,512,support_only,8,-0.0038118748806827973,4.293962235113469e-06,0.00796044994982148,0.01177661879273939,-0.003816168842917911,-0.011772324830504277
sparse,9,xgb,512,support_only,0,0.0,0.0,-0.004041198127900603,-0.004041198127900603,0.0,0.004041198127900603
sparse,9,xgb,512,support_only,2,0.02491690418360737,0.0,0.020875706055706766,-0.004041198127900603,0.02491690418360737,0.004041198127900603
sparse,9,xgb,512,support_only,4,0.020214334009034163,0.0,0.01617313588113356,-0.004041198127900603,0.020214334009034163,0.004041198127900603
sparse,9,xgb,512,support_only,6,0.023140046051406515,0.0,0.019098847923505913,-0.004041198127900603,0.023140046051406515,0.004041198127900603
sparse,9,xgb,512,support_only,8,0.02945549610958842,-0.0016954175954467798,0.027109715577134597,-0.004041198127900603,0.0311509137050352,0.002345780532453823
sparse,10,xgb,512,support_only,0,0.0,0.0,0.014220786264539376,0.014220786264539376,0.0,-0.014220786264539376
sparse,10,xgb,512,support_only,2,0.008569268637291017,0.0,0.022790054901830392,0.014220786264539376,0.008569268637291017,-0.014220786264539376
sparse,10,xgb,512,support_only,4,-0.009262481394838984,0.01106519049131871,-0.006106885621618319,0.014220786264539376,-0.020327671886157694,-0.003155595773220665
sparse,10,xgb,512,support_only,6,-0.00626174333967644,0.018541849837065305,-0.01058280691220237,0.014220786264539376,-0.024803593176741745,0.004321063572525929
sparse,10,xgb,512,support_only,8,-0.000310712353515763,0.018541849837065305,-0.004631775926041692,0.014220786264539376,-0.018852562190581068,0.004321063572525929
sparse,11,xgb,512,support_only,0,0.0,0.0,0.000282984494847649,0.000282984494847649,0.0,-0.000282984494847649
sparse,11,xgb,512,support_only,2,0.034846044679458954,0.0,0.0351290291743066,0.000282984494847649,0.034846044679458954,-0.000282984494847649
sparse,11,xgb,512,support_only,4,0.02395531258099315,-0.009685025265255831,0.03392332234109663,0.000282984494847649,0.03364033784624898,-0.00996800976010348
sparse,11,xgb,512,support_only,6,0.026919334255343763,-0.0051152875494506755,0.03231760629964209,0.000282984494847649,0.03203462180479444,-0.0053982720442983245
sparse,11,xgb,512,support_only,8,0.014283240948363862,0.001498141136246467,0.013068084306965044,0.000282984494847649,0.012785099812117395,0.001215156641398818
sparse,12,xgb,512,support_only,0,0.0,0.0,-0.029063648824221522,-0.029063648824221522,0.0,0.029063648824221522
sparse,12,xgb,512,support_only,2,0.030398247777047693,0.0,0.0013345989528261715,-0.029063648824221522,0.030398247777047693,0.029063648824221522
sparse,12,xgb,512,support_only,4,0.0609856441958776,0.006596800592398977,0.0253251947792571,-0.029063648824221522,0.05438884360347862,0.0356604494166205
sparse,12,xgb,512,support_only,6,0.06757145515781848,0.003874021512243142,0.03463378482135382,-0.029063648824221522,0.06369743364557534,0.032937670336464664
sparse,12,xgb,512,support_only,8,0.06729897339452373,0.003874021512243142,0.03436130305805907,-0.029063648824221522,0.06342495188228059,0.032937670336464664
sparse,13,xgb,512,support_only,0,0.0,0.0,0.007526800558922964,0.007526800558922964,0.0,-0.007526800558922964
sparse,13,xgb,512,support_only,2,0.002565121625918043,0.0,0.010091922184841007,0.007526800558922964,0.002565121625918043,-0.007526800558922964
sparse,13,xgb,512,support_only,4,0.039328263291492194,0.0,0.04685506385041516,0.007526800558922964,0.039328263291492194,-0.007526800558922964
sparse,13,xgb,512,support_only,6,0.039424798301323394,-0.0054713059108949524,0.05242290477114131,0.007526800558922964,0.044896104212218346,-0.012998106469817916
sparse,13,xgb,512,support_only,8,0.03718497188876724,-0.0054713059108949524,0.050183078358585154,0.007526800558922964,0.04265627779966219,-0.012998106469817916
sparse,14,xgb,512,support_only,0,0.0,0.0,-0.012586951978246663,-0.012586951978246663,0.0,0.012586951978246663
sparse,14,xgb,512,support_only,2,0.009967747211641953,0.0,-0.0026192047666047102,-0.012586951978246663,0.009967747211641953,0.012586951978246663
sparse,14,xgb,512,support_only,4,0.016979143482317105,-0.0047507011437315505,0.009142892647801992,-0.012586951978246663,0.021729844626048656,0.007836250834515113
sparse,14,xgb,512,support_only,6,0.033739546073719096,0.0358416750986259,-0.01468908100315347,-0.012586951978246663,-0.002102129024906807,0.048428627076872566
sparse,14,xgb,512,support_only,8,0.03538769096937633,0.0358416750986259,-0.013040936107496237,-0.012586951978246663,-0.0004539841292495739,0.048428627076872566
sparse,15,xgb,512,support_only,0,0.0,0.0,-0.006810904573181897,-0.006810904573181897,0.0,0.006810904573181897
sparse,15,xgb,512,support_only,2,0.019568469504694375,0.006251350433876812,0.006506214497635665,-0.006810904573181897,0.013317119070817562,0.01306225500705871
sparse,15,xgb,512,support_only,4,0.01511159220327385,-0.0010319406913670282,0.00933262832145898,-0.006810904573181897,0.016143532894640877,0.005778963881814869
sparse,15,xgb,512,support_only,6,0.023896558969683457,0.00864566246478371,0.00843999193171785,-0.006810904573181897,0.015250896504899747,0.015456567037965607
sparse,15,xgb,512,support_only,8,0.014191535623137685,0.01174212746647696,-0.004361496416521171,-0.006810904573181897,0.002449408156660726,0.018553032039658857
sparse,16,xgb,512,support_only,0,0.0,0.0,-0.012958727364025924,-0.012958727364025924,0.0,0.012958727364025924
sparse,16,xgb,512,support_only,2,0.025278978524819196,0.0,0.012320251160793272,-0.012958727364025924,0.025278978524819196,0.012958727364025924
sparse,16,xgb,512,support_only,4,0.02352257044900763,0.024956204938590187,-0.014392361853608482,-0.012958727364025924,-0.0014336344895825581,0.03791493230261611
sparse,16,xgb,512,support_only,6,0.02368953632140902,0.024956204938590187,-0.01422539598120709,-0.012958727364025924,-0.0012666686171811659,0.03791493230261611
sparse,16,xgb,512,support_only,8,0.03093405444790065,0.024956204938590187,-0.0069808778547154615,-0.012958727364025924,0.005977849509310462,0.03791493230261611
sparse,17,xgb,512,support_only,0,0.0,0.0,-0.015660726073831066,-0.015660726073831066,0.0,0.015660726073831066
sparse,17,xgb,512,support_only,2,0.025531037439402993,0.005847414923561778,0.004022896442010149,-0.015660726073831066,0.019683622515841215,0.021508140997392844
sparse,17,xgb,512,support_only,4,0.025209256452875084,0.005847414923561778,0.00370111545548224,-0.015660726073831066,0.019361841529313306,0.021508140997392844
sparse,17,xgb,512,support_only,6,0.03479906539774147,0.005847414923561778,0.013290924400348625,-0.015660726073831066,0.02895165047417969,0.021508140997392844
sparse,17,xgb,512,support_only,8,0.045240604254862316,0.0054556320961978155,0.024124246084833434,-0.015660726073831066,0.0397849721586645,0.02111635817002888
sparse,18,xgb,512,support_only,0,0.0,0.0,-0.02099218939863956,-0.02099218939863956,0.0,0.02099218939863956
sparse,18,xgb,512,support_only,2,0.013037286099703116,0.0,-0.007954903298936444,-0.02099218939863956,0.013037286099703116,0.02099218939863956
sparse,18,xgb,512,support_only,4,0.03942050251969487,0.0,0.018428313121055306,-0.02099218939863956,0.03942050251969487,0.02099218939863956
sparse,18,xgb,512,support_only,6,0.03890463760922458,0.0,0.01791244821058502,-0.02099218939863956,0.03890463760922458,0.02099218939863956
sparse,18,xgb,512,support_only,8,0.0547632215393099,0.0,0.03377103214067034,-0.02099218939863956,0.0547632215393099,0.02099218939863956
sparse,19,xgb,512,support_only,0,0.0,0.0,-0.017117968160589525,-0.017117968160589525,0.0,0.017117968160589525
sparse,19,xgb,512,support_only,2,0.026055178350802066,0.00587502422119901,0.003062185969013531,-0.017117968160589525,0.020180154129603056,0.022992992381788535
sparse,19,xgb,512,support_only,4,0.022491429385906092,0.00587502422119901,-0.000501562995882443,-0.017117968160589525,0.016616405164707082,0.022992992381788535
sparse,19,xgb,512,support_only,6,0.03733411136727949,0.00587502422119901,0.014341118985490953,-0.017117968160589525,0.03145908714608048,0.022992992381788535
sparse,19,xgb,512,support_only,8,0.056858130433846577,0.00587502422119901,0.03386513805205804,-0.017117968160589525,0.050983106212647566,0.022992992381788535
additive,0,xgb,512,support_query,0,0.0,0.0,-0.007757253262375086,-0.007757253262375086,0.0,0.007757253262375086
additive,0,xgb,512,support_query,2,-0.007834619403827459,0.006080060010431487,-0.02167193267663403,-0.007757253262375086,-0.013914679414258946,0.013837313272806573
additive,0,xgb,512,support_query,4,0.01242005972231175,0.009240895452820808,-0.004578088992884144,-0.007757253262375086,0.0031791642694909417,0.016998148715195893
additive,0,xgb,512,support_query,6,0.03398854595086309,0.01228255387284749,0.013948738815640516,-0.007757253262375086,0.0217059920780156,0.020039807135222576
additive,0,xgb,512,support_query,8,0.0077453904374295,0.007298986794518791,-0.007310849619464377,-0.007757253262375086,0.0004464036429107088,0.015056240056893877
additive,1,xgb,512,support_query,0,0.0,0.0,-0.03431250933593888,-0.03431250933593888,0.0,0.03431250933593888
additive,1,xgb,512,support_query,2,0.0056244437799102265,0.004239979207074085,-0.03292804476310274,-0.03431250933593888,0.0013844645728361415,0.038552488543012964
additive,1,xgb,512,support_query,4,0.03467984400432611,0.02001052215193777,-0.01964318748355054,-0.03431250933593888,0.01466932185238834,0.05432303148787665
additive,1,xgb,512,support_query,6,0.07244491484419946,0.02001052215193777,0.01812188335632281,-0.03431250933593888,0.05243439269226169,0.05432303148787665
additive,1,xgb,512,support_query,8,0.06933044145443878,0.02001052215193777,0.015007409966562135,-0.03431250933593888,0.049319919302501014,0.05432303148787665
additive,2,xgb,512,support_query,0,0.0,0.0,0.00157586263440046,0.00157586263440046,0.0,-0.00157586263440046
additive,2,xgb,512,support_query,2,0.025119333875349814,0.012778520476021016,0.013916676033729258,0.00157586263440046,0.012340813399328798,0.011202657841620556
additive,2,xgb,512,support_query,4,0.0216489931667051,0.009177567170357448,0.014047288630748112,0.00157586263440046,0.012471425996347651,0.007601704535956988
additive,2,xgb,512,support_query,6,0.03432009565866345,0.015438440517917318,0.020457517775146594,0.00157586263440046,0.018881655140746134,0.013862577883516858
additive,2,xgb,512,support_query,8,0.031000424476034016,0.015438440517917318,0.01713784659251716,0.00157586263440046,0.015561983958116699,0.013862577883516858
additive,3,xgb,512,support_query,0,0.0,0.0,-0.013740250386384933,-0.013740250386384933,0.0,0.013740250386384933
additive,3,xgb,512,support_query,2,0.03220085885802537,0.0,0.01846060847164044,-0.013740250386384933,0.03220085885802537,0.013740250386384933
additive,3,xgb,512,support_query,4,0.025537895860678783,-0.0036036917854259665,0.015401337259719816,-0.013740250386384933,0.02914158764610475,0.010136558600958967
additive,3,xgb,512,support_query,6,0.04209941699531761,-0.0036036917854259665,0.03196285839435864,-0.013740250386384933,0.04570310878074357,0.010136558600958967
additive,3,xgb,512,support_query,8,0.05453587261624482,0.034298791172723275,0.0064968310571366095,-0.013740250386384933,0.020237081443521543,0.04803904155910821
additive,4,xgb,512,support_query,0,0.0,0.0,-0.0001394861913416312,-0.0001394861913416312,0.0,0.0001394861913416312
additive,4,xgb,512,support_query,2,0.008227949231188414,-0.00023906549637875418,0.008327528536225537,-0.0001394861913416312,0.008467014727567168,-9.957930503712298e-05
additive,4,xgb,512,support_query,4,0.005458383194635208,0.009212198523281034,-0.0038933015199874577,-0.0001394861913416312,-0.0037538153286458265,0.009351684714622666
additive,4,xgb,512,support_query,6,0.01053510301055649,0.009212198523281034,0.0011834182959338246,-0.0001394861913416312,0.0013229044872754558,0.009351684714622666
additive,4,xgb,512,support_query,8,0.015565446533586935,0.008248198988242694,0.00717776135400261,-0.0001394861913416312,0.007317247545344241,0.008387685179584325
additive,5,xgb,512,support_query,0,0.0,0.0,0.016882075571792554,0.016882075571792554,0.0,-0.016882075571792554
additive,5,xgb,512,support_query,2,0.011270468535636735,0.0,0.02815254410742929,0.016882075571792554,0.011270468535636735,-0.016882075571792554
additive,5,xgb,512,support_query,4,-0.003708425065261034,0.005011659961847159,0.008161990544684361,0.016882075571792554,-0.008720085027108193,-0.011870415609945395
additive,5,xgb,512,support_query,6,0.0008179602762229399,0.0033191480416425723,0.014380887806372922,0.016882075571792554,-0.0025011877654196324,-0.013562927530149982
additive,5,xgb,512,support_query,8,0.01372944445170754,0.012615178054468212,0.01799634196903188,0.016882075571792554,0.0011142663972393274,-0.004266897517324342
additive,6,xgb,512,support_query,0,0.0,0.0,-0.0008427452586383666,-0.0008427452586383666,0.0,0.0008427452586383666
additive,6,xgb,512,support_query,2,0.011480787640914314,0.0,0.010638042382275947,-0.0008427452586383666,0.011480787640914314,0.0008427452586383666
additive,6,xgb,512,support_query,4,0.027810545562260036,-0.0018219951196479789,0.02878979542326965,-0.0008427452586383666,0.029632540681908015,-0.0009792498610096123
additive,6,xgb,512,support_query,6,0.029418755570210564,-0.0018219951196479789,0.030398005431220176,-0.0008427452586383666,0.031240750689858543,-0.0009792498610096123
additive,6,xgb,512,support_query,8,0.0270451614830991,0.003922829613357215,0.02227958661110352,-0.0008427452586383666,0.023122331869741886,0.0047655748719955815
additive,7,xgb,512,support_query,0,0.0,0.0,0.012816132688360349,0.012816132688360349,0.0,-0.012816132688360349
additive,7,xgb,512,support_query,2,0.005416145250482507,0.018127030025454016,0.00010524791338883954,0.012816132688360349,-0.01271088477497151,0.005310897337093667
additive,7,xgb,512,support_query,4,0.011627546125922872,0.044579627487235096,-0.020135948672951876,0.012816132688360349,-0.032952081361312224,0.03176349479887475
additive,7,xgb,512,support_query,6,0.023892827061964828,0.04727168746881549,-0.010562727718490317,0.012816132688360349,-0.023378860406850666,0.034455554780455144
additive,7,xgb,512,support_query,8,0.01709634440554153,0.03657506770085506,-0.006662590606953178,0.012816132688360349,-0.019478723295313527,0.02375893501249471
additive,8,xgb,512,support_query,0,0.0,0.0,-0.0010860288862315493,-0.0010860288862315493,0.0,0.0010860288862315493
additive,8,xgb,512,support_query,2,0.007019620687665595,0.0,0.005933591801434046,-0.0010860288862315493,0.007019620687665595,0.0010860288862315493
additive,8,xgb,512,support_query,4,0.013229983259125055,0.030104210232131723,-0.017960255859238217,-0.0010860288862315493,-0.016874226973006667,0.031190239118363272
additive,8,xgb,512,support_query,6,0.024574996311704345,0.024520930282288744,-0.001031962856815949,-0.0010860288862315493,5.406602941560035e-05,0.025606959168520294
additive,8,xgb,512,support_query,8,0.015040569170549412,0.024520930282288744,-0.010566389997970882,-0.0010860288862315493,-0.009480361111739333,0.025606959168520294
additive,9,xgb,512,support_query,0,0.0,0.0,0.006803889599375834,0.006803889599375834,0.0,-0.006803889599375834
additive,9,xgb,512,support_query,2,0.023264147132849855,0.0018638776218742326,0.028204159110351457,0.006803889599375834,0.021400269510975622,-0.004940011977501602
additive,9,xgb,512,support_query,4,0.02128586975557667,0.0018638776218742326,0.02622588173307827,0.006803889599375834,0.019421992133702437,-0.004940011977501602
additive,9,xgb,512,support_query,6,0.03186716973769732,0.01485432348141491,0.023816735855658244,0.006803889599375834,0.01701284625628241,0.008050433882039076
additive,9,xgb,512,support_query,8,0.03354649168904211,0.023829406877257986,0.01652097441115996,0.006803889599375834,0.009717084811784127,0.017025517277882152
additive,10,xgb,512,support_query,0,0.0,0.0,-0.006853912613795976,-0.006853912613795976,0.0,0.006853912613795976
additive,10,xgb,512,support_query,2,0.0011997805584184063,0.0021192229165878373,-0.007773354971965407,-0.006853912613795976,-0.0009194423581694311,0.008973135530383813
additive,10,xgb,512,support_query,4,-0.00385396058545473,0.0021192229165878373,-0.012827096115838543,-0.006853912613795976,-0.005973183502042567,0.008973135530383813
additive,10,xgb,512,support_query,6,0.0007492056000063529,0.01115799074499968,-0.017262697758789303,-0.006853912613795976,-0.010408785144993327,0.018011903358795656
additive,10,xgb,512,support_query,8,-0.00023566567432109498,-0.0025513798178272706,-0.0045381984702898,-0.006853912613795976,0.0023157141435061757,0.004302532795968705
additive,11,xgb,512,support_query,0,0.0,0.0,-0.0028204058699048407,-0.0028204058699048407,0.0,0.0028204058699048407
additive,11,xgb,512,support_query,2,0.01073481322774894,0.0,0.0079144073578441,-0.0028204058699048407,0.01073481322774894,0.0028204058699048407
additive,11,xgb,512,support_query,4,0.01942827642016165,0.0,0.01660787055025681,-0.0028204058699048407,0.01942827642016165,0.0028204058699048407
additive,11,xgb,512,support_query,6,0.008909522442277606,0.0,0.006089116572372766,-0.0028204058699048407,0.008909522442277606,0.0028204058699048407
additive,11,xgb,512,support_query,8,0.021639327558004462,0.02631699488010919,-0.007498073192009569,-0.0028204058699048407,-0.004677667322104728,0.02913740075001403
additive,12,xgb,512,support_query,0,0.0,0.0,-0.010344374727075611,-0.010344374727075611,0.0,0.010344374727075611
additive,12,xgb,512,support_query,2,0.03769502622683685,0.0,0.027350651499761236,-0.010344374727075611,0.03769502622683685,0.010344374727075611
additive,12,xgb,512,support_query,4,0.05025209233496686,-0.00193492141150442,0.04184263901939567,-0.010344374727075611,0.05218701374647128,0.008409453315571191
additive,12,xgb,512,support_query,6,0.03349787650151881,-0.001461732133589022,0.02461523390803222,-0.010344374727075611,0.03495960863510783,0.00888264259348659
additive,12,xgb,512,support_query,8,0.0405876454077303,0.02214410265242961,0.008099168028225079,-0.010344374727075611,0.01844354275530069,0.03248847737950522
additive,13,xgb,512,support_query,0,0.0,0.0,-0.008337440876580837,-0.008337440876580837,0.0,0.008337440876580837
additive,13,xgb,512,support_query,2,0.012424476480901614,0.0,0.004087035604320777,-0.008337440876580837,0.012424476480901614,0.008337440876580837
additive,13,xgb,512,support_query,4,0.010889055477660725,-0.005050277398225056,0.007601891999304944,-0.008337440876580837,0.01593933287588578,0.0032871634783557813
additive,13,xgb,512,support_query,6,0.037019843164790456,-0.005050277398225056,0.033732679686434675,-0.008337440876580837,0.04207012056301551,0.0032871634783557813
additive,13,xgb,512,support_query,8,0.03578607165199099,0.005359588933470438,0.022089041841939716,-0.008337440876580837,0.030426482718520553,0.013697029810051276
additive,14,xgb,512,support_query,0,0.0,0.0,-0.0001750409379041029,-0.0001750409379041029,0.0,0.0001750409379041029
additive,14,xgb,512,support_query,2,0.011269049972335576,0.034931104468459595,-0.02383709543402812,-0.0001750409379041029,-0.02366205449612402,0.0351061454063637
additive,14,xgb,512,support_query,4,0.03748795735401955,0.034931104468459595,0.002381811947655854,-0.0001750409379041029,0.002556852885559957,0.0351061454063637
additive,14,xgb,512,support_query,6,0.0383532065525477,0.03816423581092898,1.3929803714618494e-05,-0.0001750409379041029,0.0001889707416187214,0.038339276748833084
additive,14,xgb,512,support_query,8,0.04243673187584762,0.03816423581092898,0.004097455127014538,-0.0001750409379041029,0.0042724960649186405,0.038339276748833084
additive,15,xgb,512,support_query,0,0.0,0.0,-0.005755295292373397,-0.005755295292373397,0.0,0.005755295292373397
additive,15,xgb,512,support_query,2,0.019740257912908787,0.0,0.01398496262053539,-0.005755295292373397,0.019740257912908787,0.005755295292373397
additive,15,xgb,512,support_query,4,0.017919251896093003,0.013365345084754843,-0.001201388481035237,-0.005755295292373397,0.00455390681133816,0.01912064037712824
additive,15,xgb,512,support_query,6,0.026573125975784095,0.024431190460460495,-0.003613359777049796,-0.005755295292373397,0.002141935515323601,0.03018648575283389
additive,15,xgb,512,support_query,8,0.035889957922973004,0.024431190460460495,0.005703472170139112,-0.005755295292373397,0.011458767462512509,0.03018648575283389
additive,16,xgb,512,support_query,0,0.0,0.0,-0.016093237447343367,-0.016093237447343367,0.0,0.016093237447343367
additive,16,xgb,512,support_query,2,0.011606644497440644,0.0,-0.0044865929499027235,-0.016093237447343367,0.011606644497440644,0.016093237447343367
additive,16,xgb,512,support_query,4,0.03438446300802189,0.0,0.018291225560678526,-0.016093237447343367,0.03438446300802189,0.016093237447343367
additive,16,xgb,512,support_query,6,0.036940457603369725,0.002935368858291598,0.01791185129773476,-0.016093237447343367,0.03400508874507813,0.019028606305634965
additive,16,xgb,512,support_query,8,0.0582578999734239,0.002935368858291598,0.039229293667788934,-0.016093237447343367,0.0553225311151323,0.019028606305634965
additive,17,xgb,512,support_query,0,0.0,0.0,0.003489882881999029,0.003489882881999029,0.0,-0.003489882881999029
additive,17,xgb,512,support_query,2,0.0058511694680620785,0.016549496913011552,-0.0072084445629504446,0.003489882881999029,-0.010698327444949474,0.013059614031012523
additive,17,xgb,512,support_query,4,0.02508755175250399,0.021393218182633844,0.007184216451869174,0.003489882881999029,0.003694333569870145,0.017903335300634815
additive,17,xgb,512,support_query,6,0.031165330524932977,0.021393218182633844,0.013261995224298162,0.003489882881999029,0.009772112342299133,0.017903335300634815
additive,17,xgb,512,support_query,8,0.04640533854138473,0.043913695341934345,0.0059815260814494176,0.003489882881999029,0.0024916431994503885,0.040423812459935315
additive,18,xgb,512,support_query,0,0.0,0.0,-0.006426126084130179,-0.006426126084130179,0.0,0.006426126084130179
additive,18,xgb,512,support_query,2,0.047714158480891666,0.0,0.04128803239676149,-0.006426126084130179,0.047714158480891666,0.006426126084130179
additive,18,xgb,512,support_query,4,0.042422771962542294,0.019657365559064277,0.016339280319347838,-0.006426126084130179,0.022765406403478017,0.026083491643194456
additive,18,xgb,512,support_query,6,0.05006187155189601,0.018063699825858537,0.025572045641907293,-0.006426126084130179,0.03199817172603747,0.024489825909988716
additive,18,xgb,512,support_query,8,0.06279965528604359,0.0434013572546712,0.012972171947242206,-0.006426126084130179,0.019398298031372385,0.04982748333880138
additive,19,xgb,512,support_query,0,0.0,0.0,-0.008282093568234061,-0.008282093568234061,0.0,0.008282093568234061
additive,19,xgb,512,support_query,2,0.0014502490377971133,-0.006976644497537987,0.00014479996710103915,-0.008282093568234061,0.0084268935353351,0.0013054490706960742
additive,19,xgb,512,support_query,4,0.007054595843824951,-0.006976644497537987,0.005749146773128877,-0.008282093568234061,0.014031240341362938,0.0013054490706960742
additive,19,xgb,512,support_query,6,0.025081423617962617,-0.006976644497537987,0.023775974547266543,-0.008282093568234061,0.032058068115500604,0.0013054490706960742
additive,19,xgb,512,support_query,8,0.03618055616801885,-0.006976644497537987,0.03487510709732278,-0.008282093568234061,0.04315720066555684,0.0013054490706960742
pairwise,0,xgb,512,support_query,0,0.0,0.0,0.005313763307640662,0.005313763307640662,0.0,-0.005313763307640662
pairwise,0,xgb,512,support_query,2,-0.0006628833169367576,0.0,0.0046508799907039045,0.005313763307640662,-0.0006628833169367576,-0.005313763307640662
pairwise,0,xgb,512,support_query,4,0.0017560046708918753,0.0,0.007069767978532537,0.005313763307640662,0.0017560046708918753,-0.005313763307640662
pairwise,0,xgb,512,support_query,6,0.021446622760479483,0.0,0.026760386068120146,0.005313763307640662,0.021446622760479483,-0.005313763307640662
pairwise,0,xgb,512,support_query,8,0.04147086095557484,0.009717524301840919,0.03706709996137458,0.005313763307640662,0.03175333665373392,0.0044037609942002565
pairwise,1,xgb,512,support_query,0,0.0,0.0,0.005248495505669304,0.005248495505669304,0.0,-0.005248495505669304
pairwise,1,xgb,512,support_query,2,0.006945806774023011,0.0,0.012194302279692315,0.005248495505669304,0.006945806774023011,-0.005248495505669304
pairwise,1,xgb,512,support_query,4,0.027568390611527493,-0.005652124666909675,0.03846901078410647,0.005248495505669304,0.03322051527843717,-0.010900620172578979
pairwise,1,xgb,512,support_query,6,0.02674408269274975,-0.005652124666909675,0.03764470286532873,0.005248495505669304,0.032396207359659424,-0.010900620172578979
pairwise,1,xgb,512,support_query,8,0.019378787834536726,0.0017099918915267631,0.022917291448679267,0.005248495505669304,0.017668795943009963,-0.0035385036141425408
pairwise,2,xgb,512,support_query,0,0.0,0.0,-0.014458929281315203,-0.014458929281315203,0.0,0.014458929281315203
pairwise,2,xgb,512,support_query,2,0.02093519850022707,0.0,0.006476269218911868,-0.014458929281315203,0.02093519850022707,0.014458929281315203
pairwise,2,xgb,512,support_query,4,0.06604793315759705,0.0,0.05158900387628185,-0.014458929281315203,0.06604793315759705,0.014458929281315203
pairwise,2,xgb,512,support_query,6,0.0879523144229396,0.00471657377221546,0.06877681136940894,-0.014458929281315203,0.08323574065072414,0.019175503053530663
pairwise,2,xgb,512,support_query,8,0.10059263276391583,0.00471657377221546,0.08141712971038517,-0.014458929281315203,0.09587605899170037,0.019175503053530663
pairwise,3,xgb,512,support_query,0,0.0,0.0,-0.011096190146652862,-0.011096190146652862,0.0,0.011096190146652862
pairwise,3,xgb,512,support_query,2,0.009068783394765134,0.0,-0.002027406751887728,-0.011096190146652862,0.009068783394765134,0.011096190146652862
pairwise,3,xgb,512,support_query,4,0.022125268862581482,0.0,0.01102907871592862,-0.011096190146652862,0.022125268862581482,0.011096190146652862
pairwise,3,xgb,512,support_query,6,0.01345987773817292,0.01927032115316285,-0.016906633561642792,-0.011096190146652862,-0.00581044341498993,0.030366511299815713
pairwise,3,xgb,512,support_query,8,0.04180779132550416,0.016090558986786352,0.014621042192064948,-0.011096190146652862,0.02571723233871781,0.027186749133439214
pairwise,4,xgb,512,support_query,0,0.0,0.0,-0.006621235883430776,-0.006621235883430776,0.0,0.006621235883430776
pairwise,4,xgb,512,support_query,2,0.019825763697305265,0.017133585586288635,-0.003929057772414146,-0.006621235883430776,0.00269217811101663,0.02375482146971941
pairwise,4,xgb,512,support_query,4,0.018083950600894294,0.02451873375777025,-0.013056019040306732,-0.006621235883430776,-0.006434783156875956,0.031139969641201026
pairwise,4,xgb,512,support_query,6,0.032239886613614877,0.013409569235159902,0.012209081495024199,-0.006621235883430776,0.018830317378454975,0.020030805118590678
pairwise,4,xgb,512,support_query,8,0.033881441483565755,0.013409569235159902,0.013850636364975077,-0.006621235883430776,0.020471872248405854,0.020030805118590678
pairwise,5,xgb,512,support_query,0,0.0,0.0,-0.005895462722995903,-0.005895462722995903,0.0,0.005895462722995903
pairwise,5,xgb,512,support_query,2,0.024962377009075,0.0015835647285267207,0.017483349557552375,-0.005895462722995903,0.023378812280548278,0.007479027451522624
pairwise,5,xgb,512,support_query,4,0.025693215615474996,0.0015835647285267207,0.01821418816395237,-0.005895462722995903,0.024109650886948275,0.007479027451522624
pairwise,5,xgb,512,support_query,6,0.03588321694218133,0.0015835647285267207,0.028404189490658704,-0.005895462722995903,0.03429965221365461,0.007479027451522624
pairwise,5,xgb,512,support_query,8,0.035482745770698876,0.0015835647285267207,0.028003718319176252,-0.005895462722995903,0.033899181042172155,0.007479027451522624
pairwise,6,xgb,512,support_query,0,0.0,0.0,-0.002853245810788274,-0.002853245810788274,0.0,0.002853245810788274
pairwise,6,xgb,512,support_query,2,-0.00997922700818843,0.00658925234322183,-0.019421725162198533,-0.002853245810788274,-0.01656847935141026,0.009442498154010104
pairwise,6,xgb,512,support_query,4,-0.005298881366982755,0.014189033374160442,-0.02234116055193147,-0.002853245810788274,-0.019487914741143197,0.017042279184948717
pairwise,6,xgb,512,support_query,6,0.00917852916919537,0.010465835764683629,-0.004140552406276532,-0.002853245810788274,-0.0012873065954882579,0.013319081575471903
pairwise,6,xgb,512,support_query,8,-0.00027756869320660904,0.010465835764683629,-0.013596650268678512,-0.002853245810788274,-0.010743404457890238,0.013319081575471903
pairwise,7,xgb,512,support_query,0,0.0,0.0,-0.02357637915527222,-0.02357637915527222,0.0,0.02357637915527222
pairwise,7,xgb,512,support_query,2,0.043168135516175266,0.018778206738280012,0.0008135496226230332,-0.02357637915527222,0.024389928777895253,0.04235458589355223
pairwise,7,xgb,512,support_query,4,0.0809777137104758,0.018778206738280012,0.038623127816923564,-0.02357637915527222,0.062199506972195784,0.04235458589355223
pairwise,7,xgb,512,support_query,6,0.0884702515086162,0.018778206738280012,0.04611566561506397,-0.02357637915527222,0.06969204477033619,0.04235458589355223
pairwise,7,xgb,512,support_query,8,0.0841634375613377,0.018679796753854894,0.04190726165221059,-0.02357637915527222,0.06548364080748281,0.042256175909127114
pairwise,8,xgb,512,support_query,0,0.0,0.0,0.0005764335255530328,0.0005764335255530328,0.0,-0.0005764335255530328
pairwise,8,xgb,512,support_query,2,0.013979327470599934,0.0,0.014555760996152967,0.0005764335255530328,0.013979327470599934,-0.0005764335255530328
pairwise,8,xgb,512,support_query,4,0.028727705648670332,0.0,0.029304139174223365,0.0005764335255530328,0.028727705648670332,-0.0005764335255530328
pairwise,8,xgb,512,support_query,6,0.02460871154151223,0.0,0.025185145067065262,0.0005764335255530328,0.02460871154151223,-0.0005764335255530328
pairwise,8,xgb,512,support_query,8,0.011162707655757775,0.0,0.011739141181310808,0.0005764335255530328,0.011162707655757775,-0.0005764335255530328
pairwise,9,xgb,512,support_query,0,0.0,0.0,-0.013177191369524888,-0.013177191369524888,0.0,0.013177191369524888
pairwise,9,xgb,512,support_query,2,0.004792109539639933,0.0,-0.008385081829884955,-0.013177191369524888,0.004792109539639933,0.013177191369524888
pairwise,9,xgb,512,support_query,4,0.043183022903724444,0.01308787674672851,0.016917954787471046,-0.013177191369524888,0.030095146156995933,0.0262650681162534
pairwise,9,xgb,512,support_query,6,0.02883754900381663,0.01308787674672851,0.0025724808875632332,-0.013177191369524888,0.01574967225708812,0.0262650681162534
pairwise,9,xgb,512,support_query,8,0.032244036284141075,0.003817621469823007,0.01524922344479318,-0.013177191369524888,0.02842641481431807,0.016994812839347895
pairwise,10,xgb,512,support_query,0,0.0,0.0,-0.018931782423537102,-0.018931782423537102,0.0,0.018931782423537102
pairwise,10,xgb,512,support_query,2,0.01254700531142261,0.0067629964436366485,-0.013147773555751141,-0.018931782423537102,0.005784008867785961,0.02569477886717375
pairwise,10,xgb,512,support_query,4,0.008165355359254445,0.0024230584797989563,-0.013189485544081614,-0.018931782423537102,0.0057422968794554885,0.02135484090333606
pairwise,10,xgb,512,support_query,6,-0.0030514115810275078,0.0024230584797989563,-0.024406252484363566,-0.018931782423537102,-0.005474470060826464,0.02135484090333606
pairwise,10,xgb,512,support_query,8,0.009071972523985616,0.012062924873056713,-0.0219227347726082,-0.018931782423537102,-0.0029909523490710965,0.030994707296593815
pairwise,11,xgb,512,support_query,0,0.0,0.0,-0.023903748668867686,-0.023903748668867686,0.0,0.023903748668867686
pairwise,11,xgb,512,support_query,2,0.0226059074296735,0.01119214059339979,-0.012489981832593977,-0.023903748668867686,0.011413766836273709,0.03509588926226748
pairwise,11,xgb,512,support_query,4,0.03309657062146365,0.01119214059339979,-0.0019993186408038266,-0.023903748668867686,0.02190443002806386,0.03509588926226748
pairwise,11,xgb,512,support_query,6,0.06194994386302011,0.01119214059339979,0.02685405460075263,-0.023903748668867686,0.050757803269620316,0.03509588926226748
pairwise,11,xgb,512,support_query,8,0.0480009254635253,0.010545854802997856,0.01355132199165976,-0.023903748668867686,0.037455070660527445,0.03444960347186554
pairwise,12,xgb,512,support_query,0,0.0,0.0,-0.006367049937266667,-0.006367049937266667,0.0,0.006367049937266667
pairwise,12,xgb,512,support_query,2,0.013470779996638038,-5.069792450673738e-05,0.007154427983878109,-0.006367049937266667,0.013521477921144776,0.006316352012759929
pairwise,12,xgb,512,support_query,4,0.02389592657077011,0.01588112581343404,0.0016477508200694047,-0.006367049937266667,0.008014800757336071,0.022248175750700705
pairwise,12,xgb,512,support_query,6,0.033206634456451445,0.029413004040011237,-0.0025734195208264588,-0.006367049937266667,0.003793630416440208,0.035780053977277904
pairwise,12,xgb,512,support_query,8,0.06144773274027204,0.029413004040011237,0.02566767876299414,-0.006367049937266667,0.032034728700260806,0.035780053977277904
pairwise,13,xgb,512,support_query,0,0.0,0.0,-0.0067792970388590446,-0.0067792970388590446,0.0,0.0067792970388590446
pairwise,13,xgb,512,support_query,2,0.006613079666186739,0.0,-0.00016621737267230596,-0.0067792970388590446,0.006613079666186739,0.0067792970388590446
pairwise,13,xgb,512,support_query,4,0.009346308546272497,0.0,0.0025670115074134525,-0.0067792970388590446,0.009346308546272497,0.0067792970388590446
pairwise,13,xgb,512,support_query,6,0.005499232624570416,-0.007112410770194533,0.005832346355905904,-0.0067792970388590446,0.012611643394764949,-0.00033311373133548816
pairwise,13,xgb,512,support_query,8,-0.0006452420724256669,-0.007112410770194533,-0.00031212834109017873,-0.0067792970388590446,0.006467168697768866,-0.00033311373133548816
pairwise,14,xgb,512,support_query,0,0.0,0.0,-0.0020200281537785525,-0.0020200281537785525,0.0,0.0020200281537785525
pairwise,14,xgb,512,support_query,2,0.0051048399659606725,0.0,0.00308481181218212,-0.0020200281537785525,0.0051048399659606725,0.0020200281537785525
pairwise,14,xgb,512,support_query,4,0.0005145232350572959,0.0,-0.0015055049187212566,-0.0020200281537785525,0.0005145232350572959,0.0020200281537785525
pairwise,14,xgb,512,support_query,6,0.022853513117255586,0.0,0.020833484963477034,-0.0020200281537785525,0.022853513117255586,0.0020200281537785525
pairwise,14,xgb,512,support_query,8,0.05774186007799298,0.0,0.05572183192421443,-0.0020200281537785525,0.05774186007799298,0.0020200281537785525
pairwise,15,xgb,512,support_query,0,0.0,0.0,-0.005737992147900828,-0.005737992147900828,0.0,0.005737992147900828
pairwise,15,xgb,512,support_query,2,0.013150330724135073,0.010128552486719178,-0.0027162139104849325,-0.005737992147900828,0.0030217782374158952,0.015866544634620006
pairwise,15,xgb,512,support_query,4,0.03872619162241753,0.019148604971265915,0.013839594503250785,-0.005737992147900828,0.019577586651151613,0.024886597119166742
pairwise,15,xgb,512,support_query,6,0.032417981195116075,0.019148604971265915,0.007531384075949332,-0.005737992147900828,0.01326937622385016,0.024886597119166742
pairwise,15,xgb,512,support_query,8,0.03383840188914222,0.019148604971265915,0.00895180476997548,-0.005737992147900828,0.014689796917876308,0.024886597119166742
pairwise,16,xgb,512,support_query,0,0.0,0.0,-0.01923308361414111,-0.01923308361414111,0.0,0.01923308361414111
pairwise,16,xgb,512,support_query,2,0.030403251150983746,-0.003237608386890578,0.014407775923733213,-0.01923308361414111,0.033640859537874324,0.015995475227250533
pairwise,16,xgb,512,support_query,4,0.025208666565306848,-0.003237608386890578,0.009213191338056315,-0.01923308361414111,0.028446274952197426,0.015995475227250533
pairwise,16,xgb,512,support_query,6,0.025847435443154043,-0.003237608386890578,0.00985196021590351,-0.01923308361414111,0.02908504383004462,0.015995475227250533
pairwise,16,xgb,512,support_query,8,0.043917165105429534,-0.005878472172567761,0.030562553663856185,-0.01923308361414111,0.049795637277997296,0.01335461144157335
pairwise,17,xgb,512,support_query,0,0.0,0.0,-0.012839326964246611,-0.012839326964246611,0.0,0.012839326964246611
pairwise,17,xgb,512,support_query,2,0.00416505300157799,0.0,-0.008674273962668622,-0.012839326964246611,0.00416505300157799,0.012839326964246611
pairwise,17,xgb,512,support_query,4,0.009124471209611795,0.0,-0.003714855754634816,-0.012839326964246611,0.009124471209611795,0.012839326964246611
pairwise,17,xgb,512,support_query,6,0.0035726119539967183,-0.0019308724275178824,-0.007335842582732011,-0.012839326964246611,0.005503484381514601,0.010908454536728729
pairwise,17,xgb,512,support_query,8,0.019714079674843177,0.028349448797335808,-0.021474696086739242,-0.012839326964246611,-0.008635369122492631,0.04118877576158242
pairwise,18,xgb,512,support_query,0,0.0,0.0,-0.00825894264254401,-0.00825894264254401,0.0,0.00825894264254401
pairwise,18,xgb,512,support_query,2,0.030800337416321488,0.015653521068172083,0.006887873705605396,-0.00825894264254401,0.015146816348149406,0.023912463710716092
pairwise,18,xgb,512,support_query,4,0.037483077346213256,0.009452386367240884,0.019771748336428363,-0.00825894264254401,0.028030690978972372,0.017711329009784893
pairwise,18,xgb,512,support_query,6,0.057591697957075194,0.022556126449229885,0.0267766288653013,-0.00825894264254401,0.03503557150784531,0.030815069091773895
pairwise,18,xgb,512,support_query,8,0.04193379528096386,0.022556126449229885,0.011118726189189965,-0.00825894264254401,0.019377668831733974,0.030815069091773895
pairwise,19,xgb,512,support_query,0,0.0,0.0,0.0029085494431252412,0.0029085494431252412,0.0,-0.0029085494431252412
pairwise,19,xgb,512,support_query,2,0.00653516642500207,0.005519914029374684,0.0039238018387526274,0.0029085494431252412,0.0010152523956273862,0.002611364586249443
pairwise,19,xgb,512,support_query,4,0.0033148584824527205,0.005519914029374684,0.0007034938962032777,0.0029085494431252412,-0.0022050555469219635,0.002611364586249443
pairwise,19,xgb,512,support_query,6,0.015840141163134147,0.005519914029374684,0.013228776576884704,0.0029085494431252412,0.010320227133759463,0.002611364586249443
pairwise,19,xgb,512,support_query,8,0.021797011986460002,0.005519914029374684,0.01918564740021056,0.0029085494431252412,0.016277097957085318,0.002611364586249443
sparse,0,xgb,512,support_query,0,0.0,0.0,-0.00801218994575581,-0.00801218994575581,0.0,0.00801218994575581
sparse,0,xgb,512,support_query,2,0.026158660939828438,0.0,0.018146470994072628,-0.00801218994575581,0.026158660939828438,0.00801218994575581
sparse,0,xgb,512,support_query,4,0.03199793923123495,-0.003761232047374774,0.027746981332853915,-0.00801218994575581,0.035759171278609725,0.004250957898381036
sparse,0,xgb,512,support_query,6,0.03045334738758998,0.008708714384495386,0.013732443057338783,-0.00801218994575581,0.021744633003094593,0.016720904330251196
sparse,0,xgb,512,support_query,8,0.028455635618207964,0.008708714384495386,0.011734731287956768,-0.00801218994575581,0.019746921233712578,0.016720904330251196
sparse,1,xgb,512,support_query,0,0.0,0.0,-0.003486179688722002,-0.003486179688722002,0.0,0.003486179688722002
sparse,1,xgb,512,support_query,2,0.027208113900058728,0.0,0.023721934211336726,-0.003486179688722002,0.027208113900058728,0.003486179688722002
sparse,1,xgb,512,support_query,4,0.03701650660860267,0.0,0.03353032691988067,-0.003486179688722002,0.03701650660860267,0.003486179688722002
sparse,1,xgb,512,support_query,6,0.040694970707876865,0.0,0.03720879101915486,-0.003486179688722002,0.040694970707876865,0.003486179688722002
sparse,1,xgb,512,support_query,8,0.044121601872306626,0.013177747355245906,0.02745767482833872,-0.003486179688722002,0.03094385451706072,0.016663927043967908
sparse,2,xgb,512,support_query,0,0.0,0.0,0.0023401474114710386,0.0023401474114710386,0.0,-0.0023401474114710386
sparse,2,xgb,512,support_query,2,0.0023507923161401045,0.0,0.004690939727611143,0.0023401474114710386,0.0023507923161401045,-0.0023401474114710386
sparse,2,xgb,512,support_query,4,0.005823534673757513,0.008951133162775404,-0.0007874510775468524,0.0023401474114710386,-0.003127598489017891,0.006610985751304366
sparse,2,xgb,512,support_query,6,0.0026968098030139,0.008951133162775404,-0.003914175948290466,0.0023401474114710386,-0.0062543233597615044,0.006610985751304366
sparse,2,xgb,512,support_query,8,0.011774405460745152,0.008951133162775404,0.005163419709440786,0.0023401474114710386,0.0028232722979697478,0.006610985751304366
sparse,3,xgb,512,support_query,0,0.0,0.0,0.006940573019687424,0.006940573019687424,0.0,-0.006940573019687424
sparse,3,xgb,512,support_query,2,-0.002939499968574899,0.0,0.004001073051112525,0.006940573019687424,-0.002939499968574899,-0.006940573019687424
sparse,3,xgb,512,support_query,4,0.009649526476226411,0.0,0.016590099495913835,0.006940573019687424,0.009649526476226411,-0.006940573019687424
sparse,3,xgb,512,support_query,6,-0.00808309935538798,0.0,-0.0011425263357005555,0.006940573019687424,-0.00808309935538798,-0.006940573019687424
sparse,3,xgb,512,support_query,8,0.00762813245941496,0.0,0.014568705479102384,0.006940573019687424,0.00762813245941496,-0.006940573019687424
sparse,4,xgb,512,support_query,0,0.0,0.0,-0.013862873408816201,-0.013862873408816201,0.0,0.013862873408816201
sparse,4,xgb,512,support_query,2,0.007169514120208054,-0.009982924716591568,0.0032895654279834208,-0.013862873408816201,0.01715243883679962,0.003879948692224633
sparse,4,xgb,512,support_query,4,0.01840488847707844,-0.007070297909711698,0.011612312977973938,-0.013862873408816201,0.02547518638679014,0.006792575499104503
sparse,4,xgb,512,support_query,6,0.010239228260185529,-0.0094413124078081,0.005817667259177428,-0.013862873408816201,0.01968054066799363,0.004421561001008101
sparse,4,xgb,512,support_query,8,0.026710810664872242,-0.0094413124078081,0.02228924966386414,-0.013862873408816201,0.03615212307268034,0.004421561001008101
sparse,5,xgb,512,support_query,0,0.0,0.0,-0.01494504903566063,-0.01494504903566063,0.0,0.01494504903566063
sparse,5,xgb,512,support_query,2,0.0456611400292497,0.011157689755830646,0.019558401237758427,-0.01494504903566063,0.034503450273419056,0.026102738791491276
sparse,5,xgb,512,support_query,4,0.05528690270887904,-5.2976293041129274e-05,0.04039482996625954,-0.01494504903566063,0.05533987900192017,0.0148920727426195
sparse,5,xgb,512,support_query,6,0.033756750785576495,0.0042423011608783145,0.014569400589037551,-0.01494504903566063,0.02951444962469818,0.019187350196538944
sparse,5,xgb,512,support_query,8,0.045098083327951954,0.004401073503513819,0.025751960788777506,-0.01494504903566063,0.040697009824438135,0.01934612253917445
sparse,6,xgb,512,support_query,0,0.0,0.0,0.011651151730275755,0.011651151730275755,0.0,-0.011651151730275755
sparse,6,xgb,512,support_query,2,-0.0002952582878706922,0.0,0.011355893442405063,0.011651151730275755,-0.0002952582878706922,-0.011651151730275755
sparse,6,xgb,512,support_query,4,0.0030769663263536806,0.0,0.014728118056629436,0.011651151730275755,0.0030769663263536806,-0.011651151730275755
sparse,6,xgb,512,support_query,6,0.007888078506249951,0.006134305980518007,0.0134049242560077,0.011651151730275755,0.0017537725257319448,-0.005516845749757748
sparse,6,xgb,512,support_query,8,0.00976681007900948,0.006134305980518007,0.015283655828767229,0.011651151730275755,0.0036325040984914736,-0.005516845749757748
sparse,7,xgb,512,support_query,0,0.0,0.0,-0.003471865550456754,-0.003471865550456754,0.0,0.003471865550456754
sparse,7,xgb,512,support_query,2,0.007958243398211606,0.02116838219710271,-0.016682004349347856,-0.003471865550456754,-0.013210138798891102,0.024640247747559463
sparse,7,xgb,512,support_query,4,0.026376956928875317,0.018538876074989608,0.004366215303428955,-0.003471865550456754,0.00783808085388571,0.02201074162544636
sparse,7,xgb,512,support_query,6,0.0229648068802194,0.002395182148211772,0.017097759181550876,-0.003471865550456754,0.02056962473200763,0.005867047698668526
sparse,7,xgb,512,support_query,8,0.012141691114889275,0.002395182148211772,0.006274643416220749,-0.003471865550456754,0.009746508966677503,0.005867047698668526
sparse,8,xgb,512,support_query,0,0.0,0.0,0.004149355289384538,0.004149355289384538,0.0,-0.004149355289384538
sparse,8,xgb,512,support_query,2,0.005502735961712912,0.0,0.00965209125109745,0.004149355289384538,0.005502735961712912,-0.004149355289384538
sparse,8,xgb,512,support_query,4,-0.003221022645056859,0.0,0.0009283326443276785,0.004149355289384538,-0.003221022645056859,-0.004149355289384538
sparse,8,xgb,512,support_query,6,-0.011110117001449149,-0.0022238158603606895,-0.004736945851703922,0.004149355289384538,-0.00888630114108846,-0.006373171149745227
sparse,8,xgb,512,support_query,8,-0.0038118748806827973,-0.0022238158603606895,0.0025612962690624297,0.004149355289384538,-0.0015880590203221079,-0.006373171149745227
sparse,9,xgb,512,support_query,0,0.0,0.0,-0.0024773483257671813,-0.0024773483257671813,0.0,0.0024773483257671813
sparse,9,xgb,512,support_query,2,0.02491690418360737,0.0,0.022439555857840188,-0.0024773483257671813,0.02491690418360737,0.0024773483257671813
sparse,9,xgb,512,support_query,4,0.020214334009034163,0.0,0.01773698568326698,-0.0024773483257671813,0.020214334009034163,0.0024773483257671813
sparse,9,xgb,512,support_query,6,0.023140046051406515,0.0,0.020662697725639334,-0.0024773483257671813,0.023140046051406515,0.0024773483257671813
sparse,9,xgb,512,support_query,8,0.02945549610958842,-0.0009407890318557932,0.02791893681567703,-0.0024773483257671813,0.030396285141444213,0.0015365592939113881
sparse,10,xgb,512,support_query,0,0.0,0.0,0.00624948559655103,0.00624948559655103,0.0,-0.00624948559655103
sparse,10,xgb,512,support_query,2,0.008569268637291017,0.0,0.014818754233842046,0.00624948559655103,0.008569268637291017,-0.00624948559655103
sparse,10,xgb,512,support_query,4,-0.009262481394838984,0.011952331432582897,-0.01496532723087085,0.00624948559655103,-0.02121481282742188,0.005702845836031867
sparse,10,xgb,512,support_query,6,-0.00626174333967644,0.02767429476563943,-0.02768655250876484,0.00624948559655103,-0.03393603810531587,0.0214248091690884
sparse,10,xgb,512,support_query,8,-0.000310712353515763,0.02767429476563943,-0.021735521522604162,0.00624948559655103,-0.027985007119155192,0.0214248091690884
sparse,11,xgb,512,support_query,0,0.0,0.0,0.00745528999927092,0.00745528999927092,0.0,-0.00745528999927092
sparse,11,xgb,512,support_query,2,0.034846044679458954,0.0,0.042301334678729874,0.00745528999927092,0.034846044679458954,-0.00745528999927092
sparse,11,xgb,512,support_query,4,0.02395531258099315,-0.012962437540630423,0.04437304012089449,0.00745528999927092,0.03691775012162357,-0.020417727539901342
sparse,11,xgb,512,support_query,6,0.026919334255343763,-0.009628973020761822,0.044003597275376505,0.00745528999927092,0.036548307276105585,-0.01708426302003274
sparse,11,xgb,512,support_query,8,0.014283240948363862,-0.005802320563012109,0.02754085151064689,0.00745528999927092,0.02008556151137597,-0.013257610562283029
sparse,12,xgb,512,support_query,0,0.0,0.0,-0.02039504126930214,-0.02039504126930214,0.0,0.02039504126930214
sparse,12,xgb,512,support_query,2,0.030398247777047693,0.0,0.010003206507745555,-0.02039504126930214,0.030398247777047693,0.02039504126930214
sparse,12,xgb,512,support_query,4,0.0609856441958776,0.007504101572014643,0.033086501354560816,-0.02039504126930214,0.053481542623862954,0.027899142841316782
sparse,12,xgb,512,support_query,6,0.06757145515781848,0.005767514584447353,0.04140889930406899,-0.02039504126930214,0.06180394057337113,0.026162555853749492
sparse,12,xgb,512,support_query,8,0.06729897339452373,0.005767514584447353,0.04113641754077424,-0.02039504126930214,0.06153145881007638,0.026162555853749492
sparse,13,xgb,512,support_query,0,0.0,0.0,0.0003113649701559362,0.0003113649701559362,0.0,-0.0003113649701559362
sparse,13,xgb,512,support_query,2,0.002565121625918043,0.0,0.0028764865960739794,0.0003113649701559362,0.002565121625918043,-0.0003113649701559362
sparse,13,xgb,512,support_query,4,0.039328263291492194,0.0,0.03963962826164813,0.0003113649701559362,0.039328263291492194,-0.0003113649701559362
sparse,13,xgb,512,support_query,6,0.039424798301323394,0.00606183498915025,0.03367432828232908,0.0003113649701559362,0.033362963312173144,0.005750470018994314
sparse,13,xgb,512,support_query,8,0.03718497188876724,0.00606183498915025,0.031434501869772924,0.0003113649701559362,0.031123136899616988,0.005750470018994314
sparse,14,xgb,512,support_query,0,0.0,0.0,-0.010752688660727538,-0.010752688660727538,0.0,0.010752688660727538
sparse,14,xgb,512,support_query,2,0.009967747211641953,0.0,-0.0007849414490855855,-0.010752688660727538,0.009967747211641953,0.010752688660727538
sparse,14,xgb,512,support_query,4,0.016979143482317105,-0.0025626073819685624,0.008789062203558129,-0.010752688660727538,0.019541750864285667,0.008190081278758976
sparse,14,xgb,512,support_query,6,0.033739546073719096,0.03475929870590344,-0.011772441292911884,-0.010752688660727538,-0.0010197526321843453,0.04551198736663098
sparse,14,xgb,512,support_query,8,0.03538769096937633,0.03475929870590344,-0.01012429639725465,-0.010752688660727538,0.0006283922634728878,0.04551198736663098
sparse,15,xgb,512,support_query,0,0.0,0.0,-0.01274702416527862,-0.01274702416527862,0.0,0.01274702416527862
sparse,15,xgb,512,support_query,2,0.019568469504694375,-0.002263364085615116,0.00908480942503087,-0.01274702416527862,0.02183183359030949,0.010483660079663504
sparse,15,xgb,512,support_query,4,0.01511159220327385,-0.007913303190082432,0.010277871228077662,-0.01274702416527862,0.02302489539335628,0.004833720975196187
sparse,15,xgb,512,support_query,6,0.023896558969683457,0.009382855273987079,0.0017666795304177585,-0.01274702416527862,0.014513703695696378,0.0221298794392657
sparse,15,xgb,512,support_query,8,0.014191535623137685,0.006007465055853367,-0.0045629535979943014,-0.01274702416527862,0.008184070567284318,0.018754489221131987
sparse,16,xgb,512,support_query,0,0.0,0.0,-0.009373524146501389,-0.009373524146501389,0.0,0.009373524146501389
sparse,16,xgb,512,support_query,2,0.025278978524819196,0.0,0.015905454378317807,-0.009373524146501389,0.025278978524819196,0.009373524146501389
sparse,16,xgb,512,support_query,4,0.02352257044900763,0.02917104427855899,-0.015021997976052748,-0.009373524146501389,-0.005648473829551359,0.03854456842506038
sparse,16,xgb,512,support_query,6,0.02368953632140902,0.02917104427855899,-0.014855032103651356,-0.009373524146501389,-0.005481507957149967,0.03854456842506038
sparse,16,xgb,512,support_query,8,0.03093405444790065,0.02917104427855899,-0.0076105139771597274,-0.009373524146501389,0.001763010169341661,0.03854456842506038
sparse,17,xgb,512,support_query,0,0.0,0.0,-0.012494597256371698,-0.012494597256371698,0.0,0.012494597256371698
sparse,17,xgb,512,support_query,2,0.025531037439402993,0.002320859390260832,0.010715580792770463,-0.012494597256371698,0.02321017804914216,0.01481545664663253
sparse,17,xgb,512,support_query,4,0.025209256452875084,0.002320859390260832,0.010393799806242554,-0.012494597256371698,0.022888397062614252,0.01481545664663253
sparse,17,xgb,512,support_query,6,0.03479906539774147,0.002320859390260832,0.01998360875110894,-0.012494597256371698,0.03247820600748064,0.01481545664663253
sparse,17,xgb,512,support_query,8,0.045240604254862316,0.008248043640778135,0.024497963357712482,-0.012494597256371698,0.03699256061408418,0.020742640897149833
sparse,18,xgb,512,support_query,0,0.0,0.0,-0.023574699787565434,-0.023574699787565434,0.0,0.023574699787565434
sparse,18,xgb,512,support_query,2,0.013037286099703116,0.0,-0.010537413687862318,-0.023574699787565434,0.013037286099703116,0.023574699787565434
sparse,18,xgb,512,support_query,4,0.03942050251969487,0.0,0.015845802732129433,-0.023574699787565434,0.03942050251969487,0.023574699787565434
sparse,18,xgb,512,support_query,6,0.03890463760922458,0.0,0.015329937821659145,-0.023574699787565434,0.03890463760922458,0.023574699787565434
sparse,18,xgb,512,support_query,8,0.0547632215393099,0.0,0.03118852175174447,-0.023574699787565434,0.0547632215393099,0.023574699787565434
sparse,19,xgb,512,support_query,0,0.0,0.0,-0.01089447220038331,-0.01089447220038331,0.0,0.01089447220038331
sparse,19,xgb,512,support_query,2,0.026055178350802066,0.010428573352462278,0.004732132797956479,-0.01089447220038331,0.015626604998339788,0.021323045552845588
sparse,19,xgb,512,support_query,4,0.022491429385906092,0.010428573352462278,0.0011683838330605045,-0.01089447220038331,0.012062856033443814,0.021323045552845588
sparse,19,xgb,512,support_query,6,0.03733411136727949,0.010428573352462278,0.0160110658144339,-0.01089447220038331,0.02690553801481721,0.021323045552845588
sparse,19,xgb,512,support_query,8,0.056858130433846577,0.010428573352462278,0.03553508488100099,-0.01089447220038331,0.0464295570813843,0.021323045552845588
additive,0,histgb,32,support_only,0,0.0,0.0,-0.04701215861272712,-0.04701215861272712,0.0,0.04701215861272712
additive,0,histgb,32,support_only,2,0.004518236725979952,0.003919366653244549,-0.046413288539991715,-0.04701215861272712,0.0005988700727354024,0.05093152526597167
additive,0,histgb,32,support_only,4,0.08987597276281423,0.06942826313778094,-0.026564448987693834,-0.04701215861272712,0.020447709625033283,0.11644042175050806
additive,0,histgb,32,support_only,6,0.15802369405658512,0.06278150741497401,0.04823002802888399,-0.04701215861272712,0.0952421866416111,0.10979366602770113
additive,0,histgb,32,support_only,8,0.2839865618462053,0.26399950544476414,-0.027025102211285956,-0.04701215861272712,0.01998705640144116,0.31101166405749125
additive,1,histgb,32,support_only,0,0.0,0.0,-0.033151418037038805,-0.033151418037038805,0.0,0.033151418037038805
additive,1,histgb,32,support_only,2,0.26476208139197,0.2343635014280646,-0.0027528380731334234,-0.033151418037038805,0.03039857996390538,0.2675149194651034
additive,1,histgb,32,support_only,4,0.2393320755911985,0.34731718190684313,-0.14113652435268342,-0.033151418037038805,-0.10798510631564462,0.38046859994388194
additive,1,histgb,32,support_only,6,0.29696976830148714,0.34731718190684313,-0.0834988316423948,-0.033151418037038805,-0.050347413605355995,0.38046859994388194
additive,1,histgb,32,support_only,8,0.21982737612502756,0.34731718190684313,-0.16064122381885437,-0.033151418037038805,-0.12748980578181557,0.38046859994388194
additive,2,histgb,32,support_only,0,0.0,0.0,-0.020025163753988107,-0.020025163753988107,0.0,0.020025163753988107
additive,2,histgb,32,support_only,2,0.046951744226985115,0.04334554607560115,-0.01641896560260414,-0.020025163753988107,0.003606198151383966,0.06337070982958926
additive,2,histgb,32,support_only,4,0.03017613087374038,0.04168105506742903,-0.031530087947676755,-0.020025163753988107,-0.011504924193688648,0.061706218821417136
additive,2,histgb,32,support_only,6,0.09002390177469888,0.05384249409881092,0.01615624392189985,-0.020025163753988107,0.036181407675887955,0.07386765785279903
additive,2,histgb,32,support_only,8,0.1783648828299187,0.05384249409881092,0.10449722497711966,-0.020025163753988107,0.12452238873110777,0.07386765785279903
additive,3,histgb,32,support_only,0,0.0,0.0,-0.054754663154587435,-0.054754663154587435,0.0,0.054754663154587435
additive,3,histgb,32,support_only,2,0.14975146847429355,0.0,0.09499680531970611,-0.054754663154587435,0.14975146847429355,0.054754663154587435
additive,3,histgb,32,support_only,4,0.16879130251651508,0.0012889533204222259,0.11274768604150542,-0.054754663154587435,0.16750234919609286,0.05604361647500966
additive,3,histgb,32,support_only,6,0.1747475712650043,0.0012889533204222259,0.11870395478999463,-0.054754663154587435,0.17345861794458206,0.05604361647500966
additive,3,histgb,32,support_only,8,0.17718070897221705,0.33119336595621174,-0.20876732013858212,-0.054754663154587435,-0.1540126569839947,0.3859480291107992
additive,4,histgb,32,support_only,0,0.0,0.0,0.012243985358656118,0.012243985358656118,0.0,-0.012243985358656118
additive,4,histgb,32,support_only,2,0.1814315891853976,0.19145514174645362,0.0022204327976000915,0.012243985358656118,-0.010023552561056026,0.1792111563877975
additive,4,histgb,32,support_only,4,0.2989552993670216,0.1863166023812718,0.12488268234440592,0.012243985358656118,0.1126386969857498,0.17407261702261567
additive,4,histgb,32,support_only,6,0.16304281223639217,0.1863166023812718,-0.011029804786223507,0.012243985358656118,-0.023273790144879625,0.17407261702261567
additive,4,histgb,32,support_only,8,0.12730642237363043,0.1898654054390675,-0.05031499770678094,0.012243985358656118,-0.06255898306543706,0.17762142008041137
additive,5,histgb,32,support_only,0,0.0,0.0,-0.031025636262593803,-0.031025636262593803,0.0,0.031025636262593803
additive,5,histgb,32,support_only,2,0.12802801768475702,0.0,0.09700238142216322,-0.031025636262593803,0.12802801768475702,0.031025636262593803
additive,5,histgb,32,support_only,4,0.08459683204665469,0.00012852954222486446,0.05344266624183602,-0.031025636262593803,0.08446830250442983,0.031154165804818668
additive,5,histgb,32,support_only,6,0.15241406766109566,0.21053390880367195,-0.08914547740517009,-0.031025636262593803,-0.05811984114257629,0.24155954506626576
additive,5,histgb,32,support_only,8,0.2128980660865457,0.3738189229508311,-0.19194649312687917,-0.031025636262593803,-0.16092085686428537,0.4048445592134249
additive,6,histgb,32,support_only,0,0.0,0.0,-0.07025935092786262,-0.07025935092786262,0.0,0.07025935092786262
additive,6,histgb,32,support_only,2,0.20513488561655657,0.0,0.13487553468869395,-0.07025935092786262,0.20513488561655657,0.07025935092786262
additive,6,histgb,32,support_only,4,0.27262347725894476,-0.0026717582157421704,0.2050358845468243,-0.07025935092786262,0.27529523547468693,0.06758759271212045
additive,6,histgb,32,support_only,6,0.21318611718415803,-0.0026717582157421704,0.14559852447203758,-0.07025935092786262,0.2158578753999002,0.06758759271212045
additive,6,histgb,32,support_only,8,0.24635487125988453,0.09450627954079505,0.08158924079122687,-0.07025935092786262,0.1518485917190895,0.16476563046865766
additive,7,histgb,32,support_only,0,0.0,0.0,-0.006574187412996868,-0.006574187412996868,0.0,0.006574187412996868
additive,7,histgb,32,support_only,2,0.1513041104264854,0.16259262015980258,-0.017862697146314055,-0.006574187412996868,-0.011288509733317187,0.16916680757279945
additive,7,histgb,32,support_only,4,0.28359861137549236,0.3363523310288057,-0.05932790706631019,-0.006574187412996868,-0.052753719653313325,0.34292651844180255
additive,7,histgb,32,support_only,6,0.23801968483664038,0.31250237048748963,-0.08105687306384612,-0.006574187412996868,-0.07448268565084926,0.3190765579004865
additive,7,histgb,32,support_only,8,0.3529860150709955,0.3708051049839858,-0.024393277325987173,-0.006574187412996868,-0.017819089912990305,0.37737929239698265
additive,8,histgb,32,support_only,0,0.0,0.0,-0.02118844020685895,-0.02118844020685895,0.0,0.02118844020685895
additive,8,histgb,32,support_only,2,0.04365325487270455,0.0,0.0224648146658456,-0.02118844020685895,0.04365325487270455,0.02118844020685895
additive,8,histgb,32,support_only,4,0.08678480043314074,0.3264522603347121,-0.2608559001084303,-0.02118844020685895,-0.23966745990157134,0.34764070054157103
additive,8,histgb,32,support_only,6,0.2012590989160633,0.7573942649699691,-0.5773236062607647,-0.02118844020685895,-0.5561351660539058,0.778582705176828
additive,8,histgb,32,support_only,8,0.21608948802965233,0.7573942649699691,-0.5624932171471757,-0.02118844020685895,-0.5413047769403168,0.778582705176828
additive,9,histgb,32,support_only,0,0.0,0.0,-0.01320301106184174,-0.01320301106184174,0.0,0.01320301106184174
additive,9,histgb,32,support_only,2,0.13714185974342974,0.2646831110353932,-0.14074426235380522,-0.01320301106184174,-0.12754125129196348,0.27788612209723496
additive,9,histgb,32,support_only,4,0.1555584290712616,0.2646831110353932,-0.12232769302597335,-0.01320301106184174,-0.10912468196413161,0.27788612209723496
additive,9,histgb,32,support_only,6,0.18873638383977376,0.376565014650179,-0.20103164187224698,-0.01320301106184174,-0.18782863081040524,0.38976802571202074
additive,9,histgb,32,support_only,8,0.18587909044128503,0.38082719338104487,-0.20815111400160158,-0.01320301106184174,-0.19494810293975984,0.3940302044428866
additive,10,histgb,32,support_only,0,0.0,0.0,-0.02628604525187128,-0.02628604525187128,0.0,0.02628604525187128
additive,10,histgb,32,support_only,2,0.0263547307751264,0.009296560777020235,-0.009227875253765117,-0.02628604525187128,0.017058169998106165,0.03558260602889152
additive,10,histgb,32,support_only,4,0.09575013279880396,0.009296560777020235,0.06016752676991244,-0.02628604525187128,0.08645357202178372,0.03558260602889152
additive,10,histgb,32,support_only,6,0.21187186326034846,0.18460679757186405,0.0009790204366131317,-0.02628604525187128,0.027265065688484413,0.21089284282373533
additive,10,histgb,32,support_only,8,0.27602299351773374,0.5005423085239247,-0.2508053602580622,-0.02628604525187128,-0.22451931500619093,0.526828353775796
additive,11,histgb,32,support_only,0,0.0,0.0,-0.07354787376738015,-0.07354787376738015,0.0,0.07354787376738015
additive,11,histgb,32,support_only,2,0.09881618568677641,0.0,0.02526831191939627,-0.07354787376738015,0.09881618568677641,0.07354787376738015
additive,11,histgb,32,support_only,4,0.1895053528658085,0.0,0.11595747909842835,-0.07354787376738015,0.1895053528658085,0.07354787376738015
additive,11,histgb,32,support_only,6,0.17727124450117726,0.0,0.10372337073379712,-0.07354787376738015,0.17727124450117726,0.07354787376738015
additive,11,histgb,32,support_only,8,0.28842739443360854,0.08229232063013714,0.13258720003609126,-0.07354787376738015,0.2061350738034714,0.15584019439751728
additive,12,histgb,32,support_only,0,0.0,0.0,-0.04565411178829759,-0.04565411178829759,0.0,0.04565411178829759
additive,12,histgb,32,support_only,2,0.10426493851453134,0.0,0.058610826726233745,-0.04565411178829759,0.10426493851453134,0.04565411178829759
additive,12,histgb,32,support_only,4,0.12205441259965688,-0.00013181709808152142,0.07653211790944081,-0.04565411178829759,0.1221862296977384,0.04552229469021607
additive,12,histgb,32,support_only,6,0.166067931311625,0.09152506911552094,0.028888750407806474,-0.04565411178829759,0.07454286219610406,0.13717918090381853
additive,12,histgb,32,support_only,8,0.2649512415228509,0.31945366680830223,-0.10015653707374894,-0.04565411178829759,-0.05450242528545135,0.3651077785965998
additive,13,histgb,32,support_only,0,0.0,0.0,-0.01508655780594037,-0.01508655780594037,0.0,0.01508655780594037
additive,13,histgb,32,support_only,2,0.12293660440714249,0.0,0.10785004660120212,-0.01508655780594037,0.12293660440714249,0.01508655780594037
additive,13,histgb,32,support_only,4,0.0993094837202182,0.00344365323007223,0.0807792726842056,-0.01508655780594037,0.09586583049014596,0.0185302110360126
additive,13,histgb,32,support_only,6,0.3411369184244588,0.00344365323007223,0.3226067073884462,-0.01508655780594037,0.3376932651943866,0.0185302110360126
additive,13,histgb,32,support_only,8,0.3734925053129543,0.1017750581747855,0.25663088933222844,-0.01508655780594037,0.2717174471381688,0.11686161598072586
additive,14,histgb,32,support_only,0,0.0,0.0,-0.047247969051263605,-0.047247969051263605,0.0,0.047247969051263605
additive,14,histgb,32,support_only,2,0.2545598867674468,0.24835251362912092,-0.04104059591293774,-0.047247969051263605,0.006207373138325867,0.2956004826803845
additive,14,histgb,32,support_only,4,0.3170020888512175,0.24835251362912092,0.021401606170832976,-0.047247969051263605,0.06864957522209658,0.2956004826803845
additive,14,histgb,32,support_only,6,0.45109976102234706,0.2796605088825804,0.12419128308850302,-0.047247969051263605,0.17143925213976663,0.32690847793384403
additive,14,histgb,32,support_only,8,0.37785894185928215,0.2796605088825804,0.050950463925438116,-0.047247969051263605,0.09819843297670172,0.32690847793384403
additive,15,histgb,32,support_only,0,0.0,0.0,-0.054432407646440084,-0.054432407646440084,0.0,0.054432407646440084
additive,15,histgb,32,support_only,2,0.11696090221689337,0.0,0.06252849457045329,-0.054432407646440084,0.11696090221689337,0.054432407646440084
additive,15,histgb,32,support_only,4,0.22538675014820375,0.1645416890917729,0.006412653409990754,-0.054432407646440084,0.06084506105643084,0.218974096738213
additive,15,histgb,32,support_only,6,0.2788707845554934,0.21770957775240174,0.006728799156651588,-0.054432407646440084,0.06116120680309167,0.2721419853988418
additive,15,histgb,32,support_only,8,0.28393148084321296,0.21770957775240174,0.011789495444371134,-0.054432407646440084,0.06622190309081122,0.2721419853988418
additive,16,histgb,32,support_only,0,0.0,0.0,-0.07789240964215816,-0.07789240964215816,0.0,0.07789240964215816
additive,16,histgb,32,support_only,2,0.020947731666267178,0.0,-0.05694467797589098,-0.07789240964215816,0.020947731666267178,0.07789240964215816
additive,16,histgb,32,support_only,4,0.09397549905403046,0.0,0.01608308941187231,-0.07789240964215816,0.09397549905403046,0.07789240964215816
additive,16,histgb,32,support_only,6,0.11758477566852732,0.005303401029230659,0.034388964997138505,-0.07789240964215816,0.11228137463929666,0.08319581067138881
additive,16,histgb,32,support_only,8,0.2036741015827067,0.005303401029230659,0.1204782909113179,-0.07789240964215816,0.19837070055347605,0.08319581067138881
additive,17,histgb,32,support_only,0,0.0,0.0,-0.03152021383249881,-0.03152021383249881,0.0,0.03152021383249881
additive,17,histgb,32,support_only,2,0.14857002740772585,0.17400999906156134,-0.0569601854863343,-0.03152021383249881,-0.02543997165383549,0.20553021289406015
additive,17,histgb,32,support_only,4,0.2739501487029996,0.15708130875531112,0.08534862611518967,-0.03152021383249881,0.11686883994768849,0.18860152258780993
additive,17,histgb,32,support_only,6,0.19384274547285152,0.15708130875531112,0.005241222885041585,-0.03152021383249881,0.0367614367175404,0.18860152258780993
additive,17,histgb,32,support_only,8,0.28365784374912895,0.4018389175697086,-0.14970128765307844,-0.03152021383249881,-0.11818107382057963,0.4333591314022074
additive,18,histgb,32,support_only,0,0.0,0.0,-0.15912672351637402,-0.15912672351637402,0.0,0.15912672351637402
additive,18,histgb,32,support_only,2,0.3163963995656702,0.0,0.1572696760492962,-0.15912672351637402,0.3163963995656702,0.15912672351637402
additive,18,histgb,32,support_only,4,0.4008987183184731,0.324601342361841,-0.08282934755974192,-0.15912672351637402,0.07629737595663211,0.48372806587821504
additive,18,histgb,32,support_only,6,0.374221216458283,0.35599899269604496,-0.140904499754136,-0.15912672351637402,0.018222223762238032,0.515125716212419
additive,18,histgb,32,support_only,8,0.41101080683937896,0.5051839426233771,-0.25329985930037213,-0.15912672351637402,-0.09417313578399811,0.6643106661397511
additive,19,histgb,32,support_only,0,0.0,0.0,-0.056861585679840565,-0.056861585679840565,0.0,0.056861585679840565
additive,19,histgb,32,support_only,2,0.004917852874849249,-0.016727640781408648,-0.03521609202358267,-0.056861585679840565,0.021645493656257897,0.04013394489843192
additive,19,histgb,32,support_only,4,0.0965832508941683,-0.016727640781408648,0.05644930599573639,-0.056861585679840565,0.11331089167557695,0.04013394489843192
additive,19,histgb,32,support_only,6,0.08321513962025584,-0.016727640781408648,0.04308119472182392,-0.056861585679840565,0.09994278040166449,0.04013394489843192
additive,19,histgb,32,support_only,8,0.1836873778517264,-0.016727640781408648,0.14355343295329448,-0.056861585679840565,0.20041501863313504,0.04013394489843192
pairwise,0,histgb,32,support_only,0,0.0,0.0,-0.08337492581901373,-0.08337492581901373,0.0,0.08337492581901373
pairwise,0,histgb,32,support_only,2,0.05117946856841693,0.0,-0.032195457250596804,-0.08337492581901373,0.05117946856841693,0.08337492581901373
pairwise,0,histgb,32,support_only,4,0.08528019363183303,0.0,0.0019052678128193001,-0.08337492581901373,0.08528019363183303,0.08337492581901373
pairwise,0,histgb,32,support_only,6,0.22688915055448755,0.0,0.14351422473547382,-0.08337492581901373,0.22688915055448755,0.08337492581901373
pairwise,0,histgb,32,support_only,8,0.2822809836988144,0.0914283665465957,0.10747769133320495,-0.08337492581901373,0.19085261715221868,0.17480329236560943
pairwise,1,histgb,32,support_only,0,0.0,0.0,-0.029932887618488002,-0.029932887618488002,0.0,0.029932887618488002
pairwise,1,histgb,32,support_only,2,0.031771642375847176,0.0,0.0018387547573591734,-0.029932887618488002,0.031771642375847176,0.029932887618488002
pairwise,1,histgb,32,support_only,4,0.05814890965710695,-0.00017494870687173592,0.028390970745490685,-0.029932887618488002,0.05832385836397869,0.029757938911616266
pairwise,1,histgb,32,support_only,6,0.10928102040553478,-0.00017494870687173592,0.07952308149391851,-0.029932887618488002,0.10945596911240651,0.029757938911616266
pairwise,1,histgb,32,support_only,8,0.18729309336441868,0.08687036100489165,0.07048984474103903,-0.029932887618488002,0.10042273235952703,0.11680324862337965
pairwise,2,histgb,32,support_only,0,0.0,0.0,-0.0698120820703978,-0.0698120820703978,0.0,0.0698120820703978
pairwise,2,histgb,32,support_only,2,0.016685557406408313,0.0,-0.05312652466398948,-0.0698120820703978,0.016685557406408313,0.0698120820703978
pairwise,2,histgb,32,support_only,4,0.24006084416763318,0.0,0.17024876209723538,-0.0698120820703978,0.24006084416763318,0.0698120820703978
pairwise,2,histgb,32,support_only,6,0.37243696762745604,0.07580857903734417,0.22681630651971407,-0.0698120820703978,0.29662838859011187,0.14562066110774197
pairwise,2,histgb,32,support_only,8,0.5535582718191386,0.07580857903734417,0.40793761071139667,-0.0698120820703978,0.47774969278179447,0.14562066110774197
pairwise,3,histgb,32,support_only,0,0.0,0.0,-0.042062743557897964,-0.042062743557897964,0.0,0.042062743557897964
pairwise,3,histgb,32,support_only,2,0.01414753460198881,0.0,-0.027915208955909154,-0.042062743557897964,0.01414753460198881,0.042062743557897964
pairwise,3,histgb,32,support_only,4,0.020785125892335277,0.0,-0.021277617665562687,-0.042062743557897964,0.020785125892335277,0.042062743557897964
pairwise,3,histgb,32,support_only,6,0.07356381547709312,0.13350900081323902,-0.10200792889404386,-0.042062743557897964,-0.0599451853361459,0.17557174437113698
pairwise,3,histgb,32,support_only,8,0.22329463056144372,0.4977991452914855,-0.31656725828793975,-0.042062743557897964,-0.2745045147300418,0.5398618888493835
pairwise,4,histgb,32,support_only,0,0.0,0.0,-0.0748941859671618,-0.0748941859671618,0.0,0.0748941859671618
pairwise,4,histgb,32,support_only,2,0.21649773683551377,0.13033489376183494,0.011268657106517033,-0.0748941859671618,0.08616284307367883,0.20522907972899673
pairwise,4,histgb,32,support_only,4,0.280846331434772,0.3022560772603672,-0.09630393179275698,-0.0748941859671618,-0.021409745825595183,0.377150263227529
pairwise,4,histgb,32,support_only,6,0.28445455097766503,0.30649416762278425,-0.09693380261228102,-0.0748941859671618,-0.02203961664511922,0.38138835358994605
pairwise,4,histgb,32,support_only,8,0.2836273648461145,0.30649416762278425,-0.09776098874383155,-0.0748941859671618,-0.022866802776669748,0.38138835358994605
pairwise,5,histgb,32,support_only,0,0.0,0.0,-0.0006628884137999114,-0.0006628884137999114,0.0,0.0006628884137999114
pairwise,5,histgb,32,support_only,2,0.05331100336388117,0.1600320488322996,-0.10738393388221834,-0.0006628884137999114,-0.10672104546841843,0.1606949372460995
pairwise,5,histgb,32,support_only,4,0.10019955602789932,0.1600320488322996,-0.060495381218200195,-0.0006628884137999114,-0.059832492804400284,0.1606949372460995
pairwise,5,histgb,32,support_only,6,0.11979194414351602,0.1600320488322996,-0.040902993102583496,-0.0006628884137999114,-0.040240104688783584,0.1606949372460995
pairwise,5,histgb,32,support_only,8,0.12331921979064941,0.1600320488322996,-0.0373757174554501,-0.0006628884137999114,-0.036712829041650186,0.1606949372460995
pairwise,6,histgb,32,support_only,0,0.0,0.0,-0.06798577909859882,-0.06798577909859882,0.0,0.06798577909859882
pairwise,6,histgb,32,support_only,2,0.04155745253338283,0.05129675955826041,-0.0777250861234764,-0.06798577909859882,-0.009739307024877575,0.11928253865685923
pairwise,6,histgb,32,support_only,4,0.14865428600959518,0.2684433506710068,-0.1877748437600104,-0.06798577909859882,-0.11978906466141159,0.3364291297696056
pairwise,6,histgb,32,support_only,6,0.1354465610667619,0.2682677895526201,-0.20080700758445702,-0.06798577909859882,-0.1328212284858582,0.3362535686512189
pairwise,6,histgb,32,support_only,8,0.24419127218919812,0.2682677895526201,-0.0920622964620208,-0.06798577909859882,-0.02407651736342198,0.3362535686512189
pairwise,7,histgb,32,support_only,0,0.0,0.0,-0.014060881343462395,-0.014060881343462395,0.0,0.014060881343462395
pairwise,7,histgb,32,support_only,2,0.18352699908655967,0.2278281583169416,-0.05836204057384431,-0.014060881343462395,-0.044301159230381915,0.24188903966040398
pairwise,7,histgb,32,support_only,4,0.2437312879369007,0.2278281583169416,0.0018422482764967052,-0.014060881343462395,0.0159031296199591,0.24188903966040398
pairwise,7,histgb,32,support_only,6,0.4834120640987616,0.2278281583169416,0.2415230244383576,-0.014060881343462395,0.25558390578182,0.24188903966040398
pairwise,7,histgb,32,support_only,8,0.49150656717649444,0.2324855584313975,0.24496012740163453,-0.014060881343462395,0.2590210087450969,0.2465464397748599
pairwise,8,histgb,32,support_only,0,0.0,0.0,-0.07475050704784658,-0.07475050704784658,0.0,0.07475050704784658
pairwise,8,histgb,32,support_only,2,0.061957370218385766,0.0,-0.012793136829460816,-0.07475050704784658,0.061957370218385766,0.07475050704784658
pairwise,8,histgb,32,support_only,4,0.147400741945928,0.0,0.07265023489808142,-0.07475050704784658,0.147400741945928,0.07475050704784658
pairwise,8,histgb,32,support_only,6,0.1468568551997026,0.0,0.07210634815185601,-0.07475050704784658,0.1468568551997026,0.07475050704784658
pairwise,8,histgb,32,support_only,8,0.2068550120843503,0.0,0.13210450503650373,-0.07475050704784658,0.2068550120843503,0.07475050704784658
pairwise,9,histgb,32,support_only,0,0.0,0.0,-0.09079357535798704,-0.09079357535798704,0.0,0.09079357535798704
pairwise,9,histgb,32,support_only,2,0.017928848037149336,0.0,-0.07286472732083771,-0.09079357535798704,0.017928848037149336,0.09079357535798704
pairwise,9,histgb,32,support_only,4,0.12590923407379906,-0.007744911517444164,0.04286057023325618,-0.09079357535798704,0.13365414559124322,0.08304866384054288
pairwise,9,histgb,32,support_only,6,0.12785357482724702,-0.007744911517444164,0.04480491098670414,-0.09079357535798704,0.13559848634469118,0.08304866384054288
pairwise,9,histgb,32,support_only,8,0.2614797749545542,0.12641020080927245,0.04427599878729471,-0.09079357535798704,0.13506957414528176,0.2172037761672595
pairwise,10,histgb,32,support_only,0,0.0,0.0,-0.07359272200633071,-0.07359272200633071,0.0,0.07359272200633071
pairwise,10,histgb,32,support_only,2,0.10193731603069289,0.12526602556071076,-0.09692143153634858,-0.07359272200633071,-0.023328709530017866,0.19885874756704147
pairwise,10,histgb,32,support_only,4,0.09338705212430631,0.12857056023106106,-0.10877623011308546,-0.07359272200633071,-0.035183508106754746,0.20216328223739177
pairwise,10,histgb,32,support_only,6,0.06264672758256629,0.12857056023106106,-0.1395165546548255,-0.07359272200633071,-0.06592383264849477,0.20216328223739177
pairwise,10,histgb,32,support_only,8,0.17018460924686174,0.3030288436927149,-0.20643695645218385,-0.07359272200633071,-0.13284423444585314,0.3766215656990456
pairwise,11,histgb,32,support_only,0,0.0,0.0,-0.028214668703681722,-0.028214668703681722,0.0,0.028214668703681722
pairwise,11,histgb,32,support_only,2,0.18024501420419392,0.05676511645116045,0.09526522904935175,-0.028214668703681722,0.12347989775303347,0.08497978515484217
pairwise,11,histgb,32,support_only,4,0.2441942440504249,0.05676511645116045,0.15921445889558272,-0.028214668703681722,0.18742912759926444,0.08497978515484217
pairwise,11,histgb,32,support_only,6,0.3206481345737834,0.05676511645116045,0.23566834941894121,-0.028214668703681722,0.26388301812262294,0.08497978515484217
pairwise,11,histgb,32,support_only,8,0.4003500885076652,0.05590063684526991,0.31623478295871355,-0.028214668703681722,0.34444945166239527,0.08411530554895164
pairwise,12,histgb,32,support_only,0,0.0,0.0,-0.04415988383732006,-0.04415988383732006,0.0,0.04415988383732006
pairwise,12,histgb,32,support_only,2,0.05347876446787425,0.008531776496670918,0.0007871041338832763,-0.04415988383732006,0.044946987971203334,0.052691660333990975
pairwise,12,histgb,32,support_only,4,0.13990099318253324,0.12981560691862415,-0.03407449757341097,-0.04415988383732006,0.01008538626390909,0.1739754907559442
pairwise,12,histgb,32,support_only,6,0.30128761551793193,0.24969317066289387,0.007434561017718,-0.04415988383732006,0.05159444485503806,0.29385305450021393
pairwise,12,histgb,32,support_only,8,0.353132010663333,0.24969317066289387,0.05927895616311907,-0.04415988383732006,0.10343884000043913,0.29385305450021393
pairwise,13,histgb,32,support_only,0,0.0,0.0,-0.018346095927618933,-0.018346095927618933,0.0,0.018346095927618933
pairwise,13,histgb,32,support_only,2,0.10797035537899446,0.0,0.08962425945137553,-0.018346095927618933,0.10797035537899446,0.018346095927618933
pairwise,13,histgb,32,support_only,4,0.08122813801391249,0.0,0.06288204208629355,-0.018346095927618933,0.08122813801391249,0.018346095927618933
pairwise,13,histgb,32,support_only,6,0.03609070857408603,0.006081599819361627,0.011663012827105468,-0.018346095927618933,0.0300091087547244,0.02442769574698056
pairwise,13,histgb,32,support_only,8,0.08548181852920855,0.006081599819361627,0.06105412278222799,-0.018346095927618933,0.07940021870984693,0.02442769574698056
pairwise,14,histgb,32,support_only,0,0.0,0.0,-0.0062349829996425354,-0.0062349829996425354,0.0,0.0062349829996425354
pairwise,14,histgb,32,support_only,2,0.04467400308822633,0.0,0.0384390200885838,-0.0062349829996425354,0.04467400308822633,0.0062349829996425354
pairwise,14,histgb,32,support_only,4,0.08662236520197752,0.0,0.08038738220233499,-0.0062349829996425354,0.08662236520197752,0.0062349829996425354
pairwise,14,histgb,32,support_only,6,0.12477780868938615,0.0,0.11854282568974361,-0.0062349829996425354,0.12477780868938615,0.0062349829996425354
pairwise,14,histgb,32,support_only,8,0.20244683045666156,0.0,0.19621184745701903,-0.0062349829996425354,0.20244683045666156,0.0062349829996425354
pairwise,15,histgb,32,support_only,0,0.0,0.0,0.004123013099687878,0.004123013099687878,0.0,-0.004123013099687878
pairwise,15,histgb,32,support_only,2,0.1706007208897291,0.15875415304341722,0.015969580945999762,0.004123013099687878,0.011846567846311884,0.15463113994372935
pairwise,15,histgb,32,support_only,4,0.47061312582467596,0.5818475006200081,-0.10711136169564428,0.004123013099687878,-0.11123437479533216,0.5777244875203202
pairwise,15,histgb,32,support_only,6,0.43615342693645087,0.5818475006200081,-0.14157106058386937,0.004123013099687878,-0.14569407368355725,0.5777244875203202
pairwise,15,histgb,32,support_only,8,0.342083967134831,0.5818475006200081,-0.23564052038548922,0.004123013099687878,-0.2397635334851771,0.5777244875203202
pairwise,16,histgb,32,support_only,0,0.0,0.0,-0.13252233125117885,-0.13252233125117885,0.0,0.13252233125117885
pairwise,16,histgb,32,support_only,2,0.059326219292558435,-0.021021226245059532,-0.05217488571356088,-0.13252233125117885,0.08034744553761797,0.11150110500611932
pairwise,16,histgb,32,support_only,4,0.08810372198335925,-0.021021226245059532,-0.023397383022760065,-0.13252233125117885,0.10912494822841878,0.11150110500611932
pairwise,16,histgb,32,support_only,6,0.13707614257951606,-0.021021226245059532,0.02557503757339674,-0.13252233125117885,0.1580973688245756,0.11150110500611932
pairwise,16,histgb,32,support_only,8,0.14336083755570306,-0.02738073514364392,0.03821924144816813,-0.13252233125117885,0.17074157269934698,0.10514159610753493
pairwise,17,histgb,32,support_only,0,0.0,0.0,-0.08137791149493778,-0.08137791149493778,0.0,0.08137791149493778
pairwise,17,histgb,32,support_only,2,0.08297042286537115,0.0,0.0015925113704333693,-0.08137791149493778,0.08297042286537115,0.08137791149493778
pairwise,17,histgb,32,support_only,4,0.2944283429504919,0.0,0.21305043145555413,-0.08137791149493778,0.2944283429504919,0.08137791149493778
pairwise,17,histgb,32,support_only,6,0.3427786737819276,0.046019532753228676,0.21538122953376115,-0.08137791149493778,0.29675914102869894,0.12739744424816646
pairwise,17,histgb,32,support_only,8,0.4498345051421171,0.14208548323143178,0.22637111041574753,-0.08137791149493778,0.3077490219106853,0.22346339472636956
pairwise,18,histgb,32,support_only,0,0.0,0.0,-0.04548936361826461,-0.04548936361826461,0.0,0.04548936361826461
pairwise,18,histgb,32,support_only,2,0.0969595541872077,0.05175162800957267,-0.00028143744062958387,-0.04548936361826461,0.04520792617763503,0.09724099162783728
pairwise,18,histgb,32,support_only,4,0.088539177161995,0.05573819538661262,-0.012688381842882235,-0.04548936361826461,0.032800981775382376,0.10122755900487723
pairwise,18,histgb,32,support_only,6,0.18590305079030622,0.07369583827785131,0.0667178488941903,-0.04548936361826461,0.11220721251245491,0.11918520189611592
pairwise,18,histgb,32,support_only,8,0.1710852762396997,0.07369583827785131,0.05190007434358379,-0.04548936361826461,0.0973894379618484,0.11918520189611592
pairwise,19,histgb,32,support_only,0,0.0,0.0,-0.08700789933060393,-0.08700789933060393,0.0,0.08700789933060393
pairwise,19,histgb,32,support_only,2,0.05518826187996628,0.10155751995215123,-0.13337715740278888,-0.08700789933060393,-0.04636925807218495,0.18856541928275516
pairwise,19,histgb,32,support_only,4,0.04444684364040996,0.10155751995215123,-0.1441185756423452,-0.08700789933060393,-0.05711067631174127,0.18856541928275516
pairwise,19,histgb,32,support_only,6,0.07412762103544168,0.10155751995215123,-0.11443779824731348,-0.08700789933060393,-0.02742989891670955,0.18856541928275516
pairwise,19,histgb,32,support_only,8,0.1102030677292043,0.10155751995215123,-0.07836235155355087,-0.08700789933060393,0.008645547777053064,0.18856541928275516
sparse,0,histgb,32,support_only,0,0.0,0.0,-0.050647680890130276,-0.050647680890130276,0.0,0.050647680890130276
sparse,0,histgb,32,support_only,2,0.05985536208474351,0.0,0.009207681194613238,-0.050647680890130276,0.05985536208474351,0.050647680890130276
sparse,0,histgb,32,support_only,4,0.05796472827936905,-0.003992225801294436,0.011309273190533209,-0.050647680890130276,0.061956954080663484,0.04665545508883584
sparse,0,histgb,32,support_only,6,0.3266216112620791,0.4415053697138356,-0.16553143934188674,-0.050647680890130276,-0.11488375845175647,0.49215305060396586
sparse,0,histgb,32,support_only,8,0.3845872137884815,0.4415053697138356,-0.10756583681548437,-0.050647680890130276,-0.0569181559253541,0.49215305060396586
sparse,1,histgb,32,support_only,0,0.0,0.0,-0.05848583111309724,-0.05848583111309724,0.0,0.05848583111309724
sparse,1,histgb,32,support_only,2,0.3452291073578827,0.0,0.28674327624478546,-0.05848583111309724,0.3452291073578827,0.05848583111309724
sparse,1,histgb,32,support_only,4,0.2743956683734904,0.0,0.21590983726039314,-0.05848583111309724,0.2743956683734904,0.05848583111309724
sparse,1,histgb,32,support_only,6,0.2179499695358028,0.0,0.15946413842270557,-0.05848583111309724,0.2179499695358028,0.05848583111309724
sparse,1,histgb,32,support_only,8,0.5030311360984926,0.1457258115247847,0.29881949346061065,-0.05848583111309724,0.3573053245737079,0.20421164263788194
sparse,2,histgb,32,support_only,0,0.0,0.0,-0.05754166022158125,-0.05754166022158125,0.0,0.05754166022158125
sparse,2,histgb,32,support_only,2,0.0006953005328105277,0.0,-0.05684635968877072,-0.05754166022158125,0.0006953005328105277,0.05754166022158125
sparse,2,histgb,32,support_only,4,0.00021373518881639963,0.06499192271259879,-0.12231984774536364,-0.05754166022158125,-0.0647781875237824,0.12253358293418004
sparse,2,histgb,32,support_only,6,0.09050862093546685,0.06499192271259879,-0.032024961998713186,-0.05754166022158125,0.02551669822286806,0.12253358293418004
sparse,2,histgb,32,support_only,8,0.11128914447829197,0.06499192271259879,-0.011244438455888073,-0.05754166022158125,0.046297221765693175,0.12253358293418004
sparse,3,histgb,32,support_only,0,0.0,0.0,-0.036722972408835486,-0.036722972408835486,0.0,0.036722972408835486
sparse,3,histgb,32,support_only,2,0.016942936398237518,0.0,-0.019780036010597968,-0.036722972408835486,0.016942936398237518,0.036722972408835486
sparse,3,histgb,32,support_only,4,0.06763852853442243,0.0,0.03091555612558694,-0.036722972408835486,0.06763852853442243,0.036722972408835486
sparse,3,histgb,32,support_only,6,0.07339430656441248,0.0,0.036671334155576996,-0.036722972408835486,0.07339430656441248,0.036722972408835486
sparse,3,histgb,32,support_only,8,0.1397810049947007,0.0,0.10305803258586521,-0.036722972408835486,0.1397810049947007,0.036722972408835486
sparse,4,histgb,32,support_only,0,0.0,0.0,-0.028193748879236424,-0.028193748879236424,0.0,0.028193748879236424
sparse,4,histgb,32,support_only,2,0.21613876250086905,0.2390391640828502,-0.05109415046121757,-0.028193748879236424,-0.022900401581981145,0.2672329129620866
sparse,4,histgb,32,support_only,4,0.3409540950752358,0.24630568567213995,0.0664546605238594,-0.028193748879236424,0.09464840940309582,0.2744994345513764
sparse,4,histgb,32,support_only,6,0.2419662228378997,0.22254037491938472,-0.008767900960721442,-0.028193748879236424,0.019425847918514982,0.25073412379862114
sparse,4,histgb,32,support_only,8,0.4330354287263086,0.22254037491938472,0.18230130492768748,-0.028193748879236424,0.2104950538069239,0.25073412379862114
sparse,5,histgb,32,support_only,0,0.0,0.0,-0.04878309088402577,-0.04878309088402577,0.0,0.04878309088402577
sparse,5,histgb,32,support_only,2,0.1527278238650006,0.016991846836799662,0.08695288614417518,-0.04878309088402577,0.13573597702820095,0.06577493772082543
sparse,5,histgb,32,support_only,4,0.10529740820292344,0.008793816337962279,0.04772050098093539,-0.04878309088402577,0.09650359186496116,0.05757690722198805
sparse,5,histgb,32,support_only,6,0.14795633643874517,0.13847607529155803,-0.03930282973683863,-0.04878309088402577,0.009480261147187141,0.1872591661755838
sparse,5,histgb,32,support_only,8,0.19000222673454947,0.23944441409681272,-0.09822527824628902,-0.04878309088402577,-0.049442187362263246,0.2882275049808385
sparse,6,histgb,32,support_only,0,0.0,0.0,-0.032309944602004426,-0.032309944602004426,0.0,0.032309944602004426
sparse,6,histgb,32,support_only,2,4.84148842869736e-05,0.0,-0.03226152971771745,-0.032309944602004426,4.84148842869736e-05,0.032309944602004426
sparse,6,histgb,32,support_only,4,0.013964230099335895,0.0,-0.01834571450266853,-0.032309944602004426,0.013964230099335895,0.032309944602004426
sparse,6,histgb,32,support_only,6,0.12118270256423447,-0.012510270685770486,0.10138302864800053,-0.032309944602004426,0.13369297325000495,0.01979967391623394
sparse,6,histgb,32,support_only,8,0.10587560511824945,-0.012510270685770486,0.08607593120201551,-0.032309944602004426,0.11838587580401994,0.01979967391623394
sparse,7,histgb,32,support_only,0,0.0,0.0,-0.015802257723850577,-0.015802257723850577,0.0,0.015802257723850577
sparse,7,histgb,32,support_only,2,0.15523414315207673,0.17267878899587064,-0.03324690356764448,-0.015802257723850577,-0.017444645843793904,0.1884810467197212
sparse,7,histgb,32,support_only,4,0.22239394051764072,0.16528595838379145,0.04130572440999869,-0.015802257723850577,0.05710798213384927,0.18108821610764203
sparse,7,histgb,32,support_only,6,0.21239486534275487,0.3910951037877076,-0.19450249616880333,-0.015802257723850577,-0.17870023844495275,0.4068973615115582
sparse,7,histgb,32,support_only,8,0.1611835151634844,0.3910951037877076,-0.2457138463480738,-0.015802257723850577,-0.22991158862422323,0.4068973615115582
sparse,8,histgb,32,support_only,0,0.0,0.0,-0.06419666852569628,-0.06419666852569628,0.0,0.06419666852569628
sparse,8,histgb,32,support_only,2,0.17189308273980242,0.0,0.10769641421410614,-0.06419666852569628,0.17189308273980242,0.06419666852569628
sparse,8,histgb,32,support_only,4,0.13052791523968543,0.0,0.06633124671398916,-0.06419666852569628,0.13052791523968543,0.06419666852569628
sparse,8,histgb,32,support_only,6,0.08043932447096325,-0.006541043764128562,0.022783699709395533,-0.06419666852569628,0.08698036823509181,0.057655624761567714
sparse,8,histgb,32,support_only,8,0.18694402056058979,-0.006541043764128562,0.12928839579902207,-0.06419666852569628,0.19348506432471835,0.057655624761567714
sparse,9,histgb,32,support_only,0,0.0,0.0,-0.06214683456550407,-0.06214683456550407,0.0,0.06214683456550407
sparse,9,histgb,32,support_only,2,0.10869495165945864,0.0,0.046548117093954566,-0.06214683456550407,0.10869495165945864,0.06214683456550407
sparse,9,histgb,32,support_only,4,0.10445696558704176,0.0,0.04231013102153769,-0.06214683456550407,0.10445696558704176,0.06214683456550407
sparse,9,histgb,32,support_only,6,0.14273902033767583,0.0,0.08059218577217175,-0.06214683456550407,0.14273902033767583,0.06214683456550407
sparse,9,histgb,32,support_only,8,0.13655541902912527,-0.0045067439222884476,0.07891532838590964,-0.06214683456550407,0.14106216295141372,0.057640090643215625
sparse,10,histgb,32,support_only,0,0.0,0.0,0.0017523611813149431,0.0017523611813149431,0.0,-0.0017523611813149431
sparse,10,histgb,32,support_only,2,0.04948316863374391,0.0,0.051235529815058856,0.0017523611813149431,0.04948316863374391,-0.0017523611813149431
sparse,10,histgb,32,support_only,4,0.21604007828639926,0.2556580603158114,-0.03786562084809719,0.0017523611813149431,-0.039617982029412135,0.25390569913449645
sparse,10,histgb,32,support_only,6,0.15988396413175954,0.4612562008454111,-0.2996198755323366,0.0017523611813149431,-0.30137223671365154,0.45950383966409614
sparse,10,histgb,32,support_only,8,0.28235637242977873,0.4612562008454111,-0.1771474672343174,0.0017523611813149431,-0.17889982841563234,0.45950383966409614
sparse,11,histgb,32,support_only,0,0.0,0.0,-0.027709783771513563,-0.027709783771513563,0.0,0.027709783771513563
sparse,11,histgb,32,support_only,2,0.2526479046797836,0.0,0.22493812090827003,-0.027709783771513563,0.2526479046797836,0.027709783771513563
sparse,11,histgb,32,support_only,4,0.19676362633779088,-0.006550881699781352,0.17560472426605866,-0.027709783771513563,0.20331450803757223,0.02115890207173221
sparse,11,histgb,32,support_only,6,0.18398009181251673,-0.011790726119824901,0.16806103416082807,-0.027709783771513563,0.19577081793234163,0.01591905765168866
sparse,11,histgb,32,support_only,8,0.1264709951800601,0.010353670359250389,0.08840754104929616,-0.027709783771513563,0.11611732482080972,0.03806345413076395
sparse,12,histgb,32,support_only,0,0.0,0.0,-0.09586618874420738,-0.09586618874420738,0.0,0.09586618874420738
sparse,12,histgb,32,support_only,2,0.0018882410832052887,0.0,-0.09397794766100209,-0.09586618874420738,0.0018882410832052887,0.09586618874420738
sparse,12,histgb,32,support_only,4,0.3588396584785377,0.5521314478098737,-0.28915797807554333,-0.09586618874420738,-0.19329178933133595,0.647997636554081
sparse,12,histgb,32,support_only,6,0.4139016499578475,0.5547173498377161,-0.23668188862407602,-0.09586618874420738,-0.14081569987986864,0.6505835385819235
sparse,12,histgb,32,support_only,8,0.41381472505937056,0.5547173498377161,-0.23676881352255297,-0.09586618874420738,-0.1409026247783456,0.6505835385819235
sparse,13,histgb,32,support_only,0,0.0,0.0,0.00886625779701311,0.00886625779701311,0.0,-0.00886625779701311
sparse,13,histgb,32,support_only,2,0.010121952401887735,0.0,0.018988210198900846,0.00886625779701311,0.010121952401887735,-0.00886625779701311
sparse,13,histgb,32,support_only,4,0.11415165009494777,0.0,0.12301790789196088,0.00886625779701311,0.11415165009494777,-0.00886625779701311
sparse,13,histgb,32,support_only,6,0.3931363931164271,0.20793101876671327,0.19407163214672696,0.00886625779701311,0.18520537434971385,0.19906476096970016
sparse,13,histgb,32,support_only,8,0.4005862532556792,0.20793101876671327,0.20152149228597904,0.00886625779701311,0.19265523448896593,0.19906476096970016
sparse,14,histgb,32,support_only,0,0.0,0.0,-0.018707339395797162,-0.018707339395797162,0.0,0.018707339395797162
sparse,14,histgb,32,support_only,2,0.01562751540860907,0.0,-0.0030798239871880906,-0.018707339395797162,0.01562751540860907,0.018707339395797162
sparse,14,histgb,32,support_only,4,0.05161109292578847,0.05913281776693924,-0.02622906423694793,-0.018707339395797162,-0.0075217248411507676,0.0778401571627364
sparse,14,histgb,32,support_only,6,0.41267623958111366,0.8283892952636701,-0.4344203950783536,-0.018707339395797162,-0.41571305568255645,0.8470966346594673
sparse,14,histgb,32,support_only,8,0.38930652298660573,0.8283892952636701,-0.45779011167286154,-0.018707339395797162,-0.4390827722770644,0.8470966346594673
sparse,15,histgb,32,support_only,0,0.0,0.0,-0.004860539584312207,-0.004860539584312207,0.0,0.004860539584312207
sparse,15,histgb,32,support_only,2,0.0178385097227739,0.01663129868194191,-0.0036533285434802165,-0.004860539584312207,0.0012072110408319903,0.021491838266254115
sparse,15,histgb,32,support_only,4,0.06009374731969119,-0.0015866285347976294,0.056819836270176616,-0.004860539584312207,0.06168037585448882,0.0032739110495145773
sparse,15,histgb,32,support_only,6,0.46286898586896696,0.5118422237563938,-0.05383377747173901,-0.004860539584312207,-0.0489732378874268,0.516702763340706
sparse,15,histgb,32,support_only,8,0.4404825351564221,0.5304084430452174,-0.0947864474731075,-0.004860539584312207,-0.08992590788879529,0.5352689826295296
sparse,16,histgb,32,support_only,0,0.0,0.0,-0.034926830594214975,-0.034926830594214975,0.0,0.034926830594214975
sparse,16,histgb,32,support_only,2,0.0568088690434968,0.0,0.021882038449281827,-0.034926830594214975,0.0568088690434968,0.034926830594214975
sparse,16,histgb,32,support_only,4,0.24214275332985735,0.6757482946910615,-0.4685323719554191,-0.034926830594214975,-0.4336055413612041,0.7106751252852764
sparse,16,histgb,32,support_only,6,0.17165059714728348,0.6757482946910615,-0.539024528137993,-0.034926830594214975,-0.504097697543778,0.7106751252852764
sparse,16,histgb,32,support_only,8,0.24151245761868212,0.6757482946910615,-0.4691626676665943,-0.034926830594214975,-0.43423583707237934,0.7106751252852764
sparse,17,histgb,32,support_only,0,0.0,0.0,-0.08178656118171523,-0.08178656118171523,0.0,0.08178656118171523
sparse,17,histgb,32,support_only,2,0.0943617739914423,0.054271836619753544,-0.04169662381002648,-0.08178656118171523,0.040089937371688755,0.13605839780146878
sparse,17,histgb,32,support_only,4,0.08562327513165346,0.054271836619753544,-0.05043512266981531,-0.08178656118171523,0.03135143851189992,0.13605839780146878
sparse,17,histgb,32,support_only,6,0.08831388324916978,0.054271836619753544,-0.047744514552299,-0.08178656118171523,0.034042046629416234,0.13605839780146878
sparse,17,histgb,32,support_only,8,0.13721954766601718,0.04313006206591663,0.01230292441838532,-0.08178656118171523,0.09408948560010055,0.12491662324763186
sparse,18,histgb,32,support_only,0,0.0,0.0,-0.048346413480983896,-0.048346413480983896,0.0,0.048346413480983896
sparse,18,histgb,32,support_only,2,0.0043517666662962196,0.0,-0.04399464681468768,-0.048346413480983896,0.0043517666662962196,0.048346413480983896
sparse,18,histgb,32,support_only,4,0.1325149453343738,0.0,0.0841685318533899,-0.048346413480983896,0.1325149453343738,0.048346413480983896
sparse,18,histgb,32,support_only,6,0.2634159245669583,0.0,0.21506951108597439,-0.048346413480983896,0.2634159245669583,0.048346413480983896
sparse,18,histgb,32,support_only,8,0.24865592621071886,0.0,0.20030951272973496,-0.048346413480983896,0.24865592621071886,0.048346413480983896
sparse,19,histgb,32,support_only,0,0.0,0.0,-0.018375224374842514,-0.018375224374842514,0.0,0.018375224374842514
sparse,19,histgb,32,support_only,2,0.01597049461125588,0.015321688847001913,-0.017726418610588546,-0.018375224374842514,0.000648805764253968,0.03369691322184443
sparse,19,histgb,32,support_only,4,0.06335472020245381,0.015321688847001913,0.02965780698060938,-0.018375224374842514,0.048033031355451894,0.03369691322184443
sparse,19,histgb,32,support_only,6,0.2045475825125972,0.015321688847001913,0.17085066929075277,-0.018375224374842514,0.18922589366559528,0.03369691322184443
sparse,19,histgb,32,support_only,8,0.22326104599949392,0.015321688847001913,0.1895641327776495,-0.018375224374842514,0.207939357152492,0.03369691322184443
additive,0,histgb,32,support_query,0,0.0,0.0,-0.022840795428042404,-0.022840795428042404,0.0,0.022840795428042404
additive,0,histgb,32,support_query,2,0.004518236725979952,0.02356552015033997,-0.04188807885240242,-0.022840795428042404,-0.019047283424360018,0.04640631557838237
additive,0,histgb,32,support_query,4,0.08987597276281423,0.13067666684017065,-0.06364148950539883,-0.022840795428042404,-0.040800694077356425,0.15351746226821306
additive,0,histgb,32,support_query,6,0.15802369405658512,0.12141357044233714,0.013769328186205576,-0.022840795428042404,0.03661012361424798,0.14425436587037954
additive,0,histgb,32,support_query,8,0.2839865618462053,0.4041094761400308,-0.1429637097218679,-0.022840795428042404,-0.12012291429382549,0.4269502715680732
additive,1,histgb,32,support_query,0,0.0,0.0,-0.007364473110096581,-0.007364473110096581,0.0,0.007364473110096581
additive,1,histgb,32,support_query,2,0.26476208139197,0.28659763118056736,-0.029200022898693945,-0.007364473110096581,-0.021835549788597364,0.29396210429066394
additive,1,histgb,32,support_query,4,0.2393320755911985,0.37837612854179636,-0.14640852606069443,-0.007364473110096581,-0.13904405295059785,0.38574060165189294
additive,1,histgb,32,support_query,6,0.29696976830148714,0.37837612854179636,-0.08877083335040581,-0.007364473110096581,-0.08140636024030923,0.38574060165189294
additive,1,histgb,32,support_query,8,0.21982737612502756,0.37837612854179636,-0.16591322552686538,-0.007364473110096581,-0.1585487524167688,0.38574060165189294
additive,2,histgb,32,support_query,0,0.0,0.0,-0.009882062077960052,-0.009882062077960052,0.0,0.009882062077960052
additive,2,histgb,32,support_query,2,0.046951744226985115,0.0560768464575474,-0.01900716430852234,-0.009882062077960052,-0.009125102230562288,0.06595890853550745
additive,2,histgb,32,support_query,4,0.03017613087374038,0.06681542563497822,-0.04652135683919789,-0.009882062077960052,-0.03663929476123784,0.07669748771293827
additive,2,histgb,32,support_query,6,0.09002390177469888,0.06887953663750213,0.0112623030592367,-0.009882062077960052,0.021144365137196752,0.07876159871546218
additive,2,histgb,32,support_query,8,0.1783648828299187,0.06887953663750213,0.09960328411445651,-0.009882062077960052,0.10948534619241657,0.07876159871546218
additive,3,histgb,32,support_query,0,0.0,0.0,-0.0017613378858802875,-0.0017613378858802875,0.0,0.0017613378858802875
additive,3,histgb,32,support_query,2,0.14975146847429355,0.0,0.14799013058841326,-0.0017613378858802875,0.14975146847429355,0.0017613378858802875
additive,3,histgb,32,support_query,4,0.16879130251651508,0.005446519417722229,0.16158344521291257,-0.0017613378858802875,0.16334478309879286,0.007207857303602516
additive,3,histgb,32,support_query,6,0.1747475712650043,0.005446519417722229,0.16753971396140177,-0.0017613378858802875,0.16930105184728206,0.007207857303602516
additive,3,histgb,32,support_query,8,0.17718070897221705,0.46186404735469166,-0.2864446762683549,-0.0017613378858802875,-0.2846833383824746,0.46362538524057195
additive,4,histgb,32,support_query,0,0.0,0.0,0.004157839145768505,0.004157839145768505,0.0,-0.004157839145768505
additive,4,histgb,32,support_query,2,0.1814315891853976,0.12212434346094259,0.06346508487022351,0.004157839145768505,0.059307245724455004,0.11796650431517408
additive,4,histgb,32,support_query,4,0.2989552993670216,0.11160300649183619,0.1915101320209539,0.004157839145768505,0.1873522928751854,0.10744516734606768
additive,4,histgb,32,support_query,6,0.16304281223639217,0.11160300649183619,0.05559764489032448,0.004157839145768505,0.05143980574455598,0.10744516734606768
additive,4,histgb,32,support_query,8,0.12730642237363043,0.1356960632853248,-0.004231801765925858,0.004157839145768505,-0.008389640911694363,0.1315382241395563
additive,5,histgb,32,support_query,0,0.0,0.0,-0.01044217827233862,-0.01044217827233862,0.0,0.01044217827233862
additive,5,histgb,32,support_query,2,0.12802801768475702,0.0,0.1175858394124184,-0.01044217827233862,0.12802801768475702,0.01044217827233862
additive,5,histgb,32,support_query,4,0.08459683204665469,0.0040066846893693775,0.07014796908494669,-0.01044217827233862,0.08059014735728531,0.014448862961707998
additive,5,histgb,32,support_query,6,0.15241406766109566,0.16909827525057253,-0.027126385861815483,-0.01044217827233862,-0.016684207589476863,0.17954045352291115
additive,5,histgb,32,support_query,8,0.2128980660865457,0.3147644609011794,-0.11230857308697229,-0.01044217827233862,-0.10186639481463367,0.325206639173518
additive,6,histgb,32,support_query,0,0.0,0.0,-0.011060347016960459,-0.011060347016960459,0.0,0.011060347016960459
additive,6,histgb,32,support_query,2,0.20513488561655657,0.0,0.1940745385995961,-0.011060347016960459,0.20513488561655657,0.011060347016960459
additive,6,histgb,32,support_query,4,0.27262347725894476,0.0022934036134684144,0.2592697266285159,-0.011060347016960459,0.27033007364547634,0.013353750630428873
additive,6,histgb,32,support_query,6,0.21318611718415803,0.0022934036134684144,0.19983236655372916,-0.011060347016960459,0.21089271357068962,0.013353750630428873
additive,6,histgb,32,support_query,8,0.24635487125988453,0.07912136176026396,0.1561731624826601,-0.011060347016960459,0.16723350949962057,0.09018170877722442
additive,7,histgb,32,support_query,0,0.0,0.0,-0.024919618235838104,-0.024919618235838104,0.0,0.024919618235838104
additive,7,histgb,32,support_query,2,0.1513041104264854,0.07978891456140347,0.04659557762924382,-0.024919618235838104,0.07151519586508193,0.10470853279724157
additive,7,histgb,32,support_query,4,0.28359861137549236,0.2810347949839209,-0.022355801844266665,-0.024919618235838104,0.0025638163915714385,0.305954413219759
additive,7,histgb,32,support_query,6,0.23801968483664038,0.27849763131183836,-0.06539756471103608,-0.024919618235838104,-0.04047794647519798,0.30341724954767646
additive,7,histgb,32,support_query,8,0.3529860150709955,0.29504356927353936,0.03302282756161801,-0.024919618235838104,0.05794244579745611,0.31996318750937747
additive,8,histgb,32,support_query,0,0.0,0.0,-0.01219983249593004,-0.01219983249593004,0.0,0.01219983249593004
additive,8,histgb,32,support_query,2,0.04365325487270455,0.0,0.03145342237677451,-0.01219983249593004,0.04365325487270455,0.01219983249593004
additive,8,histgb,32,support_query,4,0.08678480043314074,0.29274286805122407,-0.21815790011401337,-0.01219983249593004,-0.20595806761808333,0.3049427005471541
additive,8,histgb,32,support_query,6,0.2012590989160633,0.6588055666076899,-0.4697463001875566,-0.01219983249593004,-0.45754646769162655,0.6710053991036199
additive,8,histgb,32,support_query,8,0.21608948802965233,0.6588055666076899,-0.45491591107396756,-0.01219983249593004,-0.4427160785780375,0.6710053991036199
additive,9,histgb,32,support_query,0,0.0,0.0,0.001216749519099447,0.001216749519099447,0.0,-0.001216749519099447
additive,9,histgb,32,support_query,2,0.13714185974342974,0.1307135057138118,0.007645103548717391,0.001216749519099447,0.006428354029617944,0.12949675619471235
additive,9,histgb,32,support_query,4,0.1555584290712616,0.1307135057138118,0.026061672876549258,0.001216749519099447,0.02484492335744981,0.12949675619471235
additive,9,histgb,32,support_query,6,0.18873638383977376,0.27331415159463734,-0.08336101823576414,0.001216749519099447,-0.08457776775486359,0.2720974020755379
additive,9,histgb,32,support_query,8,0.18587909044128503,0.2975117024522883,-0.11041586249190383,0.001216749519099447,-0.11163261201100327,0.29629495293318886
additive,10,histgb,32,support_query,0,0.0,0.0,0.0009009843531483375,0.0009009843531483375,0.0,-0.0009009843531483375
additive,10,histgb,32,support_query,2,0.0263547307751264,0.003152565215590597,0.02410314991268414,0.0009009843531483375,0.023202165559535803,0.0022515808624422595
additive,10,histgb,32,support_query,4,0.09575013279880396,0.003152565215590597,0.0934985519363617,0.0009009843531483375,0.09259756758321336,0.0022515808624422595
additive,10,histgb,32,support_query,6,0.21187186326034846,0.1752771644587776,0.037495683154719184,0.0009009843531483375,0.036594698801570846,0.17437618010562927
additive,10,histgb,32,support_query,8,0.27602299351773374,0.5303834434769119,-0.25345946560602983,0.0009009843531483375,-0.25436044995917817,0.5294824591237636
additive,11,histgb,32,support_query,0,0.0,0.0,-0.026182364302370864,-0.026182364302370864,0.0,0.026182364302370864
additive,11,histgb,32,support_query,2,0.09881618568677641,0.0,0.07263382138440555,-0.026182364302370864,0.09881618568677641,0.026182364302370864
additive,11,histgb,32,support_query,4,0.1895053528658085,0.0,0.16332298856343763,-0.026182364302370864,0.1895053528658085,0.026182364302370864
additive,11,histgb,32,support_query,6,0.17727124450117726,0.0,0.1510888801988064,-0.026182364302370864,0.17727124450117726,0.026182364302370864
additive,11,histgb,32,support_query,8,0.28842739443360854,0.1022551654426812,0.15998986468855647,-0.026182364302370864,0.18617222899092734,0.12843752974505207
additive,12,histgb,32,support_query,0,0.0,0.0,-0.09408993681767708,-0.09408993681767708,0.0,0.09408993681767708
additive,12,histgb,32,support_query,2,0.10426493851453134,0.0,0.010175001696854258,-0.09408993681767708,0.10426493851453134,0.09408993681767708
additive,12,histgb,32,support_query,4,0.12205441259965688,0.0007446585661339267,0.027219817215845876,-0.09408993681767708,0.12130975403352295,0.094834595383811
additive,12,histgb,32,support_query,6,0.166067931311625,0.046255537933259205,0.025722456560688722,-0.09408993681767708,0.1198123933783658,0.14034547475093628
additive,12,histgb,32,support_query,8,0.2649512415228509,0.30098726797428743,-0.13012596326911363,-0.09408993681767708,-0.036036026451436554,0.3950772047919645
additive,13,histgb,32,support_query,0,0.0,0.0,-0.008873213530408597,-0.008873213530408597,0.0,0.008873213530408597
additive,13,histgb,32,support_query,2,0.12293660440714249,0.0,0.1140633908767339,-0.008873213530408597,0.12293660440714249,0.008873213530408597
additive,13,histgb,32,support_query,4,0.0993094837202182,-0.0025223082932811502,0.09295857848309075,-0.008873213530408597,0.10183179201349934,0.006350905237127447
additive,13,histgb,32,support_query,6,0.3411369184244588,-0.0025223082932811502,0.33478601318733137,-0.008873213530408597,0.34365922671773996,0.006350905237127447
additive,13,histgb,32,support_query,8,0.3734925053129543,0.07043722195106339,0.2941820698314823,-0.008873213530408597,0.3030552833618909,0.07931043548147199
additive,14,histgb,32,support_query,0,0.0,0.0,-0.06208449047171294,-0.06208449047171294,0.0,0.06208449047171294
additive,14,histgb,32,support_query,2,0.2545598867674468,0.2451550382832589,-0.05267964198752506,-0.06208449047171294,0.009404848484187878,0.30723952875497185
additive,14,histgb,32,support_query,4,0.3170020888512175,0.2451550382832589,0.009762560096245654,-0.06208449047171294,0.07184705056795859,0.30723952875497185
additive,14,histgb,32,support_query,6,0.45109976102234706,0.25993604981009233,0.1290792207405418,-0.06208449047171294,0.19116371121225473,0.32202054028180527
additive,14,histgb,32,support_query,8,0.37785894185928215,0.25993604981009233,0.05583840157747688,-0.06208449047171294,0.11792289204918982,0.32202054028180527
additive,15,histgb,32,support_query,0,0.0,0.0,-0.009527650577169422,-0.009527650577169422,0.0,0.009527650577169422
additive,15,histgb,32,support_query,2,0.11696090221689337,0.0,0.10743325163972395,-0.009527650577169422,0.11696090221689337,0.009527650577169422
additive,15,histgb,32,support_query,4,0.22538675014820375,0.19387007138698065,0.021989028184053683,-0.009527650577169422,0.031516678761223105,0.20339772196415007
additive,15,histgb,32,support_query,6,0.2788707845554934,0.2600794934159918,0.009263640562332198,-0.009527650577169422,0.01879129113950162,0.2696071439931612
additive,15,histgb,32,support_query,8,0.28393148084321296,0.2600794934159918,0.014324336850051744,-0.009527650577169422,0.023851987427221166,0.2696071439931612
additive,16,histgb,32,support_query,0,0.0,0.0,-0.011603011642144168,-0.011603011642144168,0.0,0.011603011642144168
additive,16,histgb,32,support_query,2,0.020947731666267178,0.0,0.00934472002412301,-0.011603011642144168,0.020947731666267178,0.011603011642144168
additive,16,histgb,32,support_query,4,0.09397549905403046,0.0,0.0823724874118863,-0.011603011642144168,0.09397549905403046,0.011603011642144168
additive,16,histgb,32,support_query,6,0.11758477566852732,0.0040623026074185775,0.10191946141896457,-0.011603011642144168,0.11352247306110874,0.015665314249562745
additive,16,histgb,32,support_query,8,0.2036741015827067,0.0040623026074185775,0.18800878733314397,-0.011603011642144168,0.19961179897528813,0.015665314249562745
additive,17,histgb,32,support_query,0,0.0,0.0,-0.02930637237250222,-0.02930637237250222,0.0,0.02930637237250222
additive,17,histgb,32,support_query,2,0.14857002740772585,0.1991012998820305,-0.07983764484680689,-0.02930637237250222,-0.05053127247430467,0.22840767225453273
additive,17,histgb,32,support_query,4,0.2739501487029996,0.19981133585602384,0.044832440474473545,-0.02930637237250222,0.07413881284697577,0.22911770822852606
additive,17,histgb,32,support_query,6,0.19384274547285152,0.19981133585602384,-0.035274962755674544,-0.02930637237250222,-0.005968590383172323,0.22911770822852606
additive,17,histgb,32,support_query,8,0.28365784374912895,0.3828467785806453,-0.12849530720401858,-0.02930637237250222,-0.09918893483151636,0.41215315095314753
additive,18,histgb,32,support_query,0,0.0,0.0,0.0006409143832771802,0.0006409143832771802,0.0,-0.0006409143832771802
additive,18,histgb,32,support_query,2,0.3163963995656702,0.0,0.3170373139489474,0.0006409143832771802,0.3163963995656702,-0.0006409143832771802
additive,18,histgb,32,support_query,4,0.4008987183184731,0.33282111886338883,0.06871851383836147,0.0006409143832771802,0.06807759945508429,0.33218020448011165
additive,18,histgb,32,support_query,6,0.374221216458283,0.30318830040907463,0.07167383043248554,0.0006409143832771802,0.07103291604920836,0.30254738602579745
additive,18,histgb,32,support_query,8,0.41101080683937896,0.48422296098051276,-0.07257123975785662,0.0006409143832771802,-0.0732121541411338,0.4835820465972356
additive,19,histgb,32,support_query,0,0.0,0.0,-0.005938679491299004,-0.005938679491299004,0.0,0.005938679491299004
additive,19,histgb,32,support_query,2,0.004917852874849249,-0.006214407718823756,0.005193581102374001,-0.005938679491299004,0.011132260593673005,-0.0002757282275247519
additive,19,histgb,32,support_query,4,0.0965832508941683,-0.006214407718823756,0.09685897912169306,-0.005938679491299004,0.10279765861299206,-0.0002757282275247519
additive,19,histgb,32,support_query,6,0.08321513962025584,-0.006214407718823756,0.08349086784778059,-0.005938679491299004,0.0894295473390796,-0.0002757282275247519
additive,19,histgb,32,support_query,8,0.1836873778517264,-0.006214407718823756,0.18396310607925115,-0.005938679491299004,0.18990178557055015,-0.0002757282275247519
pairwise,0,histgb,32,support_query,0,0.0,0.0,-0.027771697306705034,-0.027771697306705034,0.0,0.027771697306705034
pairwise,0,histgb,32,support_query,2,0.05117946856841693,0.0,0.023407771261711896,-0.027771697306705034,0.05117946856841693,0.027771697306705034
pairwise,0,histgb,32,support_query,4,0.08528019363183303,0.0,0.057508496325128,-0.027771697306705034,0.08528019363183303,0.027771697306705034
pairwise,0,histgb,32,support_query,6,0.22688915055448755,0.0,0.19911745324778252,-0.027771697306705034,0.22688915055448755,0.027771697306705034
pairwise,0,histgb,32,support_query,8,0.2822809836988144,0.0717528572436471,0.18275642914846224,-0.027771697306705034,0.21052812645516727,0.09952455455035214
pairwise,1,histgb,32,support_query,0,0.0,0.0,-0.007353638957842468,-0.007353638957842468,0.0,0.007353638957842468
pairwise,1,histgb,32,support_query,2,0.031771642375847176,0.0,0.024418003418004708,-0.007353638957842468,0.031771642375847176,0.007353638957842468
pairwise,1,histgb,32,support_query,4,0.05814890965710695,-0.0018037994202720897,0.05259907011953657,-0.007353638957842468,0.05995270907737904,0.005549839537570378
pairwise,1,histgb,32,support_query,6,0.10928102040553478,-0.0018037994202720897,0.1037311808679644,-0.007353638957842468,0.11108481982580687,0.005549839537570378
pairwise,1,histgb,32,support_query,8,0.18729309336441868,0.1262423027479952,0.05369715165858102,-0.007353638957842468,0.06105079061642349,0.13359594170583766
pairwise,2,histgb,32,support_query,0,0.0,0.0,-0.033001430501135465,-0.033001430501135465,0.0,0.033001430501135465
pairwise,2,histgb,32,support_query,2,0.016685557406408313,0.0,-0.01631587309472715,-0.033001430501135465,0.016685557406408313,0.033001430501135465
pairwise,2,histgb,32,support_query,4,0.24006084416763318,0.0,0.20705941366649772,-0.033001430501135465,0.24006084416763318,0.033001430501135465
pairwise,2,histgb,32,support_query,6,0.37243696762745604,0.06465612976713542,0.27477940735918516,-0.033001430501135465,0.3077808378603206,0.09765756026827088
pairwise,2,histgb,32,support_query,8,0.5535582718191386,0.06465612976713542,0.45590071155086775,-0.033001430501135465,0.4889021420520032,0.09765756026827088
pairwise,3,histgb,32,support_query,0,0.0,0.0,0.0023266697654619195,0.0023266697654619195,0.0,-0.0023266697654619195
pairwise,3,histgb,32,support_query,2,0.01414753460198881,0.0,0.01647420436745073,0.0023266697654619195,0.01414753460198881,-0.0023266697654619195
pairwise,3,histgb,32,support_query,4,0.020785125892335277,0.0,0.023111795657797196,0.0023266697654619195,0.020785125892335277,-0.0023266697654619195
pairwise,3,histgb,32,support_query,6,0.07356381547709312,0.15159466199433858,-0.07570417675178354,0.0023266697654619195,-0.07803084651724546,0.14926799222887666
pairwise,3,histgb,32,support_query,8,0.22329463056144372,0.5591813924247506,-0.333560092097845,0.0023266697654619195,-0.3358867618633069,0.5568547226592887
pairwise,4,histgb,32,support_query,0,0.0,0.0,-0.007409534926230421,-0.007409534926230421,0.0,0.007409534926230421
pairwise,4,histgb,32,support_query,2,0.21649773683551377,0.1133615192592794,0.09572668265000395,-0.007409534926230421,0.10313621757623437,0.12077105418550982
pairwise,4,histgb,32,support_query,4,0.280846331434772,0.31973595456380743,-0.046299158055265854,-0.007409534926230421,-0.03888962312903543,0.32714548949003786
pairwise,4,histgb,32,support_query,6,0.28445455097766503,0.31763886616777803,-0.04059385011634342,-0.007409534926230421,-0.033184315190113,0.32504840109400845
pairwise,4,histgb,32,support_query,8,0.2836273648461145,0.31763886616777803,-0.04142103624789395,-0.007409534926230421,-0.03401150132166353,0.32504840109400845
pairwise,5,histgb,32,support_query,0,0.0,0.0,0.007838824684113233,0.007838824684113233,0.0,-0.007838824684113233
pairwise,5,histgb,32,support_query,2,0.05331100336388117,0.14912287521225298,-0.08797304716425858,0.007838824684113233,-0.09581187184837181,0.14128405052813975
pairwise,5,histgb,32,support_query,4,0.10019955602789932,0.14912287521225298,-0.04108449450024043,0.007838824684113233,-0.048923319184353664,0.14128405052813975
pairwise,5,histgb,32,support_query,6,0.11979194414351602,0.14912287521225298,-0.021492106384623733,0.007838824684113233,-0.029330931068736965,0.14128405052813975
pairwise,5,histgb,32,support_query,8,0.12331921979064941,0.14912287521225298,-0.017964830737490334,0.007838824684113233,-0.025803655421603566,0.14128405052813975
pairwise,6,histgb,32,support_query,0,0.0,0.0,-0.036058684986780776,-0.036058684986780776,0.0,0.036058684986780776
pairwise,6,histgb,32,support_query,2,0.04155745253338283,0.10061106800684139,-0.09511230046023933,-0.036058684986780776,-0.059053615473458554,0.13666975299362216
pairwise,6,histgb,32,support_query,4,0.14865428600959518,0.33011883490818805,-0.21752323388537365,-0.036058684986780776,-0.18146454889859287,0.36617751989496883
pairwise,6,histgb,32,support_query,6,0.1354465610667619,0.3414747947881045,-0.24208691870812338,-0.036058684986780776,-0.2060282337213426,0.37753347977488527
pairwise,6,histgb,32,support_query,8,0.24419127218919812,0.3414747947881045,-0.13334220758568716,-0.036058684986780776,-0.09728352259890638,0.37753347977488527
pairwise,7,histgb,32,support_query,0,0.0,0.0,-0.059087373887602435,-0.059087373887602435,0.0,0.059087373887602435
pairwise,7,histgb,32,support_query,2,0.18352699908655967,0.19808709008179703,-0.0736474648828398,-0.059087373887602435,-0.014560090995237362,0.25717446396939947
pairwise,7,histgb,32,support_query,4,0.2437312879369007,0.19808709008179703,-0.013443176032498783,-0.059087373887602435,0.04564419785510365,0.25717446396939947
pairwise,7,histgb,32,support_query,6,0.4834120640987616,0.19808709008179703,0.22623760012936212,-0.059087373887602435,0.28532497401696455,0.25717446396939947
pairwise,7,histgb,32,support_query,8,0.49150656717649444,0.19650855485165863,0.23591063843723337,-0.059087373887602435,0.2949980123248358,0.25559592873926107
pairwise,8,histgb,32,support_query,0,0.0,0.0,-0.06026248559934577,-0.06026248559934577,0.0,0.06026248559934577
pairwise,8,histgb,32,support_query,2,0.061957370218385766,0.0,0.0016948846190399935,-0.06026248559934577,0.061957370218385766,0.06026248559934577
pairwise,8,histgb,32,support_query,4,0.147400741945928,0.0,0.08713825634658223,-0.06026248559934577,0.147400741945928,0.06026248559934577
pairwise,8,histgb,32,support_query,6,0.1468568551997026,0.0,0.08659436960035682,-0.06026248559934577,0.1468568551997026,0.06026248559934577
pairwise,8,histgb,32,support_query,8,0.2068550120843503,0.0,0.14659252648500454,-0.06026248559934577,0.2068550120843503,0.06026248559934577
pairwise,9,histgb,32,support_query,0,0.0,0.0,-0.013928340473047363,-0.013928340473047363,0.0,0.013928340473047363
pairwise,9,histgb,32,support_query,2,0.017928848037149336,0.0,0.004000507564101974,-0.013928340473047363,0.017928848037149336,0.013928340473047363
pairwise,9,histgb,32,support_query,4,0.12590923407379906,0.004541170188564259,0.10743972341218744,-0.013928340473047363,0.1213680638852348,0.01846951066161162
pairwise,9,histgb,32,support_query,6,0.12785357482724702,0.004541170188564259,0.1093840641656354,-0.013928340473047363,0.12331240463868276,0.01846951066161162
pairwise,9,histgb,32,support_query,8,0.2614797749545542,0.19225174028288283,0.055299694198624016,-0.013928340473047363,0.06922803467167138,0.2061800807559302
pairwise,10,histgb,32,support_query,0,0.0,0.0,-0.042138899304367095,-0.042138899304367095,0.0,0.042138899304367095
pairwise,10,histgb,32,support_query,2,0.10193731603069289,0.15416841970194528,-0.09437000297561948,-0.042138899304367095,-0.05223110367125239,0.19630731900631238
pairwise,10,histgb,32,support_query,4,0.09338705212430631,0.16721712272810063,-0.11596896990816141,-0.042138899304367095,-0.07383007060379432,0.20935602203246773
pairwise,10,histgb,32,support_query,6,0.06264672758256629,0.16721712272810063,-0.14670929444990144,-0.042138899304367095,-0.10457039514553435,0.20935602203246773
pairwise,10,histgb,32,support_query,8,0.17018460924686174,0.339900496476087,-0.21185478653359235,-0.042138899304367095,-0.16971588722922526,0.3820393957804541
pairwise,11,histgb,32,support_query,0,0.0,0.0,-0.0435659425511532,-0.0435659425511532,0.0,0.0435659425511532
pairwise,11,histgb,32,support_query,2,0.18024501420419392,0.042338019017202466,0.09434105263583825,-0.0435659425511532,0.13790699518699145,0.08590396156835567
pairwise,11,histgb,32,support_query,4,0.2441942440504249,0.042338019017202466,0.15829028248206922,-0.0435659425511532,0.20185622503322243,0.08590396156835567
pairwise,11,histgb,32,support_query,6,0.3206481345737834,0.042338019017202466,0.23474417300542771,-0.0435659425511532,0.2783101155565809,0.08590396156835567
pairwise,11,histgb,32,support_query,8,0.4003500885076652,0.03306813757907401,0.32371600837743797,-0.0435659425511532,0.36728195092859117,0.07663408013022721
pairwise,12,histgb,32,support_query,0,0.0,0.0,-0.03265811950941844,-0.03265811950941844,0.0,0.03265811950941844
pairwise,12,histgb,32,support_query,2,0.05347876446787425,0.009703196603795372,0.011117448354660442,-0.03265811950941844,0.04377556786407888,0.04236131611321381
pairwise,12,histgb,32,support_query,4,0.13990099318253324,0.16855842322297587,-0.06131554954986107,-0.03265811950941844,-0.028657430040442633,0.2012165427323943
pairwise,12,histgb,32,support_query,6,0.30128761551793193,0.20804577377420153,0.060583722234311965,-0.03265811950941844,0.0932418417437304,0.24070389328361996
pairwise,12,histgb,32,support_query,8,0.353132010663333,0.20804577377420153,0.11242811737971303,-0.03265811950941844,0.14508623688913147,0.24070389328361996
pairwise,13,histgb,32,support_query,0,0.0,0.0,0.0021895642550833205,0.0021895642550833205,0.0,-0.0021895642550833205
pairwise,13,histgb,32,support_query,2,0.10797035537899446,0.0,0.11015991963407779,0.0021895642550833205,0.10797035537899446,-0.0021895642550833205
pairwise,13,histgb,32,support_query,4,0.08122813801391249,0.0,0.08341770226899581,0.0021895642550833205,0.08122813801391249,-0.0021895642550833205
pairwise,13,histgb,32,support_query,6,0.03609070857408603,-0.007296583065661277,0.045576855894830626,0.0021895642550833205,0.043387291639747305,-0.009486147320744598
pairwise,13,histgb,32,support_query,8,0.08548181852920855,-0.007296583065661277,0.09496796584995315,0.0021895642550833205,0.09277840159486983,-0.009486147320744598
pairwise,14,histgb,32,support_query,0,0.0,0.0,-0.013892860434606469,-0.013892860434606469,0.0,0.013892860434606469
pairwise,14,histgb,32,support_query,2,0.04467400308822633,0.0,0.030781142653619864,-0.013892860434606469,0.04467400308822633,0.013892860434606469
pairwise,14,histgb,32,support_query,4,0.08662236520197752,0.0,0.07272950476737106,-0.013892860434606469,0.08662236520197752,0.013892860434606469
pairwise,14,histgb,32,support_query,6,0.12477780868938615,0.0,0.11088494825477968,-0.013892860434606469,0.12477780868938615,0.013892860434606469
pairwise,14,histgb,32,support_query,8,0.20244683045666156,0.0,0.1885539700220551,-0.013892860434606469,0.20244683045666156,0.013892860434606469
pairwise,15,histgb,32,support_query,0,0.0,0.0,0.008999944384482927,0.008999944384482927,0.0,-0.008999944384482927
pairwise,15,histgb,32,support_query,2,0.1706007208897291,0.17009356683801824,0.009507098436193795,0.008999944384482927,0.0005071540517108675,0.1610936224535353
pairwise,15,histgb,32,support_query,4,0.47061312582467596,0.4932542203285365,-0.01364115011937761,0.008999944384482927,-0.022641094503860537,0.48425427594405357
pairwise,15,histgb,32,support_query,6,0.43615342693645087,0.4932542203285365,-0.0481008490076027,0.008999944384482927,-0.057100793392085625,0.48425427594405357
pairwise,15,histgb,32,support_query,8,0.342083967134831,0.4932542203285365,-0.14217030880922255,0.008999944384482927,-0.15117025319370547,0.48425427594405357
pairwise,16,histgb,32,support_query,0,0.0,0.0,-0.004622270151873997,-0.004622270151873997,0.0,0.004622270151873997
pairwise,16,histgb,32,support_query,2,0.059326219292558435,-0.0014049940176005249,0.05610894315828496,-0.004622270151873997,0.06073121331015896,0.0032172761342734724
pairwise,16,histgb,32,support_query,4,0.08810372198335925,-0.0014049940176005249,0.08488644584908578,-0.004622270151873997,0.08950871600095978,0.0032172761342734724
pairwise,16,histgb,32,support_query,6,0.13707614257951606,-0.0014049940176005249,0.13385886644524259,-0.004622270151873997,0.13848113659711658,0.0032172761342734724
pairwise,16,histgb,32,support_query,8,0.14336083755570306,0.007144912297682993,0.13159365510614607,-0.004622270151873997,0.13621592525802007,0.01176718244955699
pairwise,17,histgb,32,support_query,0,0.0,0.0,-0.060843516925877195,-0.060843516925877195,0.0,0.060843516925877195
pairwise,17,histgb,32,support_query,2,0.08297042286537115,0.0,0.022126905939493957,-0.060843516925877195,0.08297042286537115,0.060843516925877195
pairwise,17,histgb,32,support_query,4,0.2944283429504919,0.0,0.23358482602461472,-0.060843516925877195,0.2944283429504919,0.060843516925877195
pairwise,17,histgb,32,support_query,6,0.3427786737819276,-0.006600000577016596,0.288535157433067,-0.060843516925877195,0.3493786743589442,0.0542435163488606
pairwise,17,histgb,32,support_query,8,0.4498345051421171,0.1822106467203808,0.2067803414958591,-0.060843516925877195,0.2676238584217363,0.24305416364625798
pairwise,18,histgb,32,support_query,0,0.0,0.0,-0.01022424691540802,-0.01022424691540802,0.0,0.01022424691540802
pairwise,18,histgb,32,support_query,2,0.0969595541872077,0.04744779799251664,0.03928750927928304,-0.01022424691540802,0.04951175619469106,0.05767204490792466
pairwise,18,histgb,32,support_query,4,0.088539177161995,0.056215095602742404,0.022099834643844574,-0.01022424691540802,0.03232408155925259,0.06643934251815042
pairwise,18,histgb,32,support_query,6,0.18590305079030622,0.08644687394880013,0.08923192992609807,-0.01022424691540802,0.0994561768415061,0.09667112086420815
pairwise,18,histgb,32,support_query,8,0.1710852762396997,0.08644687394880013,0.07441415537549156,-0.01022424691540802,0.08463840229089958,0.09667112086420815
pairwise,19,histgb,32,support_query,0,0.0,0.0,-0.012913725786154462,-0.012913725786154462,0.0,0.012913725786154462
pairwise,19,histgb,32,support_query,2,0.05518826187996628,0.07369115113388047,-0.03141661504006865,-0.012913725786154462,-0.01850288925391419,0.08660487692003493
pairwise,19,histgb,32,support_query,4,0.04444684364040996,0.07369115113388047,-0.042158033279624973,-0.012913725786154462,-0.02924430749347051,0.08660487692003493
pairwise,19,histgb,32,support_query,6,0.07412762103544168,0.07369115113388047,-0.012477255884593252,-0.012913725786154462,0.00043646990156120946,0.08660487692003493
pairwise,19,histgb,32,support_query,8,0.1102030677292043,0.07369115113388047,0.02359819080916936,-0.012913725786154462,0.03651191659532382,0.08660487692003493
sparse,0,histgb,32,support_query,0,0.0,0.0,-0.030302822392092588,-0.030302822392092588,0.0,0.030302822392092588
sparse,0,histgb,32,support_query,2,0.05985536208474351,0.0,0.029552539692650925,-0.030302822392092588,0.05985536208474351,0.030302822392092588
sparse,0,histgb,32,support_query,4,0.05796472827936905,0.006238509642772727,0.021423396244503734,-0.030302822392092588,0.05172621863659632,0.036541332034865315
sparse,0,histgb,32,support_query,6,0.3266216112620791,0.4512223680687131,-0.15490357919872655,-0.030302822392092588,-0.12460075680663396,0.48152519046080566
sparse,0,histgb,32,support_query,8,0.3845872137884815,0.4512223680687131,-0.09693797667232418,-0.030302822392092588,-0.06663515428023159,0.48152519046080566
sparse,1,histgb,32,support_query,0,0.0,0.0,-0.08802762358847704,-0.08802762358847704,0.0,0.08802762358847704
sparse,1,histgb,32,support_query,2,0.3452291073578827,0.0,0.25720148376940566,-0.08802762358847704,0.3452291073578827,0.08802762358847704
sparse,1,histgb,32,support_query,4,0.2743956683734904,0.0,0.18636804478501334,-0.08802762358847704,0.2743956683734904,0.08802762358847704
sparse,1,histgb,32,support_query,6,0.2179499695358028,0.0,0.12992234594732577,-0.08802762358847704,0.2179499695358028,0.08802762358847704
sparse,1,histgb,32,support_query,8,0.5030311360984926,0.18256353459854624,0.2324399779114693,-0.08802762358847704,0.32046760149994635,0.2705911581870233
sparse,2,histgb,32,support_query,0,0.0,0.0,0.015375937023972663,0.015375937023972663,0.0,-0.015375937023972663
sparse,2,histgb,32,support_query,2,0.0006953005328105277,0.0,0.01607123755678319,0.015375937023972663,0.0006953005328105277,-0.015375937023972663
sparse,2,histgb,32,support_query,4,0.00021373518881639963,0.03465902671205756,-0.019069354499268498,0.015375937023972663,-0.03444529152324116,0.019283089688084898
sparse,2,histgb,32,support_query,6,0.09050862093546685,0.03465902671205756,0.07122553124738196,0.015375937023972663,0.055849594223409293,0.019283089688084898
sparse,2,histgb,32,support_query,8,0.11128914447829197,0.03465902671205756,0.09200605479020707,0.015375937023972663,0.0766301177662344,0.019283089688084898
sparse,3,histgb,32,support_query,0,0.0,0.0,-0.021443405694949513,-0.021443405694949513,0.0,0.021443405694949513
sparse,3,histgb,32,support_query,2,0.016942936398237518,0.0,-0.004500469296711995,-0.021443405694949513,0.016942936398237518,0.021443405694949513
sparse,3,histgb,32,support_query,4,0.06763852853442243,0.0,0.04619512283947291,-0.021443405694949513,0.06763852853442243,0.021443405694949513
sparse,3,histgb,32,support_query,6,0.07339430656441248,0.0,0.05195090086946297,-0.021443405694949513,0.07339430656441248,0.021443405694949513
sparse,3,histgb,32,support_query,8,0.1397810049947007,0.0,0.11833759929975118,-0.021443405694949513,0.1397810049947007,0.021443405694949513
sparse,4,histgb,32,support_query,0,0.0,0.0,-0.10913130581212249,-0.10913130581212249,0.0,0.10913130581212249
sparse,4,histgb,32,support_query,2,0.21613876250086905,0.08429480324985816,0.022712653438888397,-0.10913130581212249,0.1318439592510109,0.19342610906198066
sparse,4,histgb,32,support_query,4,0.3409540950752358,0.07575702656228989,0.1560657627008234,-0.10913130581212249,0.2651970685129459,0.18488833237441238
sparse,4,histgb,32,support_query,6,0.2419662228378997,0.07198349241461444,0.060851424611162774,-0.10913130581212249,0.16998273042328527,0.18111479822673693
sparse,4,histgb,32,support_query,8,0.4330354287263086,0.07198349241461444,0.2519206304995717,-0.10913130581212249,0.3610519363116942,0.18111479822673693
sparse,5,histgb,32,support_query,0,0.0,0.0,-0.015624683363011371,-0.015624683363011371,0.0,0.015624683363011371
sparse,5,histgb,32,support_query,2,0.1527278238650006,0.02035568760120543,0.11674745290078381,-0.015624683363011371,0.13237213626379518,0.0359803709642168
sparse,5,histgb,32,support_query,4,0.10529740820292344,0.016894262385880543,0.07277846245403152,-0.015624683363011371,0.0884031458170429,0.032518945748891914
sparse,5,histgb,32,support_query,6,0.14795633643874517,0.14802429251770632,-0.015692639441972522,-0.015624683363011371,-6.795607896115108e-05,0.1636489758807177
sparse,5,histgb,32,support_query,8,0.19000222673454947,0.24140895843199328,-0.06703141506045518,-0.015624683363011371,-0.05140673169744381,0.25703364179500465
sparse,6,histgb,32,support_query,0,0.0,0.0,-0.014255127694190017,-0.014255127694190017,0.0,0.014255127694190017
sparse,6,histgb,32,support_query,2,4.84148842869736e-05,0.0,-0.014206712809903044,-0.014255127694190017,4.84148842869736e-05,0.014255127694190017
sparse,6,histgb,32,support_query,4,0.013964230099335895,0.0,-0.0002908975948541226,-0.014255127694190017,0.013964230099335895,0.014255127694190017
sparse,6,histgb,32,support_query,6,0.12118270256423447,-0.009626082802304814,0.11655365767234926,-0.014255127694190017,0.13080878536653928,0.004629044891885203
sparse,6,histgb,32,support_query,8,0.10587560511824945,-0.009626082802304814,0.10124656022636425,-0.014255127694190017,0.11550168792055426,0.004629044891885203
sparse,7,histgb,32,support_query,0,0.0,0.0,-0.03101676458006808,-0.03101676458006808,0.0,0.03101676458006808
sparse,7,histgb,32,support_query,2,0.15523414315207673,0.1300812670142164,-0.005863888442207754,-0.03101676458006808,0.025152876137860325,0.16109803159428449
sparse,7,histgb,32,support_query,4,0.22239394051764072,0.1282193798552681,0.06315779608230454,-0.03101676458006808,0.09417456066237262,0.15923614443533618
sparse,7,histgb,32,support_query,6,0.21239486534275487,0.33820223216281475,-0.15682413140012796,-0.03101676458006808,-0.12580736682005988,0.36921899674288283
sparse,7,histgb,32,support_query,8,0.1611835151634844,0.33820223216281475,-0.20803548157939844,-0.03101676458006808,-0.17701871699933036,0.36921899674288283
sparse,8,histgb,32,support_query,0,0.0,0.0,-0.021506467681429386,-0.021506467681429386,0.0,0.021506467681429386
sparse,8,histgb,32,support_query,2,0.17189308273980242,0.0,0.15038661505837303,-0.021506467681429386,0.17189308273980242,0.021506467681429386
sparse,8,histgb,32,support_query,4,0.13052791523968543,0.0,0.10902144755825605,-0.021506467681429386,0.13052791523968543,0.021506467681429386
sparse,8,histgb,32,support_query,6,0.08043932447096325,0.005284232580446524,0.05364862420908734,-0.021506467681429386,0.07515509189051672,0.02679070026187591
sparse,8,histgb,32,support_query,8,0.18694402056058979,0.005284232580446524,0.16015332029871387,-0.021506467681429386,0.18165978798014326,0.02679070026187591
sparse,9,histgb,32,support_query,0,0.0,0.0,-0.050743748651123965,-0.050743748651123965,0.0,0.050743748651123965
sparse,9,histgb,32,support_query,2,0.10869495165945864,0.0,0.05795120300833467,-0.050743748651123965,0.10869495165945864,0.050743748651123965
sparse,9,histgb,32,support_query,4,0.10445696558704176,0.0,0.053713216935917796,-0.050743748651123965,0.10445696558704176,0.050743748651123965
sparse,9,histgb,32,support_query,6,0.14273902033767583,0.0,0.09199527168655186,-0.050743748651123965,0.14273902033767583,0.050743748651123965
sparse,9,histgb,32,support_query,8,0.13655541902912527,-0.0007506664471979008,0.0865623368251992,-0.050743748651123965,0.13730608547632317,0.049993082203926065
sparse,10,histgb,32,support_query,0,0.0,0.0,-0.01843825387204534,-0.01843825387204534,0.0,0.01843825387204534
sparse,10,histgb,32,support_query,2,0.04948316863374391,0.0,0.031044914761698572,-0.01843825387204534,0.04948316863374391,0.01843825387204534
sparse,10,histgb,32,support_query,4,0.21604007828639926,0.21922352107813958,-0.02162169666378566,-0.01843825387204534,-0.0031834427917403207,0.23766177495018492
sparse,10,histgb,32,support_query,6,0.15988396413175954,0.45326887914908565,-0.31182316888937145,-0.01843825387204534,-0.2933849150173261,0.471707133021131
sparse,10,histgb,32,support_query,8,0.28235637242977873,0.45326887914908565,-0.18935076059135225,-0.01843825387204534,-0.1709125067193069,0.471707133021131
sparse,11,histgb,32,support_query,0,0.0,0.0,0.005602065992058258,0.005602065992058258,0.0,-0.005602065992058258
sparse,11,histgb,32,support_query,2,0.2526479046797836,0.0,0.25824997067184186,0.005602065992058258,0.2526479046797836,-0.005602065992058258
sparse,11,histgb,32,support_query,4,0.19676362633779088,-0.0008346938058498843,0.20320038613569902,0.005602065992058258,0.19759832014364076,-0.0064367597979081426
sparse,11,histgb,32,support_query,6,0.18398009181251673,-0.012991443063001706,0.2025736008675767,0.005602065992058258,0.19697153487551844,-0.018593509055059965
sparse,11,histgb,32,support_query,8,0.1264709951800601,-0.007284717050337952,0.13935777822245632,0.005602065992058258,0.13375571223039806,-0.01288678304239621
sparse,12,histgb,32,support_query,0,0.0,0.0,0.0022092514900897697,0.0022092514900897697,0.0,-0.0022092514900897697
sparse,12,histgb,32,support_query,2,0.0018882410832052887,0.0,0.0040974925732950584,0.0022092514900897697,0.0018882410832052887,-0.0022092514900897697
sparse,12,histgb,32,support_query,4,0.3588396584785377,0.46504493771285993,-0.10399602774423244,0.0022092514900897697,-0.10620527923432221,0.46283568622277016
sparse,12,histgb,32,support_query,6,0.4139016499578475,0.4735128701460348,-0.05740196869809755,0.0022092514900897697,-0.05961122018818732,0.47130361865594506
sparse,12,histgb,32,support_query,8,0.41381472505937056,0.4735128701460348,-0.0574888935965745,0.0022092514900897697,-0.05969814508666427,0.47130361865594506
sparse,13,histgb,32,support_query,0,0.0,0.0,-0.005007762494973478,-0.005007762494973478,0.0,0.005007762494973478
sparse,13,histgb,32,support_query,2,0.010121952401887735,0.0,0.005114189906914257,-0.005007762494973478,0.010121952401887735,0.005007762494973478
sparse,13,histgb,32,support_query,4,0.11415165009494777,0.0,0.10914388759997429,-0.005007762494973478,0.11415165009494777,0.005007762494973478
sparse,13,histgb,32,support_query,6,0.3931363931164271,0.1987029950352417,0.18942563558621195,-0.005007762494973478,0.19443339808118543,0.20371075753021517
sparse,13,histgb,32,support_query,8,0.4005862532556792,0.1987029950352417,0.19687549572546403,-0.005007762494973478,0.2018832582204375,0.20371075753021517
sparse,14,histgb,32,support_query,0,0.0,0.0,-0.031582225631614835,-0.031582225631614835,0.0,0.031582225631614835
sparse,14,histgb,32,support_query,2,0.01562751540860907,0.0,-0.015954710223005764,-0.031582225631614835,0.01562751540860907,0.031582225631614835
sparse,14,histgb,32,support_query,4,0.05161109292578847,0.06004224236861666,-0.040013375074443025,-0.031582225631614835,-0.00843114944282819,0.0916244680002315
sparse,14,histgb,32,support_query,6,0.41267623958111366,0.8218786000941031,-0.44078458614460425,-0.031582225631614835,-0.4092023605129894,0.8534608257257179
sparse,14,histgb,32,support_query,8,0.38930652298660573,0.8218786000941031,-0.4641543027391122,-0.031582225631614835,-0.43257207710749734,0.8534608257257179
sparse,15,histgb,32,support_query,0,0.0,0.0,0.0019398150462246466,0.0019398150462246466,0.0,-0.0019398150462246466
sparse,15,histgb,32,support_query,2,0.0178385097227739,0.017530080170361395,0.00224824459863715,0.0019398150462246466,0.0003084295524125036,0.015590265124136748
sparse,15,histgb,32,support_query,4,0.06009374731969119,0.010822327960080202,0.05121123440583564,0.0019398150462246466,0.04927141935961099,0.008882512913855556
sparse,15,histgb,32,support_query,6,0.46286898586896696,0.5000520263032329,-0.035243225388041255,0.0019398150462246466,-0.0371830404342659,0.4981122112570082
sparse,15,histgb,32,support_query,8,0.4404825351564221,0.5331738507809805,-0.0907515005783337,0.0019398150462246466,-0.09269131562455835,0.5312340357347558
sparse,16,histgb,32,support_query,0,0.0,0.0,-0.021447368661238864,-0.021447368661238864,0.0,0.021447368661238864
sparse,16,histgb,32,support_query,2,0.0568088690434968,0.0,0.03536150038225794,-0.021447368661238864,0.0568088690434968,0.021447368661238864
sparse,16,histgb,32,support_query,4,0.24214275332985735,0.6415801286677313,-0.4208847439991128,-0.021447368661238864,-0.39943737533787393,0.6630274973289702
sparse,16,histgb,32,support_query,6,0.17165059714728348,0.6415801286677313,-0.49137690018168667,-0.021447368661238864,-0.4699295315204478,0.6630274973289702
sparse,16,histgb,32,support_query,8,0.24151245761868212,0.6415801286677313,-0.42151503971028803,-0.021447368661238864,-0.40006767104904917,0.6630274973289702
sparse,17,histgb,32,support_query,0,0.0,0.0,-0.0046689337144355525,-0.0046689337144355525,0.0,0.0046689337144355525
sparse,17,histgb,32,support_query,2,0.0943617739914423,0.08828982674320218,0.0014030135338045646,-0.0046689337144355525,0.006071947248240117,0.09295876045763773
sparse,17,histgb,32,support_query,4,0.08562327513165346,0.08828982674320218,-0.00733548532598427,-0.0046689337144355525,-0.0026665516115487176,0.09295876045763773
sparse,17,histgb,32,support_query,6,0.08831388324916978,0.08828982674320218,-0.004644877208467957,-0.0046689337144355525,2.4056505967595676e-05,0.09295876045763773
sparse,17,histgb,32,support_query,8,0.13721954766601718,0.08614363916062495,0.04640697479095668,-0.0046689337144355525,0.05107590850539223,0.0908125728750605
sparse,18,histgb,32,support_query,0,0.0,0.0,-0.050040037551993044,-0.050040037551993044,0.0,0.050040037551993044
sparse,18,histgb,32,support_query,2,0.0043517666662962196,0.0,-0.045688270885696824,-0.050040037551993044,0.0043517666662962196,0.050040037551993044
sparse,18,histgb,32,support_query,4,0.1325149453343738,0.0,0.08247490778238076,-0.050040037551993044,0.1325149453343738,0.050040037551993044
sparse,18,histgb,32,support_query,6,0.2634159245669583,0.0,0.21337588701496524,-0.050040037551993044,0.2634159245669583,0.050040037551993044
sparse,18,histgb,32,support_query,8,0.24865592621071886,0.0,0.19861588865872581,-0.050040037551993044,0.24865592621071886,0.050040037551993044
sparse,19,histgb,32,support_query,0,0.0,0.0,-0.0014027418761470845,-0.0014027418761470845,0.0,0.0014027418761470845
sparse,19,histgb,32,support_query,2,0.01597049461125588,0.016918021450455845,-0.002350268715347048,-0.0014027418761470845,-0.0009475268391999636,0.01832076332660293
sparse,19,histgb,32,support_query,4,0.06335472020245381,0.016918021450455845,0.04503395687585088,-0.0014027418761470845,0.04643669875199796,0.01832076332660293
sparse,19,histgb,32,support_query,6,0.2045475825125972,0.016918021450455845,0.18622681918599426,-0.0014027418761470845,0.18762956106214135,0.01832076332660293
sparse,19,histgb,32,support_query,8,0.22326104599949392,0.016918021450455845,0.204940282672891,-0.0014027418761470845,0.20634302454903808,0.01832076332660293
