Outcome ID,Comparison ID,Study,Tested semantic scope,Dataset-task,Budget-regime,Metric,Match status,Summary stratum,Direction,Admissible reference,Content sensitivity identifiable,Predictive utility identifiable,Observed result,Supported content claim,Supported utility claim,Reported significance,Outcome evidence,Design evidence
O0001,C01-A,LIFT,Feature-name semantics/association within the specified prompt format,CMC (23),Table 9 standard split,Classification accuracy (%),matched,primary,favorable,No,Partial,No,Descriptive point-estimate advantage for intended arm.,Content sensitivity remains conditional/unresolved under frozen design gates.,"Does not identify predictive utility of the tested component, irrespective of the performance gap.",not_reported,"C01_main.pdf Table 9, p.8; SD: checklist 3(c)","Official C01 main §4.1/Table 9, PDF p.8; official supplement D.2.1, printed pp.42–44 (PDF pp.20–22); supplied LIFT.pdf also contains these examples."
O0002,C01-B,LIFT,Feature-name semantics/association within the specified prompt format,CMC (23),Table 9 standard split,Classification accuracy (%),matched,primary,adverse,No,Partial,No,Descriptive point-estimate disadvantage for intended arm.,Content sensitivity remains conditional/unresolved under frozen design gates.,"Does not identify predictive utility of the tested component, irrespective of the performance gap.",not_reported,"C01_main.pdf Table 9, p.8; SD: checklist 3(c)","Official C01 main §4.1/Table 9, PDF p.8; official supplement D.2.1, printed pp.42–44 (PDF pp.20–22); supplied LIFT.pdf also contains these examples."
O0003,C01-C,LIFT,Feature-name semantics/association within the specified prompt format,CMC (23),Table 9 standard split,Classification accuracy (%),matched,primary,adverse,No,No,No,Descriptive point-estimate disadvantage for intended arm.,Does not identify intended–wrong content sensitivity for the frozen scope.,"Does not identify predictive utility of the tested component, irrespective of the performance gap.",not_reported,"C01_main.pdf Table 9, p.8; SD: checklist 3(c)","Official C01 main §4.1/Table 9, PDF p.8; official supplement D.2.1, printed pp.42–44 (PDF pp.20–22); supplied LIFT.pdf also contains these examples."
O0004,C01-D,LIFT,Feature-name semantics/association within the specified prompt format,CMC (23),Table 9 standard split,Classification accuracy (%),matched,primary,adverse,No,No,No,Descriptive point-estimate disadvantage for intended arm.,Does not identify intended–wrong content sensitivity for the frozen scope.,"Does not identify predictive utility of the tested component, irrespective of the performance gap.",not_reported,"C01_main.pdf Table 9, p.8; SD: checklist 3(c)","Official C01 main §4.1/Table 9, PDF p.8; official supplement D.2.1, printed pp.42–44 (PDF pp.20–22); supplied LIFT.pdf also contains these examples."
O0005,C01-A,LIFT,Feature-name semantics/association within the specified prompt format,TAE (48),Table 9 standard split,Classification accuracy (%),matched,primary,favorable,No,Partial,No,Descriptive point-estimate advantage for intended arm.,Content sensitivity remains conditional/unresolved under frozen design gates.,"Does not identify predictive utility of the tested component, irrespective of the performance gap.",not_reported,"C01_main.pdf Table 9, p.8; SD: checklist 3(c)","Official C01 main §4.1/Table 9, PDF p.8; official supplement D.2.1, printed pp.42–44 (PDF pp.20–22); supplied LIFT.pdf also contains these examples."
O0006,C01-B,LIFT,Feature-name semantics/association within the specified prompt format,TAE (48),Table 9 standard split,Classification accuracy (%),matched,primary,favorable,No,Partial,No,Descriptive point-estimate advantage for intended arm.,Content sensitivity remains conditional/unresolved under frozen design gates.,"Does not identify predictive utility of the tested component, irrespective of the performance gap.",not_reported,"C01_main.pdf Table 9, p.8; SD: checklist 3(c)","Official C01 main §4.1/Table 9, PDF p.8; official supplement D.2.1, printed pp.42–44 (PDF pp.20–22); supplied LIFT.pdf also contains these examples."
O0007,C01-C,LIFT,Feature-name semantics/association within the specified prompt format,TAE (48),Table 9 standard split,Classification accuracy (%),matched,primary,favorable,No,No,No,Descriptive point-estimate advantage for intended arm.,Does not identify intended–wrong content sensitivity for the frozen scope.,"Does not identify predictive utility of the tested component, irrespective of the performance gap.",not_reported,"C01_main.pdf Table 9, p.8; SD: checklist 3(c)","Official C01 main §4.1/Table 9, PDF p.8; official supplement D.2.1, printed pp.42–44 (PDF pp.20–22); supplied LIFT.pdf also contains these examples."
O0008,C01-D,LIFT,Feature-name semantics/association within the specified prompt format,TAE (48),Table 9 standard split,Classification accuracy (%),matched,primary,favorable,No,No,No,Descriptive point-estimate advantage for intended arm.,Does not identify intended–wrong content sensitivity for the frozen scope.,"Does not identify predictive utility of the tested component, irrespective of the performance gap.",not_reported,"C01_main.pdf Table 9, p.8; SD: checklist 3(c)","Official C01 main §4.1/Table 9, PDF p.8; official supplement D.2.1, printed pp.42–44 (PDF pp.20–22); supplied LIFT.pdf also contains these examples."
O0009,C01-A,LIFT,Feature-name semantics/association within the specified prompt format,Vehicle (54),Table 9 standard split,Classification accuracy (%),matched,primary,favorable,No,Partial,No,Descriptive point-estimate advantage for intended arm.,Content sensitivity remains conditional/unresolved under frozen design gates.,"Does not identify predictive utility of the tested component, irrespective of the performance gap.",not_reported,"C01_main.pdf Table 9, p.8; SD: checklist 3(c)","Official C01 main §4.1/Table 9, PDF p.8; official supplement D.2.1, printed pp.42–44 (PDF pp.20–22); supplied LIFT.pdf also contains these examples."
O0010,C01-B,LIFT,Feature-name semantics/association within the specified prompt format,Vehicle (54),Table 9 standard split,Classification accuracy (%),matched,primary,favorable,No,Partial,No,Descriptive point-estimate advantage for intended arm.,Content sensitivity remains conditional/unresolved under frozen design gates.,"Does not identify predictive utility of the tested component, irrespective of the performance gap.",not_reported,"C01_main.pdf Table 9, p.8; SD: checklist 3(c)","Official C01 main §4.1/Table 9, PDF p.8; official supplement D.2.1, printed pp.42–44 (PDF pp.20–22); supplied LIFT.pdf also contains these examples."
O0011,C01-C,LIFT,Feature-name semantics/association within the specified prompt format,Vehicle (54),Table 9 standard split,Classification accuracy (%),matched,primary,favorable,No,No,No,Descriptive point-estimate advantage for intended arm.,Does not identify intended–wrong content sensitivity for the frozen scope.,"Does not identify predictive utility of the tested component, irrespective of the performance gap.",not_reported,"C01_main.pdf Table 9, p.8; SD: checklist 3(c)","Official C01 main §4.1/Table 9, PDF p.8; official supplement D.2.1, printed pp.42–44 (PDF pp.20–22); supplied LIFT.pdf also contains these examples."
O0012,C01-D,LIFT,Feature-name semantics/association within the specified prompt format,Vehicle (54),Table 9 standard split,Classification accuracy (%),matched,primary,favorable,No,No,No,Descriptive point-estimate advantage for intended arm.,Does not identify intended–wrong content sensitivity for the frozen scope.,"Does not identify predictive utility of the tested component, irrespective of the performance gap.",not_reported,"C01_main.pdf Table 9, p.8; SD: checklist 3(c)","Official C01 main §4.1/Table 9, PDF p.8; official supplement D.2.1, printed pp.42–44 (PDF pp.20–22); supplied LIFT.pdf also contains these examples."
O0013,C01-A,LIFT,Feature-name semantics/association within the specified prompt format,German,Table 9 standard split,Classification accuracy (%),matched,primary,adverse,No,Partial,No,Descriptive point-estimate disadvantage for intended arm.,Content sensitivity remains conditional/unresolved under frozen design gates.,"Does not identify predictive utility of the tested component, irrespective of the performance gap.",not_reported,"C01_main.pdf Table 9, p.8; SD: checklist 3(c)","Official C01 main §4.1/Table 9, PDF p.8; official supplement D.2.1, printed pp.42–44 (PDF pp.20–22); supplied LIFT.pdf also contains these examples."
O0014,C01-B,LIFT,Feature-name semantics/association within the specified prompt format,German,Table 9 standard split,Classification accuracy (%),matched,primary,favorable,No,Partial,No,Descriptive point-estimate advantage for intended arm.,Content sensitivity remains conditional/unresolved under frozen design gates.,"Does not identify predictive utility of the tested component, irrespective of the performance gap.",not_reported,"C01_main.pdf Table 9, p.8; SD: checklist 3(c)","Official C01 main §4.1/Table 9, PDF p.8; official supplement D.2.1, printed pp.42–44 (PDF pp.20–22); supplied LIFT.pdf also contains these examples."
O0015,C01-C,LIFT,Feature-name semantics/association within the specified prompt format,German,Table 9 standard split,Classification accuracy (%),matched,primary,favorable,No,No,No,Descriptive point-estimate advantage for intended arm.,Does not identify intended–wrong content sensitivity for the frozen scope.,"Does not identify predictive utility of the tested component, irrespective of the performance gap.",not_reported,"C01_main.pdf Table 9, p.8; SD: checklist 3(c)","Official C01 main §4.1/Table 9, PDF p.8; official supplement D.2.1, printed pp.42–44 (PDF pp.20–22); supplied LIFT.pdf also contains these examples."
O0016,C01-D,LIFT,Feature-name semantics/association within the specified prompt format,German,Table 9 standard split,Classification accuracy (%),matched,primary,favorable,No,No,No,Descriptive point-estimate advantage for intended arm.,Does not identify intended–wrong content sensitivity for the frozen scope.,"Does not identify predictive utility of the tested component, irrespective of the performance gap.",not_reported,"C01_main.pdf Table 9, p.8; SD: checklist 3(c)","Official C01 main §4.1/Table 9, PDF p.8; official supplement D.2.1, printed pp.42–44 (PDF pp.20–22); supplied LIFT.pdf also contains these examples."
O0017,C01-A,LIFT,Feature-name semantics/association within the specified prompt format,CMC (23),Table 34 standard split,Classification accuracy (%),matched,primary,adverse,No,Partial,No,Descriptive point-estimate disadvantage for intended arm.,Content sensitivity remains conditional/unresolved under frozen design gates.,"Does not identify predictive utility of the tested component, irrespective of the performance gap.",not_reported,"C01_supp.pdf D.2.1 Table 34, printed p.44 / PDF p.22","Official C01 main §4.1/Table 9, PDF p.8; official supplement D.2.1, printed pp.42–44 (PDF pp.20–22); supplied LIFT.pdf also contains these examples."
O0018,C01-B,LIFT,Feature-name semantics/association within the specified prompt format,CMC (23),Table 34 standard split,Classification accuracy (%),matched,primary,adverse,No,Partial,No,Descriptive point-estimate disadvantage for intended arm.,Content sensitivity remains conditional/unresolved under frozen design gates.,"Does not identify predictive utility of the tested component, irrespective of the performance gap.",not_reported,"C01_supp.pdf D.2.1 Table 34, printed p.44 / PDF p.22","Official C01 main §4.1/Table 9, PDF p.8; official supplement D.2.1, printed pp.42–44 (PDF pp.20–22); supplied LIFT.pdf also contains these examples."
O0019,C01-C,LIFT,Feature-name semantics/association within the specified prompt format,CMC (23),Table 34 standard split,Classification accuracy (%),ambiguous,primary,adverse,No,No,No,Arm correspondence unresolved; numerical record cannot support this frozen comparison.,No directional content-sensitivity conclusion from this row.,No directional utility conclusion from this row.,not_reported,"C01_supp.pdf D.2.1 Table 34, printed p.44 / PDF p.22","Official C01 main §4.1/Table 9, PDF p.8; official supplement D.2.1, printed pp.42–44 (PDF pp.20–22); supplied LIFT.pdf also contains these examples."
O0020,C01-D,LIFT,Feature-name semantics/association within the specified prompt format,CMC (23),Table 34 standard split,Classification accuracy (%),ambiguous,primary,favorable,No,No,No,Arm correspondence unresolved; numerical record cannot support this frozen comparison.,No directional content-sensitivity conclusion from this row.,No directional utility conclusion from this row.,not_reported,"C01_supp.pdf D.2.1 Table 34, printed p.44 / PDF p.22","Official C01 main §4.1/Table 9, PDF p.8; official supplement D.2.1, printed pp.42–44 (PDF pp.20–22); supplied LIFT.pdf also contains these examples."
O0021,C01-A,LIFT,Feature-name semantics/association within the specified prompt format,TAE (48),Table 34 standard split,Classification accuracy (%),matched,primary,adverse,No,Partial,No,Descriptive point-estimate disadvantage for intended arm.,Content sensitivity remains conditional/unresolved under frozen design gates.,"Does not identify predictive utility of the tested component, irrespective of the performance gap.",not_reported,"C01_supp.pdf D.2.1 Table 34, printed p.44 / PDF p.22","Official C01 main §4.1/Table 9, PDF p.8; official supplement D.2.1, printed pp.42–44 (PDF pp.20–22); supplied LIFT.pdf also contains these examples."
O0022,C01-B,LIFT,Feature-name semantics/association within the specified prompt format,TAE (48),Table 34 standard split,Classification accuracy (%),matched,primary,favorable,No,Partial,No,Descriptive point-estimate advantage for intended arm.,Content sensitivity remains conditional/unresolved under frozen design gates.,"Does not identify predictive utility of the tested component, irrespective of the performance gap.",not_reported,"C01_supp.pdf D.2.1 Table 34, printed p.44 / PDF p.22","Official C01 main §4.1/Table 9, PDF p.8; official supplement D.2.1, printed pp.42–44 (PDF pp.20–22); supplied LIFT.pdf also contains these examples."
O0023,C01-C,LIFT,Feature-name semantics/association within the specified prompt format,TAE (48),Table 34 standard split,Classification accuracy (%),ambiguous,primary,adverse,No,No,No,Arm correspondence unresolved; numerical record cannot support this frozen comparison.,No directional content-sensitivity conclusion from this row.,No directional utility conclusion from this row.,not_reported,"C01_supp.pdf D.2.1 Table 34, printed p.44 / PDF p.22","Official C01 main §4.1/Table 9, PDF p.8; official supplement D.2.1, printed pp.42–44 (PDF pp.20–22); supplied LIFT.pdf also contains these examples."
O0024,C01-D,LIFT,Feature-name semantics/association within the specified prompt format,TAE (48),Table 34 standard split,Classification accuracy (%),ambiguous,primary,favorable,No,No,No,Arm correspondence unresolved; numerical record cannot support this frozen comparison.,No directional content-sensitivity conclusion from this row.,No directional utility conclusion from this row.,not_reported,"C01_supp.pdf D.2.1 Table 34, printed p.44 / PDF p.22","Official C01 main §4.1/Table 9, PDF p.8; official supplement D.2.1, printed pp.42–44 (PDF pp.20–22); supplied LIFT.pdf also contains these examples."
O0025,C01-A,LIFT,Feature-name semantics/association within the specified prompt format,Vehicle (54),Table 34 standard split,Classification accuracy (%),matched,primary,favorable,No,Partial,No,Descriptive point-estimate advantage for intended arm.,Content sensitivity remains conditional/unresolved under frozen design gates.,"Does not identify predictive utility of the tested component, irrespective of the performance gap.",not_reported,"C01_supp.pdf D.2.1 Table 34, printed p.44 / PDF p.22","Official C01 main §4.1/Table 9, PDF p.8; official supplement D.2.1, printed pp.42–44 (PDF pp.20–22); supplied LIFT.pdf also contains these examples."
O0026,C01-B,LIFT,Feature-name semantics/association within the specified prompt format,Vehicle (54),Table 34 standard split,Classification accuracy (%),matched,primary,favorable,No,Partial,No,Descriptive point-estimate advantage for intended arm.,Content sensitivity remains conditional/unresolved under frozen design gates.,"Does not identify predictive utility of the tested component, irrespective of the performance gap.",not_reported,"C01_supp.pdf D.2.1 Table 34, printed p.44 / PDF p.22","Official C01 main §4.1/Table 9, PDF p.8; official supplement D.2.1, printed pp.42–44 (PDF pp.20–22); supplied LIFT.pdf also contains these examples."
O0027,C01-C,LIFT,Feature-name semantics/association within the specified prompt format,Vehicle (54),Table 34 standard split,Classification accuracy (%),ambiguous,primary,favorable,No,No,No,Arm correspondence unresolved; numerical record cannot support this frozen comparison.,No directional content-sensitivity conclusion from this row.,No directional utility conclusion from this row.,not_reported,"C01_supp.pdf D.2.1 Table 34, printed p.44 / PDF p.22","Official C01 main §4.1/Table 9, PDF p.8; official supplement D.2.1, printed pp.42–44 (PDF pp.20–22); supplied LIFT.pdf also contains these examples."
O0028,C01-D,LIFT,Feature-name semantics/association within the specified prompt format,Vehicle (54),Table 34 standard split,Classification accuracy (%),ambiguous,primary,favorable,No,No,No,Arm correspondence unresolved; numerical record cannot support this frozen comparison.,No directional content-sensitivity conclusion from this row.,No directional utility conclusion from this row.,not_reported,"C01_supp.pdf D.2.1 Table 34, printed p.44 / PDF p.22","Official C01 main §4.1/Table 9, PDF p.8; official supplement D.2.1, printed pp.42–44 (PDF pp.20–22); supplied LIFT.pdf also contains these examples."
O0029,C01-A,LIFT,Feature-name semantics/association within the specified prompt format,Insurance,training fraction 0.2,Regression error (metric unnamed in Table 35; RAE in surrounding regression protocol),matched,primary,favorable,No,Partial,No,Descriptive point-estimate advantage for intended arm.,Content sensitivity remains conditional/unresolved under frozen design gates.,"Does not identify predictive utility of the tested component, irrespective of the performance gap.",not_reported,"C01_supp.pdf D.2.1 Table 35, printed p.45 / PDF p.23; regression protocol Table 20, printed p.36 (same full-data unnamed Insurance/Student results)","Official C01 main §4.1/Table 9, PDF p.8; official supplement D.2.1, printed pp.42–44 (PDF pp.20–22); supplied LIFT.pdf also contains these examples."
O0030,C01-B,LIFT,Feature-name semantics/association within the specified prompt format,Insurance,training fraction 0.2,Regression error (metric unnamed in Table 35; RAE in surrounding regression protocol),matched,primary,adverse,No,Partial,No,Descriptive point-estimate disadvantage for intended arm.,Content sensitivity remains conditional/unresolved under frozen design gates.,"Does not identify predictive utility of the tested component, irrespective of the performance gap.",not_reported,"C01_supp.pdf D.2.1 Table 35, printed p.45 / PDF p.23; regression protocol Table 20, printed p.36 (same full-data unnamed Insurance/Student results)","Official C01 main §4.1/Table 9, PDF p.8; official supplement D.2.1, printed pp.42–44 (PDF pp.20–22); supplied LIFT.pdf also contains these examples."
O0031,C01-C,LIFT,Feature-name semantics/association within the specified prompt format,Insurance,training fraction 0.2,Regression error (metric unnamed in Table 35; RAE in surrounding regression protocol),ambiguous,primary,favorable,No,No,No,Arm correspondence unresolved; numerical record cannot support this frozen comparison.,No directional content-sensitivity conclusion from this row.,No directional utility conclusion from this row.,not_reported,"C01_supp.pdf D.2.1 Table 35, printed p.45 / PDF p.23; regression protocol Table 20, printed p.36 (same full-data unnamed Insurance/Student results)","Official C01 main §4.1/Table 9, PDF p.8; official supplement D.2.1, printed pp.42–44 (PDF pp.20–22); supplied LIFT.pdf also contains these examples."
O0032,C01-D,LIFT,Feature-name semantics/association within the specified prompt format,Insurance,training fraction 0.2,Regression error (metric unnamed in Table 35; RAE in surrounding regression protocol),ambiguous,primary,equal_at_printed_precision,No,No,No,Arm correspondence unresolved; numerical record cannot support this frozen comparison.,No directional content-sensitivity conclusion from this row.,No directional utility conclusion from this row.,not_reported,"C01_supp.pdf D.2.1 Table 35, printed p.45 / PDF p.23; regression protocol Table 20, printed p.36 (same full-data unnamed Insurance/Student results)","Official C01 main §4.1/Table 9, PDF p.8; official supplement D.2.1, printed pp.42–44 (PDF pp.20–22); supplied LIFT.pdf also contains these examples."
O0033,C01-A,LIFT,Feature-name semantics/association within the specified prompt format,Insurance,training fraction 0.4,Regression error (metric unnamed in Table 35; RAE in surrounding regression protocol),matched,primary,adverse,No,Partial,No,Descriptive point-estimate disadvantage for intended arm.,Content sensitivity remains conditional/unresolved under frozen design gates.,"Does not identify predictive utility of the tested component, irrespective of the performance gap.",not_reported,"C01_supp.pdf D.2.1 Table 35, printed p.45 / PDF p.23; regression protocol Table 20, printed p.36 (same full-data unnamed Insurance/Student results)","Official C01 main §4.1/Table 9, PDF p.8; official supplement D.2.1, printed pp.42–44 (PDF pp.20–22); supplied LIFT.pdf also contains these examples."
O0034,C01-B,LIFT,Feature-name semantics/association within the specified prompt format,Insurance,training fraction 0.4,Regression error (metric unnamed in Table 35; RAE in surrounding regression protocol),matched,primary,adverse,No,Partial,No,Descriptive point-estimate disadvantage for intended arm.,Content sensitivity remains conditional/unresolved under frozen design gates.,"Does not identify predictive utility of the tested component, irrespective of the performance gap.",not_reported,"C01_supp.pdf D.2.1 Table 35, printed p.45 / PDF p.23; regression protocol Table 20, printed p.36 (same full-data unnamed Insurance/Student results)","Official C01 main §4.1/Table 9, PDF p.8; official supplement D.2.1, printed pp.42–44 (PDF pp.20–22); supplied LIFT.pdf also contains these examples."
O0035,C01-C,LIFT,Feature-name semantics/association within the specified prompt format,Insurance,training fraction 0.4,Regression error (metric unnamed in Table 35; RAE in surrounding regression protocol),ambiguous,primary,favorable,No,No,No,Arm correspondence unresolved; numerical record cannot support this frozen comparison.,No directional content-sensitivity conclusion from this row.,No directional utility conclusion from this row.,not_reported,"C01_supp.pdf D.2.1 Table 35, printed p.45 / PDF p.23; regression protocol Table 20, printed p.36 (same full-data unnamed Insurance/Student results)","Official C01 main §4.1/Table 9, PDF p.8; official supplement D.2.1, printed pp.42–44 (PDF pp.20–22); supplied LIFT.pdf also contains these examples."
O0036,C01-D,LIFT,Feature-name semantics/association within the specified prompt format,Insurance,training fraction 0.4,Regression error (metric unnamed in Table 35; RAE in surrounding regression protocol),ambiguous,primary,favorable,No,No,No,Arm correspondence unresolved; numerical record cannot support this frozen comparison.,No directional content-sensitivity conclusion from this row.,No directional utility conclusion from this row.,not_reported,"C01_supp.pdf D.2.1 Table 35, printed p.45 / PDF p.23; regression protocol Table 20, printed p.36 (same full-data unnamed Insurance/Student results)","Official C01 main §4.1/Table 9, PDF p.8; official supplement D.2.1, printed pp.42–44 (PDF pp.20–22); supplied LIFT.pdf also contains these examples."
O0037,C01-A,LIFT,Feature-name semantics/association within the specified prompt format,Insurance,training fraction 0.6,Regression error (metric unnamed in Table 35; RAE in surrounding regression protocol),matched,primary,adverse,No,Partial,No,Descriptive point-estimate disadvantage for intended arm.,Content sensitivity remains conditional/unresolved under frozen design gates.,"Does not identify predictive utility of the tested component, irrespective of the performance gap.",not_reported,"C01_supp.pdf D.2.1 Table 35, printed p.45 / PDF p.23; regression protocol Table 20, printed p.36 (same full-data unnamed Insurance/Student results)","Official C01 main §4.1/Table 9, PDF p.8; official supplement D.2.1, printed pp.42–44 (PDF pp.20–22); supplied LIFT.pdf also contains these examples."
O0038,C01-B,LIFT,Feature-name semantics/association within the specified prompt format,Insurance,training fraction 0.6,Regression error (metric unnamed in Table 35; RAE in surrounding regression protocol),matched,primary,adverse,No,Partial,No,Descriptive point-estimate disadvantage for intended arm.,Content sensitivity remains conditional/unresolved under frozen design gates.,"Does not identify predictive utility of the tested component, irrespective of the performance gap.",not_reported,"C01_supp.pdf D.2.1 Table 35, printed p.45 / PDF p.23; regression protocol Table 20, printed p.36 (same full-data unnamed Insurance/Student results)","Official C01 main §4.1/Table 9, PDF p.8; official supplement D.2.1, printed pp.42–44 (PDF pp.20–22); supplied LIFT.pdf also contains these examples."
O0039,C01-C,LIFT,Feature-name semantics/association within the specified prompt format,Insurance,training fraction 0.6,Regression error (metric unnamed in Table 35; RAE in surrounding regression protocol),ambiguous,primary,equal_at_printed_precision,No,No,No,Arm correspondence unresolved; numerical record cannot support this frozen comparison.,No directional content-sensitivity conclusion from this row.,No directional utility conclusion from this row.,not_reported,"C01_supp.pdf D.2.1 Table 35, printed p.45 / PDF p.23; regression protocol Table 20, printed p.36 (same full-data unnamed Insurance/Student results)","Official C01 main §4.1/Table 9, PDF p.8; official supplement D.2.1, printed pp.42–44 (PDF pp.20–22); supplied LIFT.pdf also contains these examples."
O0040,C01-D,LIFT,Feature-name semantics/association within the specified prompt format,Insurance,training fraction 0.6,Regression error (metric unnamed in Table 35; RAE in surrounding regression protocol),ambiguous,primary,favorable,No,No,No,Arm correspondence unresolved; numerical record cannot support this frozen comparison.,No directional content-sensitivity conclusion from this row.,No directional utility conclusion from this row.,not_reported,"C01_supp.pdf D.2.1 Table 35, printed p.45 / PDF p.23; regression protocol Table 20, printed p.36 (same full-data unnamed Insurance/Student results)","Official C01 main §4.1/Table 9, PDF p.8; official supplement D.2.1, printed pp.42–44 (PDF pp.20–22); supplied LIFT.pdf also contains these examples."
O0041,C01-A,LIFT,Feature-name semantics/association within the specified prompt format,Insurance,training fraction 0.8,Regression error (metric unnamed in Table 35; RAE in surrounding regression protocol),matched,primary,favorable,No,Partial,No,Descriptive point-estimate advantage for intended arm.,Content sensitivity remains conditional/unresolved under frozen design gates.,"Does not identify predictive utility of the tested component, irrespective of the performance gap.",not_reported,"C01_supp.pdf D.2.1 Table 35, printed p.45 / PDF p.23; regression protocol Table 20, printed p.36 (same full-data unnamed Insurance/Student results)","Official C01 main §4.1/Table 9, PDF p.8; official supplement D.2.1, printed pp.42–44 (PDF pp.20–22); supplied LIFT.pdf also contains these examples."
O0042,C01-B,LIFT,Feature-name semantics/association within the specified prompt format,Insurance,training fraction 0.8,Regression error (metric unnamed in Table 35; RAE in surrounding regression protocol),matched,primary,favorable,No,Partial,No,Descriptive point-estimate advantage for intended arm.,Content sensitivity remains conditional/unresolved under frozen design gates.,"Does not identify predictive utility of the tested component, irrespective of the performance gap.",not_reported,"C01_supp.pdf D.2.1 Table 35, printed p.45 / PDF p.23; regression protocol Table 20, printed p.36 (same full-data unnamed Insurance/Student results)","Official C01 main §4.1/Table 9, PDF p.8; official supplement D.2.1, printed pp.42–44 (PDF pp.20–22); supplied LIFT.pdf also contains these examples."
O0043,C01-C,LIFT,Feature-name semantics/association within the specified prompt format,Insurance,training fraction 0.8,Regression error (metric unnamed in Table 35; RAE in surrounding regression protocol),ambiguous,primary,favorable,No,No,No,Arm correspondence unresolved; numerical record cannot support this frozen comparison.,No directional content-sensitivity conclusion from this row.,No directional utility conclusion from this row.,not_reported,"C01_supp.pdf D.2.1 Table 35, printed p.45 / PDF p.23; regression protocol Table 20, printed p.36 (same full-data unnamed Insurance/Student results)","Official C01 main §4.1/Table 9, PDF p.8; official supplement D.2.1, printed pp.42–44 (PDF pp.20–22); supplied LIFT.pdf also contains these examples."
O0044,C01-D,LIFT,Feature-name semantics/association within the specified prompt format,Insurance,training fraction 0.8,Regression error (metric unnamed in Table 35; RAE in surrounding regression protocol),ambiguous,primary,favorable,No,No,No,Arm correspondence unresolved; numerical record cannot support this frozen comparison.,No directional content-sensitivity conclusion from this row.,No directional utility conclusion from this row.,not_reported,"C01_supp.pdf D.2.1 Table 35, printed p.45 / PDF p.23; regression protocol Table 20, printed p.36 (same full-data unnamed Insurance/Student results)","Official C01 main §4.1/Table 9, PDF p.8; official supplement D.2.1, printed pp.42–44 (PDF pp.20–22); supplied LIFT.pdf also contains these examples."
O0045,C01-A,LIFT,Feature-name semantics/association within the specified prompt format,Insurance,training fraction 1.0,Regression error (metric unnamed in Table 35; RAE in surrounding regression protocol),matched,primary,equal_at_printed_precision,No,Partial,No,Equal printed point estimates; no equivalence or zero-effect conclusion.,Content sensitivity remains conditional/unresolved under frozen design gates.,"Does not identify predictive utility of the tested component, irrespective of the performance gap.",not_reported,"C01_supp.pdf D.2.1 Table 35, printed p.45 / PDF p.23; regression protocol Table 20, printed p.36 (same full-data unnamed Insurance/Student results)","Official C01 main §4.1/Table 9, PDF p.8; official supplement D.2.1, printed pp.42–44 (PDF pp.20–22); supplied LIFT.pdf also contains these examples."
O0046,C01-B,LIFT,Feature-name semantics/association within the specified prompt format,Insurance,training fraction 1.0,Regression error (metric unnamed in Table 35; RAE in surrounding regression protocol),matched,primary,favorable,No,Partial,No,Descriptive point-estimate advantage for intended arm.,Content sensitivity remains conditional/unresolved under frozen design gates.,"Does not identify predictive utility of the tested component, irrespective of the performance gap.",not_reported,"C01_supp.pdf D.2.1 Table 35, printed p.45 / PDF p.23; regression protocol Table 20, printed p.36 (same full-data unnamed Insurance/Student results)","Official C01 main §4.1/Table 9, PDF p.8; official supplement D.2.1, printed pp.42–44 (PDF pp.20–22); supplied LIFT.pdf also contains these examples."
O0047,C01-C,LIFT,Feature-name semantics/association within the specified prompt format,Insurance,training fraction 1.0,Regression error (metric unnamed in Table 35; RAE in surrounding regression protocol),ambiguous,primary,adverse,No,No,No,Arm correspondence unresolved; numerical record cannot support this frozen comparison.,No directional content-sensitivity conclusion from this row.,No directional utility conclusion from this row.,not_reported,"C01_supp.pdf D.2.1 Table 35, printed p.45 / PDF p.23; regression protocol Table 20, printed p.36 (same full-data unnamed Insurance/Student results)","Official C01 main §4.1/Table 9, PDF p.8; official supplement D.2.1, printed pp.42–44 (PDF pp.20–22); supplied LIFT.pdf also contains these examples."
O0048,C01-D,LIFT,Feature-name semantics/association within the specified prompt format,Insurance,training fraction 1.0,Regression error (metric unnamed in Table 35; RAE in surrounding regression protocol),ambiguous,primary,favorable,No,No,No,Arm correspondence unresolved; numerical record cannot support this frozen comparison.,No directional content-sensitivity conclusion from this row.,No directional utility conclusion from this row.,not_reported,"C01_supp.pdf D.2.1 Table 35, printed p.45 / PDF p.23; regression protocol Table 20, printed p.36 (same full-data unnamed Insurance/Student results)","Official C01 main §4.1/Table 9, PDF p.8; official supplement D.2.1, printed pp.42–44 (PDF pp.20–22); supplied LIFT.pdf also contains these examples."
O0049,C01-A,LIFT,Feature-name semantics/association within the specified prompt format,Student,training fraction 0.2,Regression error (metric unnamed in Table 35; RAE in surrounding regression protocol),matched,primary,favorable,No,Partial,No,Descriptive point-estimate advantage for intended arm.,Content sensitivity remains conditional/unresolved under frozen design gates.,"Does not identify predictive utility of the tested component, irrespective of the performance gap.",not_reported,"C01_supp.pdf D.2.1 Table 35, printed p.45 / PDF p.23; regression protocol Table 20, printed p.36 (same full-data unnamed Insurance/Student results)","Official C01 main §4.1/Table 9, PDF p.8; official supplement D.2.1, printed pp.42–44 (PDF pp.20–22); supplied LIFT.pdf also contains these examples."
O0050,C01-B,LIFT,Feature-name semantics/association within the specified prompt format,Student,training fraction 0.2,Regression error (metric unnamed in Table 35; RAE in surrounding regression protocol),matched,primary,favorable,No,Partial,No,Descriptive point-estimate advantage for intended arm.,Content sensitivity remains conditional/unresolved under frozen design gates.,"Does not identify predictive utility of the tested component, irrespective of the performance gap.",not_reported,"C01_supp.pdf D.2.1 Table 35, printed p.45 / PDF p.23; regression protocol Table 20, printed p.36 (same full-data unnamed Insurance/Student results)","Official C01 main §4.1/Table 9, PDF p.8; official supplement D.2.1, printed pp.42–44 (PDF pp.20–22); supplied LIFT.pdf also contains these examples."
O0051,C01-C,LIFT,Feature-name semantics/association within the specified prompt format,Student,training fraction 0.2,Regression error (metric unnamed in Table 35; RAE in surrounding regression protocol),ambiguous,primary,favorable,No,No,No,Arm correspondence unresolved; numerical record cannot support this frozen comparison.,No directional content-sensitivity conclusion from this row.,No directional utility conclusion from this row.,not_reported,"C01_supp.pdf D.2.1 Table 35, printed p.45 / PDF p.23; regression protocol Table 20, printed p.36 (same full-data unnamed Insurance/Student results)","Official C01 main §4.1/Table 9, PDF p.8; official supplement D.2.1, printed pp.42–44 (PDF pp.20–22); supplied LIFT.pdf also contains these examples."
O0052,C01-D,LIFT,Feature-name semantics/association within the specified prompt format,Student,training fraction 0.2,Regression error (metric unnamed in Table 35; RAE in surrounding regression protocol),ambiguous,primary,favorable,No,No,No,Arm correspondence unresolved; numerical record cannot support this frozen comparison.,No directional content-sensitivity conclusion from this row.,No directional utility conclusion from this row.,not_reported,"C01_supp.pdf D.2.1 Table 35, printed p.45 / PDF p.23; regression protocol Table 20, printed p.36 (same full-data unnamed Insurance/Student results)","Official C01 main §4.1/Table 9, PDF p.8; official supplement D.2.1, printed pp.42–44 (PDF pp.20–22); supplied LIFT.pdf also contains these examples."
O0053,C01-A,LIFT,Feature-name semantics/association within the specified prompt format,Student,training fraction 0.4,Regression error (metric unnamed in Table 35; RAE in surrounding regression protocol),matched,primary,adverse,No,Partial,No,Descriptive point-estimate disadvantage for intended arm.,Content sensitivity remains conditional/unresolved under frozen design gates.,"Does not identify predictive utility of the tested component, irrespective of the performance gap.",not_reported,"C01_supp.pdf D.2.1 Table 35, printed p.45 / PDF p.23; regression protocol Table 20, printed p.36 (same full-data unnamed Insurance/Student results)","Official C01 main §4.1/Table 9, PDF p.8; official supplement D.2.1, printed pp.42–44 (PDF pp.20–22); supplied LIFT.pdf also contains these examples."
O0054,C01-B,LIFT,Feature-name semantics/association within the specified prompt format,Student,training fraction 0.4,Regression error (metric unnamed in Table 35; RAE in surrounding regression protocol),matched,primary,adverse,No,Partial,No,Descriptive point-estimate disadvantage for intended arm.,Content sensitivity remains conditional/unresolved under frozen design gates.,"Does not identify predictive utility of the tested component, irrespective of the performance gap.",not_reported,"C01_supp.pdf D.2.1 Table 35, printed p.45 / PDF p.23; regression protocol Table 20, printed p.36 (same full-data unnamed Insurance/Student results)","Official C01 main §4.1/Table 9, PDF p.8; official supplement D.2.1, printed pp.42–44 (PDF pp.20–22); supplied LIFT.pdf also contains these examples."
O0055,C01-C,LIFT,Feature-name semantics/association within the specified prompt format,Student,training fraction 0.4,Regression error (metric unnamed in Table 35; RAE in surrounding regression protocol),ambiguous,primary,equal_at_printed_precision,No,No,No,Arm correspondence unresolved; numerical record cannot support this frozen comparison.,No directional content-sensitivity conclusion from this row.,No directional utility conclusion from this row.,not_reported,"C01_supp.pdf D.2.1 Table 35, printed p.45 / PDF p.23; regression protocol Table 20, printed p.36 (same full-data unnamed Insurance/Student results)","Official C01 main §4.1/Table 9, PDF p.8; official supplement D.2.1, printed pp.42–44 (PDF pp.20–22); supplied LIFT.pdf also contains these examples."
O0056,C01-D,LIFT,Feature-name semantics/association within the specified prompt format,Student,training fraction 0.4,Regression error (metric unnamed in Table 35; RAE in surrounding regression protocol),ambiguous,primary,adverse,No,No,No,Arm correspondence unresolved; numerical record cannot support this frozen comparison.,No directional content-sensitivity conclusion from this row.,No directional utility conclusion from this row.,not_reported,"C01_supp.pdf D.2.1 Table 35, printed p.45 / PDF p.23; regression protocol Table 20, printed p.36 (same full-data unnamed Insurance/Student results)","Official C01 main §4.1/Table 9, PDF p.8; official supplement D.2.1, printed pp.42–44 (PDF pp.20–22); supplied LIFT.pdf also contains these examples."
O0057,C01-A,LIFT,Feature-name semantics/association within the specified prompt format,Student,training fraction 0.6,Regression error (metric unnamed in Table 35; RAE in surrounding regression protocol),matched,primary,equal_at_printed_precision,No,Partial,No,Equal printed point estimates; no equivalence or zero-effect conclusion.,Content sensitivity remains conditional/unresolved under frozen design gates.,"Does not identify predictive utility of the tested component, irrespective of the performance gap.",not_reported,"C01_supp.pdf D.2.1 Table 35, printed p.45 / PDF p.23; regression protocol Table 20, printed p.36 (same full-data unnamed Insurance/Student results)","Official C01 main §4.1/Table 9, PDF p.8; official supplement D.2.1, printed pp.42–44 (PDF pp.20–22); supplied LIFT.pdf also contains these examples."
O0058,C01-B,LIFT,Feature-name semantics/association within the specified prompt format,Student,training fraction 0.6,Regression error (metric unnamed in Table 35; RAE in surrounding regression protocol),matched,primary,favorable,No,Partial,No,Descriptive point-estimate advantage for intended arm.,Content sensitivity remains conditional/unresolved under frozen design gates.,"Does not identify predictive utility of the tested component, irrespective of the performance gap.",not_reported,"C01_supp.pdf D.2.1 Table 35, printed p.45 / PDF p.23; regression protocol Table 20, printed p.36 (same full-data unnamed Insurance/Student results)","Official C01 main §4.1/Table 9, PDF p.8; official supplement D.2.1, printed pp.42–44 (PDF pp.20–22); supplied LIFT.pdf also contains these examples."
O0059,C01-C,LIFT,Feature-name semantics/association within the specified prompt format,Student,training fraction 0.6,Regression error (metric unnamed in Table 35; RAE in surrounding regression protocol),ambiguous,primary,equal_at_printed_precision,No,No,No,Arm correspondence unresolved; numerical record cannot support this frozen comparison.,No directional content-sensitivity conclusion from this row.,No directional utility conclusion from this row.,not_reported,"C01_supp.pdf D.2.1 Table 35, printed p.45 / PDF p.23; regression protocol Table 20, printed p.36 (same full-data unnamed Insurance/Student results)","Official C01 main §4.1/Table 9, PDF p.8; official supplement D.2.1, printed pp.42–44 (PDF pp.20–22); supplied LIFT.pdf also contains these examples."
O0060,C01-D,LIFT,Feature-name semantics/association within the specified prompt format,Student,training fraction 0.6,Regression error (metric unnamed in Table 35; RAE in surrounding regression protocol),ambiguous,primary,favorable,No,No,No,Arm correspondence unresolved; numerical record cannot support this frozen comparison.,No directional content-sensitivity conclusion from this row.,No directional utility conclusion from this row.,not_reported,"C01_supp.pdf D.2.1 Table 35, printed p.45 / PDF p.23; regression protocol Table 20, printed p.36 (same full-data unnamed Insurance/Student results)","Official C01 main §4.1/Table 9, PDF p.8; official supplement D.2.1, printed pp.42–44 (PDF pp.20–22); supplied LIFT.pdf also contains these examples."
O0061,C01-A,LIFT,Feature-name semantics/association within the specified prompt format,Student,training fraction 0.8,Regression error (metric unnamed in Table 35; RAE in surrounding regression protocol),matched,primary,adverse,No,Partial,No,Descriptive point-estimate disadvantage for intended arm.,Content sensitivity remains conditional/unresolved under frozen design gates.,"Does not identify predictive utility of the tested component, irrespective of the performance gap.",not_reported,"C01_supp.pdf D.2.1 Table 35, printed p.45 / PDF p.23; regression protocol Table 20, printed p.36 (same full-data unnamed Insurance/Student results)","Official C01 main §4.1/Table 9, PDF p.8; official supplement D.2.1, printed pp.42–44 (PDF pp.20–22); supplied LIFT.pdf also contains these examples."
O0062,C01-B,LIFT,Feature-name semantics/association within the specified prompt format,Student,training fraction 0.8,Regression error (metric unnamed in Table 35; RAE in surrounding regression protocol),matched,primary,favorable,No,Partial,No,Descriptive point-estimate advantage for intended arm.,Content sensitivity remains conditional/unresolved under frozen design gates.,"Does not identify predictive utility of the tested component, irrespective of the performance gap.",not_reported,"C01_supp.pdf D.2.1 Table 35, printed p.45 / PDF p.23; regression protocol Table 20, printed p.36 (same full-data unnamed Insurance/Student results)","Official C01 main §4.1/Table 9, PDF p.8; official supplement D.2.1, printed pp.42–44 (PDF pp.20–22); supplied LIFT.pdf also contains these examples."
O0063,C01-C,LIFT,Feature-name semantics/association within the specified prompt format,Student,training fraction 0.8,Regression error (metric unnamed in Table 35; RAE in surrounding regression protocol),ambiguous,primary,equal_at_printed_precision,No,No,No,Arm correspondence unresolved; numerical record cannot support this frozen comparison.,No directional content-sensitivity conclusion from this row.,No directional utility conclusion from this row.,not_reported,"C01_supp.pdf D.2.1 Table 35, printed p.45 / PDF p.23; regression protocol Table 20, printed p.36 (same full-data unnamed Insurance/Student results)","Official C01 main §4.1/Table 9, PDF p.8; official supplement D.2.1, printed pp.42–44 (PDF pp.20–22); supplied LIFT.pdf also contains these examples."
O0064,C01-D,LIFT,Feature-name semantics/association within the specified prompt format,Student,training fraction 0.8,Regression error (metric unnamed in Table 35; RAE in surrounding regression protocol),ambiguous,primary,equal_at_printed_precision,No,No,No,Arm correspondence unresolved; numerical record cannot support this frozen comparison.,No directional content-sensitivity conclusion from this row.,No directional utility conclusion from this row.,not_reported,"C01_supp.pdf D.2.1 Table 35, printed p.45 / PDF p.23; regression protocol Table 20, printed p.36 (same full-data unnamed Insurance/Student results)","Official C01 main §4.1/Table 9, PDF p.8; official supplement D.2.1, printed pp.42–44 (PDF pp.20–22); supplied LIFT.pdf also contains these examples."
O0065,C01-A,LIFT,Feature-name semantics/association within the specified prompt format,Student,training fraction 1.0,Regression error (metric unnamed in Table 35; RAE in surrounding regression protocol),matched,primary,equal_at_printed_precision,No,Partial,No,Equal printed point estimates; no equivalence or zero-effect conclusion.,Content sensitivity remains conditional/unresolved under frozen design gates.,"Does not identify predictive utility of the tested component, irrespective of the performance gap.",not_reported,"C01_supp.pdf D.2.1 Table 35, printed p.45 / PDF p.23; regression protocol Table 20, printed p.36 (same full-data unnamed Insurance/Student results)","Official C01 main §4.1/Table 9, PDF p.8; official supplement D.2.1, printed pp.42–44 (PDF pp.20–22); supplied LIFT.pdf also contains these examples."
O0066,C01-B,LIFT,Feature-name semantics/association within the specified prompt format,Student,training fraction 1.0,Regression error (metric unnamed in Table 35; RAE in surrounding regression protocol),matched,primary,adverse,No,Partial,No,Descriptive point-estimate disadvantage for intended arm.,Content sensitivity remains conditional/unresolved under frozen design gates.,"Does not identify predictive utility of the tested component, irrespective of the performance gap.",not_reported,"C01_supp.pdf D.2.1 Table 35, printed p.45 / PDF p.23; regression protocol Table 20, printed p.36 (same full-data unnamed Insurance/Student results)","Official C01 main §4.1/Table 9, PDF p.8; official supplement D.2.1, printed pp.42–44 (PDF pp.20–22); supplied LIFT.pdf also contains these examples."
O0067,C01-C,LIFT,Feature-name semantics/association within the specified prompt format,Student,training fraction 1.0,Regression error (metric unnamed in Table 35; RAE in surrounding regression protocol),ambiguous,primary,adverse,No,No,No,Arm correspondence unresolved; numerical record cannot support this frozen comparison.,No directional content-sensitivity conclusion from this row.,No directional utility conclusion from this row.,not_reported,"C01_supp.pdf D.2.1 Table 35, printed p.45 / PDF p.23; regression protocol Table 20, printed p.36 (same full-data unnamed Insurance/Student results)","Official C01 main §4.1/Table 9, PDF p.8; official supplement D.2.1, printed pp.42–44 (PDF pp.20–22); supplied LIFT.pdf also contains these examples."
O0068,C01-D,LIFT,Feature-name semantics/association within the specified prompt format,Student,training fraction 1.0,Regression error (metric unnamed in Table 35; RAE in surrounding regression protocol),ambiguous,primary,adverse,No,No,No,Arm correspondence unresolved; numerical record cannot support this frozen comparison.,No directional content-sensitivity conclusion from this row.,No directional utility conclusion from this row.,not_reported,"C01_supp.pdf D.2.1 Table 35, printed p.45 / PDF p.23; regression protocol Table 20, printed p.36 (same full-data unnamed Insurance/Student results)","Official C01 main §4.1/Table 9, PDF p.8; official supplement D.2.1, printed pp.42–44 (PDF pp.20–22); supplied LIFT.pdf also contains these examples."
O0069,C01-A,LIFT,Feature-name semantics/association within the specified prompt format,Insurance and Student,all Table 35 fractions,Regression performance,matched,qualitative,unavailable,No,Partial,No,Exact direction unavailable; no directional claim assigned.,No directional content-sensitivity conclusion from this row.,No directional utility conclusion from this row.,Authors report no significant improvements with proper feature names; no pair-specific test/p-value,C01_supp.pdf Table 35 caption and D.2.1,"Official C01 main §4.1/Table 9, PDF p.8; official supplement D.2.1, printed pp.42–44 (PDF pp.20–22); supplied LIFT.pdf also contains these examples."
O0070,C01-B,LIFT,Feature-name semantics/association within the specified prompt format,Insurance and Student,all Table 35 fractions,Regression performance,matched,qualitative,unavailable,No,Partial,No,Exact direction unavailable; no directional claim assigned.,No directional content-sensitivity conclusion from this row.,No directional utility conclusion from this row.,Authors report no significant improvements with proper feature names; no pair-specific test/p-value,C01_supp.pdf Table 35 caption and D.2.1,"Official C01 main §4.1/Table 9, PDF p.8; official supplement D.2.1, printed pp.42–44 (PDF pp.20–22); supplied LIFT.pdf also contains these examples."
O0071,C01-C,LIFT,Feature-name semantics/association within the specified prompt format,Insurance and Student,all Table 35 fractions,Regression performance,ambiguous,qualitative,unavailable,No,No,No,Arm correspondence unresolved; numerical record cannot support this frozen comparison.,No directional content-sensitivity conclusion from this row.,No directional utility conclusion from this row.,Authors report no significant improvements with proper feature names; no pair-specific test/p-value,C01_supp.pdf Table 35 caption and D.2.1,"Official C01 main §4.1/Table 9, PDF p.8; official supplement D.2.1, printed pp.42–44 (PDF pp.20–22); supplied LIFT.pdf also contains these examples."
O0072,C01-D,LIFT,Feature-name semantics/association within the specified prompt format,Insurance and Student,all Table 35 fractions,Regression performance,ambiguous,qualitative,unavailable,No,No,No,Arm correspondence unresolved; numerical record cannot support this frozen comparison.,No directional content-sensitivity conclusion from this row.,No directional utility conclusion from this row.,Authors report no significant improvements with proper feature names; no pair-specific test/p-value,C01_supp.pdf Table 35 caption and D.2.1,"Official C01 main §4.1/Table 9, PDF p.8; official supplement D.2.1, printed pp.42–44 (PDF pp.20–22); supplied LIFT.pdf also contains these examples."
O0073,C03-A,TabLLM,Feature-name semantics/association under List Template,Bank,0,Test AUC,matched,primary,adverse,No,Yes,No,Descriptive point-estimate disadvantage for intended arm.,Descriptive intended–wrong content sensitivity; wrong arm better; not a benefit from correctness.,"Does not identify predictive utility of the tested component, irrespective of the performance gap.",not_reported,C03_main.pdf Table 12; SD convention Table 12,"Official C03 §3, PDF pp.3–4; §5.1/Figure 2, p.6; supplement Tables 12–14 and §9; supplied tabllm.pdf corroborates definitions."
O0074,C03-A,TabLLM,Feature-name semantics/association under List Template,Bank,4,Test AUC,matched,primary,favorable,No,Yes,No,Descriptive point-estimate advantage for intended arm.,Descriptive intended–wrong content sensitivity; intended arm better.,"Does not identify predictive utility of the tested component, irrespective of the performance gap.",not_reported,C03_main.pdf Table 12; SD convention Table 12,"Official C03 §3, PDF pp.3–4; §5.1/Figure 2, p.6; supplement Tables 12–14 and §9; supplied tabllm.pdf corroborates definitions."
O0075,C03-A,TabLLM,Feature-name semantics/association under List Template,Bank,8,Test AUC,matched,primary,favorable,No,Yes,No,Descriptive point-estimate advantage for intended arm.,Descriptive intended–wrong content sensitivity; intended arm better.,"Does not identify predictive utility of the tested component, irrespective of the performance gap.",not_reported,C03_main.pdf Table 12; SD convention Table 12,"Official C03 §3, PDF pp.3–4; §5.1/Figure 2, p.6; supplement Tables 12–14 and §9; supplied tabllm.pdf corroborates definitions."
O0076,C03-A,TabLLM,Feature-name semantics/association under List Template,Bank,16,Test AUC,matched,primary,favorable,No,Yes,No,Descriptive point-estimate advantage for intended arm.,Descriptive intended–wrong content sensitivity; intended arm better.,"Does not identify predictive utility of the tested component, irrespective of the performance gap.",not_reported,C03_main.pdf Table 12; SD convention Table 12,"Official C03 §3, PDF pp.3–4; §5.1/Figure 2, p.6; supplement Tables 12–14 and §9; supplied tabllm.pdf corroborates definitions."
O0077,C03-A,TabLLM,Feature-name semantics/association under List Template,Bank,32,Test AUC,matched,primary,favorable,No,Yes,No,Descriptive point-estimate advantage for intended arm.,Descriptive intended–wrong content sensitivity; intended arm better.,"Does not identify predictive utility of the tested component, irrespective of the performance gap.",not_reported,C03_main.pdf Table 12; SD convention Table 12,"Official C03 §3, PDF pp.3–4; §5.1/Figure 2, p.6; supplement Tables 12–14 and §9; supplied tabllm.pdf corroborates definitions."
O0078,C03-A,TabLLM,Feature-name semantics/association under List Template,Bank,64,Test AUC,matched,primary,favorable,No,Yes,No,Descriptive point-estimate advantage for intended arm.,Descriptive intended–wrong content sensitivity; intended arm better.,"Does not identify predictive utility of the tested component, irrespective of the performance gap.",not_reported,C03_main.pdf Table 12; SD convention Table 12,"Official C03 §3, PDF pp.3–4; §5.1/Figure 2, p.6; supplement Tables 12–14 and §9; supplied tabllm.pdf corroborates definitions."
O0079,C03-A,TabLLM,Feature-name semantics/association under List Template,Bank,128,Test AUC,matched,primary,favorable,No,Yes,No,Descriptive point-estimate advantage for intended arm.,Descriptive intended–wrong content sensitivity; intended arm better.,"Does not identify predictive utility of the tested component, irrespective of the performance gap.",not_reported,C03_main.pdf Table 12; SD convention Table 12,"Official C03 §3, PDF pp.3–4; §5.1/Figure 2, p.6; supplement Tables 12–14 and §9; supplied tabllm.pdf corroborates definitions."
O0080,C03-A,TabLLM,Feature-name semantics/association under List Template,Bank,256,Test AUC,matched,primary,favorable,No,Yes,No,Descriptive point-estimate advantage for intended arm.,Descriptive intended–wrong content sensitivity; intended arm better.,"Does not identify predictive utility of the tested component, irrespective of the performance gap.",not_reported,C03_main.pdf Table 12; SD convention Table 12,"Official C03 §3, PDF pp.3–4; §5.1/Figure 2, p.6; supplement Tables 12–14 and §9; supplied tabllm.pdf corroborates definitions."
O0081,C03-A,TabLLM,Feature-name semantics/association under List Template,Bank,512,Test AUC,matched,primary,adverse,No,Yes,No,Descriptive point-estimate disadvantage for intended arm.,Descriptive intended–wrong content sensitivity; wrong arm better; not a benefit from correctness.,"Does not identify predictive utility of the tested component, irrespective of the performance gap.",not_reported,C03_main.pdf Table 12; SD convention Table 12,"Official C03 §3, PDF pp.3–4; §5.1/Figure 2, p.6; supplement Tables 12–14 and §9; supplied tabllm.pdf corroborates definitions."
O0082,C03-A,TabLLM,Feature-name semantics/association under List Template,Bank,all,Test AUC,matched,primary,unavailable,No,Yes,No,Exact direction unavailable; no directional claim assigned.,No directional content-sensitivity conclusion from this row.,No directional utility conclusion from this row.,not_reported,C03_main.pdf Table 12; SD convention Table 12,"Official C03 §3, PDF pp.3–4; §5.1/Figure 2, p.6; supplement Tables 12–14 and §9; supplied tabllm.pdf corroborates definitions."
O0083,C03-B,TabLLM,Feature-name semantics/association under List Template,Bank,0,Test AUC,matched,primary,favorable,No,No,No,Descriptive point-estimate advantage for intended arm.,Does not identify intended–wrong content sensitivity for the frozen scope.,"Does not identify predictive utility of the tested component, irrespective of the performance gap.",not_reported,C03_main.pdf Table 12; SD convention Table 12,"Official C03 §3, PDF pp.3–4; §5.1/Figure 2, p.6; supplement Tables 12–14 and §9; supplied tabllm.pdf corroborates definitions."
O0084,C03-B,TabLLM,Feature-name semantics/association under List Template,Bank,4,Test AUC,matched,primary,favorable,No,No,No,Descriptive point-estimate advantage for intended arm.,Does not identify intended–wrong content sensitivity for the frozen scope.,"Does not identify predictive utility of the tested component, irrespective of the performance gap.",not_reported,C03_main.pdf Table 12; SD convention Table 12,"Official C03 §3, PDF pp.3–4; §5.1/Figure 2, p.6; supplement Tables 12–14 and §9; supplied tabllm.pdf corroborates definitions."
O0085,C03-B,TabLLM,Feature-name semantics/association under List Template,Bank,8,Test AUC,matched,primary,favorable,No,No,No,Descriptive point-estimate advantage for intended arm.,Does not identify intended–wrong content sensitivity for the frozen scope.,"Does not identify predictive utility of the tested component, irrespective of the performance gap.",not_reported,C03_main.pdf Table 12; SD convention Table 12,"Official C03 §3, PDF pp.3–4; §5.1/Figure 2, p.6; supplement Tables 12–14 and §9; supplied tabllm.pdf corroborates definitions."
O0086,C03-B,TabLLM,Feature-name semantics/association under List Template,Bank,16,Test AUC,matched,primary,favorable,No,No,No,Descriptive point-estimate advantage for intended arm.,Does not identify intended–wrong content sensitivity for the frozen scope.,"Does not identify predictive utility of the tested component, irrespective of the performance gap.",not_reported,C03_main.pdf Table 12; SD convention Table 12,"Official C03 §3, PDF pp.3–4; §5.1/Figure 2, p.6; supplement Tables 12–14 and §9; supplied tabllm.pdf corroborates definitions."
O0087,C03-B,TabLLM,Feature-name semantics/association under List Template,Bank,32,Test AUC,matched,primary,adverse,No,No,No,Descriptive point-estimate disadvantage for intended arm.,Does not identify intended–wrong content sensitivity for the frozen scope.,"Does not identify predictive utility of the tested component, irrespective of the performance gap.",not_reported,C03_main.pdf Table 12; SD convention Table 12,"Official C03 §3, PDF pp.3–4; §5.1/Figure 2, p.6; supplement Tables 12–14 and §9; supplied tabllm.pdf corroborates definitions."
O0088,C03-B,TabLLM,Feature-name semantics/association under List Template,Bank,64,Test AUC,matched,primary,favorable,No,No,No,Descriptive point-estimate advantage for intended arm.,Does not identify intended–wrong content sensitivity for the frozen scope.,"Does not identify predictive utility of the tested component, irrespective of the performance gap.",not_reported,C03_main.pdf Table 12; SD convention Table 12,"Official C03 §3, PDF pp.3–4; §5.1/Figure 2, p.6; supplement Tables 12–14 and §9; supplied tabllm.pdf corroborates definitions."
O0089,C03-B,TabLLM,Feature-name semantics/association under List Template,Bank,128,Test AUC,matched,primary,favorable,No,No,No,Descriptive point-estimate advantage for intended arm.,Does not identify intended–wrong content sensitivity for the frozen scope.,"Does not identify predictive utility of the tested component, irrespective of the performance gap.",not_reported,C03_main.pdf Table 12; SD convention Table 12,"Official C03 §3, PDF pp.3–4; §5.1/Figure 2, p.6; supplement Tables 12–14 and §9; supplied tabllm.pdf corroborates definitions."
O0090,C03-B,TabLLM,Feature-name semantics/association under List Template,Bank,256,Test AUC,matched,primary,favorable,No,No,No,Descriptive point-estimate advantage for intended arm.,Does not identify intended–wrong content sensitivity for the frozen scope.,"Does not identify predictive utility of the tested component, irrespective of the performance gap.",not_reported,C03_main.pdf Table 12; SD convention Table 12,"Official C03 §3, PDF pp.3–4; §5.1/Figure 2, p.6; supplement Tables 12–14 and §9; supplied tabllm.pdf corroborates definitions."
O0091,C03-B,TabLLM,Feature-name semantics/association under List Template,Bank,512,Test AUC,matched,primary,favorable,No,No,No,Descriptive point-estimate advantage for intended arm.,Does not identify intended–wrong content sensitivity for the frozen scope.,"Does not identify predictive utility of the tested component, irrespective of the performance gap.",not_reported,C03_main.pdf Table 12; SD convention Table 12,"Official C03 §3, PDF pp.3–4; §5.1/Figure 2, p.6; supplement Tables 12–14 and §9; supplied tabllm.pdf corroborates definitions."
O0092,C03-B,TabLLM,Feature-name semantics/association under List Template,Bank,all,Test AUC,matched,primary,unavailable,No,No,No,Exact direction unavailable; no directional claim assigned.,No directional content-sensitivity conclusion from this row.,No directional utility conclusion from this row.,not_reported,C03_main.pdf Table 12; SD convention Table 12,"Official C03 §3, PDF pp.3–4; §5.1/Figure 2, p.6; supplement Tables 12–14 and §9; supplied tabllm.pdf corroborates definitions."
O0093,C03-C,TabLLM,Meaning assigned to values under the mixed categorical/continuous permutation,Bank,0,Test AUC,matched,primary,favorable,No,Partial,No,Descriptive point-estimate advantage for intended arm.,Content sensitivity remains conditional/unresolved under frozen design gates.,"Does not identify predictive utility of the tested component, irrespective of the performance gap.",not_reported,C03_main.pdf Table 12; SD convention Table 12,"Official C03 §3, PDF pp.3–4; §5.1/Figure 2, p.6; supplement Tables 12–14 and §9; supplied tabllm.pdf corroborates definitions."
O0094,C03-C,TabLLM,Meaning assigned to values under the mixed categorical/continuous permutation,Bank,4,Test AUC,matched,primary,favorable,No,Partial,No,Descriptive point-estimate advantage for intended arm.,Content sensitivity remains conditional/unresolved under frozen design gates.,"Does not identify predictive utility of the tested component, irrespective of the performance gap.",not_reported,C03_main.pdf Table 12; SD convention Table 12,"Official C03 §3, PDF pp.3–4; §5.1/Figure 2, p.6; supplement Tables 12–14 and §9; supplied tabllm.pdf corroborates definitions."
O0095,C03-C,TabLLM,Meaning assigned to values under the mixed categorical/continuous permutation,Bank,8,Test AUC,matched,primary,favorable,No,Partial,No,Descriptive point-estimate advantage for intended arm.,Content sensitivity remains conditional/unresolved under frozen design gates.,"Does not identify predictive utility of the tested component, irrespective of the performance gap.",not_reported,C03_main.pdf Table 12; SD convention Table 12,"Official C03 §3, PDF pp.3–4; §5.1/Figure 2, p.6; supplement Tables 12–14 and §9; supplied tabllm.pdf corroborates definitions."
O0096,C03-C,TabLLM,Meaning assigned to values under the mixed categorical/continuous permutation,Bank,16,Test AUC,matched,primary,favorable,No,Partial,No,Descriptive point-estimate advantage for intended arm.,Content sensitivity remains conditional/unresolved under frozen design gates.,"Does not identify predictive utility of the tested component, irrespective of the performance gap.",not_reported,C03_main.pdf Table 12; SD convention Table 12,"Official C03 §3, PDF pp.3–4; §5.1/Figure 2, p.6; supplement Tables 12–14 and §9; supplied tabllm.pdf corroborates definitions."
O0097,C03-C,TabLLM,Meaning assigned to values under the mixed categorical/continuous permutation,Bank,32,Test AUC,matched,primary,favorable,No,Partial,No,Descriptive point-estimate advantage for intended arm.,Content sensitivity remains conditional/unresolved under frozen design gates.,"Does not identify predictive utility of the tested component, irrespective of the performance gap.",not_reported,C03_main.pdf Table 12; SD convention Table 12,"Official C03 §3, PDF pp.3–4; §5.1/Figure 2, p.6; supplement Tables 12–14 and §9; supplied tabllm.pdf corroborates definitions."
O0098,C03-C,TabLLM,Meaning assigned to values under the mixed categorical/continuous permutation,Bank,64,Test AUC,matched,primary,favorable,No,Partial,No,Descriptive point-estimate advantage for intended arm.,Content sensitivity remains conditional/unresolved under frozen design gates.,"Does not identify predictive utility of the tested component, irrespective of the performance gap.",not_reported,C03_main.pdf Table 12; SD convention Table 12,"Official C03 §3, PDF pp.3–4; §5.1/Figure 2, p.6; supplement Tables 12–14 and §9; supplied tabllm.pdf corroborates definitions."
O0099,C03-C,TabLLM,Meaning assigned to values under the mixed categorical/continuous permutation,Bank,128,Test AUC,matched,primary,favorable,No,Partial,No,Descriptive point-estimate advantage for intended arm.,Content sensitivity remains conditional/unresolved under frozen design gates.,"Does not identify predictive utility of the tested component, irrespective of the performance gap.",not_reported,C03_main.pdf Table 12; SD convention Table 12,"Official C03 §3, PDF pp.3–4; §5.1/Figure 2, p.6; supplement Tables 12–14 and §9; supplied tabllm.pdf corroborates definitions."
O0100,C03-C,TabLLM,Meaning assigned to values under the mixed categorical/continuous permutation,Bank,256,Test AUC,matched,primary,favorable,No,Partial,No,Descriptive point-estimate advantage for intended arm.,Content sensitivity remains conditional/unresolved under frozen design gates.,"Does not identify predictive utility of the tested component, irrespective of the performance gap.",not_reported,C03_main.pdf Table 12; SD convention Table 12,"Official C03 §3, PDF pp.3–4; §5.1/Figure 2, p.6; supplement Tables 12–14 and §9; supplied tabllm.pdf corroborates definitions."
O0101,C03-C,TabLLM,Meaning assigned to values under the mixed categorical/continuous permutation,Bank,512,Test AUC,matched,primary,favorable,No,Partial,No,Descriptive point-estimate advantage for intended arm.,Content sensitivity remains conditional/unresolved under frozen design gates.,"Does not identify predictive utility of the tested component, irrespective of the performance gap.",not_reported,C03_main.pdf Table 12; SD convention Table 12,"Official C03 §3, PDF pp.3–4; §5.1/Figure 2, p.6; supplement Tables 12–14 and §9; supplied tabllm.pdf corroborates definitions."
O0102,C03-C,TabLLM,Meaning assigned to values under the mixed categorical/continuous permutation,Bank,all,Test AUC,matched,primary,unavailable,No,Partial,No,Exact direction unavailable; no directional claim assigned.,No directional content-sensitivity conclusion from this row.,No directional utility conclusion from this row.,not_reported,C03_main.pdf Table 12; SD convention Table 12,"Official C03 §3, PDF pp.3–4; §5.1/Figure 2, p.6; supplement Tables 12–14 and §9; supplied tabllm.pdf corroborates definitions."
O0103,C03-A,TabLLM,Feature-name semantics/association under List Template,Blood,0,Test AUC,matched,primary,favorable,No,Yes,No,Descriptive point-estimate advantage for intended arm.,Descriptive intended–wrong content sensitivity; intended arm better.,"Does not identify predictive utility of the tested component, irrespective of the performance gap.",not_reported,C03_main.pdf Table 12; SD convention Table 12,"Official C03 §3, PDF pp.3–4; §5.1/Figure 2, p.6; supplement Tables 12–14 and §9; supplied tabllm.pdf corroborates definitions."
O0104,C03-A,TabLLM,Feature-name semantics/association under List Template,Blood,4,Test AUC,matched,primary,favorable,No,Yes,No,Descriptive point-estimate advantage for intended arm.,Descriptive intended–wrong content sensitivity; intended arm better.,"Does not identify predictive utility of the tested component, irrespective of the performance gap.",not_reported,C03_main.pdf Table 12; SD convention Table 12,"Official C03 §3, PDF pp.3–4; §5.1/Figure 2, p.6; supplement Tables 12–14 and §9; supplied tabllm.pdf corroborates definitions."
O0105,C03-A,TabLLM,Feature-name semantics/association under List Template,Blood,8,Test AUC,matched,primary,favorable,No,Yes,No,Descriptive point-estimate advantage for intended arm.,Descriptive intended–wrong content sensitivity; intended arm better.,"Does not identify predictive utility of the tested component, irrespective of the performance gap.",not_reported,C03_main.pdf Table 12; SD convention Table 12,"Official C03 §3, PDF pp.3–4; §5.1/Figure 2, p.6; supplement Tables 12–14 and §9; supplied tabllm.pdf corroborates definitions."
O0106,C03-A,TabLLM,Feature-name semantics/association under List Template,Blood,16,Test AUC,matched,primary,favorable,No,Yes,No,Descriptive point-estimate advantage for intended arm.,Descriptive intended–wrong content sensitivity; intended arm better.,"Does not identify predictive utility of the tested component, irrespective of the performance gap.",not_reported,C03_main.pdf Table 12; SD convention Table 12,"Official C03 §3, PDF pp.3–4; §5.1/Figure 2, p.6; supplement Tables 12–14 and §9; supplied tabllm.pdf corroborates definitions."
O0107,C03-A,TabLLM,Feature-name semantics/association under List Template,Blood,32,Test AUC,matched,primary,favorable,No,Yes,No,Descriptive point-estimate advantage for intended arm.,Descriptive intended–wrong content sensitivity; intended arm better.,"Does not identify predictive utility of the tested component, irrespective of the performance gap.",not_reported,C03_main.pdf Table 12; SD convention Table 12,"Official C03 §3, PDF pp.3–4; §5.1/Figure 2, p.6; supplement Tables 12–14 and §9; supplied tabllm.pdf corroborates definitions."
O0108,C03-A,TabLLM,Feature-name semantics/association under List Template,Blood,64,Test AUC,matched,primary,favorable,No,Yes,No,Descriptive point-estimate advantage for intended arm.,Descriptive intended–wrong content sensitivity; intended arm better.,"Does not identify predictive utility of the tested component, irrespective of the performance gap.",not_reported,C03_main.pdf Table 12; SD convention Table 12,"Official C03 §3, PDF pp.3–4; §5.1/Figure 2, p.6; supplement Tables 12–14 and §9; supplied tabllm.pdf corroborates definitions."
O0109,C03-A,TabLLM,Feature-name semantics/association under List Template,Blood,128,Test AUC,matched,primary,adverse,No,Yes,No,Descriptive point-estimate disadvantage for intended arm.,Descriptive intended–wrong content sensitivity; wrong arm better; not a benefit from correctness.,"Does not identify predictive utility of the tested component, irrespective of the performance gap.",not_reported,C03_main.pdf Table 12; SD convention Table 12,"Official C03 §3, PDF pp.3–4; §5.1/Figure 2, p.6; supplement Tables 12–14 and §9; supplied tabllm.pdf corroborates definitions."
O0110,C03-A,TabLLM,Feature-name semantics/association under List Template,Blood,256,Test AUC,matched,primary,adverse,No,Yes,No,Descriptive point-estimate disadvantage for intended arm.,Descriptive intended–wrong content sensitivity; wrong arm better; not a benefit from correctness.,"Does not identify predictive utility of the tested component, irrespective of the performance gap.",not_reported,C03_main.pdf Table 12; SD convention Table 12,"Official C03 §3, PDF pp.3–4; §5.1/Figure 2, p.6; supplement Tables 12–14 and §9; supplied tabllm.pdf corroborates definitions."
O0111,C03-A,TabLLM,Feature-name semantics/association under List Template,Blood,512,Test AUC,matched,primary,adverse,No,Yes,No,Descriptive point-estimate disadvantage for intended arm.,Descriptive intended–wrong content sensitivity; wrong arm better; not a benefit from correctness.,"Does not identify predictive utility of the tested component, irrespective of the performance gap.",not_reported,C03_main.pdf Table 12; SD convention Table 12,"Official C03 §3, PDF pp.3–4; §5.1/Figure 2, p.6; supplement Tables 12–14 and §9; supplied tabllm.pdf corroborates definitions."
O0112,C03-A,TabLLM,Feature-name semantics/association under List Template,Blood,all,Test AUC,matched,primary,unavailable,No,Yes,No,Exact direction unavailable; no directional claim assigned.,No directional content-sensitivity conclusion from this row.,No directional utility conclusion from this row.,not_reported,C03_main.pdf Table 12; SD convention Table 12,"Official C03 §3, PDF pp.3–4; §5.1/Figure 2, p.6; supplement Tables 12–14 and §9; supplied tabllm.pdf corroborates definitions."
O0113,C03-B,TabLLM,Feature-name semantics/association under List Template,Blood,0,Test AUC,matched,primary,favorable,No,No,No,Descriptive point-estimate advantage for intended arm.,Does not identify intended–wrong content sensitivity for the frozen scope.,"Does not identify predictive utility of the tested component, irrespective of the performance gap.",not_reported,C03_main.pdf Table 12; SD convention Table 12,"Official C03 §3, PDF pp.3–4; §5.1/Figure 2, p.6; supplement Tables 12–14 and §9; supplied tabllm.pdf corroborates definitions."
O0114,C03-B,TabLLM,Feature-name semantics/association under List Template,Blood,4,Test AUC,matched,primary,favorable,No,No,No,Descriptive point-estimate advantage for intended arm.,Does not identify intended–wrong content sensitivity for the frozen scope.,"Does not identify predictive utility of the tested component, irrespective of the performance gap.",not_reported,C03_main.pdf Table 12; SD convention Table 12,"Official C03 §3, PDF pp.3–4; §5.1/Figure 2, p.6; supplement Tables 12–14 and §9; supplied tabllm.pdf corroborates definitions."
O0115,C03-B,TabLLM,Feature-name semantics/association under List Template,Blood,8,Test AUC,matched,primary,favorable,No,No,No,Descriptive point-estimate advantage for intended arm.,Does not identify intended–wrong content sensitivity for the frozen scope.,"Does not identify predictive utility of the tested component, irrespective of the performance gap.",not_reported,C03_main.pdf Table 12; SD convention Table 12,"Official C03 §3, PDF pp.3–4; §5.1/Figure 2, p.6; supplement Tables 12–14 and §9; supplied tabllm.pdf corroborates definitions."
O0116,C03-B,TabLLM,Feature-name semantics/association under List Template,Blood,16,Test AUC,matched,primary,favorable,No,No,No,Descriptive point-estimate advantage for intended arm.,Does not identify intended–wrong content sensitivity for the frozen scope.,"Does not identify predictive utility of the tested component, irrespective of the performance gap.",not_reported,C03_main.pdf Table 12; SD convention Table 12,"Official C03 §3, PDF pp.3–4; §5.1/Figure 2, p.6; supplement Tables 12–14 and §9; supplied tabllm.pdf corroborates definitions."
O0117,C03-B,TabLLM,Feature-name semantics/association under List Template,Blood,32,Test AUC,matched,primary,favorable,No,No,No,Descriptive point-estimate advantage for intended arm.,Does not identify intended–wrong content sensitivity for the frozen scope.,"Does not identify predictive utility of the tested component, irrespective of the performance gap.",not_reported,C03_main.pdf Table 12; SD convention Table 12,"Official C03 §3, PDF pp.3–4; §5.1/Figure 2, p.6; supplement Tables 12–14 and §9; supplied tabllm.pdf corroborates definitions."
O0118,C03-B,TabLLM,Feature-name semantics/association under List Template,Blood,64,Test AUC,matched,primary,favorable,No,No,No,Descriptive point-estimate advantage for intended arm.,Does not identify intended–wrong content sensitivity for the frozen scope.,"Does not identify predictive utility of the tested component, irrespective of the performance gap.",not_reported,C03_main.pdf Table 12; SD convention Table 12,"Official C03 §3, PDF pp.3–4; §5.1/Figure 2, p.6; supplement Tables 12–14 and §9; supplied tabllm.pdf corroborates definitions."
O0119,C03-B,TabLLM,Feature-name semantics/association under List Template,Blood,128,Test AUC,matched,primary,favorable,No,No,No,Descriptive point-estimate advantage for intended arm.,Does not identify intended–wrong content sensitivity for the frozen scope.,"Does not identify predictive utility of the tested component, irrespective of the performance gap.",not_reported,C03_main.pdf Table 12; SD convention Table 12,"Official C03 §3, PDF pp.3–4; §5.1/Figure 2, p.6; supplement Tables 12–14 and §9; supplied tabllm.pdf corroborates definitions."
O0120,C03-B,TabLLM,Feature-name semantics/association under List Template,Blood,256,Test AUC,matched,primary,favorable,No,No,No,Descriptive point-estimate advantage for intended arm.,Does not identify intended–wrong content sensitivity for the frozen scope.,"Does not identify predictive utility of the tested component, irrespective of the performance gap.",not_reported,C03_main.pdf Table 12; SD convention Table 12,"Official C03 §3, PDF pp.3–4; §5.1/Figure 2, p.6; supplement Tables 12–14 and §9; supplied tabllm.pdf corroborates definitions."
O0121,C03-B,TabLLM,Feature-name semantics/association under List Template,Blood,512,Test AUC,matched,primary,equal_at_printed_precision,No,No,No,Equal printed point estimates; no equivalence or zero-effect conclusion.,Does not identify intended–wrong content sensitivity for the frozen scope.,"Does not identify predictive utility of the tested component, irrespective of the performance gap.",not_reported,C03_main.pdf Table 12; SD convention Table 12,"Official C03 §3, PDF pp.3–4; §5.1/Figure 2, p.6; supplement Tables 12–14 and §9; supplied tabllm.pdf corroborates definitions."
O0122,C03-B,TabLLM,Feature-name semantics/association under List Template,Blood,all,Test AUC,matched,primary,unavailable,No,No,No,Exact direction unavailable; no directional claim assigned.,No directional content-sensitivity conclusion from this row.,No directional utility conclusion from this row.,not_reported,C03_main.pdf Table 12; SD convention Table 12,"Official C03 §3, PDF pp.3–4; §5.1/Figure 2, p.6; supplement Tables 12–14 and §9; supplied tabllm.pdf corroborates definitions."
O0123,C03-C,TabLLM,Meaning assigned to values under the mixed categorical/continuous permutation,Blood,0,Test AUC,matched,primary,favorable,No,Partial,No,Descriptive point-estimate advantage for intended arm.,Content sensitivity remains conditional/unresolved under frozen design gates.,"Does not identify predictive utility of the tested component, irrespective of the performance gap.",not_reported,C03_main.pdf Table 12; SD convention Table 12,"Official C03 §3, PDF pp.3–4; §5.1/Figure 2, p.6; supplement Tables 12–14 and §9; supplied tabllm.pdf corroborates definitions."
O0124,C03-C,TabLLM,Meaning assigned to values under the mixed categorical/continuous permutation,Blood,4,Test AUC,matched,primary,favorable,No,Partial,No,Descriptive point-estimate advantage for intended arm.,Content sensitivity remains conditional/unresolved under frozen design gates.,"Does not identify predictive utility of the tested component, irrespective of the performance gap.",not_reported,C03_main.pdf Table 12; SD convention Table 12,"Official C03 §3, PDF pp.3–4; §5.1/Figure 2, p.6; supplement Tables 12–14 and §9; supplied tabllm.pdf corroborates definitions."
O0125,C03-C,TabLLM,Meaning assigned to values under the mixed categorical/continuous permutation,Blood,8,Test AUC,matched,primary,favorable,No,Partial,No,Descriptive point-estimate advantage for intended arm.,Content sensitivity remains conditional/unresolved under frozen design gates.,"Does not identify predictive utility of the tested component, irrespective of the performance gap.",not_reported,C03_main.pdf Table 12; SD convention Table 12,"Official C03 §3, PDF pp.3–4; §5.1/Figure 2, p.6; supplement Tables 12–14 and §9; supplied tabllm.pdf corroborates definitions."
O0126,C03-C,TabLLM,Meaning assigned to values under the mixed categorical/continuous permutation,Blood,16,Test AUC,matched,primary,favorable,No,Partial,No,Descriptive point-estimate advantage for intended arm.,Content sensitivity remains conditional/unresolved under frozen design gates.,"Does not identify predictive utility of the tested component, irrespective of the performance gap.",not_reported,C03_main.pdf Table 12; SD convention Table 12,"Official C03 §3, PDF pp.3–4; §5.1/Figure 2, p.6; supplement Tables 12–14 and §9; supplied tabllm.pdf corroborates definitions."
O0127,C03-C,TabLLM,Meaning assigned to values under the mixed categorical/continuous permutation,Blood,32,Test AUC,matched,primary,favorable,No,Partial,No,Descriptive point-estimate advantage for intended arm.,Content sensitivity remains conditional/unresolved under frozen design gates.,"Does not identify predictive utility of the tested component, irrespective of the performance gap.",not_reported,C03_main.pdf Table 12; SD convention Table 12,"Official C03 §3, PDF pp.3–4; §5.1/Figure 2, p.6; supplement Tables 12–14 and §9; supplied tabllm.pdf corroborates definitions."
O0128,C03-C,TabLLM,Meaning assigned to values under the mixed categorical/continuous permutation,Blood,64,Test AUC,matched,primary,favorable,No,Partial,No,Descriptive point-estimate advantage for intended arm.,Content sensitivity remains conditional/unresolved under frozen design gates.,"Does not identify predictive utility of the tested component, irrespective of the performance gap.",not_reported,C03_main.pdf Table 12; SD convention Table 12,"Official C03 §3, PDF pp.3–4; §5.1/Figure 2, p.6; supplement Tables 12–14 and §9; supplied tabllm.pdf corroborates definitions."
O0129,C03-C,TabLLM,Meaning assigned to values under the mixed categorical/continuous permutation,Blood,128,Test AUC,matched,primary,favorable,No,Partial,No,Descriptive point-estimate advantage for intended arm.,Content sensitivity remains conditional/unresolved under frozen design gates.,"Does not identify predictive utility of the tested component, irrespective of the performance gap.",not_reported,C03_main.pdf Table 12; SD convention Table 12,"Official C03 §3, PDF pp.3–4; §5.1/Figure 2, p.6; supplement Tables 12–14 and §9; supplied tabllm.pdf corroborates definitions."
O0130,C03-C,TabLLM,Meaning assigned to values under the mixed categorical/continuous permutation,Blood,256,Test AUC,matched,primary,favorable,No,Partial,No,Descriptive point-estimate advantage for intended arm.,Content sensitivity remains conditional/unresolved under frozen design gates.,"Does not identify predictive utility of the tested component, irrespective of the performance gap.",not_reported,C03_main.pdf Table 12; SD convention Table 12,"Official C03 §3, PDF pp.3–4; §5.1/Figure 2, p.6; supplement Tables 12–14 and §9; supplied tabllm.pdf corroborates definitions."
O0131,C03-C,TabLLM,Meaning assigned to values under the mixed categorical/continuous permutation,Blood,512,Test AUC,matched,primary,favorable,No,Partial,No,Descriptive point-estimate advantage for intended arm.,Content sensitivity remains conditional/unresolved under frozen design gates.,"Does not identify predictive utility of the tested component, irrespective of the performance gap.",not_reported,C03_main.pdf Table 12; SD convention Table 12,"Official C03 §3, PDF pp.3–4; §5.1/Figure 2, p.6; supplement Tables 12–14 and §9; supplied tabllm.pdf corroborates definitions."
O0132,C03-C,TabLLM,Meaning assigned to values under the mixed categorical/continuous permutation,Blood,all,Test AUC,matched,primary,unavailable,No,Partial,No,Exact direction unavailable; no directional claim assigned.,No directional content-sensitivity conclusion from this row.,No directional utility conclusion from this row.,not_reported,C03_main.pdf Table 12; SD convention Table 12,"Official C03 §3, PDF pp.3–4; §5.1/Figure 2, p.6; supplement Tables 12–14 and §9; supplied tabllm.pdf corroborates definitions."
O0133,C03-A,TabLLM,Feature-name semantics/association under List Template,California,0,Test AUC,matched,primary,favorable,No,Yes,No,Descriptive point-estimate advantage for intended arm.,Descriptive intended–wrong content sensitivity; intended arm better.,"Does not identify predictive utility of the tested component, irrespective of the performance gap.",not_reported,C03_main.pdf Table 12; SD convention Table 12,"Official C03 §3, PDF pp.3–4; §5.1/Figure 2, p.6; supplement Tables 12–14 and §9; supplied tabllm.pdf corroborates definitions."
O0134,C03-A,TabLLM,Feature-name semantics/association under List Template,California,4,Test AUC,matched,primary,favorable,No,Yes,No,Descriptive point-estimate advantage for intended arm.,Descriptive intended–wrong content sensitivity; intended arm better.,"Does not identify predictive utility of the tested component, irrespective of the performance gap.",not_reported,C03_main.pdf Table 12; SD convention Table 12,"Official C03 §3, PDF pp.3–4; §5.1/Figure 2, p.6; supplement Tables 12–14 and §9; supplied tabllm.pdf corroborates definitions."
O0135,C03-A,TabLLM,Feature-name semantics/association under List Template,California,8,Test AUC,matched,primary,favorable,No,Yes,No,Descriptive point-estimate advantage for intended arm.,Descriptive intended–wrong content sensitivity; intended arm better.,"Does not identify predictive utility of the tested component, irrespective of the performance gap.",not_reported,C03_main.pdf Table 12; SD convention Table 12,"Official C03 §3, PDF pp.3–4; §5.1/Figure 2, p.6; supplement Tables 12–14 and §9; supplied tabllm.pdf corroborates definitions."
O0136,C03-A,TabLLM,Feature-name semantics/association under List Template,California,16,Test AUC,matched,primary,favorable,No,Yes,No,Descriptive point-estimate advantage for intended arm.,Descriptive intended–wrong content sensitivity; intended arm better.,"Does not identify predictive utility of the tested component, irrespective of the performance gap.",not_reported,C03_main.pdf Table 12; SD convention Table 12,"Official C03 §3, PDF pp.3–4; §5.1/Figure 2, p.6; supplement Tables 12–14 and §9; supplied tabllm.pdf corroborates definitions."
O0137,C03-A,TabLLM,Feature-name semantics/association under List Template,California,32,Test AUC,matched,primary,favorable,No,Yes,No,Descriptive point-estimate advantage for intended arm.,Descriptive intended–wrong content sensitivity; intended arm better.,"Does not identify predictive utility of the tested component, irrespective of the performance gap.",not_reported,C03_main.pdf Table 12; SD convention Table 12,"Official C03 §3, PDF pp.3–4; §5.1/Figure 2, p.6; supplement Tables 12–14 and §9; supplied tabllm.pdf corroborates definitions."
O0138,C03-A,TabLLM,Feature-name semantics/association under List Template,California,64,Test AUC,matched,primary,favorable,No,Yes,No,Descriptive point-estimate advantage for intended arm.,Descriptive intended–wrong content sensitivity; intended arm better.,"Does not identify predictive utility of the tested component, irrespective of the performance gap.",not_reported,C03_main.pdf Table 12; SD convention Table 12,"Official C03 §3, PDF pp.3–4; §5.1/Figure 2, p.6; supplement Tables 12–14 and §9; supplied tabllm.pdf corroborates definitions."
O0139,C03-A,TabLLM,Feature-name semantics/association under List Template,California,128,Test AUC,matched,primary,favorable,No,Yes,No,Descriptive point-estimate advantage for intended arm.,Descriptive intended–wrong content sensitivity; intended arm better.,"Does not identify predictive utility of the tested component, irrespective of the performance gap.",not_reported,C03_main.pdf Table 12; SD convention Table 12,"Official C03 §3, PDF pp.3–4; §5.1/Figure 2, p.6; supplement Tables 12–14 and §9; supplied tabllm.pdf corroborates definitions."
O0140,C03-A,TabLLM,Feature-name semantics/association under List Template,California,256,Test AUC,matched,primary,equal_at_printed_precision,No,Yes,No,Equal printed point estimates; no equivalence or zero-effect conclusion.,No nonzero content effect established at printed precision; not equivalence.,"Does not identify predictive utility of the tested component, irrespective of the performance gap.",not_reported,C03_main.pdf Table 12; SD convention Table 12,"Official C03 §3, PDF pp.3–4; §5.1/Figure 2, p.6; supplement Tables 12–14 and §9; supplied tabllm.pdf corroborates definitions."
O0141,C03-A,TabLLM,Feature-name semantics/association under List Template,California,512,Test AUC,matched,primary,favorable,No,Yes,No,Descriptive point-estimate advantage for intended arm.,Descriptive intended–wrong content sensitivity; intended arm better.,"Does not identify predictive utility of the tested component, irrespective of the performance gap.",not_reported,C03_main.pdf Table 12; SD convention Table 12,"Official C03 §3, PDF pp.3–4; §5.1/Figure 2, p.6; supplement Tables 12–14 and §9; supplied tabllm.pdf corroborates definitions."
O0142,C03-A,TabLLM,Feature-name semantics/association under List Template,California,all,Test AUC,matched,primary,unavailable,No,Yes,No,Exact direction unavailable; no directional claim assigned.,No directional content-sensitivity conclusion from this row.,No directional utility conclusion from this row.,not_reported,C03_main.pdf Table 12; SD convention Table 12,"Official C03 §3, PDF pp.3–4; §5.1/Figure 2, p.6; supplement Tables 12–14 and §9; supplied tabllm.pdf corroborates definitions."
O0143,C03-B,TabLLM,Feature-name semantics/association under List Template,California,0,Test AUC,matched,primary,favorable,No,No,No,Descriptive point-estimate advantage for intended arm.,Does not identify intended–wrong content sensitivity for the frozen scope.,"Does not identify predictive utility of the tested component, irrespective of the performance gap.",not_reported,C03_main.pdf Table 12; SD convention Table 12,"Official C03 §3, PDF pp.3–4; §5.1/Figure 2, p.6; supplement Tables 12–14 and §9; supplied tabllm.pdf corroborates definitions."
O0144,C03-B,TabLLM,Feature-name semantics/association under List Template,California,4,Test AUC,matched,primary,favorable,No,No,No,Descriptive point-estimate advantage for intended arm.,Does not identify intended–wrong content sensitivity for the frozen scope.,"Does not identify predictive utility of the tested component, irrespective of the performance gap.",not_reported,C03_main.pdf Table 12; SD convention Table 12,"Official C03 §3, PDF pp.3–4; §5.1/Figure 2, p.6; supplement Tables 12–14 and §9; supplied tabllm.pdf corroborates definitions."
O0145,C03-B,TabLLM,Feature-name semantics/association under List Template,California,8,Test AUC,matched,primary,favorable,No,No,No,Descriptive point-estimate advantage for intended arm.,Does not identify intended–wrong content sensitivity for the frozen scope.,"Does not identify predictive utility of the tested component, irrespective of the performance gap.",not_reported,C03_main.pdf Table 12; SD convention Table 12,"Official C03 §3, PDF pp.3–4; §5.1/Figure 2, p.6; supplement Tables 12–14 and §9; supplied tabllm.pdf corroborates definitions."
O0146,C03-B,TabLLM,Feature-name semantics/association under List Template,California,16,Test AUC,matched,primary,favorable,No,No,No,Descriptive point-estimate advantage for intended arm.,Does not identify intended–wrong content sensitivity for the frozen scope.,"Does not identify predictive utility of the tested component, irrespective of the performance gap.",not_reported,C03_main.pdf Table 12; SD convention Table 12,"Official C03 §3, PDF pp.3–4; §5.1/Figure 2, p.6; supplement Tables 12–14 and §9; supplied tabllm.pdf corroborates definitions."
O0147,C03-B,TabLLM,Feature-name semantics/association under List Template,California,32,Test AUC,matched,primary,favorable,No,No,No,Descriptive point-estimate advantage for intended arm.,Does not identify intended–wrong content sensitivity for the frozen scope.,"Does not identify predictive utility of the tested component, irrespective of the performance gap.",not_reported,C03_main.pdf Table 12; SD convention Table 12,"Official C03 §3, PDF pp.3–4; §5.1/Figure 2, p.6; supplement Tables 12–14 and §9; supplied tabllm.pdf corroborates definitions."
O0148,C03-B,TabLLM,Feature-name semantics/association under List Template,California,64,Test AUC,matched,primary,favorable,No,No,No,Descriptive point-estimate advantage for intended arm.,Does not identify intended–wrong content sensitivity for the frozen scope.,"Does not identify predictive utility of the tested component, irrespective of the performance gap.",not_reported,C03_main.pdf Table 12; SD convention Table 12,"Official C03 §3, PDF pp.3–4; §5.1/Figure 2, p.6; supplement Tables 12–14 and §9; supplied tabllm.pdf corroborates definitions."
O0149,C03-B,TabLLM,Feature-name semantics/association under List Template,California,128,Test AUC,matched,primary,adverse,No,No,No,Descriptive point-estimate disadvantage for intended arm.,Does not identify intended–wrong content sensitivity for the frozen scope.,"Does not identify predictive utility of the tested component, irrespective of the performance gap.",not_reported,C03_main.pdf Table 12; SD convention Table 12,"Official C03 §3, PDF pp.3–4; §5.1/Figure 2, p.6; supplement Tables 12–14 and §9; supplied tabllm.pdf corroborates definitions."
O0150,C03-B,TabLLM,Feature-name semantics/association under List Template,California,256,Test AUC,matched,primary,equal_at_printed_precision,No,No,No,Equal printed point estimates; no equivalence or zero-effect conclusion.,Does not identify intended–wrong content sensitivity for the frozen scope.,"Does not identify predictive utility of the tested component, irrespective of the performance gap.",not_reported,C03_main.pdf Table 12; SD convention Table 12,"Official C03 §3, PDF pp.3–4; §5.1/Figure 2, p.6; supplement Tables 12–14 and §9; supplied tabllm.pdf corroborates definitions."
O0151,C03-B,TabLLM,Feature-name semantics/association under List Template,California,512,Test AUC,matched,primary,favorable,No,No,No,Descriptive point-estimate advantage for intended arm.,Does not identify intended–wrong content sensitivity for the frozen scope.,"Does not identify predictive utility of the tested component, irrespective of the performance gap.",not_reported,C03_main.pdf Table 12; SD convention Table 12,"Official C03 §3, PDF pp.3–4; §5.1/Figure 2, p.6; supplement Tables 12–14 and §9; supplied tabllm.pdf corroborates definitions."
O0152,C03-B,TabLLM,Feature-name semantics/association under List Template,California,all,Test AUC,matched,primary,unavailable,No,No,No,Exact direction unavailable; no directional claim assigned.,No directional content-sensitivity conclusion from this row.,No directional utility conclusion from this row.,not_reported,C03_main.pdf Table 12; SD convention Table 12,"Official C03 §3, PDF pp.3–4; §5.1/Figure 2, p.6; supplement Tables 12–14 and §9; supplied tabllm.pdf corroborates definitions."
O0153,C03-C,TabLLM,Meaning assigned to values under the mixed categorical/continuous permutation,California,0,Test AUC,matched,primary,favorable,No,Partial,No,Descriptive point-estimate advantage for intended arm.,Content sensitivity remains conditional/unresolved under frozen design gates.,"Does not identify predictive utility of the tested component, irrespective of the performance gap.",not_reported,C03_main.pdf Table 12; SD convention Table 12,"Official C03 §3, PDF pp.3–4; §5.1/Figure 2, p.6; supplement Tables 12–14 and §9; supplied tabllm.pdf corroborates definitions."
O0154,C03-C,TabLLM,Meaning assigned to values under the mixed categorical/continuous permutation,California,4,Test AUC,matched,primary,favorable,No,Partial,No,Descriptive point-estimate advantage for intended arm.,Content sensitivity remains conditional/unresolved under frozen design gates.,"Does not identify predictive utility of the tested component, irrespective of the performance gap.",not_reported,C03_main.pdf Table 12; SD convention Table 12,"Official C03 §3, PDF pp.3–4; §5.1/Figure 2, p.6; supplement Tables 12–14 and §9; supplied tabllm.pdf corroborates definitions."
O0155,C03-C,TabLLM,Meaning assigned to values under the mixed categorical/continuous permutation,California,8,Test AUC,matched,primary,favorable,No,Partial,No,Descriptive point-estimate advantage for intended arm.,Content sensitivity remains conditional/unresolved under frozen design gates.,"Does not identify predictive utility of the tested component, irrespective of the performance gap.",not_reported,C03_main.pdf Table 12; SD convention Table 12,"Official C03 §3, PDF pp.3–4; §5.1/Figure 2, p.6; supplement Tables 12–14 and §9; supplied tabllm.pdf corroborates definitions."
O0156,C03-C,TabLLM,Meaning assigned to values under the mixed categorical/continuous permutation,California,16,Test AUC,matched,primary,favorable,No,Partial,No,Descriptive point-estimate advantage for intended arm.,Content sensitivity remains conditional/unresolved under frozen design gates.,"Does not identify predictive utility of the tested component, irrespective of the performance gap.",not_reported,C03_main.pdf Table 12; SD convention Table 12,"Official C03 §3, PDF pp.3–4; §5.1/Figure 2, p.6; supplement Tables 12–14 and §9; supplied tabllm.pdf corroborates definitions."
O0157,C03-C,TabLLM,Meaning assigned to values under the mixed categorical/continuous permutation,California,32,Test AUC,matched,primary,favorable,No,Partial,No,Descriptive point-estimate advantage for intended arm.,Content sensitivity remains conditional/unresolved under frozen design gates.,"Does not identify predictive utility of the tested component, irrespective of the performance gap.",not_reported,C03_main.pdf Table 12; SD convention Table 12,"Official C03 §3, PDF pp.3–4; §5.1/Figure 2, p.6; supplement Tables 12–14 and §9; supplied tabllm.pdf corroborates definitions."
O0158,C03-C,TabLLM,Meaning assigned to values under the mixed categorical/continuous permutation,California,64,Test AUC,matched,primary,favorable,No,Partial,No,Descriptive point-estimate advantage for intended arm.,Content sensitivity remains conditional/unresolved under frozen design gates.,"Does not identify predictive utility of the tested component, irrespective of the performance gap.",not_reported,C03_main.pdf Table 12; SD convention Table 12,"Official C03 §3, PDF pp.3–4; §5.1/Figure 2, p.6; supplement Tables 12–14 and §9; supplied tabllm.pdf corroborates definitions."
O0159,C03-C,TabLLM,Meaning assigned to values under the mixed categorical/continuous permutation,California,128,Test AUC,matched,primary,favorable,No,Partial,No,Descriptive point-estimate advantage for intended arm.,Content sensitivity remains conditional/unresolved under frozen design gates.,"Does not identify predictive utility of the tested component, irrespective of the performance gap.",not_reported,C03_main.pdf Table 12; SD convention Table 12,"Official C03 §3, PDF pp.3–4; §5.1/Figure 2, p.6; supplement Tables 12–14 and §9; supplied tabllm.pdf corroborates definitions."
O0160,C03-C,TabLLM,Meaning assigned to values under the mixed categorical/continuous permutation,California,256,Test AUC,matched,primary,favorable,No,Partial,No,Descriptive point-estimate advantage for intended arm.,Content sensitivity remains conditional/unresolved under frozen design gates.,"Does not identify predictive utility of the tested component, irrespective of the performance gap.",not_reported,C03_main.pdf Table 12; SD convention Table 12,"Official C03 §3, PDF pp.3–4; §5.1/Figure 2, p.6; supplement Tables 12–14 and §9; supplied tabllm.pdf corroborates definitions."
O0161,C03-C,TabLLM,Meaning assigned to values under the mixed categorical/continuous permutation,California,512,Test AUC,matched,primary,favorable,No,Partial,No,Descriptive point-estimate advantage for intended arm.,Content sensitivity remains conditional/unresolved under frozen design gates.,"Does not identify predictive utility of the tested component, irrespective of the performance gap.",not_reported,C03_main.pdf Table 12; SD convention Table 12,"Official C03 §3, PDF pp.3–4; §5.1/Figure 2, p.6; supplement Tables 12–14 and §9; supplied tabllm.pdf corroborates definitions."
O0162,C03-C,TabLLM,Meaning assigned to values under the mixed categorical/continuous permutation,California,all,Test AUC,matched,primary,unavailable,No,Partial,No,Exact direction unavailable; no directional claim assigned.,No directional content-sensitivity conclusion from this row.,No directional utility conclusion from this row.,not_reported,C03_main.pdf Table 12; SD convention Table 12,"Official C03 §3, PDF pp.3–4; §5.1/Figure 2, p.6; supplement Tables 12–14 and §9; supplied tabllm.pdf corroborates definitions."
O0163,C03-A,TabLLM,Feature-name semantics/association under List Template,Car,0,Test AUC,matched,primary,favorable,No,Yes,No,Descriptive point-estimate advantage for intended arm.,Descriptive intended–wrong content sensitivity; intended arm better.,"Does not identify predictive utility of the tested component, irrespective of the performance gap.",not_reported,C03_main.pdf Table 13; SD convention Table 12,"Official C03 §3, PDF pp.3–4; §5.1/Figure 2, p.6; supplement Tables 12–14 and §9; supplied tabllm.pdf corroborates definitions."
O0164,C03-A,TabLLM,Feature-name semantics/association under List Template,Car,4,Test AUC,matched,primary,favorable,No,Yes,No,Descriptive point-estimate advantage for intended arm.,Descriptive intended–wrong content sensitivity; intended arm better.,"Does not identify predictive utility of the tested component, irrespective of the performance gap.",not_reported,C03_main.pdf Table 13; SD convention Table 12,"Official C03 §3, PDF pp.3–4; §5.1/Figure 2, p.6; supplement Tables 12–14 and §9; supplied tabllm.pdf corroborates definitions."
O0165,C03-A,TabLLM,Feature-name semantics/association under List Template,Car,8,Test AUC,matched,primary,favorable,No,Yes,No,Descriptive point-estimate advantage for intended arm.,Descriptive intended–wrong content sensitivity; intended arm better.,"Does not identify predictive utility of the tested component, irrespective of the performance gap.",not_reported,C03_main.pdf Table 13; SD convention Table 12,"Official C03 §3, PDF pp.3–4; §5.1/Figure 2, p.6; supplement Tables 12–14 and §9; supplied tabllm.pdf corroborates definitions."
O0166,C03-A,TabLLM,Feature-name semantics/association under List Template,Car,16,Test AUC,matched,primary,favorable,No,Yes,No,Descriptive point-estimate advantage for intended arm.,Descriptive intended–wrong content sensitivity; intended arm better.,"Does not identify predictive utility of the tested component, irrespective of the performance gap.",not_reported,C03_main.pdf Table 13; SD convention Table 12,"Official C03 §3, PDF pp.3–4; §5.1/Figure 2, p.6; supplement Tables 12–14 and §9; supplied tabllm.pdf corroborates definitions."
O0167,C03-A,TabLLM,Feature-name semantics/association under List Template,Car,32,Test AUC,matched,primary,favorable,No,Yes,No,Descriptive point-estimate advantage for intended arm.,Descriptive intended–wrong content sensitivity; intended arm better.,"Does not identify predictive utility of the tested component, irrespective of the performance gap.",not_reported,C03_main.pdf Table 13; SD convention Table 12,"Official C03 §3, PDF pp.3–4; §5.1/Figure 2, p.6; supplement Tables 12–14 and §9; supplied tabllm.pdf corroborates definitions."
O0168,C03-A,TabLLM,Feature-name semantics/association under List Template,Car,64,Test AUC,matched,primary,favorable,No,Yes,No,Descriptive point-estimate advantage for intended arm.,Descriptive intended–wrong content sensitivity; intended arm better.,"Does not identify predictive utility of the tested component, irrespective of the performance gap.",not_reported,C03_main.pdf Table 13; SD convention Table 12,"Official C03 §3, PDF pp.3–4; §5.1/Figure 2, p.6; supplement Tables 12–14 and §9; supplied tabllm.pdf corroborates definitions."
O0169,C03-A,TabLLM,Feature-name semantics/association under List Template,Car,128,Test AUC,matched,primary,favorable,No,Yes,No,Descriptive point-estimate advantage for intended arm.,Descriptive intended–wrong content sensitivity; intended arm better.,"Does not identify predictive utility of the tested component, irrespective of the performance gap.",not_reported,C03_main.pdf Table 13; SD convention Table 12,"Official C03 §3, PDF pp.3–4; §5.1/Figure 2, p.6; supplement Tables 12–14 and §9; supplied tabllm.pdf corroborates definitions."
O0170,C03-A,TabLLM,Feature-name semantics/association under List Template,Car,256,Test AUC,matched,primary,equal_at_printed_precision,No,Yes,No,Equal printed point estimates; no equivalence or zero-effect conclusion.,No nonzero content effect established at printed precision; not equivalence.,"Does not identify predictive utility of the tested component, irrespective of the performance gap.",not_reported,C03_main.pdf Table 13; SD convention Table 12,"Official C03 §3, PDF pp.3–4; §5.1/Figure 2, p.6; supplement Tables 12–14 and §9; supplied tabllm.pdf corroborates definitions."
O0171,C03-A,TabLLM,Feature-name semantics/association under List Template,Car,512,Test AUC,matched,primary,favorable,No,Yes,No,Descriptive point-estimate advantage for intended arm.,Descriptive intended–wrong content sensitivity; intended arm better.,"Does not identify predictive utility of the tested component, irrespective of the performance gap.",not_reported,C03_main.pdf Table 13; SD convention Table 12,"Official C03 §3, PDF pp.3–4; §5.1/Figure 2, p.6; supplement Tables 12–14 and §9; supplied tabllm.pdf corroborates definitions."
O0172,C03-A,TabLLM,Feature-name semantics/association under List Template,Car,all,Test AUC,matched,primary,equal_at_printed_precision,No,Yes,No,Equal printed point estimates; no equivalence or zero-effect conclusion.,No nonzero content effect established at printed precision; not equivalence.,"Does not identify predictive utility of the tested component, irrespective of the performance gap.",not_reported,C03_main.pdf Table 13; SD convention Table 12,"Official C03 §3, PDF pp.3–4; §5.1/Figure 2, p.6; supplement Tables 12–14 and §9; supplied tabllm.pdf corroborates definitions."
O0173,C03-B,TabLLM,Feature-name semantics/association under List Template,Car,0,Test AUC,matched,primary,favorable,No,No,No,Descriptive point-estimate advantage for intended arm.,Does not identify intended–wrong content sensitivity for the frozen scope.,"Does not identify predictive utility of the tested component, irrespective of the performance gap.",not_reported,C03_main.pdf Table 13; SD convention Table 12,"Official C03 §3, PDF pp.3–4; §5.1/Figure 2, p.6; supplement Tables 12–14 and §9; supplied tabllm.pdf corroborates definitions."
O0174,C03-B,TabLLM,Feature-name semantics/association under List Template,Car,4,Test AUC,matched,primary,favorable,No,No,No,Descriptive point-estimate advantage for intended arm.,Does not identify intended–wrong content sensitivity for the frozen scope.,"Does not identify predictive utility of the tested component, irrespective of the performance gap.",not_reported,C03_main.pdf Table 13; SD convention Table 12,"Official C03 §3, PDF pp.3–4; §5.1/Figure 2, p.6; supplement Tables 12–14 and §9; supplied tabllm.pdf corroborates definitions."
O0175,C03-B,TabLLM,Feature-name semantics/association under List Template,Car,8,Test AUC,matched,primary,favorable,No,No,No,Descriptive point-estimate advantage for intended arm.,Does not identify intended–wrong content sensitivity for the frozen scope.,"Does not identify predictive utility of the tested component, irrespective of the performance gap.",not_reported,C03_main.pdf Table 13; SD convention Table 12,"Official C03 §3, PDF pp.3–4; §5.1/Figure 2, p.6; supplement Tables 12–14 and §9; supplied tabllm.pdf corroborates definitions."
O0176,C03-B,TabLLM,Feature-name semantics/association under List Template,Car,16,Test AUC,matched,primary,favorable,No,No,No,Descriptive point-estimate advantage for intended arm.,Does not identify intended–wrong content sensitivity for the frozen scope.,"Does not identify predictive utility of the tested component, irrespective of the performance gap.",not_reported,C03_main.pdf Table 13; SD convention Table 12,"Official C03 §3, PDF pp.3–4; §5.1/Figure 2, p.6; supplement Tables 12–14 and §9; supplied tabllm.pdf corroborates definitions."
O0177,C03-B,TabLLM,Feature-name semantics/association under List Template,Car,32,Test AUC,matched,primary,favorable,No,No,No,Descriptive point-estimate advantage for intended arm.,Does not identify intended–wrong content sensitivity for the frozen scope.,"Does not identify predictive utility of the tested component, irrespective of the performance gap.",not_reported,C03_main.pdf Table 13; SD convention Table 12,"Official C03 §3, PDF pp.3–4; §5.1/Figure 2, p.6; supplement Tables 12–14 and §9; supplied tabllm.pdf corroborates definitions."
O0178,C03-B,TabLLM,Feature-name semantics/association under List Template,Car,64,Test AUC,matched,primary,favorable,No,No,No,Descriptive point-estimate advantage for intended arm.,Does not identify intended–wrong content sensitivity for the frozen scope.,"Does not identify predictive utility of the tested component, irrespective of the performance gap.",not_reported,C03_main.pdf Table 13; SD convention Table 12,"Official C03 §3, PDF pp.3–4; §5.1/Figure 2, p.6; supplement Tables 12–14 and §9; supplied tabllm.pdf corroborates definitions."
O0179,C03-B,TabLLM,Feature-name semantics/association under List Template,Car,128,Test AUC,matched,primary,favorable,No,No,No,Descriptive point-estimate advantage for intended arm.,Does not identify intended–wrong content sensitivity for the frozen scope.,"Does not identify predictive utility of the tested component, irrespective of the performance gap.",not_reported,C03_main.pdf Table 13; SD convention Table 12,"Official C03 §3, PDF pp.3–4; §5.1/Figure 2, p.6; supplement Tables 12–14 and §9; supplied tabllm.pdf corroborates definitions."
O0180,C03-B,TabLLM,Feature-name semantics/association under List Template,Car,256,Test AUC,matched,primary,favorable,No,No,No,Descriptive point-estimate advantage for intended arm.,Does not identify intended–wrong content sensitivity for the frozen scope.,"Does not identify predictive utility of the tested component, irrespective of the performance gap.",not_reported,C03_main.pdf Table 13; SD convention Table 12,"Official C03 §3, PDF pp.3–4; §5.1/Figure 2, p.6; supplement Tables 12–14 and §9; supplied tabllm.pdf corroborates definitions."
O0181,C03-B,TabLLM,Feature-name semantics/association under List Template,Car,512,Test AUC,matched,primary,favorable,No,No,No,Descriptive point-estimate advantage for intended arm.,Does not identify intended–wrong content sensitivity for the frozen scope.,"Does not identify predictive utility of the tested component, irrespective of the performance gap.",not_reported,C03_main.pdf Table 13; SD convention Table 12,"Official C03 §3, PDF pp.3–4; §5.1/Figure 2, p.6; supplement Tables 12–14 and §9; supplied tabllm.pdf corroborates definitions."
O0182,C03-B,TabLLM,Feature-name semantics/association under List Template,Car,all,Test AUC,matched,primary,equal_at_printed_precision,No,No,No,Equal printed point estimates; no equivalence or zero-effect conclusion.,Does not identify intended–wrong content sensitivity for the frozen scope.,"Does not identify predictive utility of the tested component, irrespective of the performance gap.",not_reported,C03_main.pdf Table 13; SD convention Table 12,"Official C03 §3, PDF pp.3–4; §5.1/Figure 2, p.6; supplement Tables 12–14 and §9; supplied tabllm.pdf corroborates definitions."
O0183,C03-C,TabLLM,Meaning assigned to values under the mixed categorical/continuous permutation,Car,0,Test AUC,matched,primary,favorable,No,Partial,No,Descriptive point-estimate advantage for intended arm.,Content sensitivity remains conditional/unresolved under frozen design gates.,"Does not identify predictive utility of the tested component, irrespective of the performance gap.",not_reported,C03_main.pdf Table 13; SD convention Table 12,"Official C03 §3, PDF pp.3–4; §5.1/Figure 2, p.6; supplement Tables 12–14 and §9; supplied tabllm.pdf corroborates definitions."
O0184,C03-C,TabLLM,Meaning assigned to values under the mixed categorical/continuous permutation,Car,4,Test AUC,matched,primary,favorable,No,Partial,No,Descriptive point-estimate advantage for intended arm.,Content sensitivity remains conditional/unresolved under frozen design gates.,"Does not identify predictive utility of the tested component, irrespective of the performance gap.",not_reported,C03_main.pdf Table 13; SD convention Table 12,"Official C03 §3, PDF pp.3–4; §5.1/Figure 2, p.6; supplement Tables 12–14 and §9; supplied tabllm.pdf corroborates definitions."
O0185,C03-C,TabLLM,Meaning assigned to values under the mixed categorical/continuous permutation,Car,8,Test AUC,matched,primary,favorable,No,Partial,No,Descriptive point-estimate advantage for intended arm.,Content sensitivity remains conditional/unresolved under frozen design gates.,"Does not identify predictive utility of the tested component, irrespective of the performance gap.",not_reported,C03_main.pdf Table 13; SD convention Table 12,"Official C03 §3, PDF pp.3–4; §5.1/Figure 2, p.6; supplement Tables 12–14 and §9; supplied tabllm.pdf corroborates definitions."
O0186,C03-C,TabLLM,Meaning assigned to values under the mixed categorical/continuous permutation,Car,16,Test AUC,matched,primary,favorable,No,Partial,No,Descriptive point-estimate advantage for intended arm.,Content sensitivity remains conditional/unresolved under frozen design gates.,"Does not identify predictive utility of the tested component, irrespective of the performance gap.",not_reported,C03_main.pdf Table 13; SD convention Table 12,"Official C03 §3, PDF pp.3–4; §5.1/Figure 2, p.6; supplement Tables 12–14 and §9; supplied tabllm.pdf corroborates definitions."
O0187,C03-C,TabLLM,Meaning assigned to values under the mixed categorical/continuous permutation,Car,32,Test AUC,matched,primary,favorable,No,Partial,No,Descriptive point-estimate advantage for intended arm.,Content sensitivity remains conditional/unresolved under frozen design gates.,"Does not identify predictive utility of the tested component, irrespective of the performance gap.",not_reported,C03_main.pdf Table 13; SD convention Table 12,"Official C03 §3, PDF pp.3–4; §5.1/Figure 2, p.6; supplement Tables 12–14 and §9; supplied tabllm.pdf corroborates definitions."
O0188,C03-C,TabLLM,Meaning assigned to values under the mixed categorical/continuous permutation,Car,64,Test AUC,matched,primary,favorable,No,Partial,No,Descriptive point-estimate advantage for intended arm.,Content sensitivity remains conditional/unresolved under frozen design gates.,"Does not identify predictive utility of the tested component, irrespective of the performance gap.",not_reported,C03_main.pdf Table 13; SD convention Table 12,"Official C03 §3, PDF pp.3–4; §5.1/Figure 2, p.6; supplement Tables 12–14 and §9; supplied tabllm.pdf corroborates definitions."
O0189,C03-C,TabLLM,Meaning assigned to values under the mixed categorical/continuous permutation,Car,128,Test AUC,matched,primary,favorable,No,Partial,No,Descriptive point-estimate advantage for intended arm.,Content sensitivity remains conditional/unresolved under frozen design gates.,"Does not identify predictive utility of the tested component, irrespective of the performance gap.",not_reported,C03_main.pdf Table 13; SD convention Table 12,"Official C03 §3, PDF pp.3–4; §5.1/Figure 2, p.6; supplement Tables 12–14 and §9; supplied tabllm.pdf corroborates definitions."
O0190,C03-C,TabLLM,Meaning assigned to values under the mixed categorical/continuous permutation,Car,256,Test AUC,matched,primary,favorable,No,Partial,No,Descriptive point-estimate advantage for intended arm.,Content sensitivity remains conditional/unresolved under frozen design gates.,"Does not identify predictive utility of the tested component, irrespective of the performance gap.",not_reported,C03_main.pdf Table 13; SD convention Table 12,"Official C03 §3, PDF pp.3–4; §5.1/Figure 2, p.6; supplement Tables 12–14 and §9; supplied tabllm.pdf corroborates definitions."
O0191,C03-C,TabLLM,Meaning assigned to values under the mixed categorical/continuous permutation,Car,512,Test AUC,matched,primary,equal_at_printed_precision,No,Partial,No,Equal printed point estimates; no equivalence or zero-effect conclusion.,Content sensitivity remains conditional/unresolved under frozen design gates.,"Does not identify predictive utility of the tested component, irrespective of the performance gap.",not_reported,C03_main.pdf Table 13; SD convention Table 12,"Official C03 §3, PDF pp.3–4; §5.1/Figure 2, p.6; supplement Tables 12–14 and §9; supplied tabllm.pdf corroborates definitions."
O0192,C03-C,TabLLM,Meaning assigned to values under the mixed categorical/continuous permutation,Car,all,Test AUC,matched,primary,equal_at_printed_precision,No,Partial,No,Equal printed point estimates; no equivalence or zero-effect conclusion.,Content sensitivity remains conditional/unresolved under frozen design gates.,"Does not identify predictive utility of the tested component, irrespective of the performance gap.",not_reported,C03_main.pdf Table 13; SD convention Table 12,"Official C03 §3, PDF pp.3–4; §5.1/Figure 2, p.6; supplement Tables 12–14 and §9; supplied tabllm.pdf corroborates definitions."
O0193,C03-A,TabLLM,Feature-name semantics/association under List Template,Credit-g,0,Test AUC,matched,primary,favorable,No,Yes,No,Descriptive point-estimate advantage for intended arm.,Descriptive intended–wrong content sensitivity; intended arm better.,"Does not identify predictive utility of the tested component, irrespective of the performance gap.",not_reported,C03_main.pdf Table 13; SD convention Table 12,"Official C03 §3, PDF pp.3–4; §5.1/Figure 2, p.6; supplement Tables 12–14 and §9; supplied tabllm.pdf corroborates definitions."
O0194,C03-A,TabLLM,Feature-name semantics/association under List Template,Credit-g,4,Test AUC,matched,primary,favorable,No,Yes,No,Descriptive point-estimate advantage for intended arm.,Descriptive intended–wrong content sensitivity; intended arm better.,"Does not identify predictive utility of the tested component, irrespective of the performance gap.",not_reported,C03_main.pdf Table 13; SD convention Table 12,"Official C03 §3, PDF pp.3–4; §5.1/Figure 2, p.6; supplement Tables 12–14 and §9; supplied tabllm.pdf corroborates definitions."
O0195,C03-A,TabLLM,Feature-name semantics/association under List Template,Credit-g,8,Test AUC,matched,primary,favorable,No,Yes,No,Descriptive point-estimate advantage for intended arm.,Descriptive intended–wrong content sensitivity; intended arm better.,"Does not identify predictive utility of the tested component, irrespective of the performance gap.",not_reported,C03_main.pdf Table 13; SD convention Table 12,"Official C03 §3, PDF pp.3–4; §5.1/Figure 2, p.6; supplement Tables 12–14 and §9; supplied tabllm.pdf corroborates definitions."
O0196,C03-A,TabLLM,Feature-name semantics/association under List Template,Credit-g,16,Test AUC,matched,primary,favorable,No,Yes,No,Descriptive point-estimate advantage for intended arm.,Descriptive intended–wrong content sensitivity; intended arm better.,"Does not identify predictive utility of the tested component, irrespective of the performance gap.",not_reported,C03_main.pdf Table 13; SD convention Table 12,"Official C03 §3, PDF pp.3–4; §5.1/Figure 2, p.6; supplement Tables 12–14 and §9; supplied tabllm.pdf corroborates definitions."
O0197,C03-A,TabLLM,Feature-name semantics/association under List Template,Credit-g,32,Test AUC,matched,primary,equal_at_printed_precision,No,Yes,No,Equal printed point estimates; no equivalence or zero-effect conclusion.,No nonzero content effect established at printed precision; not equivalence.,"Does not identify predictive utility of the tested component, irrespective of the performance gap.",not_reported,C03_main.pdf Table 13; SD convention Table 12,"Official C03 §3, PDF pp.3–4; §5.1/Figure 2, p.6; supplement Tables 12–14 and §9; supplied tabllm.pdf corroborates definitions."
O0198,C03-A,TabLLM,Feature-name semantics/association under List Template,Credit-g,64,Test AUC,matched,primary,adverse,No,Yes,No,Descriptive point-estimate disadvantage for intended arm.,Descriptive intended–wrong content sensitivity; wrong arm better; not a benefit from correctness.,"Does not identify predictive utility of the tested component, irrespective of the performance gap.",not_reported,C03_main.pdf Table 13; SD convention Table 12,"Official C03 §3, PDF pp.3–4; §5.1/Figure 2, p.6; supplement Tables 12–14 and §9; supplied tabllm.pdf corroborates definitions."
O0199,C03-A,TabLLM,Feature-name semantics/association under List Template,Credit-g,128,Test AUC,matched,primary,equal_at_printed_precision,No,Yes,No,Equal printed point estimates; no equivalence or zero-effect conclusion.,No nonzero content effect established at printed precision; not equivalence.,"Does not identify predictive utility of the tested component, irrespective of the performance gap.",not_reported,C03_main.pdf Table 13; SD convention Table 12,"Official C03 §3, PDF pp.3–4; §5.1/Figure 2, p.6; supplement Tables 12–14 and §9; supplied tabllm.pdf corroborates definitions."
O0200,C03-A,TabLLM,Feature-name semantics/association under List Template,Credit-g,256,Test AUC,matched,primary,equal_at_printed_precision,No,Yes,No,Equal printed point estimates; no equivalence or zero-effect conclusion.,No nonzero content effect established at printed precision; not equivalence.,"Does not identify predictive utility of the tested component, irrespective of the performance gap.",not_reported,C03_main.pdf Table 13; SD convention Table 12,"Official C03 §3, PDF pp.3–4; §5.1/Figure 2, p.6; supplement Tables 12–14 and §9; supplied tabllm.pdf corroborates definitions."
O0201,C03-A,TabLLM,Feature-name semantics/association under List Template,Credit-g,512,Test AUC,matched,primary,equal_at_printed_precision,No,Yes,No,Equal printed point estimates; no equivalence or zero-effect conclusion.,No nonzero content effect established at printed precision; not equivalence.,"Does not identify predictive utility of the tested component, irrespective of the performance gap.",not_reported,C03_main.pdf Table 13; SD convention Table 12,"Official C03 §3, PDF pp.3–4; §5.1/Figure 2, p.6; supplement Tables 12–14 and §9; supplied tabllm.pdf corroborates definitions."
O0202,C03-A,TabLLM,Feature-name semantics/association under List Template,Credit-g,all,Test AUC,matched,primary,unavailable,No,Yes,No,Exact direction unavailable; no directional claim assigned.,No directional content-sensitivity conclusion from this row.,No directional utility conclusion from this row.,not_reported,C03_main.pdf Table 13; SD convention Table 12,"Official C03 §3, PDF pp.3–4; §5.1/Figure 2, p.6; supplement Tables 12–14 and §9; supplied tabllm.pdf corroborates definitions."
O0203,C03-B,TabLLM,Feature-name semantics/association under List Template,Credit-g,0,Test AUC,matched,primary,adverse,No,No,No,Descriptive point-estimate disadvantage for intended arm.,Does not identify intended–wrong content sensitivity for the frozen scope.,"Does not identify predictive utility of the tested component, irrespective of the performance gap.",not_reported,C03_main.pdf Table 13; SD convention Table 12,"Official C03 §3, PDF pp.3–4; §5.1/Figure 2, p.6; supplement Tables 12–14 and §9; supplied tabllm.pdf corroborates definitions."
O0204,C03-B,TabLLM,Feature-name semantics/association under List Template,Credit-g,4,Test AUC,matched,primary,adverse,No,No,No,Descriptive point-estimate disadvantage for intended arm.,Does not identify intended–wrong content sensitivity for the frozen scope.,"Does not identify predictive utility of the tested component, irrespective of the performance gap.",not_reported,C03_main.pdf Table 13; SD convention Table 12,"Official C03 §3, PDF pp.3–4; §5.1/Figure 2, p.6; supplement Tables 12–14 and §9; supplied tabllm.pdf corroborates definitions."
O0205,C03-B,TabLLM,Feature-name semantics/association under List Template,Credit-g,8,Test AUC,matched,primary,adverse,No,No,No,Descriptive point-estimate disadvantage for intended arm.,Does not identify intended–wrong content sensitivity for the frozen scope.,"Does not identify predictive utility of the tested component, irrespective of the performance gap.",not_reported,C03_main.pdf Table 13; SD convention Table 12,"Official C03 §3, PDF pp.3–4; §5.1/Figure 2, p.6; supplement Tables 12–14 and §9; supplied tabllm.pdf corroborates definitions."
O0206,C03-B,TabLLM,Feature-name semantics/association under List Template,Credit-g,16,Test AUC,matched,primary,adverse,No,No,No,Descriptive point-estimate disadvantage for intended arm.,Does not identify intended–wrong content sensitivity for the frozen scope.,"Does not identify predictive utility of the tested component, irrespective of the performance gap.",not_reported,C03_main.pdf Table 13; SD convention Table 12,"Official C03 §3, PDF pp.3–4; §5.1/Figure 2, p.6; supplement Tables 12–14 and §9; supplied tabllm.pdf corroborates definitions."
O0207,C03-B,TabLLM,Feature-name semantics/association under List Template,Credit-g,32,Test AUC,matched,primary,adverse,No,No,No,Descriptive point-estimate disadvantage for intended arm.,Does not identify intended–wrong content sensitivity for the frozen scope.,"Does not identify predictive utility of the tested component, irrespective of the performance gap.",not_reported,C03_main.pdf Table 13; SD convention Table 12,"Official C03 §3, PDF pp.3–4; §5.1/Figure 2, p.6; supplement Tables 12–14 and §9; supplied tabllm.pdf corroborates definitions."
O0208,C03-B,TabLLM,Feature-name semantics/association under List Template,Credit-g,64,Test AUC,matched,primary,adverse,No,No,No,Descriptive point-estimate disadvantage for intended arm.,Does not identify intended–wrong content sensitivity for the frozen scope.,"Does not identify predictive utility of the tested component, irrespective of the performance gap.",not_reported,C03_main.pdf Table 13; SD convention Table 12,"Official C03 §3, PDF pp.3–4; §5.1/Figure 2, p.6; supplement Tables 12–14 and §9; supplied tabllm.pdf corroborates definitions."
O0209,C03-B,TabLLM,Feature-name semantics/association under List Template,Credit-g,128,Test AUC,matched,primary,adverse,No,No,No,Descriptive point-estimate disadvantage for intended arm.,Does not identify intended–wrong content sensitivity for the frozen scope.,"Does not identify predictive utility of the tested component, irrespective of the performance gap.",not_reported,C03_main.pdf Table 13; SD convention Table 12,"Official C03 §3, PDF pp.3–4; §5.1/Figure 2, p.6; supplement Tables 12–14 and §9; supplied tabllm.pdf corroborates definitions."
O0210,C03-B,TabLLM,Feature-name semantics/association under List Template,Credit-g,256,Test AUC,matched,primary,equal_at_printed_precision,No,No,No,Equal printed point estimates; no equivalence or zero-effect conclusion.,Does not identify intended–wrong content sensitivity for the frozen scope.,"Does not identify predictive utility of the tested component, irrespective of the performance gap.",not_reported,C03_main.pdf Table 13; SD convention Table 12,"Official C03 §3, PDF pp.3–4; §5.1/Figure 2, p.6; supplement Tables 12–14 and §9; supplied tabllm.pdf corroborates definitions."
O0211,C03-B,TabLLM,Feature-name semantics/association under List Template,Credit-g,512,Test AUC,matched,primary,favorable,No,No,No,Descriptive point-estimate advantage for intended arm.,Does not identify intended–wrong content sensitivity for the frozen scope.,"Does not identify predictive utility of the tested component, irrespective of the performance gap.",not_reported,C03_main.pdf Table 13; SD convention Table 12,"Official C03 §3, PDF pp.3–4; §5.1/Figure 2, p.6; supplement Tables 12–14 and §9; supplied tabllm.pdf corroborates definitions."
O0212,C03-B,TabLLM,Feature-name semantics/association under List Template,Credit-g,all,Test AUC,matched,primary,unavailable,No,No,No,Exact direction unavailable; no directional claim assigned.,No directional content-sensitivity conclusion from this row.,No directional utility conclusion from this row.,not_reported,C03_main.pdf Table 13; SD convention Table 12,"Official C03 §3, PDF pp.3–4; §5.1/Figure 2, p.6; supplement Tables 12–14 and §9; supplied tabllm.pdf corroborates definitions."
O0213,C03-C,TabLLM,Meaning assigned to values under the mixed categorical/continuous permutation,Credit-g,0,Test AUC,matched,primary,favorable,No,Partial,No,Descriptive point-estimate advantage for intended arm.,Content sensitivity remains conditional/unresolved under frozen design gates.,"Does not identify predictive utility of the tested component, irrespective of the performance gap.",not_reported,C03_main.pdf Table 13; SD convention Table 12,"Official C03 §3, PDF pp.3–4; §5.1/Figure 2, p.6; supplement Tables 12–14 and §9; supplied tabllm.pdf corroborates definitions."
O0214,C03-C,TabLLM,Meaning assigned to values under the mixed categorical/continuous permutation,Credit-g,4,Test AUC,matched,primary,favorable,No,Partial,No,Descriptive point-estimate advantage for intended arm.,Content sensitivity remains conditional/unresolved under frozen design gates.,"Does not identify predictive utility of the tested component, irrespective of the performance gap.",not_reported,C03_main.pdf Table 13; SD convention Table 12,"Official C03 §3, PDF pp.3–4; §5.1/Figure 2, p.6; supplement Tables 12–14 and §9; supplied tabllm.pdf corroborates definitions."
O0215,C03-C,TabLLM,Meaning assigned to values under the mixed categorical/continuous permutation,Credit-g,8,Test AUC,matched,primary,favorable,No,Partial,No,Descriptive point-estimate advantage for intended arm.,Content sensitivity remains conditional/unresolved under frozen design gates.,"Does not identify predictive utility of the tested component, irrespective of the performance gap.",not_reported,C03_main.pdf Table 13; SD convention Table 12,"Official C03 §3, PDF pp.3–4; §5.1/Figure 2, p.6; supplement Tables 12–14 and §9; supplied tabllm.pdf corroborates definitions."
O0216,C03-C,TabLLM,Meaning assigned to values under the mixed categorical/continuous permutation,Credit-g,16,Test AUC,matched,primary,favorable,No,Partial,No,Descriptive point-estimate advantage for intended arm.,Content sensitivity remains conditional/unresolved under frozen design gates.,"Does not identify predictive utility of the tested component, irrespective of the performance gap.",not_reported,C03_main.pdf Table 13; SD convention Table 12,"Official C03 §3, PDF pp.3–4; §5.1/Figure 2, p.6; supplement Tables 12–14 and §9; supplied tabllm.pdf corroborates definitions."
O0217,C03-C,TabLLM,Meaning assigned to values under the mixed categorical/continuous permutation,Credit-g,32,Test AUC,matched,primary,favorable,No,Partial,No,Descriptive point-estimate advantage for intended arm.,Content sensitivity remains conditional/unresolved under frozen design gates.,"Does not identify predictive utility of the tested component, irrespective of the performance gap.",not_reported,C03_main.pdf Table 13; SD convention Table 12,"Official C03 §3, PDF pp.3–4; §5.1/Figure 2, p.6; supplement Tables 12–14 and §9; supplied tabllm.pdf corroborates definitions."
O0218,C03-C,TabLLM,Meaning assigned to values under the mixed categorical/continuous permutation,Credit-g,64,Test AUC,matched,primary,equal_at_printed_precision,No,Partial,No,Equal printed point estimates; no equivalence or zero-effect conclusion.,Content sensitivity remains conditional/unresolved under frozen design gates.,"Does not identify predictive utility of the tested component, irrespective of the performance gap.",not_reported,C03_main.pdf Table 13; SD convention Table 12,"Official C03 §3, PDF pp.3–4; §5.1/Figure 2, p.6; supplement Tables 12–14 and §9; supplied tabllm.pdf corroborates definitions."
O0219,C03-C,TabLLM,Meaning assigned to values under the mixed categorical/continuous permutation,Credit-g,128,Test AUC,matched,primary,equal_at_printed_precision,No,Partial,No,Equal printed point estimates; no equivalence or zero-effect conclusion.,Content sensitivity remains conditional/unresolved under frozen design gates.,"Does not identify predictive utility of the tested component, irrespective of the performance gap.",not_reported,C03_main.pdf Table 13; SD convention Table 12,"Official C03 §3, PDF pp.3–4; §5.1/Figure 2, p.6; supplement Tables 12–14 and §9; supplied tabllm.pdf corroborates definitions."
O0220,C03-C,TabLLM,Meaning assigned to values under the mixed categorical/continuous permutation,Credit-g,256,Test AUC,matched,primary,favorable,No,Partial,No,Descriptive point-estimate advantage for intended arm.,Content sensitivity remains conditional/unresolved under frozen design gates.,"Does not identify predictive utility of the tested component, irrespective of the performance gap.",not_reported,C03_main.pdf Table 13; SD convention Table 12,"Official C03 §3, PDF pp.3–4; §5.1/Figure 2, p.6; supplement Tables 12–14 and §9; supplied tabllm.pdf corroborates definitions."
O0221,C03-C,TabLLM,Meaning assigned to values under the mixed categorical/continuous permutation,Credit-g,512,Test AUC,matched,primary,favorable,No,Partial,No,Descriptive point-estimate advantage for intended arm.,Content sensitivity remains conditional/unresolved under frozen design gates.,"Does not identify predictive utility of the tested component, irrespective of the performance gap.",not_reported,C03_main.pdf Table 13; SD convention Table 12,"Official C03 §3, PDF pp.3–4; §5.1/Figure 2, p.6; supplement Tables 12–14 and §9; supplied tabllm.pdf corroborates definitions."
O0222,C03-C,TabLLM,Meaning assigned to values under the mixed categorical/continuous permutation,Credit-g,all,Test AUC,matched,primary,unavailable,No,Partial,No,Exact direction unavailable; no directional claim assigned.,No directional content-sensitivity conclusion from this row.,No directional utility conclusion from this row.,not_reported,C03_main.pdf Table 13; SD convention Table 12,"Official C03 §3, PDF pp.3–4; §5.1/Figure 2, p.6; supplement Tables 12–14 and §9; supplied tabllm.pdf corroborates definitions."
O0223,C03-A,TabLLM,Feature-name semantics/association under List Template,Diabetes,0,Test AUC,matched,primary,favorable,No,Yes,No,Descriptive point-estimate advantage for intended arm.,Descriptive intended–wrong content sensitivity; intended arm better.,"Does not identify predictive utility of the tested component, irrespective of the performance gap.",not_reported,C03_main.pdf Table 13; SD convention Table 12,"Official C03 §3, PDF pp.3–4; §5.1/Figure 2, p.6; supplement Tables 12–14 and §9; supplied tabllm.pdf corroborates definitions."
O0224,C03-A,TabLLM,Feature-name semantics/association under List Template,Diabetes,4,Test AUC,matched,primary,favorable,No,Yes,No,Descriptive point-estimate advantage for intended arm.,Descriptive intended–wrong content sensitivity; intended arm better.,"Does not identify predictive utility of the tested component, irrespective of the performance gap.",not_reported,C03_main.pdf Table 13; SD convention Table 12,"Official C03 §3, PDF pp.3–4; §5.1/Figure 2, p.6; supplement Tables 12–14 and §9; supplied tabllm.pdf corroborates definitions."
O0225,C03-A,TabLLM,Feature-name semantics/association under List Template,Diabetes,8,Test AUC,matched,primary,adverse,No,Yes,No,Descriptive point-estimate disadvantage for intended arm.,Descriptive intended–wrong content sensitivity; wrong arm better; not a benefit from correctness.,"Does not identify predictive utility of the tested component, irrespective of the performance gap.",not_reported,C03_main.pdf Table 13; SD convention Table 12,"Official C03 §3, PDF pp.3–4; §5.1/Figure 2, p.6; supplement Tables 12–14 and §9; supplied tabllm.pdf corroborates definitions."
O0226,C03-A,TabLLM,Feature-name semantics/association under List Template,Diabetes,16,Test AUC,matched,primary,adverse,No,Yes,No,Descriptive point-estimate disadvantage for intended arm.,Descriptive intended–wrong content sensitivity; wrong arm better; not a benefit from correctness.,"Does not identify predictive utility of the tested component, irrespective of the performance gap.",not_reported,C03_main.pdf Table 13; SD convention Table 12,"Official C03 §3, PDF pp.3–4; §5.1/Figure 2, p.6; supplement Tables 12–14 and §9; supplied tabllm.pdf corroborates definitions."
O0227,C03-A,TabLLM,Feature-name semantics/association under List Template,Diabetes,32,Test AUC,matched,primary,adverse,No,Yes,No,Descriptive point-estimate disadvantage for intended arm.,Descriptive intended–wrong content sensitivity; wrong arm better; not a benefit from correctness.,"Does not identify predictive utility of the tested component, irrespective of the performance gap.",not_reported,C03_main.pdf Table 13; SD convention Table 12,"Official C03 §3, PDF pp.3–4; §5.1/Figure 2, p.6; supplement Tables 12–14 and §9; supplied tabllm.pdf corroborates definitions."
O0228,C03-A,TabLLM,Feature-name semantics/association under List Template,Diabetes,64,Test AUC,matched,primary,favorable,No,Yes,No,Descriptive point-estimate advantage for intended arm.,Descriptive intended–wrong content sensitivity; intended arm better.,"Does not identify predictive utility of the tested component, irrespective of the performance gap.",not_reported,C03_main.pdf Table 13; SD convention Table 12,"Official C03 §3, PDF pp.3–4; §5.1/Figure 2, p.6; supplement Tables 12–14 and §9; supplied tabllm.pdf corroborates definitions."
O0229,C03-A,TabLLM,Feature-name semantics/association under List Template,Diabetes,128,Test AUC,matched,primary,favorable,No,Yes,No,Descriptive point-estimate advantage for intended arm.,Descriptive intended–wrong content sensitivity; intended arm better.,"Does not identify predictive utility of the tested component, irrespective of the performance gap.",not_reported,C03_main.pdf Table 13; SD convention Table 12,"Official C03 §3, PDF pp.3–4; §5.1/Figure 2, p.6; supplement Tables 12–14 and §9; supplied tabllm.pdf corroborates definitions."
O0230,C03-A,TabLLM,Feature-name semantics/association under List Template,Diabetes,256,Test AUC,matched,primary,favorable,No,Yes,No,Descriptive point-estimate advantage for intended arm.,Descriptive intended–wrong content sensitivity; intended arm better.,"Does not identify predictive utility of the tested component, irrespective of the performance gap.",not_reported,C03_main.pdf Table 13; SD convention Table 12,"Official C03 §3, PDF pp.3–4; §5.1/Figure 2, p.6; supplement Tables 12–14 and §9; supplied tabllm.pdf corroborates definitions."
O0231,C03-A,TabLLM,Feature-name semantics/association under List Template,Diabetes,512,Test AUC,matched,primary,favorable,No,Yes,No,Descriptive point-estimate advantage for intended arm.,Descriptive intended–wrong content sensitivity; intended arm better.,"Does not identify predictive utility of the tested component, irrespective of the performance gap.",not_reported,C03_main.pdf Table 13; SD convention Table 12,"Official C03 §3, PDF pp.3–4; §5.1/Figure 2, p.6; supplement Tables 12–14 and §9; supplied tabllm.pdf corroborates definitions."
O0232,C03-A,TabLLM,Feature-name semantics/association under List Template,Diabetes,all,Test AUC,matched,primary,equal_at_printed_precision,No,Yes,No,Equal printed point estimates; no equivalence or zero-effect conclusion.,No nonzero content effect established at printed precision; not equivalence.,"Does not identify predictive utility of the tested component, irrespective of the performance gap.",not_reported,C03_main.pdf Table 13; SD convention Table 12,"Official C03 §3, PDF pp.3–4; §5.1/Figure 2, p.6; supplement Tables 12–14 and §9; supplied tabllm.pdf corroborates definitions."
O0233,C03-B,TabLLM,Feature-name semantics/association under List Template,Diabetes,0,Test AUC,matched,primary,favorable,No,No,No,Descriptive point-estimate advantage for intended arm.,Does not identify intended–wrong content sensitivity for the frozen scope.,"Does not identify predictive utility of the tested component, irrespective of the performance gap.",not_reported,C03_main.pdf Table 13; SD convention Table 12,"Official C03 §3, PDF pp.3–4; §5.1/Figure 2, p.6; supplement Tables 12–14 and §9; supplied tabllm.pdf corroborates definitions."
O0234,C03-B,TabLLM,Feature-name semantics/association under List Template,Diabetes,4,Test AUC,matched,primary,favorable,No,No,No,Descriptive point-estimate advantage for intended arm.,Does not identify intended–wrong content sensitivity for the frozen scope.,"Does not identify predictive utility of the tested component, irrespective of the performance gap.",not_reported,C03_main.pdf Table 13; SD convention Table 12,"Official C03 §3, PDF pp.3–4; §5.1/Figure 2, p.6; supplement Tables 12–14 and §9; supplied tabllm.pdf corroborates definitions."
O0235,C03-B,TabLLM,Feature-name semantics/association under List Template,Diabetes,8,Test AUC,matched,primary,favorable,No,No,No,Descriptive point-estimate advantage for intended arm.,Does not identify intended–wrong content sensitivity for the frozen scope.,"Does not identify predictive utility of the tested component, irrespective of the performance gap.",not_reported,C03_main.pdf Table 13; SD convention Table 12,"Official C03 §3, PDF pp.3–4; §5.1/Figure 2, p.6; supplement Tables 12–14 and §9; supplied tabllm.pdf corroborates definitions."
O0236,C03-B,TabLLM,Feature-name semantics/association under List Template,Diabetes,16,Test AUC,matched,primary,favorable,No,No,No,Descriptive point-estimate advantage for intended arm.,Does not identify intended–wrong content sensitivity for the frozen scope.,"Does not identify predictive utility of the tested component, irrespective of the performance gap.",not_reported,C03_main.pdf Table 13; SD convention Table 12,"Official C03 §3, PDF pp.3–4; §5.1/Figure 2, p.6; supplement Tables 12–14 and §9; supplied tabllm.pdf corroborates definitions."
O0237,C03-B,TabLLM,Feature-name semantics/association under List Template,Diabetes,32,Test AUC,matched,primary,favorable,No,No,No,Descriptive point-estimate advantage for intended arm.,Does not identify intended–wrong content sensitivity for the frozen scope.,"Does not identify predictive utility of the tested component, irrespective of the performance gap.",not_reported,C03_main.pdf Table 13; SD convention Table 12,"Official C03 §3, PDF pp.3–4; §5.1/Figure 2, p.6; supplement Tables 12–14 and §9; supplied tabllm.pdf corroborates definitions."
O0238,C03-B,TabLLM,Feature-name semantics/association under List Template,Diabetes,64,Test AUC,matched,primary,favorable,No,No,No,Descriptive point-estimate advantage for intended arm.,Does not identify intended–wrong content sensitivity for the frozen scope.,"Does not identify predictive utility of the tested component, irrespective of the performance gap.",not_reported,C03_main.pdf Table 13; SD convention Table 12,"Official C03 §3, PDF pp.3–4; §5.1/Figure 2, p.6; supplement Tables 12–14 and §9; supplied tabllm.pdf corroborates definitions."
O0239,C03-B,TabLLM,Feature-name semantics/association under List Template,Diabetes,128,Test AUC,matched,primary,favorable,No,No,No,Descriptive point-estimate advantage for intended arm.,Does not identify intended–wrong content sensitivity for the frozen scope.,"Does not identify predictive utility of the tested component, irrespective of the performance gap.",not_reported,C03_main.pdf Table 13; SD convention Table 12,"Official C03 §3, PDF pp.3–4; §5.1/Figure 2, p.6; supplement Tables 12–14 and §9; supplied tabllm.pdf corroborates definitions."
O0240,C03-B,TabLLM,Feature-name semantics/association under List Template,Diabetes,256,Test AUC,matched,primary,favorable,No,No,No,Descriptive point-estimate advantage for intended arm.,Does not identify intended–wrong content sensitivity for the frozen scope.,"Does not identify predictive utility of the tested component, irrespective of the performance gap.",not_reported,C03_main.pdf Table 13; SD convention Table 12,"Official C03 §3, PDF pp.3–4; §5.1/Figure 2, p.6; supplement Tables 12–14 and §9; supplied tabllm.pdf corroborates definitions."
O0241,C03-B,TabLLM,Feature-name semantics/association under List Template,Diabetes,512,Test AUC,matched,primary,favorable,No,No,No,Descriptive point-estimate advantage for intended arm.,Does not identify intended–wrong content sensitivity for the frozen scope.,"Does not identify predictive utility of the tested component, irrespective of the performance gap.",not_reported,C03_main.pdf Table 13; SD convention Table 12,"Official C03 §3, PDF pp.3–4; §5.1/Figure 2, p.6; supplement Tables 12–14 and §9; supplied tabllm.pdf corroborates definitions."
O0242,C03-B,TabLLM,Feature-name semantics/association under List Template,Diabetes,all,Test AUC,matched,primary,favorable,No,No,No,Descriptive point-estimate advantage for intended arm.,Does not identify intended–wrong content sensitivity for the frozen scope.,"Does not identify predictive utility of the tested component, irrespective of the performance gap.",not_reported,C03_main.pdf Table 13; SD convention Table 12,"Official C03 §3, PDF pp.3–4; §5.1/Figure 2, p.6; supplement Tables 12–14 and §9; supplied tabllm.pdf corroborates definitions."
O0243,C03-C,TabLLM,Meaning assigned to values under the mixed categorical/continuous permutation,Diabetes,0,Test AUC,matched,primary,favorable,No,Partial,No,Descriptive point-estimate advantage for intended arm.,Content sensitivity remains conditional/unresolved under frozen design gates.,"Does not identify predictive utility of the tested component, irrespective of the performance gap.",not_reported,C03_main.pdf Table 13; SD convention Table 12,"Official C03 §3, PDF pp.3–4; §5.1/Figure 2, p.6; supplement Tables 12–14 and §9; supplied tabllm.pdf corroborates definitions."
O0244,C03-C,TabLLM,Meaning assigned to values under the mixed categorical/continuous permutation,Diabetes,4,Test AUC,matched,primary,favorable,No,Partial,No,Descriptive point-estimate advantage for intended arm.,Content sensitivity remains conditional/unresolved under frozen design gates.,"Does not identify predictive utility of the tested component, irrespective of the performance gap.",not_reported,C03_main.pdf Table 13; SD convention Table 12,"Official C03 §3, PDF pp.3–4; §5.1/Figure 2, p.6; supplement Tables 12–14 and §9; supplied tabllm.pdf corroborates definitions."
O0245,C03-C,TabLLM,Meaning assigned to values under the mixed categorical/continuous permutation,Diabetes,8,Test AUC,matched,primary,favorable,No,Partial,No,Descriptive point-estimate advantage for intended arm.,Content sensitivity remains conditional/unresolved under frozen design gates.,"Does not identify predictive utility of the tested component, irrespective of the performance gap.",not_reported,C03_main.pdf Table 13; SD convention Table 12,"Official C03 §3, PDF pp.3–4; §5.1/Figure 2, p.6; supplement Tables 12–14 and §9; supplied tabllm.pdf corroborates definitions."
O0246,C03-C,TabLLM,Meaning assigned to values under the mixed categorical/continuous permutation,Diabetes,16,Test AUC,matched,primary,favorable,No,Partial,No,Descriptive point-estimate advantage for intended arm.,Content sensitivity remains conditional/unresolved under frozen design gates.,"Does not identify predictive utility of the tested component, irrespective of the performance gap.",not_reported,C03_main.pdf Table 13; SD convention Table 12,"Official C03 §3, PDF pp.3–4; §5.1/Figure 2, p.6; supplement Tables 12–14 and §9; supplied tabllm.pdf corroborates definitions."
O0247,C03-C,TabLLM,Meaning assigned to values under the mixed categorical/continuous permutation,Diabetes,32,Test AUC,matched,primary,favorable,No,Partial,No,Descriptive point-estimate advantage for intended arm.,Content sensitivity remains conditional/unresolved under frozen design gates.,"Does not identify predictive utility of the tested component, irrespective of the performance gap.",not_reported,C03_main.pdf Table 13; SD convention Table 12,"Official C03 §3, PDF pp.3–4; §5.1/Figure 2, p.6; supplement Tables 12–14 and §9; supplied tabllm.pdf corroborates definitions."
O0248,C03-C,TabLLM,Meaning assigned to values under the mixed categorical/continuous permutation,Diabetes,64,Test AUC,matched,primary,favorable,No,Partial,No,Descriptive point-estimate advantage for intended arm.,Content sensitivity remains conditional/unresolved under frozen design gates.,"Does not identify predictive utility of the tested component, irrespective of the performance gap.",not_reported,C03_main.pdf Table 13; SD convention Table 12,"Official C03 §3, PDF pp.3–4; §5.1/Figure 2, p.6; supplement Tables 12–14 and §9; supplied tabllm.pdf corroborates definitions."
O0249,C03-C,TabLLM,Meaning assigned to values under the mixed categorical/continuous permutation,Diabetes,128,Test AUC,matched,primary,favorable,No,Partial,No,Descriptive point-estimate advantage for intended arm.,Content sensitivity remains conditional/unresolved under frozen design gates.,"Does not identify predictive utility of the tested component, irrespective of the performance gap.",not_reported,C03_main.pdf Table 13; SD convention Table 12,"Official C03 §3, PDF pp.3–4; §5.1/Figure 2, p.6; supplement Tables 12–14 and §9; supplied tabllm.pdf corroborates definitions."
O0250,C03-C,TabLLM,Meaning assigned to values under the mixed categorical/continuous permutation,Diabetes,256,Test AUC,matched,primary,favorable,No,Partial,No,Descriptive point-estimate advantage for intended arm.,Content sensitivity remains conditional/unresolved under frozen design gates.,"Does not identify predictive utility of the tested component, irrespective of the performance gap.",not_reported,C03_main.pdf Table 13; SD convention Table 12,"Official C03 §3, PDF pp.3–4; §5.1/Figure 2, p.6; supplement Tables 12–14 and §9; supplied tabllm.pdf corroborates definitions."
O0251,C03-C,TabLLM,Meaning assigned to values under the mixed categorical/continuous permutation,Diabetes,512,Test AUC,matched,primary,equal_at_printed_precision,No,Partial,No,Equal printed point estimates; no equivalence or zero-effect conclusion.,Content sensitivity remains conditional/unresolved under frozen design gates.,"Does not identify predictive utility of the tested component, irrespective of the performance gap.",not_reported,C03_main.pdf Table 13; SD convention Table 12,"Official C03 §3, PDF pp.3–4; §5.1/Figure 2, p.6; supplement Tables 12–14 and §9; supplied tabllm.pdf corroborates definitions."
O0252,C03-C,TabLLM,Meaning assigned to values under the mixed categorical/continuous permutation,Diabetes,all,Test AUC,matched,primary,favorable,No,Partial,No,Descriptive point-estimate advantage for intended arm.,Content sensitivity remains conditional/unresolved under frozen design gates.,"Does not identify predictive utility of the tested component, irrespective of the performance gap.",not_reported,C03_main.pdf Table 13; SD convention Table 12,"Official C03 §3, PDF pp.3–4; §5.1/Figure 2, p.6; supplement Tables 12–14 and §9; supplied tabllm.pdf corroborates definitions."
O0253,C03-A,TabLLM,Feature-name semantics/association under List Template,Heart,0,Test AUC,matched,primary,adverse,No,Yes,No,Descriptive point-estimate disadvantage for intended arm.,Descriptive intended–wrong content sensitivity; wrong arm better; not a benefit from correctness.,"Does not identify predictive utility of the tested component, irrespective of the performance gap.",not_reported,C03_main.pdf Table 14; SD convention Table 12,"Official C03 §3, PDF pp.3–4; §5.1/Figure 2, p.6; supplement Tables 12–14 and §9; supplied tabllm.pdf corroborates definitions."
O0254,C03-A,TabLLM,Feature-name semantics/association under List Template,Heart,4,Test AUC,matched,primary,adverse,No,Yes,No,Descriptive point-estimate disadvantage for intended arm.,Descriptive intended–wrong content sensitivity; wrong arm better; not a benefit from correctness.,"Does not identify predictive utility of the tested component, irrespective of the performance gap.",not_reported,C03_main.pdf Table 14; SD convention Table 12,"Official C03 §3, PDF pp.3–4; §5.1/Figure 2, p.6; supplement Tables 12–14 and §9; supplied tabllm.pdf corroborates definitions."
O0255,C03-A,TabLLM,Feature-name semantics/association under List Template,Heart,8,Test AUC,matched,primary,adverse,No,Yes,No,Descriptive point-estimate disadvantage for intended arm.,Descriptive intended–wrong content sensitivity; wrong arm better; not a benefit from correctness.,"Does not identify predictive utility of the tested component, irrespective of the performance gap.",not_reported,C03_main.pdf Table 14; SD convention Table 12,"Official C03 §3, PDF pp.3–4; §5.1/Figure 2, p.6; supplement Tables 12–14 and §9; supplied tabllm.pdf corroborates definitions."
O0256,C03-A,TabLLM,Feature-name semantics/association under List Template,Heart,16,Test AUC,matched,primary,favorable,No,Yes,No,Descriptive point-estimate advantage for intended arm.,Descriptive intended–wrong content sensitivity; intended arm better.,"Does not identify predictive utility of the tested component, irrespective of the performance gap.",not_reported,C03_main.pdf Table 14; SD convention Table 12,"Official C03 §3, PDF pp.3–4; §5.1/Figure 2, p.6; supplement Tables 12–14 and §9; supplied tabllm.pdf corroborates definitions."
O0257,C03-A,TabLLM,Feature-name semantics/association under List Template,Heart,32,Test AUC,matched,primary,favorable,No,Yes,No,Descriptive point-estimate advantage for intended arm.,Descriptive intended–wrong content sensitivity; intended arm better.,"Does not identify predictive utility of the tested component, irrespective of the performance gap.",not_reported,C03_main.pdf Table 14; SD convention Table 12,"Official C03 §3, PDF pp.3–4; §5.1/Figure 2, p.6; supplement Tables 12–14 and §9; supplied tabllm.pdf corroborates definitions."
O0258,C03-A,TabLLM,Feature-name semantics/association under List Template,Heart,64,Test AUC,matched,primary,favorable,No,Yes,No,Descriptive point-estimate advantage for intended arm.,Descriptive intended–wrong content sensitivity; intended arm better.,"Does not identify predictive utility of the tested component, irrespective of the performance gap.",not_reported,C03_main.pdf Table 14; SD convention Table 12,"Official C03 §3, PDF pp.3–4; §5.1/Figure 2, p.6; supplement Tables 12–14 and §9; supplied tabllm.pdf corroborates definitions."
O0259,C03-A,TabLLM,Feature-name semantics/association under List Template,Heart,128,Test AUC,matched,primary,adverse,No,Yes,No,Descriptive point-estimate disadvantage for intended arm.,Descriptive intended–wrong content sensitivity; wrong arm better; not a benefit from correctness.,"Does not identify predictive utility of the tested component, irrespective of the performance gap.",not_reported,C03_main.pdf Table 14; SD convention Table 12,"Official C03 §3, PDF pp.3–4; §5.1/Figure 2, p.6; supplement Tables 12–14 and §9; supplied tabllm.pdf corroborates definitions."
O0260,C03-A,TabLLM,Feature-name semantics/association under List Template,Heart,256,Test AUC,matched,primary,favorable,No,Yes,No,Descriptive point-estimate advantage for intended arm.,Descriptive intended–wrong content sensitivity; intended arm better.,"Does not identify predictive utility of the tested component, irrespective of the performance gap.",not_reported,C03_main.pdf Table 14; SD convention Table 12,"Official C03 §3, PDF pp.3–4; §5.1/Figure 2, p.6; supplement Tables 12–14 and §9; supplied tabllm.pdf corroborates definitions."
O0261,C03-A,TabLLM,Feature-name semantics/association under List Template,Heart,512,Test AUC,matched,primary,favorable,No,Yes,No,Descriptive point-estimate advantage for intended arm.,Descriptive intended–wrong content sensitivity; intended arm better.,"Does not identify predictive utility of the tested component, irrespective of the performance gap.",not_reported,C03_main.pdf Table 14; SD convention Table 12,"Official C03 §3, PDF pp.3–4; §5.1/Figure 2, p.6; supplement Tables 12–14 and §9; supplied tabllm.pdf corroborates definitions."
O0262,C03-A,TabLLM,Feature-name semantics/association under List Template,Heart,all,Test AUC,matched,primary,favorable,No,Yes,No,Descriptive point-estimate advantage for intended arm.,Descriptive intended–wrong content sensitivity; intended arm better.,"Does not identify predictive utility of the tested component, irrespective of the performance gap.",not_reported,C03_main.pdf Table 14; SD convention Table 12,"Official C03 §3, PDF pp.3–4; §5.1/Figure 2, p.6; supplement Tables 12–14 and §9; supplied tabllm.pdf corroborates definitions."
O0263,C03-B,TabLLM,Feature-name semantics/association under List Template,Heart,0,Test AUC,matched,primary,favorable,No,No,No,Descriptive point-estimate advantage for intended arm.,Does not identify intended–wrong content sensitivity for the frozen scope.,"Does not identify predictive utility of the tested component, irrespective of the performance gap.",not_reported,C03_main.pdf Table 14; SD convention Table 12,"Official C03 §3, PDF pp.3–4; §5.1/Figure 2, p.6; supplement Tables 12–14 and §9; supplied tabllm.pdf corroborates definitions."
O0264,C03-B,TabLLM,Feature-name semantics/association under List Template,Heart,4,Test AUC,matched,primary,favorable,No,No,No,Descriptive point-estimate advantage for intended arm.,Does not identify intended–wrong content sensitivity for the frozen scope.,"Does not identify predictive utility of the tested component, irrespective of the performance gap.",not_reported,C03_main.pdf Table 14; SD convention Table 12,"Official C03 §3, PDF pp.3–4; §5.1/Figure 2, p.6; supplement Tables 12–14 and §9; supplied tabllm.pdf corroborates definitions."
O0265,C03-B,TabLLM,Feature-name semantics/association under List Template,Heart,8,Test AUC,matched,primary,equal_at_printed_precision,No,No,No,Equal printed point estimates; no equivalence or zero-effect conclusion.,Does not identify intended–wrong content sensitivity for the frozen scope.,"Does not identify predictive utility of the tested component, irrespective of the performance gap.",not_reported,C03_main.pdf Table 14; SD convention Table 12,"Official C03 §3, PDF pp.3–4; §5.1/Figure 2, p.6; supplement Tables 12–14 and §9; supplied tabllm.pdf corroborates definitions."
O0266,C03-B,TabLLM,Feature-name semantics/association under List Template,Heart,16,Test AUC,matched,primary,favorable,No,No,No,Descriptive point-estimate advantage for intended arm.,Does not identify intended–wrong content sensitivity for the frozen scope.,"Does not identify predictive utility of the tested component, irrespective of the performance gap.",not_reported,C03_main.pdf Table 14; SD convention Table 12,"Official C03 §3, PDF pp.3–4; §5.1/Figure 2, p.6; supplement Tables 12–14 and §9; supplied tabllm.pdf corroborates definitions."
O0267,C03-B,TabLLM,Feature-name semantics/association under List Template,Heart,32,Test AUC,matched,primary,equal_at_printed_precision,No,No,No,Equal printed point estimates; no equivalence or zero-effect conclusion.,Does not identify intended–wrong content sensitivity for the frozen scope.,"Does not identify predictive utility of the tested component, irrespective of the performance gap.",not_reported,C03_main.pdf Table 14; SD convention Table 12,"Official C03 §3, PDF pp.3–4; §5.1/Figure 2, p.6; supplement Tables 12–14 and §9; supplied tabllm.pdf corroborates definitions."
O0268,C03-B,TabLLM,Feature-name semantics/association under List Template,Heart,64,Test AUC,matched,primary,favorable,No,No,No,Descriptive point-estimate advantage for intended arm.,Does not identify intended–wrong content sensitivity for the frozen scope.,"Does not identify predictive utility of the tested component, irrespective of the performance gap.",not_reported,C03_main.pdf Table 14; SD convention Table 12,"Official C03 §3, PDF pp.3–4; §5.1/Figure 2, p.6; supplement Tables 12–14 and §9; supplied tabllm.pdf corroborates definitions."
O0269,C03-B,TabLLM,Feature-name semantics/association under List Template,Heart,128,Test AUC,matched,primary,adverse,No,No,No,Descriptive point-estimate disadvantage for intended arm.,Does not identify intended–wrong content sensitivity for the frozen scope.,"Does not identify predictive utility of the tested component, irrespective of the performance gap.",not_reported,C03_main.pdf Table 14; SD convention Table 12,"Official C03 §3, PDF pp.3–4; §5.1/Figure 2, p.6; supplement Tables 12–14 and §9; supplied tabllm.pdf corroborates definitions."
O0270,C03-B,TabLLM,Feature-name semantics/association under List Template,Heart,256,Test AUC,matched,primary,favorable,No,No,No,Descriptive point-estimate advantage for intended arm.,Does not identify intended–wrong content sensitivity for the frozen scope.,"Does not identify predictive utility of the tested component, irrespective of the performance gap.",not_reported,C03_main.pdf Table 14; SD convention Table 12,"Official C03 §3, PDF pp.3–4; §5.1/Figure 2, p.6; supplement Tables 12–14 and §9; supplied tabllm.pdf corroborates definitions."
O0271,C03-B,TabLLM,Feature-name semantics/association under List Template,Heart,512,Test AUC,matched,primary,favorable,No,No,No,Descriptive point-estimate advantage for intended arm.,Does not identify intended–wrong content sensitivity for the frozen scope.,"Does not identify predictive utility of the tested component, irrespective of the performance gap.",not_reported,C03_main.pdf Table 14; SD convention Table 12,"Official C03 §3, PDF pp.3–4; §5.1/Figure 2, p.6; supplement Tables 12–14 and §9; supplied tabllm.pdf corroborates definitions."
O0272,C03-B,TabLLM,Feature-name semantics/association under List Template,Heart,all,Test AUC,matched,primary,favorable,No,No,No,Descriptive point-estimate advantage for intended arm.,Does not identify intended–wrong content sensitivity for the frozen scope.,"Does not identify predictive utility of the tested component, irrespective of the performance gap.",not_reported,C03_main.pdf Table 14; SD convention Table 12,"Official C03 §3, PDF pp.3–4; §5.1/Figure 2, p.6; supplement Tables 12–14 and §9; supplied tabllm.pdf corroborates definitions."
O0273,C03-C,TabLLM,Meaning assigned to values under the mixed categorical/continuous permutation,Heart,0,Test AUC,matched,primary,favorable,No,Partial,No,Descriptive point-estimate advantage for intended arm.,Content sensitivity remains conditional/unresolved under frozen design gates.,"Does not identify predictive utility of the tested component, irrespective of the performance gap.",not_reported,C03_main.pdf Table 14; SD convention Table 12,"Official C03 §3, PDF pp.3–4; §5.1/Figure 2, p.6; supplement Tables 12–14 and §9; supplied tabllm.pdf corroborates definitions."
O0274,C03-C,TabLLM,Meaning assigned to values under the mixed categorical/continuous permutation,Heart,4,Test AUC,matched,primary,favorable,No,Partial,No,Descriptive point-estimate advantage for intended arm.,Content sensitivity remains conditional/unresolved under frozen design gates.,"Does not identify predictive utility of the tested component, irrespective of the performance gap.",not_reported,C03_main.pdf Table 14; SD convention Table 12,"Official C03 §3, PDF pp.3–4; §5.1/Figure 2, p.6; supplement Tables 12–14 and §9; supplied tabllm.pdf corroborates definitions."
O0275,C03-C,TabLLM,Meaning assigned to values under the mixed categorical/continuous permutation,Heart,8,Test AUC,matched,primary,favorable,No,Partial,No,Descriptive point-estimate advantage for intended arm.,Content sensitivity remains conditional/unresolved under frozen design gates.,"Does not identify predictive utility of the tested component, irrespective of the performance gap.",not_reported,C03_main.pdf Table 14; SD convention Table 12,"Official C03 §3, PDF pp.3–4; §5.1/Figure 2, p.6; supplement Tables 12–14 and §9; supplied tabllm.pdf corroborates definitions."
O0276,C03-C,TabLLM,Meaning assigned to values under the mixed categorical/continuous permutation,Heart,16,Test AUC,matched,primary,favorable,No,Partial,No,Descriptive point-estimate advantage for intended arm.,Content sensitivity remains conditional/unresolved under frozen design gates.,"Does not identify predictive utility of the tested component, irrespective of the performance gap.",not_reported,C03_main.pdf Table 14; SD convention Table 12,"Official C03 §3, PDF pp.3–4; §5.1/Figure 2, p.6; supplement Tables 12–14 and §9; supplied tabllm.pdf corroborates definitions."
O0277,C03-C,TabLLM,Meaning assigned to values under the mixed categorical/continuous permutation,Heart,32,Test AUC,matched,primary,equal_at_printed_precision,No,Partial,No,Equal printed point estimates; no equivalence or zero-effect conclusion.,Content sensitivity remains conditional/unresolved under frozen design gates.,"Does not identify predictive utility of the tested component, irrespective of the performance gap.",not_reported,C03_main.pdf Table 14; SD convention Table 12,"Official C03 §3, PDF pp.3–4; §5.1/Figure 2, p.6; supplement Tables 12–14 and §9; supplied tabllm.pdf corroborates definitions."
O0278,C03-C,TabLLM,Meaning assigned to values under the mixed categorical/continuous permutation,Heart,64,Test AUC,matched,primary,favorable,No,Partial,No,Descriptive point-estimate advantage for intended arm.,Content sensitivity remains conditional/unresolved under frozen design gates.,"Does not identify predictive utility of the tested component, irrespective of the performance gap.",not_reported,C03_main.pdf Table 14; SD convention Table 12,"Official C03 §3, PDF pp.3–4; §5.1/Figure 2, p.6; supplement Tables 12–14 and §9; supplied tabllm.pdf corroborates definitions."
O0279,C03-C,TabLLM,Meaning assigned to values under the mixed categorical/continuous permutation,Heart,128,Test AUC,matched,primary,favorable,No,Partial,No,Descriptive point-estimate advantage for intended arm.,Content sensitivity remains conditional/unresolved under frozen design gates.,"Does not identify predictive utility of the tested component, irrespective of the performance gap.",not_reported,C03_main.pdf Table 14; SD convention Table 12,"Official C03 §3, PDF pp.3–4; §5.1/Figure 2, p.6; supplement Tables 12–14 and §9; supplied tabllm.pdf corroborates definitions."
O0280,C03-C,TabLLM,Meaning assigned to values under the mixed categorical/continuous permutation,Heart,256,Test AUC,matched,primary,favorable,No,Partial,No,Descriptive point-estimate advantage for intended arm.,Content sensitivity remains conditional/unresolved under frozen design gates.,"Does not identify predictive utility of the tested component, irrespective of the performance gap.",not_reported,C03_main.pdf Table 14; SD convention Table 12,"Official C03 §3, PDF pp.3–4; §5.1/Figure 2, p.6; supplement Tables 12–14 and §9; supplied tabllm.pdf corroborates definitions."
O0281,C03-C,TabLLM,Meaning assigned to values under the mixed categorical/continuous permutation,Heart,512,Test AUC,matched,primary,favorable,No,Partial,No,Descriptive point-estimate advantage for intended arm.,Content sensitivity remains conditional/unresolved under frozen design gates.,"Does not identify predictive utility of the tested component, irrespective of the performance gap.",not_reported,C03_main.pdf Table 14; SD convention Table 12,"Official C03 §3, PDF pp.3–4; §5.1/Figure 2, p.6; supplement Tables 12–14 and §9; supplied tabllm.pdf corroborates definitions."
O0282,C03-C,TabLLM,Meaning assigned to values under the mixed categorical/continuous permutation,Heart,all,Test AUC,matched,primary,favorable,No,Partial,No,Descriptive point-estimate advantage for intended arm.,Content sensitivity remains conditional/unresolved under frozen design gates.,"Does not identify predictive utility of the tested component, irrespective of the performance gap.",not_reported,C03_main.pdf Table 14; SD convention Table 12,"Official C03 §3, PDF pp.3–4; §5.1/Figure 2, p.6; supplement Tables 12–14 and §9; supplied tabllm.pdf corroborates definitions."
O0283,C03-A,TabLLM,Feature-name semantics/association under List Template,Income,0,Test AUC,matched,primary,favorable,No,Yes,No,Descriptive point-estimate advantage for intended arm.,Descriptive intended–wrong content sensitivity; intended arm better.,"Does not identify predictive utility of the tested component, irrespective of the performance gap.",not_reported,C03_main.pdf Table 14; SD convention Table 12,"Official C03 §3, PDF pp.3–4; §5.1/Figure 2, p.6; supplement Tables 12–14 and §9; supplied tabllm.pdf corroborates definitions."
O0284,C03-A,TabLLM,Feature-name semantics/association under List Template,Income,4,Test AUC,matched,primary,favorable,No,Yes,No,Descriptive point-estimate advantage for intended arm.,Descriptive intended–wrong content sensitivity; intended arm better.,"Does not identify predictive utility of the tested component, irrespective of the performance gap.",not_reported,C03_main.pdf Table 14; SD convention Table 12,"Official C03 §3, PDF pp.3–4; §5.1/Figure 2, p.6; supplement Tables 12–14 and §9; supplied tabllm.pdf corroborates definitions."
O0285,C03-A,TabLLM,Feature-name semantics/association under List Template,Income,8,Test AUC,matched,primary,favorable,No,Yes,No,Descriptive point-estimate advantage for intended arm.,Descriptive intended–wrong content sensitivity; intended arm better.,"Does not identify predictive utility of the tested component, irrespective of the performance gap.",not_reported,C03_main.pdf Table 14; SD convention Table 12,"Official C03 §3, PDF pp.3–4; §5.1/Figure 2, p.6; supplement Tables 12–14 and §9; supplied tabllm.pdf corroborates definitions."
O0286,C03-A,TabLLM,Feature-name semantics/association under List Template,Income,16,Test AUC,matched,primary,favorable,No,Yes,No,Descriptive point-estimate advantage for intended arm.,Descriptive intended–wrong content sensitivity; intended arm better.,"Does not identify predictive utility of the tested component, irrespective of the performance gap.",not_reported,C03_main.pdf Table 14; SD convention Table 12,"Official C03 §3, PDF pp.3–4; §5.1/Figure 2, p.6; supplement Tables 12–14 and §9; supplied tabllm.pdf corroborates definitions."
O0287,C03-A,TabLLM,Feature-name semantics/association under List Template,Income,32,Test AUC,matched,primary,favorable,No,Yes,No,Descriptive point-estimate advantage for intended arm.,Descriptive intended–wrong content sensitivity; intended arm better.,"Does not identify predictive utility of the tested component, irrespective of the performance gap.",not_reported,C03_main.pdf Table 14; SD convention Table 12,"Official C03 §3, PDF pp.3–4; §5.1/Figure 2, p.6; supplement Tables 12–14 and §9; supplied tabllm.pdf corroborates definitions."
O0288,C03-A,TabLLM,Feature-name semantics/association under List Template,Income,64,Test AUC,matched,primary,favorable,No,Yes,No,Descriptive point-estimate advantage for intended arm.,Descriptive intended–wrong content sensitivity; intended arm better.,"Does not identify predictive utility of the tested component, irrespective of the performance gap.",not_reported,C03_main.pdf Table 14; SD convention Table 12,"Official C03 §3, PDF pp.3–4; §5.1/Figure 2, p.6; supplement Tables 12–14 and §9; supplied tabllm.pdf corroborates definitions."
O0289,C03-A,TabLLM,Feature-name semantics/association under List Template,Income,128,Test AUC,matched,primary,equal_at_printed_precision,No,Yes,No,Equal printed point estimates; no equivalence or zero-effect conclusion.,No nonzero content effect established at printed precision; not equivalence.,"Does not identify predictive utility of the tested component, irrespective of the performance gap.",not_reported,C03_main.pdf Table 14; SD convention Table 12,"Official C03 §3, PDF pp.3–4; §5.1/Figure 2, p.6; supplement Tables 12–14 and §9; supplied tabllm.pdf corroborates definitions."
O0290,C03-A,TabLLM,Feature-name semantics/association under List Template,Income,256,Test AUC,matched,primary,favorable,No,Yes,No,Descriptive point-estimate advantage for intended arm.,Descriptive intended–wrong content sensitivity; intended arm better.,"Does not identify predictive utility of the tested component, irrespective of the performance gap.",not_reported,C03_main.pdf Table 14; SD convention Table 12,"Official C03 §3, PDF pp.3–4; §5.1/Figure 2, p.6; supplement Tables 12–14 and §9; supplied tabllm.pdf corroborates definitions."
O0291,C03-A,TabLLM,Feature-name semantics/association under List Template,Income,512,Test AUC,matched,primary,equal_at_printed_precision,No,Yes,No,Equal printed point estimates; no equivalence or zero-effect conclusion.,No nonzero content effect established at printed precision; not equivalence.,"Does not identify predictive utility of the tested component, irrespective of the performance gap.",not_reported,C03_main.pdf Table 14; SD convention Table 12,"Official C03 §3, PDF pp.3–4; §5.1/Figure 2, p.6; supplement Tables 12–14 and §9; supplied tabllm.pdf corroborates definitions."
O0292,C03-A,TabLLM,Feature-name semantics/association under List Template,Income,all,Test AUC,matched,primary,unavailable,No,Yes,No,Exact direction unavailable; no directional claim assigned.,No directional content-sensitivity conclusion from this row.,No directional utility conclusion from this row.,not_reported,C03_main.pdf Table 14; SD convention Table 12,"Official C03 §3, PDF pp.3–4; §5.1/Figure 2, p.6; supplement Tables 12–14 and §9; supplied tabllm.pdf corroborates definitions."
O0293,C03-B,TabLLM,Feature-name semantics/association under List Template,Income,0,Test AUC,matched,primary,favorable,No,No,No,Descriptive point-estimate advantage for intended arm.,Does not identify intended–wrong content sensitivity for the frozen scope.,"Does not identify predictive utility of the tested component, irrespective of the performance gap.",not_reported,C03_main.pdf Table 14; SD convention Table 12,"Official C03 §3, PDF pp.3–4; §5.1/Figure 2, p.6; supplement Tables 12–14 and §9; supplied tabllm.pdf corroborates definitions."
O0294,C03-B,TabLLM,Feature-name semantics/association under List Template,Income,4,Test AUC,matched,primary,favorable,No,No,No,Descriptive point-estimate advantage for intended arm.,Does not identify intended–wrong content sensitivity for the frozen scope.,"Does not identify predictive utility of the tested component, irrespective of the performance gap.",not_reported,C03_main.pdf Table 14; SD convention Table 12,"Official C03 §3, PDF pp.3–4; §5.1/Figure 2, p.6; supplement Tables 12–14 and §9; supplied tabllm.pdf corroborates definitions."
O0295,C03-B,TabLLM,Feature-name semantics/association under List Template,Income,8,Test AUC,matched,primary,favorable,No,No,No,Descriptive point-estimate advantage for intended arm.,Does not identify intended–wrong content sensitivity for the frozen scope.,"Does not identify predictive utility of the tested component, irrespective of the performance gap.",not_reported,C03_main.pdf Table 14; SD convention Table 12,"Official C03 §3, PDF pp.3–4; §5.1/Figure 2, p.6; supplement Tables 12–14 and §9; supplied tabllm.pdf corroborates definitions."
O0296,C03-B,TabLLM,Feature-name semantics/association under List Template,Income,16,Test AUC,matched,primary,favorable,No,No,No,Descriptive point-estimate advantage for intended arm.,Does not identify intended–wrong content sensitivity for the frozen scope.,"Does not identify predictive utility of the tested component, irrespective of the performance gap.",not_reported,C03_main.pdf Table 14; SD convention Table 12,"Official C03 §3, PDF pp.3–4; §5.1/Figure 2, p.6; supplement Tables 12–14 and §9; supplied tabllm.pdf corroborates definitions."
O0297,C03-B,TabLLM,Feature-name semantics/association under List Template,Income,32,Test AUC,matched,primary,favorable,No,No,No,Descriptive point-estimate advantage for intended arm.,Does not identify intended–wrong content sensitivity for the frozen scope.,"Does not identify predictive utility of the tested component, irrespective of the performance gap.",not_reported,C03_main.pdf Table 14; SD convention Table 12,"Official C03 §3, PDF pp.3–4; §5.1/Figure 2, p.6; supplement Tables 12–14 and §9; supplied tabllm.pdf corroborates definitions."
O0298,C03-B,TabLLM,Feature-name semantics/association under List Template,Income,64,Test AUC,matched,primary,favorable,No,No,No,Descriptive point-estimate advantage for intended arm.,Does not identify intended–wrong content sensitivity for the frozen scope.,"Does not identify predictive utility of the tested component, irrespective of the performance gap.",not_reported,C03_main.pdf Table 14; SD convention Table 12,"Official C03 §3, PDF pp.3–4; §5.1/Figure 2, p.6; supplement Tables 12–14 and §9; supplied tabllm.pdf corroborates definitions."
O0299,C03-B,TabLLM,Feature-name semantics/association under List Template,Income,128,Test AUC,matched,primary,favorable,No,No,No,Descriptive point-estimate advantage for intended arm.,Does not identify intended–wrong content sensitivity for the frozen scope.,"Does not identify predictive utility of the tested component, irrespective of the performance gap.",not_reported,C03_main.pdf Table 14; SD convention Table 12,"Official C03 §3, PDF pp.3–4; §5.1/Figure 2, p.6; supplement Tables 12–14 and §9; supplied tabllm.pdf corroborates definitions."
O0300,C03-B,TabLLM,Feature-name semantics/association under List Template,Income,256,Test AUC,matched,primary,favorable,No,No,No,Descriptive point-estimate advantage for intended arm.,Does not identify intended–wrong content sensitivity for the frozen scope.,"Does not identify predictive utility of the tested component, irrespective of the performance gap.",not_reported,C03_main.pdf Table 14; SD convention Table 12,"Official C03 §3, PDF pp.3–4; §5.1/Figure 2, p.6; supplement Tables 12–14 and §9; supplied tabllm.pdf corroborates definitions."
O0301,C03-B,TabLLM,Feature-name semantics/association under List Template,Income,512,Test AUC,matched,primary,favorable,No,No,No,Descriptive point-estimate advantage for intended arm.,Does not identify intended–wrong content sensitivity for the frozen scope.,"Does not identify predictive utility of the tested component, irrespective of the performance gap.",not_reported,C03_main.pdf Table 14; SD convention Table 12,"Official C03 §3, PDF pp.3–4; §5.1/Figure 2, p.6; supplement Tables 12–14 and §9; supplied tabllm.pdf corroborates definitions."
O0302,C03-B,TabLLM,Feature-name semantics/association under List Template,Income,all,Test AUC,matched,primary,unavailable,No,No,No,Exact direction unavailable; no directional claim assigned.,No directional content-sensitivity conclusion from this row.,No directional utility conclusion from this row.,not_reported,C03_main.pdf Table 14; SD convention Table 12,"Official C03 §3, PDF pp.3–4; §5.1/Figure 2, p.6; supplement Tables 12–14 and §9; supplied tabllm.pdf corroborates definitions."
O0303,C03-C,TabLLM,Meaning assigned to values under the mixed categorical/continuous permutation,Income,0,Test AUC,matched,primary,favorable,No,Partial,No,Descriptive point-estimate advantage for intended arm.,Content sensitivity remains conditional/unresolved under frozen design gates.,"Does not identify predictive utility of the tested component, irrespective of the performance gap.",not_reported,C03_main.pdf Table 14; SD convention Table 12,"Official C03 §3, PDF pp.3–4; §5.1/Figure 2, p.6; supplement Tables 12–14 and §9; supplied tabllm.pdf corroborates definitions."
O0304,C03-C,TabLLM,Meaning assigned to values under the mixed categorical/continuous permutation,Income,4,Test AUC,matched,primary,favorable,No,Partial,No,Descriptive point-estimate advantage for intended arm.,Content sensitivity remains conditional/unresolved under frozen design gates.,"Does not identify predictive utility of the tested component, irrespective of the performance gap.",not_reported,C03_main.pdf Table 14; SD convention Table 12,"Official C03 §3, PDF pp.3–4; §5.1/Figure 2, p.6; supplement Tables 12–14 and §9; supplied tabllm.pdf corroborates definitions."
O0305,C03-C,TabLLM,Meaning assigned to values under the mixed categorical/continuous permutation,Income,8,Test AUC,matched,primary,favorable,No,Partial,No,Descriptive point-estimate advantage for intended arm.,Content sensitivity remains conditional/unresolved under frozen design gates.,"Does not identify predictive utility of the tested component, irrespective of the performance gap.",not_reported,C03_main.pdf Table 14; SD convention Table 12,"Official C03 §3, PDF pp.3–4; §5.1/Figure 2, p.6; supplement Tables 12–14 and §9; supplied tabllm.pdf corroborates definitions."
O0306,C03-C,TabLLM,Meaning assigned to values under the mixed categorical/continuous permutation,Income,16,Test AUC,matched,primary,favorable,No,Partial,No,Descriptive point-estimate advantage for intended arm.,Content sensitivity remains conditional/unresolved under frozen design gates.,"Does not identify predictive utility of the tested component, irrespective of the performance gap.",not_reported,C03_main.pdf Table 14; SD convention Table 12,"Official C03 §3, PDF pp.3–4; §5.1/Figure 2, p.6; supplement Tables 12–14 and §9; supplied tabllm.pdf corroborates definitions."
O0307,C03-C,TabLLM,Meaning assigned to values under the mixed categorical/continuous permutation,Income,32,Test AUC,matched,primary,favorable,No,Partial,No,Descriptive point-estimate advantage for intended arm.,Content sensitivity remains conditional/unresolved under frozen design gates.,"Does not identify predictive utility of the tested component, irrespective of the performance gap.",not_reported,C03_main.pdf Table 14; SD convention Table 12,"Official C03 §3, PDF pp.3–4; §5.1/Figure 2, p.6; supplement Tables 12–14 and §9; supplied tabllm.pdf corroborates definitions."
O0308,C03-C,TabLLM,Meaning assigned to values under the mixed categorical/continuous permutation,Income,64,Test AUC,matched,primary,favorable,No,Partial,No,Descriptive point-estimate advantage for intended arm.,Content sensitivity remains conditional/unresolved under frozen design gates.,"Does not identify predictive utility of the tested component, irrespective of the performance gap.",not_reported,C03_main.pdf Table 14; SD convention Table 12,"Official C03 §3, PDF pp.3–4; §5.1/Figure 2, p.6; supplement Tables 12–14 and §9; supplied tabllm.pdf corroborates definitions."
O0309,C03-C,TabLLM,Meaning assigned to values under the mixed categorical/continuous permutation,Income,128,Test AUC,matched,primary,favorable,No,Partial,No,Descriptive point-estimate advantage for intended arm.,Content sensitivity remains conditional/unresolved under frozen design gates.,"Does not identify predictive utility of the tested component, irrespective of the performance gap.",not_reported,C03_main.pdf Table 14; SD convention Table 12,"Official C03 §3, PDF pp.3–4; §5.1/Figure 2, p.6; supplement Tables 12–14 and §9; supplied tabllm.pdf corroborates definitions."
O0310,C03-C,TabLLM,Meaning assigned to values under the mixed categorical/continuous permutation,Income,256,Test AUC,matched,primary,favorable,No,Partial,No,Descriptive point-estimate advantage for intended arm.,Content sensitivity remains conditional/unresolved under frozen design gates.,"Does not identify predictive utility of the tested component, irrespective of the performance gap.",not_reported,C03_main.pdf Table 14; SD convention Table 12,"Official C03 §3, PDF pp.3–4; §5.1/Figure 2, p.6; supplement Tables 12–14 and §9; supplied tabllm.pdf corroborates definitions."
O0311,C03-C,TabLLM,Meaning assigned to values under the mixed categorical/continuous permutation,Income,512,Test AUC,matched,primary,favorable,No,Partial,No,Descriptive point-estimate advantage for intended arm.,Content sensitivity remains conditional/unresolved under frozen design gates.,"Does not identify predictive utility of the tested component, irrespective of the performance gap.",not_reported,C03_main.pdf Table 14; SD convention Table 12,"Official C03 §3, PDF pp.3–4; §5.1/Figure 2, p.6; supplement Tables 12–14 and §9; supplied tabllm.pdf corroborates definitions."
O0312,C03-C,TabLLM,Meaning assigned to values under the mixed categorical/continuous permutation,Income,all,Test AUC,matched,primary,unavailable,No,Partial,No,Exact direction unavailable; no directional claim assigned.,No directional content-sensitivity conclusion from this row.,No directional utility conclusion from this row.,not_reported,C03_main.pdf Table 14; SD convention Table 12,"Official C03 §3, PDF pp.3–4; §5.1/Figure 2, p.6; supplement Tables 12–14 and §9; supplied tabllm.pdf corroborates definitions."
O0313,C03-A,TabLLM,Feature-name semantics/association under List Template,Jungle,0,Test AUC,matched,primary,favorable,No,Yes,No,Descriptive point-estimate advantage for intended arm.,Descriptive intended–wrong content sensitivity; intended arm better.,"Does not identify predictive utility of the tested component, irrespective of the performance gap.",not_reported,C03_main.pdf Table 14; SD convention Table 12,"Official C03 §3, PDF pp.3–4; §5.1/Figure 2, p.6; supplement Tables 12–14 and §9; supplied tabllm.pdf corroborates definitions."
O0314,C03-A,TabLLM,Feature-name semantics/association under List Template,Jungle,4,Test AUC,matched,primary,favorable,No,Yes,No,Descriptive point-estimate advantage for intended arm.,Descriptive intended–wrong content sensitivity; intended arm better.,"Does not identify predictive utility of the tested component, irrespective of the performance gap.",not_reported,C03_main.pdf Table 14; SD convention Table 12,"Official C03 §3, PDF pp.3–4; §5.1/Figure 2, p.6; supplement Tables 12–14 and §9; supplied tabllm.pdf corroborates definitions."
O0315,C03-A,TabLLM,Feature-name semantics/association under List Template,Jungle,8,Test AUC,matched,primary,favorable,No,Yes,No,Descriptive point-estimate advantage for intended arm.,Descriptive intended–wrong content sensitivity; intended arm better.,"Does not identify predictive utility of the tested component, irrespective of the performance gap.",not_reported,C03_main.pdf Table 14; SD convention Table 12,"Official C03 §3, PDF pp.3–4; §5.1/Figure 2, p.6; supplement Tables 12–14 and §9; supplied tabllm.pdf corroborates definitions."
O0316,C03-A,TabLLM,Feature-name semantics/association under List Template,Jungle,16,Test AUC,matched,primary,favorable,No,Yes,No,Descriptive point-estimate advantage for intended arm.,Descriptive intended–wrong content sensitivity; intended arm better.,"Does not identify predictive utility of the tested component, irrespective of the performance gap.",not_reported,C03_main.pdf Table 14; SD convention Table 12,"Official C03 §3, PDF pp.3–4; §5.1/Figure 2, p.6; supplement Tables 12–14 and §9; supplied tabllm.pdf corroborates definitions."
O0317,C03-A,TabLLM,Feature-name semantics/association under List Template,Jungle,32,Test AUC,matched,primary,adverse,No,Yes,No,Descriptive point-estimate disadvantage for intended arm.,Descriptive intended–wrong content sensitivity; wrong arm better; not a benefit from correctness.,"Does not identify predictive utility of the tested component, irrespective of the performance gap.",not_reported,C03_main.pdf Table 14; SD convention Table 12,"Official C03 §3, PDF pp.3–4; §5.1/Figure 2, p.6; supplement Tables 12–14 and §9; supplied tabllm.pdf corroborates definitions."
O0318,C03-A,TabLLM,Feature-name semantics/association under List Template,Jungle,64,Test AUC,matched,primary,adverse,No,Yes,No,Descriptive point-estimate disadvantage for intended arm.,Descriptive intended–wrong content sensitivity; wrong arm better; not a benefit from correctness.,"Does not identify predictive utility of the tested component, irrespective of the performance gap.",not_reported,C03_main.pdf Table 14; SD convention Table 12,"Official C03 §3, PDF pp.3–4; §5.1/Figure 2, p.6; supplement Tables 12–14 and §9; supplied tabllm.pdf corroborates definitions."
O0319,C03-A,TabLLM,Feature-name semantics/association under List Template,Jungle,128,Test AUC,matched,primary,favorable,No,Yes,No,Descriptive point-estimate advantage for intended arm.,Descriptive intended–wrong content sensitivity; intended arm better.,"Does not identify predictive utility of the tested component, irrespective of the performance gap.",not_reported,C03_main.pdf Table 14; SD convention Table 12,"Official C03 §3, PDF pp.3–4; §5.1/Figure 2, p.6; supplement Tables 12–14 and §9; supplied tabllm.pdf corroborates definitions."
O0320,C03-A,TabLLM,Feature-name semantics/association under List Template,Jungle,256,Test AUC,matched,primary,equal_at_printed_precision,No,Yes,No,Equal printed point estimates; no equivalence or zero-effect conclusion.,No nonzero content effect established at printed precision; not equivalence.,"Does not identify predictive utility of the tested component, irrespective of the performance gap.",not_reported,C03_main.pdf Table 14; SD convention Table 12,"Official C03 §3, PDF pp.3–4; §5.1/Figure 2, p.6; supplement Tables 12–14 and §9; supplied tabllm.pdf corroborates definitions."
O0321,C03-A,TabLLM,Feature-name semantics/association under List Template,Jungle,512,Test AUC,matched,primary,adverse,No,Yes,No,Descriptive point-estimate disadvantage for intended arm.,Descriptive intended–wrong content sensitivity; wrong arm better; not a benefit from correctness.,"Does not identify predictive utility of the tested component, irrespective of the performance gap.",not_reported,C03_main.pdf Table 14; SD convention Table 12,"Official C03 §3, PDF pp.3–4; §5.1/Figure 2, p.6; supplement Tables 12–14 and §9; supplied tabllm.pdf corroborates definitions."
O0322,C03-A,TabLLM,Feature-name semantics/association under List Template,Jungle,all,Test AUC,matched,primary,unavailable,No,Yes,No,Exact direction unavailable; no directional claim assigned.,No directional content-sensitivity conclusion from this row.,No directional utility conclusion from this row.,not_reported,C03_main.pdf Table 14; SD convention Table 12,"Official C03 §3, PDF pp.3–4; §5.1/Figure 2, p.6; supplement Tables 12–14 and §9; supplied tabllm.pdf corroborates definitions."
O0323,C03-B,TabLLM,Feature-name semantics/association under List Template,Jungle,0,Test AUC,matched,primary,favorable,No,No,No,Descriptive point-estimate advantage for intended arm.,Does not identify intended–wrong content sensitivity for the frozen scope.,"Does not identify predictive utility of the tested component, irrespective of the performance gap.",not_reported,C03_main.pdf Table 14; SD convention Table 12,"Official C03 §3, PDF pp.3–4; §5.1/Figure 2, p.6; supplement Tables 12–14 and §9; supplied tabllm.pdf corroborates definitions."
O0324,C03-B,TabLLM,Feature-name semantics/association under List Template,Jungle,4,Test AUC,matched,primary,favorable,No,No,No,Descriptive point-estimate advantage for intended arm.,Does not identify intended–wrong content sensitivity for the frozen scope.,"Does not identify predictive utility of the tested component, irrespective of the performance gap.",not_reported,C03_main.pdf Table 14; SD convention Table 12,"Official C03 §3, PDF pp.3–4; §5.1/Figure 2, p.6; supplement Tables 12–14 and §9; supplied tabllm.pdf corroborates definitions."
O0325,C03-B,TabLLM,Feature-name semantics/association under List Template,Jungle,8,Test AUC,matched,primary,favorable,No,No,No,Descriptive point-estimate advantage for intended arm.,Does not identify intended–wrong content sensitivity for the frozen scope.,"Does not identify predictive utility of the tested component, irrespective of the performance gap.",not_reported,C03_main.pdf Table 14; SD convention Table 12,"Official C03 §3, PDF pp.3–4; §5.1/Figure 2, p.6; supplement Tables 12–14 and §9; supplied tabllm.pdf corroborates definitions."
O0326,C03-B,TabLLM,Feature-name semantics/association under List Template,Jungle,16,Test AUC,matched,primary,favorable,No,No,No,Descriptive point-estimate advantage for intended arm.,Does not identify intended–wrong content sensitivity for the frozen scope.,"Does not identify predictive utility of the tested component, irrespective of the performance gap.",not_reported,C03_main.pdf Table 14; SD convention Table 12,"Official C03 §3, PDF pp.3–4; §5.1/Figure 2, p.6; supplement Tables 12–14 and §9; supplied tabllm.pdf corroborates definitions."
O0327,C03-B,TabLLM,Feature-name semantics/association under List Template,Jungle,32,Test AUC,matched,primary,favorable,No,No,No,Descriptive point-estimate advantage for intended arm.,Does not identify intended–wrong content sensitivity for the frozen scope.,"Does not identify predictive utility of the tested component, irrespective of the performance gap.",not_reported,C03_main.pdf Table 14; SD convention Table 12,"Official C03 §3, PDF pp.3–4; §5.1/Figure 2, p.6; supplement Tables 12–14 and §9; supplied tabllm.pdf corroborates definitions."
O0328,C03-B,TabLLM,Feature-name semantics/association under List Template,Jungle,64,Test AUC,matched,primary,favorable,No,No,No,Descriptive point-estimate advantage for intended arm.,Does not identify intended–wrong content sensitivity for the frozen scope.,"Does not identify predictive utility of the tested component, irrespective of the performance gap.",not_reported,C03_main.pdf Table 14; SD convention Table 12,"Official C03 §3, PDF pp.3–4; §5.1/Figure 2, p.6; supplement Tables 12–14 and §9; supplied tabllm.pdf corroborates definitions."
O0329,C03-B,TabLLM,Feature-name semantics/association under List Template,Jungle,128,Test AUC,matched,primary,favorable,No,No,No,Descriptive point-estimate advantage for intended arm.,Does not identify intended–wrong content sensitivity for the frozen scope.,"Does not identify predictive utility of the tested component, irrespective of the performance gap.",not_reported,C03_main.pdf Table 14; SD convention Table 12,"Official C03 §3, PDF pp.3–4; §5.1/Figure 2, p.6; supplement Tables 12–14 and §9; supplied tabllm.pdf corroborates definitions."
O0330,C03-B,TabLLM,Feature-name semantics/association under List Template,Jungle,256,Test AUC,matched,primary,favorable,No,No,No,Descriptive point-estimate advantage for intended arm.,Does not identify intended–wrong content sensitivity for the frozen scope.,"Does not identify predictive utility of the tested component, irrespective of the performance gap.",not_reported,C03_main.pdf Table 14; SD convention Table 12,"Official C03 §3, PDF pp.3–4; §5.1/Figure 2, p.6; supplement Tables 12–14 and §9; supplied tabllm.pdf corroborates definitions."
O0331,C03-B,TabLLM,Feature-name semantics/association under List Template,Jungle,512,Test AUC,matched,primary,equal_at_printed_precision,No,No,No,Equal printed point estimates; no equivalence or zero-effect conclusion.,Does not identify intended–wrong content sensitivity for the frozen scope.,"Does not identify predictive utility of the tested component, irrespective of the performance gap.",not_reported,C03_main.pdf Table 14; SD convention Table 12,"Official C03 §3, PDF pp.3–4; §5.1/Figure 2, p.6; supplement Tables 12–14 and §9; supplied tabllm.pdf corroborates definitions."
O0332,C03-B,TabLLM,Feature-name semantics/association under List Template,Jungle,all,Test AUC,matched,primary,unavailable,No,No,No,Exact direction unavailable; no directional claim assigned.,No directional content-sensitivity conclusion from this row.,No directional utility conclusion from this row.,not_reported,C03_main.pdf Table 14; SD convention Table 12,"Official C03 §3, PDF pp.3–4; §5.1/Figure 2, p.6; supplement Tables 12–14 and §9; supplied tabllm.pdf corroborates definitions."
O0333,C03-C,TabLLM,Meaning assigned to values under the mixed categorical/continuous permutation,Jungle,0,Test AUC,matched,primary,favorable,No,Partial,No,Descriptive point-estimate advantage for intended arm.,Content sensitivity remains conditional/unresolved under frozen design gates.,"Does not identify predictive utility of the tested component, irrespective of the performance gap.",not_reported,C03_main.pdf Table 14; SD convention Table 12,"Official C03 §3, PDF pp.3–4; §5.1/Figure 2, p.6; supplement Tables 12–14 and §9; supplied tabllm.pdf corroborates definitions."
O0334,C03-C,TabLLM,Meaning assigned to values under the mixed categorical/continuous permutation,Jungle,4,Test AUC,matched,primary,favorable,No,Partial,No,Descriptive point-estimate advantage for intended arm.,Content sensitivity remains conditional/unresolved under frozen design gates.,"Does not identify predictive utility of the tested component, irrespective of the performance gap.",not_reported,C03_main.pdf Table 14; SD convention Table 12,"Official C03 §3, PDF pp.3–4; §5.1/Figure 2, p.6; supplement Tables 12–14 and §9; supplied tabllm.pdf corroborates definitions."
O0335,C03-C,TabLLM,Meaning assigned to values under the mixed categorical/continuous permutation,Jungle,8,Test AUC,matched,primary,favorable,No,Partial,No,Descriptive point-estimate advantage for intended arm.,Content sensitivity remains conditional/unresolved under frozen design gates.,"Does not identify predictive utility of the tested component, irrespective of the performance gap.",not_reported,C03_main.pdf Table 14; SD convention Table 12,"Official C03 §3, PDF pp.3–4; §5.1/Figure 2, p.6; supplement Tables 12–14 and §9; supplied tabllm.pdf corroborates definitions."
O0336,C03-C,TabLLM,Meaning assigned to values under the mixed categorical/continuous permutation,Jungle,16,Test AUC,matched,primary,favorable,No,Partial,No,Descriptive point-estimate advantage for intended arm.,Content sensitivity remains conditional/unresolved under frozen design gates.,"Does not identify predictive utility of the tested component, irrespective of the performance gap.",not_reported,C03_main.pdf Table 14; SD convention Table 12,"Official C03 §3, PDF pp.3–4; §5.1/Figure 2, p.6; supplement Tables 12–14 and §9; supplied tabllm.pdf corroborates definitions."
O0337,C03-C,TabLLM,Meaning assigned to values under the mixed categorical/continuous permutation,Jungle,32,Test AUC,matched,primary,favorable,No,Partial,No,Descriptive point-estimate advantage for intended arm.,Content sensitivity remains conditional/unresolved under frozen design gates.,"Does not identify predictive utility of the tested component, irrespective of the performance gap.",not_reported,C03_main.pdf Table 14; SD convention Table 12,"Official C03 §3, PDF pp.3–4; §5.1/Figure 2, p.6; supplement Tables 12–14 and §9; supplied tabllm.pdf corroborates definitions."
O0338,C03-C,TabLLM,Meaning assigned to values under the mixed categorical/continuous permutation,Jungle,64,Test AUC,matched,primary,favorable,No,Partial,No,Descriptive point-estimate advantage for intended arm.,Content sensitivity remains conditional/unresolved under frozen design gates.,"Does not identify predictive utility of the tested component, irrespective of the performance gap.",not_reported,C03_main.pdf Table 14; SD convention Table 12,"Official C03 §3, PDF pp.3–4; §5.1/Figure 2, p.6; supplement Tables 12–14 and §9; supplied tabllm.pdf corroborates definitions."
O0339,C03-C,TabLLM,Meaning assigned to values under the mixed categorical/continuous permutation,Jungle,128,Test AUC,matched,primary,favorable,No,Partial,No,Descriptive point-estimate advantage for intended arm.,Content sensitivity remains conditional/unresolved under frozen design gates.,"Does not identify predictive utility of the tested component, irrespective of the performance gap.",not_reported,C03_main.pdf Table 14; SD convention Table 12,"Official C03 §3, PDF pp.3–4; §5.1/Figure 2, p.6; supplement Tables 12–14 and §9; supplied tabllm.pdf corroborates definitions."
O0340,C03-C,TabLLM,Meaning assigned to values under the mixed categorical/continuous permutation,Jungle,256,Test AUC,matched,primary,favorable,No,Partial,No,Descriptive point-estimate advantage for intended arm.,Content sensitivity remains conditional/unresolved under frozen design gates.,"Does not identify predictive utility of the tested component, irrespective of the performance gap.",not_reported,C03_main.pdf Table 14; SD convention Table 12,"Official C03 §3, PDF pp.3–4; §5.1/Figure 2, p.6; supplement Tables 12–14 and §9; supplied tabllm.pdf corroborates definitions."
O0341,C03-C,TabLLM,Meaning assigned to values under the mixed categorical/continuous permutation,Jungle,512,Test AUC,matched,primary,favorable,No,Partial,No,Descriptive point-estimate advantage for intended arm.,Content sensitivity remains conditional/unresolved under frozen design gates.,"Does not identify predictive utility of the tested component, irrespective of the performance gap.",not_reported,C03_main.pdf Table 14; SD convention Table 12,"Official C03 §3, PDF pp.3–4; §5.1/Figure 2, p.6; supplement Tables 12–14 and §9; supplied tabllm.pdf corroborates definitions."
O0342,C03-C,TabLLM,Meaning assigned to values under the mixed categorical/continuous permutation,Jungle,all,Test AUC,matched,primary,unavailable,No,Partial,No,Exact direction unavailable; no directional claim assigned.,No directional content-sensitivity conclusion from this row.,No directional utility conclusion from this row.,not_reported,C03_main.pdf Table 14; SD convention Table 12,"Official C03 §3, PDF pp.3–4; §5.1/Figure 2, p.6; supplement Tables 12–14 and §9; supplied tabllm.pdf corroborates definitions."
O0343,C03-A,TabLLM,Feature-name semantics/association under List Template,End of Life (EoL),0,Test AUC,matched,primary,favorable,No,Yes,No,Descriptive point-estimate advantage for intended arm.,Descriptive intended–wrong content sensitivity; intended arm better.,"Does not identify predictive utility of the tested component, irrespective of the performance gap.",not_reported,C03_main.pdf Table 15; §5.3,"Official C03 §3, PDF pp.3–4; §5.1/Figure 2, p.6; supplement Tables 12–14 and §9; supplied tabllm.pdf corroborates definitions."
O0344,C03-A,TabLLM,Feature-name semantics/association under List Template,End of Life (EoL),16,Test AUC,matched,primary,favorable,No,Yes,No,Descriptive point-estimate advantage for intended arm.,Descriptive intended–wrong content sensitivity; intended arm better.,"Does not identify predictive utility of the tested component, irrespective of the performance gap.",not_reported,C03_main.pdf Table 15; §5.3,"Official C03 §3, PDF pp.3–4; §5.1/Figure 2, p.6; supplement Tables 12–14 and §9; supplied tabllm.pdf corroborates definitions."
O0345,C03-A,TabLLM,Feature-name semantics/association under List Template,End of Life (EoL),64,Test AUC,matched,primary,favorable,No,Yes,No,Descriptive point-estimate advantage for intended arm.,Descriptive intended–wrong content sensitivity; intended arm better.,"Does not identify predictive utility of the tested component, irrespective of the performance gap.",not_reported,C03_main.pdf Table 15; §5.3,"Official C03 §3, PDF pp.3–4; §5.1/Figure 2, p.6; supplement Tables 12–14 and §9; supplied tabllm.pdf corroborates definitions."
O0346,C03-A,TabLLM,Feature-name semantics/association under List Template,End of Life (EoL),256,Test AUC,matched,primary,favorable,No,Yes,No,Descriptive point-estimate advantage for intended arm.,Descriptive intended–wrong content sensitivity; intended arm better.,"Does not identify predictive utility of the tested component, irrespective of the performance gap.",not_reported,C03_main.pdf Table 15; §5.3,"Official C03 §3, PDF pp.3–4; §5.1/Figure 2, p.6; supplement Tables 12–14 and §9; supplied tabllm.pdf corroborates definitions."
O0347,C03-A,TabLLM,Feature-name semantics/association under List Template,End of Life (EoL),1024,Test AUC,matched,primary,favorable,No,Yes,No,Descriptive point-estimate advantage for intended arm.,Descriptive intended–wrong content sensitivity; intended arm better.,"Does not identify predictive utility of the tested component, irrespective of the performance gap.",not_reported,C03_main.pdf Table 15; §5.3,"Official C03 §3, PDF pp.3–4; §5.1/Figure 2, p.6; supplement Tables 12–14 and §9; supplied tabllm.pdf corroborates definitions."
O0348,C03-A,TabLLM,Feature-name semantics/association under List Template,End of Life (EoL),4096,Test AUC,matched,primary,favorable,No,Yes,No,Descriptive point-estimate advantage for intended arm.,Descriptive intended–wrong content sensitivity; intended arm better.,"Does not identify predictive utility of the tested component, irrespective of the performance gap.",not_reported,C03_main.pdf Table 15; §5.3,"Official C03 §3, PDF pp.3–4; §5.1/Figure 2, p.6; supplement Tables 12–14 and §9; supplied tabllm.pdf corroborates definitions."
O0349,C03-A,TabLLM,Feature-name semantics/association under List Template,End of Life (EoL),16384,Test AUC,matched,primary,favorable,No,Yes,No,Descriptive point-estimate advantage for intended arm.,Descriptive intended–wrong content sensitivity; intended arm better.,"Does not identify predictive utility of the tested component, irrespective of the performance gap.",not_reported,C03_main.pdf Table 15; §5.3,"Official C03 §3, PDF pp.3–4; §5.1/Figure 2, p.6; supplement Tables 12–14 and §9; supplied tabllm.pdf corroborates definitions."
O0350,C03-A,TabLLM,Feature-name semantics/association under List Template,End of Life (EoL),all,Test AUC,matched,primary,unavailable,No,Yes,No,Exact direction unavailable; no directional claim assigned.,No directional content-sensitivity conclusion from this row.,No directional utility conclusion from this row.,not_reported,C03_main.pdf Table 15; §5.3,"Official C03 §3, PDF pp.3–4; §5.1/Figure 2, p.6; supplement Tables 12–14 and §9; supplied tabllm.pdf corroborates definitions."
O0351,C03-A,TabLLM,Feature-name semantics/association under List Template,Surgical Procedure (Surgery),0,Test AUC,matched,primary,favorable,No,Yes,No,Descriptive point-estimate advantage for intended arm.,Descriptive intended–wrong content sensitivity; intended arm better.,"Does not identify predictive utility of the tested component, irrespective of the performance gap.",not_reported,C03_main.pdf Table 15; §5.3,"Official C03 §3, PDF pp.3–4; §5.1/Figure 2, p.6; supplement Tables 12–14 and §9; supplied tabllm.pdf corroborates definitions."
O0352,C03-A,TabLLM,Feature-name semantics/association under List Template,Surgical Procedure (Surgery),16,Test AUC,matched,primary,favorable,No,Yes,No,Descriptive point-estimate advantage for intended arm.,Descriptive intended–wrong content sensitivity; intended arm better.,"Does not identify predictive utility of the tested component, irrespective of the performance gap.",not_reported,C03_main.pdf Table 15; §5.3,"Official C03 §3, PDF pp.3–4; §5.1/Figure 2, p.6; supplement Tables 12–14 and §9; supplied tabllm.pdf corroborates definitions."
O0353,C03-A,TabLLM,Feature-name semantics/association under List Template,Surgical Procedure (Surgery),64,Test AUC,matched,primary,favorable,No,Yes,No,Descriptive point-estimate advantage for intended arm.,Descriptive intended–wrong content sensitivity; intended arm better.,"Does not identify predictive utility of the tested component, irrespective of the performance gap.",not_reported,C03_main.pdf Table 15; §5.3,"Official C03 §3, PDF pp.3–4; §5.1/Figure 2, p.6; supplement Tables 12–14 and §9; supplied tabllm.pdf corroborates definitions."
O0354,C03-A,TabLLM,Feature-name semantics/association under List Template,Surgical Procedure (Surgery),256,Test AUC,matched,primary,favorable,No,Yes,No,Descriptive point-estimate advantage for intended arm.,Descriptive intended–wrong content sensitivity; intended arm better.,"Does not identify predictive utility of the tested component, irrespective of the performance gap.",not_reported,C03_main.pdf Table 15; §5.3,"Official C03 §3, PDF pp.3–4; §5.1/Figure 2, p.6; supplement Tables 12–14 and §9; supplied tabllm.pdf corroborates definitions."
O0355,C03-A,TabLLM,Feature-name semantics/association under List Template,Surgical Procedure (Surgery),1024,Test AUC,matched,primary,favorable,No,Yes,No,Descriptive point-estimate advantage for intended arm.,Descriptive intended–wrong content sensitivity; intended arm better.,"Does not identify predictive utility of the tested component, irrespective of the performance gap.",not_reported,C03_main.pdf Table 15; §5.3,"Official C03 §3, PDF pp.3–4; §5.1/Figure 2, p.6; supplement Tables 12–14 and §9; supplied tabllm.pdf corroborates definitions."
O0356,C03-A,TabLLM,Feature-name semantics/association under List Template,Surgical Procedure (Surgery),4096,Test AUC,matched,primary,favorable,No,Yes,No,Descriptive point-estimate advantage for intended arm.,Descriptive intended–wrong content sensitivity; intended arm better.,"Does not identify predictive utility of the tested component, irrespective of the performance gap.",not_reported,C03_main.pdf Table 15; §5.3,"Official C03 §3, PDF pp.3–4; §5.1/Figure 2, p.6; supplement Tables 12–14 and §9; supplied tabllm.pdf corroborates definitions."
O0357,C03-A,TabLLM,Feature-name semantics/association under List Template,Surgical Procedure (Surgery),16384,Test AUC,matched,primary,unavailable,No,Yes,No,Exact direction unavailable; no directional claim assigned.,No directional content-sensitivity conclusion from this row.,No directional utility conclusion from this row.,not_reported,C03_main.pdf Table 15; §5.3,"Official C03 §3, PDF pp.3–4; §5.1/Figure 2, p.6; supplement Tables 12–14 and §9; supplied tabllm.pdf corroborates definitions."
O0358,C03-A,TabLLM,Feature-name semantics/association under List Template,Surgical Procedure (Surgery),all,Test AUC,matched,primary,unavailable,No,Yes,No,Exact direction unavailable; no directional claim assigned.,No directional content-sensitivity conclusion from this row.,No directional utility conclusion from this row.,not_reported,C03_main.pdf Table 15; §5.3,"Official C03 §3, PDF pp.3–4; §5.1/Figure 2, p.6; supplement Tables 12–14 and §9; supplied tabllm.pdf corroborates definitions."
O0359,C03-A,TabLLM,Feature-name semantics/association under List Template,Likelihood of Hospitalization (LoH),0,Test AUC,matched,primary,favorable,No,Yes,No,Descriptive point-estimate advantage for intended arm.,Descriptive intended–wrong content sensitivity; intended arm better.,"Does not identify predictive utility of the tested component, irrespective of the performance gap.",not_reported,C03_main.pdf Table 15; §5.3,"Official C03 §3, PDF pp.3–4; §5.1/Figure 2, p.6; supplement Tables 12–14 and §9; supplied tabllm.pdf corroborates definitions."
O0360,C03-A,TabLLM,Feature-name semantics/association under List Template,Likelihood of Hospitalization (LoH),16,Test AUC,matched,primary,favorable,No,Yes,No,Descriptive point-estimate advantage for intended arm.,Descriptive intended–wrong content sensitivity; intended arm better.,"Does not identify predictive utility of the tested component, irrespective of the performance gap.",not_reported,C03_main.pdf Table 15; §5.3,"Official C03 §3, PDF pp.3–4; §5.1/Figure 2, p.6; supplement Tables 12–14 and §9; supplied tabllm.pdf corroborates definitions."
O0361,C03-A,TabLLM,Feature-name semantics/association under List Template,Likelihood of Hospitalization (LoH),64,Test AUC,matched,primary,favorable,No,Yes,No,Descriptive point-estimate advantage for intended arm.,Descriptive intended–wrong content sensitivity; intended arm better.,"Does not identify predictive utility of the tested component, irrespective of the performance gap.",not_reported,C03_main.pdf Table 15; §5.3,"Official C03 §3, PDF pp.3–4; §5.1/Figure 2, p.6; supplement Tables 12–14 and §9; supplied tabllm.pdf corroborates definitions."
O0362,C03-A,TabLLM,Feature-name semantics/association under List Template,Likelihood of Hospitalization (LoH),256,Test AUC,matched,primary,favorable,No,Yes,No,Descriptive point-estimate advantage for intended arm.,Descriptive intended–wrong content sensitivity; intended arm better.,"Does not identify predictive utility of the tested component, irrespective of the performance gap.",not_reported,C03_main.pdf Table 15; §5.3,"Official C03 §3, PDF pp.3–4; §5.1/Figure 2, p.6; supplement Tables 12–14 and §9; supplied tabllm.pdf corroborates definitions."
O0363,C03-A,TabLLM,Feature-name semantics/association under List Template,Likelihood of Hospitalization (LoH),1024,Test AUC,matched,primary,favorable,No,Yes,No,Descriptive point-estimate advantage for intended arm.,Descriptive intended–wrong content sensitivity; intended arm better.,"Does not identify predictive utility of the tested component, irrespective of the performance gap.",not_reported,C03_main.pdf Table 15; §5.3,"Official C03 §3, PDF pp.3–4; §5.1/Figure 2, p.6; supplement Tables 12–14 and §9; supplied tabllm.pdf corroborates definitions."
O0364,C03-A,TabLLM,Feature-name semantics/association under List Template,Likelihood of Hospitalization (LoH),4096,Test AUC,matched,primary,favorable,No,Yes,No,Descriptive point-estimate advantage for intended arm.,Descriptive intended–wrong content sensitivity; intended arm better.,"Does not identify predictive utility of the tested component, irrespective of the performance gap.",not_reported,C03_main.pdf Table 15; §5.3,"Official C03 §3, PDF pp.3–4; §5.1/Figure 2, p.6; supplement Tables 12–14 and §9; supplied tabllm.pdf corroborates definitions."
O0365,C03-A,TabLLM,Feature-name semantics/association under List Template,Likelihood of Hospitalization (LoH),16384,Test AUC,matched,primary,favorable,No,Yes,No,Descriptive point-estimate advantage for intended arm.,Descriptive intended–wrong content sensitivity; intended arm better.,"Does not identify predictive utility of the tested component, irrespective of the performance gap.",not_reported,C03_main.pdf Table 15; §5.3,"Official C03 §3, PDF pp.3–4; §5.1/Figure 2, p.6; supplement Tables 12–14 and §9; supplied tabllm.pdf corroborates definitions."
O0366,C03-A,TabLLM,Feature-name semantics/association under List Template,Likelihood of Hospitalization (LoH),all,Test AUC,matched,primary,unavailable,No,Yes,No,Exact direction unavailable; no directional claim assigned.,No directional content-sensitivity conclusion from this row.,No directional utility conclusion from this row.,not_reported,C03_main.pdf Table 15; §5.3,"Official C03 §3, PDF pp.3–4; §5.1/Figure 2, p.6; supplement Tables 12–14 and §9; supplied tabllm.pdf corroborates definitions."
O0367,C03-A,TabLLM,Feature-name semantics/association under List Template,9 public datasets (aggregate),"0,4,8,16,32,64,128,256,512",Average AUC,matched,aggregate_repeat,unavailable,No,Yes,No,Exact direction unavailable; no directional claim assigned.,No directional content-sensitivity conclusion from this row.,No directional utility conclusion from this row.,not_reported,"C03_main.pdf Figure 2, p.6","Official C03 §3, PDF pp.3–4; §5.1/Figure 2, p.6; supplement Tables 12–14 and §9; supplied tabllm.pdf corroborates definitions."
O0368,C03-B,TabLLM,Feature-name semantics/association under List Template,9 public datasets (aggregate),"0,4,8,16,32,64,128,256,512",Average AUC,matched,aggregate_repeat,unavailable,No,No,No,Exact direction unavailable; no directional claim assigned.,No directional content-sensitivity conclusion from this row.,No directional utility conclusion from this row.,not_reported,"C03_main.pdf Figure 2, p.6","Official C03 §3, PDF pp.3–4; §5.1/Figure 2, p.6; supplement Tables 12–14 and §9; supplied tabllm.pdf corroborates definitions."
O0369,C03-C,TabLLM,Meaning assigned to values under the mixed categorical/continuous permutation,9 public datasets (aggregate),"0,4,8,16,32,64,128,256,512",Average AUC,matched,aggregate_repeat,unavailable,No,Partial,No,Exact direction unavailable; no directional claim assigned.,No directional content-sensitivity conclusion from this row.,No directional utility conclusion from this row.,not_reported,"C03_main.pdf Figure 2, p.6","Official C03 §3, PDF pp.3–4; §5.1/Figure 2, p.6; supplement Tables 12–14 and §9; supplied tabllm.pdf corroborates definitions."
O0370,C04-A,PLATO,Broader-domain KG information beyond feature nodes,BRCA,60/20/20 split; 3 splits × 3 runs,PearsonR,matched,primary,favorable,Unclear,No,Partial,Descriptive point-estimate advantage for intended arm.,Does not identify intended–wrong content sensitivity for the frozen scope.,Predictive utility unresolved under frozen gates; observed comparison is conditional on unresolved design requirements.,not_reported,"C04_main.pdf §4.1; Table 3, p.7","Official C04 (Ruiz et al., not supplied plato.pdf): §3.1–3.2, Table 3 p.7, §4.1 p.9."
O0371,C04-B,PLATO,Complete auxiliary KG use conditional on the KG-enabled predictive setup,BRCA,60/20/20 split; 3 splits × 3 runs,PearsonR,matched,primary,favorable,No,No,No,Descriptive point-estimate advantage for intended arm.,Does not identify intended–wrong content sensitivity for the frozen scope.,"Does not identify predictive utility of the tested component, irrespective of the performance gap.",not_reported,"C04_main.pdf §4.1; Table 3, p.7","Official C04 (Ruiz et al., not supplied plato.pdf): §3.1–3.2, Table 3 p.7, §4.1 p.9."
O0372,C04-B,PLATO,Complete auxiliary KG use conditional on the KG-enabled predictive setup,BRCA,60/20/20 split; 3 splits × 3 runs,PearsonR,matched,duplicate,favorable,No,No,No,Descriptive point-estimate advantage for intended arm.,Does not identify intended–wrong content sensitivity for the frozen scope.,"Does not identify predictive utility of the tested component, irrespective of the performance gap.",not_reported,"C04_main.pdf Table 2, p.7","Official C04 (Ruiz et al., not supplied plato.pdf): §3.1–3.2, Table 3 p.7, §4.1 p.9."
O0373,C04-C,PLATO,Complete supplied KG relational information (not just the deleted subset),BRCA,60/20/20 split; 3 splits × 3 runs,PearsonR,matched,primary,favorable,No,No,No,Descriptive point-estimate advantage for intended arm.,Does not identify intended–wrong content sensitivity for the frozen scope.,"Does not identify predictive utility of the tested component, irrespective of the performance gap.",not_reported,"C04_main.pdf §4.1; Table 4, p.8","Official C04 §4.1 p.9, Table 4."
O0374,C05-A,CARTE,"Language-semantic string initialization, conditional on the remaining CARTE setup",Regression benchmark aggregate,"32,64,128,256,512,1024",Normalized score,matched,primary,unavailable,No,No,No,Exact direction unavailable; no directional claim assigned.,No directional content-sensitivity conclusion from this row.,No directional utility conclusion from this row.,not_reported,"C05_main.pdf Appendix C.3 Figure 10(a/b), p.21","Official C05 §3 and Appendix C.3/Figure 10, PDF p.21; supplied carte.pdf corroborates component labels. Figure arms expanded against CARTE baseline; no separate pairwise test is implied."
O0375,C05-A,CARTE,"Language-semantic string initialization, conditional on the remaining CARTE setup",Classification benchmark aggregate,"32,64,128,256,512,1024",Normalized score,matched,primary,unavailable,No,No,No,Exact direction unavailable; no directional claim assigned.,No directional content-sensitivity conclusion from this row.,No directional utility conclusion from this row.,not_reported,"C05_main.pdf Appendix C.3 Figure 10(a/b), p.21","Official C05 §3 and Appendix C.3/Figure 10, PDF p.21; supplied carte.pdf corroborates component labels. Figure arms expanded against CARTE baseline; no separate pairwise test is implied."
O0376,C05-A,CARTE,"Language-semantic string initialization, conditional on the remaining CARTE setup",Regression and classification aggregates,Figure 10 full regime,Normalized score,matched,qualitative,author_reported_favorable,No,No,No,Author-reported advantage for intended arm.,Does not identify intended–wrong content sensitivity for the frozen scope.,"Does not identify predictive utility of the tested component, irrespective of the performance gap.",not_reported,"C05_main.pdf Appendix C.3 and Figure 10 caption, p.21","Official C05 §3 and Appendix C.3/Figure 10, PDF p.21; supplied carte.pdf corroborates component labels. Figure arms expanded against CARTE baseline; no separate pairwise test is implied."
O0377,C05-B,CARTE,"Column semantics carried by edge information, including any retained column-conditioned routes",Regression benchmark aggregate,"32,64,128,256,512,1024",Normalized score,matched,primary,unavailable,Unclear,No,Partial,Exact direction unavailable; no directional claim assigned.,No directional content-sensitivity conclusion from this row.,No directional utility conclusion from this row.,not_reported,"C05_main.pdf Appendix C.3 Figure 10(a/b), p.21","Official C05 §3 and Appendix C.3/Figure 10, PDF p.21; supplied carte.pdf corroborates component labels. Figure arms expanded against CARTE baseline; no separate pairwise test is implied."
O0378,C05-B,CARTE,"Column semantics carried by edge information, including any retained column-conditioned routes",Classification benchmark aggregate,"32,64,128,256,512,1024",Normalized score,matched,primary,unavailable,Unclear,No,Partial,Exact direction unavailable; no directional claim assigned.,No directional content-sensitivity conclusion from this row.,No directional utility conclusion from this row.,not_reported,"C05_main.pdf Appendix C.3 Figure 10(a/b), p.21","Official C05 §3 and Appendix C.3/Figure 10, PDF p.21; supplied carte.pdf corroborates component labels. Figure arms expanded against CARTE baseline; no separate pairwise test is implied."
O0379,C05-B,CARTE,"Column semantics carried by edge information, including any retained column-conditioned routes",Regression and classification aggregates,Figure 10 full regime,Normalized score,matched,qualitative,author_reported_favorable,Unclear,No,Partial,Author-reported advantage for intended arm.,Does not identify intended–wrong content sensitivity for the frozen scope.,Predictive utility unresolved under frozen gates; observed comparison is conditional on unresolved design requirements.,Caption uses significant decrease for edge/attention exclusion; no numerical pair-specific test,"C05_main.pdf Appendix C.3 and Figure 10 caption, p.21","Official C05 §3 and Appendix C.3/Figure 10, PDF p.21; supplied carte.pdf corroborates component labels. Figure arms expanded against CARTE baseline; no separate pairwise test is implied."
O0380,C05-C,CARTE,"Column semantics carried by edge information, including any retained column-conditioned routes",Regression benchmark aggregate,"32,64,128,256,512,1024",Normalized score,matched,primary,unavailable,No,No,No,Exact direction unavailable; no directional claim assigned.,No directional content-sensitivity conclusion from this row.,No directional utility conclusion from this row.,not_reported,"C05_main.pdf Appendix C.3 Figure 10(a/b), p.21","Official C05 §3 and Appendix C.3/Figure 10, PDF p.21; supplied carte.pdf corroborates component labels. Figure arms expanded against CARTE baseline; no separate pairwise test is implied."
O0381,C05-C,CARTE,"Column semantics carried by edge information, including any retained column-conditioned routes",Classification benchmark aggregate,"32,64,128,256,512,1024",Normalized score,matched,primary,unavailable,No,No,No,Exact direction unavailable; no directional claim assigned.,No directional content-sensitivity conclusion from this row.,No directional utility conclusion from this row.,not_reported,"C05_main.pdf Appendix C.3 Figure 10(a/b), p.21","Official C05 §3 and Appendix C.3/Figure 10, PDF p.21; supplied carte.pdf corroborates component labels. Figure arms expanded against CARTE baseline; no separate pairwise test is implied."
O0382,C05-C,CARTE,"Column semantics carried by edge information, including any retained column-conditioned routes",Regression and classification aggregates,Figure 10 full regime,Normalized score,matched,qualitative,author_reported_favorable,No,No,No,Author-reported advantage for intended arm.,Does not identify intended–wrong content sensitivity for the frozen scope.,"Does not identify predictive utility of the tested component, irrespective of the performance gap.",Caption uses significant decrease for edge/attention exclusion; no numerical pair-specific test,"C05_main.pdf Appendix C.3 and Figure 10 caption, p.21","Official C05 §3 and Appendix C.3/Figure 10, PDF p.21; supplied carte.pdf corroborates component labels. Figure arms expanded against CARTE baseline; no separate pairwise test is implied."
O0383,C06-A,FeatLLM,"Entire supplied feature-description block, including types, definitions and category information",Adult,4,AUC (printed percentage scale),matched,primary,favorable,Unclear,No,Partial,Descriptive point-estimate advantage for intended arm.,Does not identify intended–wrong content sensitivity for the frozen scope.,Predictive utility unresolved under frozen gates; observed comparison is conditional on unresolved design requirements.,not_reported,"C06_main.pdf Appendix K.2 Table 18, p.26; SD: §4.1","Official C06 §3.1/Figure 2 pp.3–4, §4.2/Table 4 pp.7–8, Appendix A.2 and K.2/Table 18; supplied featllm.pdf corroborates prompt components."
O0384,C06-A,FeatLLM,"Entire supplied feature-description block, including types, definitions and category information",Adult,8,AUC (printed percentage scale),matched,primary,favorable,Unclear,No,Partial,Descriptive point-estimate advantage for intended arm.,Does not identify intended–wrong content sensitivity for the frozen scope.,Predictive utility unresolved under frozen gates; observed comparison is conditional on unresolved design requirements.,not_reported,"C06_main.pdf Appendix K.2 Table 18, p.26; SD: §4.1","Official C06 §3.1/Figure 2 pp.3–4, §4.2/Table 4 pp.7–8, Appendix A.2 and K.2/Table 18; supplied featllm.pdf corroborates prompt components."
O0385,C06-A,FeatLLM,"Entire supplied feature-description block, including types, definitions and category information",Adult,16,AUC (printed percentage scale),matched,primary,adverse,Unclear,No,Partial,Descriptive point-estimate disadvantage for intended arm.,Does not identify intended–wrong content sensitivity for the frozen scope.,Predictive utility unresolved under frozen gates; observed comparison is conditional on unresolved design requirements.,not_reported,"C06_main.pdf Appendix K.2 Table 18, p.26; SD: §4.1","Official C06 §3.1/Figure 2 pp.3–4, §4.2/Table 4 pp.7–8, Appendix A.2 and K.2/Table 18; supplied featllm.pdf corroborates prompt components."
O0386,C06-A,FeatLLM,"Entire supplied feature-description block, including types, definitions and category information",Adult,32,AUC (printed percentage scale),matched,primary,adverse,Unclear,No,Partial,Descriptive point-estimate disadvantage for intended arm.,Does not identify intended–wrong content sensitivity for the frozen scope.,Predictive utility unresolved under frozen gates; observed comparison is conditional on unresolved design requirements.,not_reported,"C06_main.pdf Appendix K.2 Table 18, p.26; SD: §4.1","Official C06 §3.1/Figure 2 pp.3–4, §4.2/Table 4 pp.7–8, Appendix A.2 and K.2/Table 18; supplied featllm.pdf corroborates prompt components."
O0387,C06-A,FeatLLM,"Entire supplied feature-description block, including types, definitions and category information",Adult,64,AUC (printed percentage scale),matched,primary,favorable,Unclear,No,Partial,Descriptive point-estimate advantage for intended arm.,Does not identify intended–wrong content sensitivity for the frozen scope.,Predictive utility unresolved under frozen gates; observed comparison is conditional on unresolved design requirements.,not_reported,"C06_main.pdf Appendix K.2 Table 18, p.26; SD: §4.1","Official C06 §3.1/Figure 2 pp.3–4, §4.2/Table 4 pp.7–8, Appendix A.2 and K.2/Table 18; supplied featllm.pdf corroborates prompt components."
O0388,C06-A,FeatLLM,"Entire supplied feature-description block, including types, definitions and category information",Bank,4,AUC (printed percentage scale),matched,primary,favorable,Unclear,No,Partial,Descriptive point-estimate advantage for intended arm.,Does not identify intended–wrong content sensitivity for the frozen scope.,Predictive utility unresolved under frozen gates; observed comparison is conditional on unresolved design requirements.,not_reported,"C06_main.pdf Appendix K.2 Table 18, p.26; SD: §4.1","Official C06 §3.1/Figure 2 pp.3–4, §4.2/Table 4 pp.7–8, Appendix A.2 and K.2/Table 18; supplied featllm.pdf corroborates prompt components."
O0389,C06-A,FeatLLM,"Entire supplied feature-description block, including types, definitions and category information",Bank,8,AUC (printed percentage scale),matched,primary,favorable,Unclear,No,Partial,Descriptive point-estimate advantage for intended arm.,Does not identify intended–wrong content sensitivity for the frozen scope.,Predictive utility unresolved under frozen gates; observed comparison is conditional on unresolved design requirements.,not_reported,"C06_main.pdf Appendix K.2 Table 18, p.26; SD: §4.1","Official C06 §3.1/Figure 2 pp.3–4, §4.2/Table 4 pp.7–8, Appendix A.2 and K.2/Table 18; supplied featllm.pdf corroborates prompt components."
O0390,C06-A,FeatLLM,"Entire supplied feature-description block, including types, definitions and category information",Bank,16,AUC (printed percentage scale),matched,primary,favorable,Unclear,No,Partial,Descriptive point-estimate advantage for intended arm.,Does not identify intended–wrong content sensitivity for the frozen scope.,Predictive utility unresolved under frozen gates; observed comparison is conditional on unresolved design requirements.,not_reported,"C06_main.pdf Appendix K.2 Table 18, p.26; SD: §4.1","Official C06 §3.1/Figure 2 pp.3–4, §4.2/Table 4 pp.7–8, Appendix A.2 and K.2/Table 18; supplied featllm.pdf corroborates prompt components."
O0391,C06-A,FeatLLM,"Entire supplied feature-description block, including types, definitions and category information",Bank,32,AUC (printed percentage scale),matched,primary,adverse,Unclear,No,Partial,Descriptive point-estimate disadvantage for intended arm.,Does not identify intended–wrong content sensitivity for the frozen scope.,Predictive utility unresolved under frozen gates; observed comparison is conditional on unresolved design requirements.,not_reported,"C06_main.pdf Appendix K.2 Table 18, p.26; SD: §4.1","Official C06 §3.1/Figure 2 pp.3–4, §4.2/Table 4 pp.7–8, Appendix A.2 and K.2/Table 18; supplied featllm.pdf corroborates prompt components."
O0392,C06-A,FeatLLM,"Entire supplied feature-description block, including types, definitions and category information",Bank,64,AUC (printed percentage scale),matched,primary,favorable,Unclear,No,Partial,Descriptive point-estimate advantage for intended arm.,Does not identify intended–wrong content sensitivity for the frozen scope.,Predictive utility unresolved under frozen gates; observed comparison is conditional on unresolved design requirements.,not_reported,"C06_main.pdf Appendix K.2 Table 18, p.26; SD: §4.1","Official C06 §3.1/Figure 2 pp.3–4, §4.2/Table 4 pp.7–8, Appendix A.2 and K.2/Table 18; supplied featllm.pdf corroborates prompt components."
O0393,C06-A,FeatLLM,"Entire supplied feature-description block, including types, definitions and category information",Blood,4,AUC (printed percentage scale),matched,primary,favorable,Unclear,No,Partial,Descriptive point-estimate advantage for intended arm.,Does not identify intended–wrong content sensitivity for the frozen scope.,Predictive utility unresolved under frozen gates; observed comparison is conditional on unresolved design requirements.,not_reported,"C06_main.pdf Appendix K.2 Table 18, p.26; SD: §4.1","Official C06 §3.1/Figure 2 pp.3–4, §4.2/Table 4 pp.7–8, Appendix A.2 and K.2/Table 18; supplied featllm.pdf corroborates prompt components."
O0394,C06-A,FeatLLM,"Entire supplied feature-description block, including types, definitions and category information",Blood,8,AUC (printed percentage scale),matched,primary,favorable,Unclear,No,Partial,Descriptive point-estimate advantage for intended arm.,Does not identify intended–wrong content sensitivity for the frozen scope.,Predictive utility unresolved under frozen gates; observed comparison is conditional on unresolved design requirements.,not_reported,"C06_main.pdf Appendix K.2 Table 18, p.26; SD: §4.1","Official C06 §3.1/Figure 2 pp.3–4, §4.2/Table 4 pp.7–8, Appendix A.2 and K.2/Table 18; supplied featllm.pdf corroborates prompt components."
O0395,C06-A,FeatLLM,"Entire supplied feature-description block, including types, definitions and category information",Blood,16,AUC (printed percentage scale),matched,primary,adverse,Unclear,No,Partial,Descriptive point-estimate disadvantage for intended arm.,Does not identify intended–wrong content sensitivity for the frozen scope.,Predictive utility unresolved under frozen gates; observed comparison is conditional on unresolved design requirements.,not_reported,"C06_main.pdf Appendix K.2 Table 18, p.26; SD: §4.1","Official C06 §3.1/Figure 2 pp.3–4, §4.2/Table 4 pp.7–8, Appendix A.2 and K.2/Table 18; supplied featllm.pdf corroborates prompt components."
O0396,C06-A,FeatLLM,"Entire supplied feature-description block, including types, definitions and category information",Blood,32,AUC (printed percentage scale),matched,primary,adverse,Unclear,No,Partial,Descriptive point-estimate disadvantage for intended arm.,Does not identify intended–wrong content sensitivity for the frozen scope.,Predictive utility unresolved under frozen gates; observed comparison is conditional on unresolved design requirements.,not_reported,"C06_main.pdf Appendix K.2 Table 18, p.26; SD: §4.1","Official C06 §3.1/Figure 2 pp.3–4, §4.2/Table 4 pp.7–8, Appendix A.2 and K.2/Table 18; supplied featllm.pdf corroborates prompt components."
O0397,C06-A,FeatLLM,"Entire supplied feature-description block, including types, definitions and category information",Blood,64,AUC (printed percentage scale),matched,primary,favorable,Unclear,No,Partial,Descriptive point-estimate advantage for intended arm.,Does not identify intended–wrong content sensitivity for the frozen scope.,Predictive utility unresolved under frozen gates; observed comparison is conditional on unresolved design requirements.,not_reported,"C06_main.pdf Appendix K.2 Table 18, p.26; SD: §4.1","Official C06 §3.1/Figure 2 pp.3–4, §4.2/Table 4 pp.7–8, Appendix A.2 and K.2/Table 18; supplied featllm.pdf corroborates prompt components."
O0398,C06-A,FeatLLM,"Entire supplied feature-description block, including types, definitions and category information",Car,4,AUC (printed percentage scale),matched,primary,favorable,Unclear,No,Partial,Descriptive point-estimate advantage for intended arm.,Does not identify intended–wrong content sensitivity for the frozen scope.,Predictive utility unresolved under frozen gates; observed comparison is conditional on unresolved design requirements.,not_reported,"C06_main.pdf Appendix K.2 Table 18, p.26; SD: §4.1","Official C06 §3.1/Figure 2 pp.3–4, §4.2/Table 4 pp.7–8, Appendix A.2 and K.2/Table 18; supplied featllm.pdf corroborates prompt components."
O0399,C06-A,FeatLLM,"Entire supplied feature-description block, including types, definitions and category information",Car,8,AUC (printed percentage scale),matched,primary,favorable,Unclear,No,Partial,Descriptive point-estimate advantage for intended arm.,Does not identify intended–wrong content sensitivity for the frozen scope.,Predictive utility unresolved under frozen gates; observed comparison is conditional on unresolved design requirements.,not_reported,"C06_main.pdf Appendix K.2 Table 18, p.26; SD: §4.1","Official C06 §3.1/Figure 2 pp.3–4, §4.2/Table 4 pp.7–8, Appendix A.2 and K.2/Table 18; supplied featllm.pdf corroborates prompt components."
O0400,C06-A,FeatLLM,"Entire supplied feature-description block, including types, definitions and category information",Car,16,AUC (printed percentage scale),matched,primary,favorable,Unclear,No,Partial,Descriptive point-estimate advantage for intended arm.,Does not identify intended–wrong content sensitivity for the frozen scope.,Predictive utility unresolved under frozen gates; observed comparison is conditional on unresolved design requirements.,not_reported,"C06_main.pdf Appendix K.2 Table 18, p.26; SD: §4.1","Official C06 §3.1/Figure 2 pp.3–4, §4.2/Table 4 pp.7–8, Appendix A.2 and K.2/Table 18; supplied featllm.pdf corroborates prompt components."
O0401,C06-A,FeatLLM,"Entire supplied feature-description block, including types, definitions and category information",Car,32,AUC (printed percentage scale),matched,primary,adverse,Unclear,No,Partial,Descriptive point-estimate disadvantage for intended arm.,Does not identify intended–wrong content sensitivity for the frozen scope.,Predictive utility unresolved under frozen gates; observed comparison is conditional on unresolved design requirements.,not_reported,"C06_main.pdf Appendix K.2 Table 18, p.26; SD: §4.1","Official C06 §3.1/Figure 2 pp.3–4, §4.2/Table 4 pp.7–8, Appendix A.2 and K.2/Table 18; supplied featllm.pdf corroborates prompt components."
O0402,C06-A,FeatLLM,"Entire supplied feature-description block, including types, definitions and category information",Car,64,AUC (printed percentage scale),matched,primary,favorable,Unclear,No,Partial,Descriptive point-estimate advantage for intended arm.,Does not identify intended–wrong content sensitivity for the frozen scope.,Predictive utility unresolved under frozen gates; observed comparison is conditional on unresolved design requirements.,not_reported,"C06_main.pdf Appendix K.2 Table 18, p.26; SD: §4.1","Official C06 §3.1/Figure 2 pp.3–4, §4.2/Table 4 pp.7–8, Appendix A.2 and K.2/Table 18; supplied featllm.pdf corroborates prompt components."
O0403,C06-A,FeatLLM,"Entire supplied feature-description block, including types, definitions and category information",Communities,4,AUC (printed percentage scale),matched,primary,adverse,Unclear,No,Partial,Descriptive point-estimate disadvantage for intended arm.,Does not identify intended–wrong content sensitivity for the frozen scope.,Predictive utility unresolved under frozen gates; observed comparison is conditional on unresolved design requirements.,not_reported,"C06_main.pdf Appendix K.2 Table 18, p.26; SD: §4.1","Official C06 §3.1/Figure 2 pp.3–4, §4.2/Table 4 pp.7–8, Appendix A.2 and K.2/Table 18; supplied featllm.pdf corroborates prompt components."
O0404,C06-A,FeatLLM,"Entire supplied feature-description block, including types, definitions and category information",Communities,8,AUC (printed percentage scale),matched,primary,favorable,Unclear,No,Partial,Descriptive point-estimate advantage for intended arm.,Does not identify intended–wrong content sensitivity for the frozen scope.,Predictive utility unresolved under frozen gates; observed comparison is conditional on unresolved design requirements.,not_reported,"C06_main.pdf Appendix K.2 Table 18, p.26; SD: §4.1","Official C06 §3.1/Figure 2 pp.3–4, §4.2/Table 4 pp.7–8, Appendix A.2 and K.2/Table 18; supplied featllm.pdf corroborates prompt components."
O0405,C06-A,FeatLLM,"Entire supplied feature-description block, including types, definitions and category information",Communities,16,AUC (printed percentage scale),matched,primary,adverse,Unclear,No,Partial,Descriptive point-estimate disadvantage for intended arm.,Does not identify intended–wrong content sensitivity for the frozen scope.,Predictive utility unresolved under frozen gates; observed comparison is conditional on unresolved design requirements.,not_reported,"C06_main.pdf Appendix K.2 Table 18, p.26; SD: §4.1","Official C06 §3.1/Figure 2 pp.3–4, §4.2/Table 4 pp.7–8, Appendix A.2 and K.2/Table 18; supplied featllm.pdf corroborates prompt components."
O0406,C06-A,FeatLLM,"Entire supplied feature-description block, including types, definitions and category information",Communities,32,AUC (printed percentage scale),matched,primary,adverse,Unclear,No,Partial,Descriptive point-estimate disadvantage for intended arm.,Does not identify intended–wrong content sensitivity for the frozen scope.,Predictive utility unresolved under frozen gates; observed comparison is conditional on unresolved design requirements.,not_reported,"C06_main.pdf Appendix K.2 Table 18, p.26; SD: §4.1","Official C06 §3.1/Figure 2 pp.3–4, §4.2/Table 4 pp.7–8, Appendix A.2 and K.2/Table 18; supplied featllm.pdf corroborates prompt components."
O0407,C06-A,FeatLLM,"Entire supplied feature-description block, including types, definitions and category information",Communities,64,AUC (printed percentage scale),matched,primary,adverse,Unclear,No,Partial,Descriptive point-estimate disadvantage for intended arm.,Does not identify intended–wrong content sensitivity for the frozen scope.,Predictive utility unresolved under frozen gates; observed comparison is conditional on unresolved design requirements.,not_reported,"C06_main.pdf Appendix K.2 Table 18, p.26; SD: §4.1","Official C06 §3.1/Figure 2 pp.3–4, §4.2/Table 4 pp.7–8, Appendix A.2 and K.2/Table 18; supplied featllm.pdf corroborates prompt components."
O0408,C06-A,FeatLLM,"Entire supplied feature-description block, including types, definitions and category information",Credit-g,4,AUC (printed percentage scale),matched,primary,favorable,Unclear,No,Partial,Descriptive point-estimate advantage for intended arm.,Does not identify intended–wrong content sensitivity for the frozen scope.,Predictive utility unresolved under frozen gates; observed comparison is conditional on unresolved design requirements.,not_reported,"C06_main.pdf Appendix K.2 Table 18, p.26; SD: §4.1","Official C06 §3.1/Figure 2 pp.3–4, §4.2/Table 4 pp.7–8, Appendix A.2 and K.2/Table 18; supplied featllm.pdf corroborates prompt components."
O0409,C06-A,FeatLLM,"Entire supplied feature-description block, including types, definitions and category information",Credit-g,8,AUC (printed percentage scale),matched,primary,favorable,Unclear,No,Partial,Descriptive point-estimate advantage for intended arm.,Does not identify intended–wrong content sensitivity for the frozen scope.,Predictive utility unresolved under frozen gates; observed comparison is conditional on unresolved design requirements.,not_reported,"C06_main.pdf Appendix K.2 Table 18, p.26; SD: §4.1","Official C06 §3.1/Figure 2 pp.3–4, §4.2/Table 4 pp.7–8, Appendix A.2 and K.2/Table 18; supplied featllm.pdf corroborates prompt components."
O0410,C06-A,FeatLLM,"Entire supplied feature-description block, including types, definitions and category information",Credit-g,16,AUC (printed percentage scale),matched,primary,favorable,Unclear,No,Partial,Descriptive point-estimate advantage for intended arm.,Does not identify intended–wrong content sensitivity for the frozen scope.,Predictive utility unresolved under frozen gates; observed comparison is conditional on unresolved design requirements.,not_reported,"C06_main.pdf Appendix K.2 Table 18, p.26; SD: §4.1","Official C06 §3.1/Figure 2 pp.3–4, §4.2/Table 4 pp.7–8, Appendix A.2 and K.2/Table 18; supplied featllm.pdf corroborates prompt components."
O0411,C06-A,FeatLLM,"Entire supplied feature-description block, including types, definitions and category information",Credit-g,32,AUC (printed percentage scale),matched,primary,adverse,Unclear,No,Partial,Descriptive point-estimate disadvantage for intended arm.,Does not identify intended–wrong content sensitivity for the frozen scope.,Predictive utility unresolved under frozen gates; observed comparison is conditional on unresolved design requirements.,not_reported,"C06_main.pdf Appendix K.2 Table 18, p.26; SD: §4.1","Official C06 §3.1/Figure 2 pp.3–4, §4.2/Table 4 pp.7–8, Appendix A.2 and K.2/Table 18; supplied featllm.pdf corroborates prompt components."
O0412,C06-A,FeatLLM,"Entire supplied feature-description block, including types, definitions and category information",Credit-g,64,AUC (printed percentage scale),matched,primary,adverse,Unclear,No,Partial,Descriptive point-estimate disadvantage for intended arm.,Does not identify intended–wrong content sensitivity for the frozen scope.,Predictive utility unresolved under frozen gates; observed comparison is conditional on unresolved design requirements.,not_reported,"C06_main.pdf Appendix K.2 Table 18, p.26; SD: §4.1","Official C06 §3.1/Figure 2 pp.3–4, §4.2/Table 4 pp.7–8, Appendix A.2 and K.2/Table 18; supplied featllm.pdf corroborates prompt components."
O0413,C06-A,FeatLLM,"Entire supplied feature-description block, including types, definitions and category information",Diabetes,4,AUC (printed percentage scale),matched,primary,favorable,Unclear,No,Partial,Descriptive point-estimate advantage for intended arm.,Does not identify intended–wrong content sensitivity for the frozen scope.,Predictive utility unresolved under frozen gates; observed comparison is conditional on unresolved design requirements.,not_reported,"C06_main.pdf Appendix K.2 Table 18, p.26; SD: §4.1","Official C06 §3.1/Figure 2 pp.3–4, §4.2/Table 4 pp.7–8, Appendix A.2 and K.2/Table 18; supplied featllm.pdf corroborates prompt components."
O0414,C06-A,FeatLLM,"Entire supplied feature-description block, including types, definitions and category information",Diabetes,8,AUC (printed percentage scale),matched,primary,favorable,Unclear,No,Partial,Descriptive point-estimate advantage for intended arm.,Does not identify intended–wrong content sensitivity for the frozen scope.,Predictive utility unresolved under frozen gates; observed comparison is conditional on unresolved design requirements.,not_reported,"C06_main.pdf Appendix K.2 Table 18, p.26; SD: §4.1","Official C06 §3.1/Figure 2 pp.3–4, §4.2/Table 4 pp.7–8, Appendix A.2 and K.2/Table 18; supplied featllm.pdf corroborates prompt components."
O0415,C06-A,FeatLLM,"Entire supplied feature-description block, including types, definitions and category information",Diabetes,16,AUC (printed percentage scale),matched,primary,favorable,Unclear,No,Partial,Descriptive point-estimate advantage for intended arm.,Does not identify intended–wrong content sensitivity for the frozen scope.,Predictive utility unresolved under frozen gates; observed comparison is conditional on unresolved design requirements.,not_reported,"C06_main.pdf Appendix K.2 Table 18, p.26; SD: §4.1","Official C06 §3.1/Figure 2 pp.3–4, §4.2/Table 4 pp.7–8, Appendix A.2 and K.2/Table 18; supplied featllm.pdf corroborates prompt components."
O0416,C06-A,FeatLLM,"Entire supplied feature-description block, including types, definitions and category information",Diabetes,32,AUC (printed percentage scale),matched,primary,favorable,Unclear,No,Partial,Descriptive point-estimate advantage for intended arm.,Does not identify intended–wrong content sensitivity for the frozen scope.,Predictive utility unresolved under frozen gates; observed comparison is conditional on unresolved design requirements.,not_reported,"C06_main.pdf Appendix K.2 Table 18, p.26; SD: §4.1","Official C06 §3.1/Figure 2 pp.3–4, §4.2/Table 4 pp.7–8, Appendix A.2 and K.2/Table 18; supplied featllm.pdf corroborates prompt components."
O0417,C06-A,FeatLLM,"Entire supplied feature-description block, including types, definitions and category information",Diabetes,64,AUC (printed percentage scale),matched,primary,favorable,Unclear,No,Partial,Descriptive point-estimate advantage for intended arm.,Does not identify intended–wrong content sensitivity for the frozen scope.,Predictive utility unresolved under frozen gates; observed comparison is conditional on unresolved design requirements.,not_reported,"C06_main.pdf Appendix K.2 Table 18, p.26; SD: §4.1","Official C06 §3.1/Figure 2 pp.3–4, §4.2/Table 4 pp.7–8, Appendix A.2 and K.2/Table 18; supplied featllm.pdf corroborates prompt components."
O0418,C06-A,FeatLLM,"Entire supplied feature-description block, including types, definitions and category information",Heart,4,AUC (printed percentage scale),matched,primary,favorable,Unclear,No,Partial,Descriptive point-estimate advantage for intended arm.,Does not identify intended–wrong content sensitivity for the frozen scope.,Predictive utility unresolved under frozen gates; observed comparison is conditional on unresolved design requirements.,not_reported,"C06_main.pdf Appendix K.2 Table 18, p.26; SD: §4.1","Official C06 §3.1/Figure 2 pp.3–4, §4.2/Table 4 pp.7–8, Appendix A.2 and K.2/Table 18; supplied featllm.pdf corroborates prompt components."
O0419,C06-A,FeatLLM,"Entire supplied feature-description block, including types, definitions and category information",Heart,8,AUC (printed percentage scale),matched,primary,favorable,Unclear,No,Partial,Descriptive point-estimate advantage for intended arm.,Does not identify intended–wrong content sensitivity for the frozen scope.,Predictive utility unresolved under frozen gates; observed comparison is conditional on unresolved design requirements.,not_reported,"C06_main.pdf Appendix K.2 Table 18, p.26; SD: §4.1","Official C06 §3.1/Figure 2 pp.3–4, §4.2/Table 4 pp.7–8, Appendix A.2 and K.2/Table 18; supplied featllm.pdf corroborates prompt components."
O0420,C06-A,FeatLLM,"Entire supplied feature-description block, including types, definitions and category information",Heart,16,AUC (printed percentage scale),matched,primary,favorable,Unclear,No,Partial,Descriptive point-estimate advantage for intended arm.,Does not identify intended–wrong content sensitivity for the frozen scope.,Predictive utility unresolved under frozen gates; observed comparison is conditional on unresolved design requirements.,not_reported,"C06_main.pdf Appendix K.2 Table 18, p.26; SD: §4.1","Official C06 §3.1/Figure 2 pp.3–4, §4.2/Table 4 pp.7–8, Appendix A.2 and K.2/Table 18; supplied featllm.pdf corroborates prompt components."
O0421,C06-A,FeatLLM,"Entire supplied feature-description block, including types, definitions and category information",Heart,32,AUC (printed percentage scale),matched,primary,favorable,Unclear,No,Partial,Descriptive point-estimate advantage for intended arm.,Does not identify intended–wrong content sensitivity for the frozen scope.,Predictive utility unresolved under frozen gates; observed comparison is conditional on unresolved design requirements.,not_reported,"C06_main.pdf Appendix K.2 Table 18, p.26; SD: §4.1","Official C06 §3.1/Figure 2 pp.3–4, §4.2/Table 4 pp.7–8, Appendix A.2 and K.2/Table 18; supplied featllm.pdf corroborates prompt components."
O0422,C06-A,FeatLLM,"Entire supplied feature-description block, including types, definitions and category information",Heart,64,AUC (printed percentage scale),matched,primary,favorable,Unclear,No,Partial,Descriptive point-estimate advantage for intended arm.,Does not identify intended–wrong content sensitivity for the frozen scope.,Predictive utility unresolved under frozen gates; observed comparison is conditional on unresolved design requirements.,not_reported,"C06_main.pdf Appendix K.2 Table 18, p.26; SD: §4.1","Official C06 §3.1/Figure 2 pp.3–4, §4.2/Table 4 pp.7–8, Appendix A.2 and K.2/Table 18; supplied featllm.pdf corroborates prompt components."
O0423,C06-A,FeatLLM,"Entire supplied feature-description block, including types, definitions and category information",Myocardial,4,AUC (printed percentage scale),matched,primary,adverse,Unclear,No,Partial,Descriptive point-estimate disadvantage for intended arm.,Does not identify intended–wrong content sensitivity for the frozen scope.,Predictive utility unresolved under frozen gates; observed comparison is conditional on unresolved design requirements.,not_reported,"C06_main.pdf Appendix K.2 Table 18, p.26; SD: §4.1","Official C06 §3.1/Figure 2 pp.3–4, §4.2/Table 4 pp.7–8, Appendix A.2 and K.2/Table 18; supplied featllm.pdf corroborates prompt components."
O0424,C06-A,FeatLLM,"Entire supplied feature-description block, including types, definitions and category information",Myocardial,8,AUC (printed percentage scale),matched,primary,favorable,Unclear,No,Partial,Descriptive point-estimate advantage for intended arm.,Does not identify intended–wrong content sensitivity for the frozen scope.,Predictive utility unresolved under frozen gates; observed comparison is conditional on unresolved design requirements.,not_reported,"C06_main.pdf Appendix K.2 Table 18, p.26; SD: §4.1","Official C06 §3.1/Figure 2 pp.3–4, §4.2/Table 4 pp.7–8, Appendix A.2 and K.2/Table 18; supplied featllm.pdf corroborates prompt components."
O0425,C06-A,FeatLLM,"Entire supplied feature-description block, including types, definitions and category information",Myocardial,16,AUC (printed percentage scale),matched,primary,adverse,Unclear,No,Partial,Descriptive point-estimate disadvantage for intended arm.,Does not identify intended–wrong content sensitivity for the frozen scope.,Predictive utility unresolved under frozen gates; observed comparison is conditional on unresolved design requirements.,not_reported,"C06_main.pdf Appendix K.2 Table 18, p.26; SD: §4.1","Official C06 §3.1/Figure 2 pp.3–4, §4.2/Table 4 pp.7–8, Appendix A.2 and K.2/Table 18; supplied featllm.pdf corroborates prompt components."
O0426,C06-A,FeatLLM,"Entire supplied feature-description block, including types, definitions and category information",Myocardial,32,AUC (printed percentage scale),matched,primary,adverse,Unclear,No,Partial,Descriptive point-estimate disadvantage for intended arm.,Does not identify intended–wrong content sensitivity for the frozen scope.,Predictive utility unresolved under frozen gates; observed comparison is conditional on unresolved design requirements.,not_reported,"C06_main.pdf Appendix K.2 Table 18, p.26; SD: §4.1","Official C06 §3.1/Figure 2 pp.3–4, §4.2/Table 4 pp.7–8, Appendix A.2 and K.2/Table 18; supplied featllm.pdf corroborates prompt components."
O0427,C06-A,FeatLLM,"Entire supplied feature-description block, including types, definitions and category information",Myocardial,64,AUC (printed percentage scale),matched,primary,favorable,Unclear,No,Partial,Descriptive point-estimate advantage for intended arm.,Does not identify intended–wrong content sensitivity for the frozen scope.,Predictive utility unresolved under frozen gates; observed comparison is conditional on unresolved design requirements.,not_reported,"C06_main.pdf Appendix K.2 Table 18, p.26; SD: §4.1","Official C06 §3.1/Figure 2 pp.3–4, §4.2/Table 4 pp.7–8, Appendix A.2 and K.2/Table 18; supplied featllm.pdf corroborates prompt components."
O0428,C06-A,FeatLLM,"Entire supplied feature-description block, including types, definitions and category information",Cultivars,4,AUC (printed percentage scale),matched,primary,favorable,Unclear,No,Partial,Descriptive point-estimate advantage for intended arm.,Does not identify intended–wrong content sensitivity for the frozen scope.,Predictive utility unresolved under frozen gates; observed comparison is conditional on unresolved design requirements.,not_reported,"C06_main.pdf Appendix K.2 Table 18, p.26; SD: §4.1","Official C06 §3.1/Figure 2 pp.3–4, §4.2/Table 4 pp.7–8, Appendix A.2 and K.2/Table 18; supplied featllm.pdf corroborates prompt components."
O0429,C06-A,FeatLLM,"Entire supplied feature-description block, including types, definitions and category information",Cultivars,8,AUC (printed percentage scale),matched,primary,favorable,Unclear,No,Partial,Descriptive point-estimate advantage for intended arm.,Does not identify intended–wrong content sensitivity for the frozen scope.,Predictive utility unresolved under frozen gates; observed comparison is conditional on unresolved design requirements.,not_reported,"C06_main.pdf Appendix K.2 Table 18, p.26; SD: §4.1","Official C06 §3.1/Figure 2 pp.3–4, §4.2/Table 4 pp.7–8, Appendix A.2 and K.2/Table 18; supplied featllm.pdf corroborates prompt components."
O0430,C06-A,FeatLLM,"Entire supplied feature-description block, including types, definitions and category information",Cultivars,16,AUC (printed percentage scale),matched,primary,favorable,Unclear,No,Partial,Descriptive point-estimate advantage for intended arm.,Does not identify intended–wrong content sensitivity for the frozen scope.,Predictive utility unresolved under frozen gates; observed comparison is conditional on unresolved design requirements.,not_reported,"C06_main.pdf Appendix K.2 Table 18, p.26; SD: §4.1","Official C06 §3.1/Figure 2 pp.3–4, §4.2/Table 4 pp.7–8, Appendix A.2 and K.2/Table 18; supplied featllm.pdf corroborates prompt components."
O0431,C06-A,FeatLLM,"Entire supplied feature-description block, including types, definitions and category information",Cultivars,32,AUC (printed percentage scale),matched,primary,favorable,Unclear,No,Partial,Descriptive point-estimate advantage for intended arm.,Does not identify intended–wrong content sensitivity for the frozen scope.,Predictive utility unresolved under frozen gates; observed comparison is conditional on unresolved design requirements.,not_reported,"C06_main.pdf Appendix K.2 Table 18, p.26; SD: §4.1","Official C06 §3.1/Figure 2 pp.3–4, §4.2/Table 4 pp.7–8, Appendix A.2 and K.2/Table 18; supplied featllm.pdf corroborates prompt components."
O0432,C06-A,FeatLLM,"Entire supplied feature-description block, including types, definitions and category information",Cultivars,64,AUC (printed percentage scale),matched,primary,favorable,Unclear,No,Partial,Descriptive point-estimate advantage for intended arm.,Does not identify intended–wrong content sensitivity for the frozen scope.,Predictive utility unresolved under frozen gates; observed comparison is conditional on unresolved design requirements.,not_reported,"C06_main.pdf Appendix K.2 Table 18, p.26; SD: §4.1","Official C06 §3.1/Figure 2 pp.3–4, §4.2/Table 4 pp.7–8, Appendix A.2 and K.2/Table 18; supplied featllm.pdf corroborates prompt components."
O0433,C06-A,FeatLLM,"Entire supplied feature-description block, including types, definitions and category information",NHANES,4,AUC (printed percentage scale),matched,primary,adverse,Unclear,No,Partial,Descriptive point-estimate disadvantage for intended arm.,Does not identify intended–wrong content sensitivity for the frozen scope.,Predictive utility unresolved under frozen gates; observed comparison is conditional on unresolved design requirements.,not_reported,"C06_main.pdf Appendix K.2 Table 18, p.26; SD: §4.1","Official C06 §3.1/Figure 2 pp.3–4, §4.2/Table 4 pp.7–8, Appendix A.2 and K.2/Table 18; supplied featllm.pdf corroborates prompt components."
O0434,C06-A,FeatLLM,"Entire supplied feature-description block, including types, definitions and category information",NHANES,8,AUC (printed percentage scale),matched,primary,favorable,Unclear,No,Partial,Descriptive point-estimate advantage for intended arm.,Does not identify intended–wrong content sensitivity for the frozen scope.,Predictive utility unresolved under frozen gates; observed comparison is conditional on unresolved design requirements.,not_reported,"C06_main.pdf Appendix K.2 Table 18, p.26; SD: §4.1","Official C06 §3.1/Figure 2 pp.3–4, §4.2/Table 4 pp.7–8, Appendix A.2 and K.2/Table 18; supplied featllm.pdf corroborates prompt components."
O0435,C06-A,FeatLLM,"Entire supplied feature-description block, including types, definitions and category information",NHANES,16,AUC (printed percentage scale),matched,primary,adverse,Unclear,No,Partial,Descriptive point-estimate disadvantage for intended arm.,Does not identify intended–wrong content sensitivity for the frozen scope.,Predictive utility unresolved under frozen gates; observed comparison is conditional on unresolved design requirements.,not_reported,"C06_main.pdf Appendix K.2 Table 18, p.26; SD: §4.1","Official C06 §3.1/Figure 2 pp.3–4, §4.2/Table 4 pp.7–8, Appendix A.2 and K.2/Table 18; supplied featllm.pdf corroborates prompt components."
O0436,C06-A,FeatLLM,"Entire supplied feature-description block, including types, definitions and category information",NHANES,32,AUC (printed percentage scale),matched,primary,adverse,Unclear,No,Partial,Descriptive point-estimate disadvantage for intended arm.,Does not identify intended–wrong content sensitivity for the frozen scope.,Predictive utility unresolved under frozen gates; observed comparison is conditional on unresolved design requirements.,not_reported,"C06_main.pdf Appendix K.2 Table 18, p.26; SD: §4.1","Official C06 §3.1/Figure 2 pp.3–4, §4.2/Table 4 pp.7–8, Appendix A.2 and K.2/Table 18; supplied featllm.pdf corroborates prompt components."
O0437,C06-A,FeatLLM,"Entire supplied feature-description block, including types, definitions and category information",NHANES,64,AUC (printed percentage scale),matched,primary,favorable,Unclear,No,Partial,Descriptive point-estimate advantage for intended arm.,Does not identify intended–wrong content sensitivity for the frozen scope.,Predictive utility unresolved under frozen gates; observed comparison is conditional on unresolved design requirements.,not_reported,"C06_main.pdf Appendix K.2 Table 18, p.26; SD: §4.1","Official C06 §3.1/Figure 2 pp.3–4, §4.2/Table 4 pp.7–8, Appendix A.2 and K.2/Table 18; supplied featllm.pdf corroborates prompt components."
O0438,C06-A,FeatLLM,"Entire supplied feature-description block, including types, definitions and category information",Sequence-type,4,AUC (printed percentage scale),matched,primary,adverse,Unclear,No,Partial,Descriptive point-estimate disadvantage for intended arm.,Does not identify intended–wrong content sensitivity for the frozen scope.,Predictive utility unresolved under frozen gates; observed comparison is conditional on unresolved design requirements.,not_reported,"C06_main.pdf Appendix K.2 Table 18, p.26; SD: §4.1","Official C06 §3.1/Figure 2 pp.3–4, §4.2/Table 4 pp.7–8, Appendix A.2 and K.2/Table 18; supplied featllm.pdf corroborates prompt components."
O0439,C06-A,FeatLLM,"Entire supplied feature-description block, including types, definitions and category information",Sequence-type,8,AUC (printed percentage scale),matched,primary,adverse,Unclear,No,Partial,Descriptive point-estimate disadvantage for intended arm.,Does not identify intended–wrong content sensitivity for the frozen scope.,Predictive utility unresolved under frozen gates; observed comparison is conditional on unresolved design requirements.,not_reported,"C06_main.pdf Appendix K.2 Table 18, p.26; SD: §4.1","Official C06 §3.1/Figure 2 pp.3–4, §4.2/Table 4 pp.7–8, Appendix A.2 and K.2/Table 18; supplied featllm.pdf corroborates prompt components."
O0440,C06-A,FeatLLM,"Entire supplied feature-description block, including types, definitions and category information",Sequence-type,16,AUC (printed percentage scale),matched,primary,adverse,Unclear,No,Partial,Descriptive point-estimate disadvantage for intended arm.,Does not identify intended–wrong content sensitivity for the frozen scope.,Predictive utility unresolved under frozen gates; observed comparison is conditional on unresolved design requirements.,not_reported,"C06_main.pdf Appendix K.2 Table 18, p.26; SD: §4.1","Official C06 §3.1/Figure 2 pp.3–4, §4.2/Table 4 pp.7–8, Appendix A.2 and K.2/Table 18; supplied featllm.pdf corroborates prompt components."
O0441,C06-A,FeatLLM,"Entire supplied feature-description block, including types, definitions and category information",Sequence-type,32,AUC (printed percentage scale),matched,primary,favorable,Unclear,No,Partial,Descriptive point-estimate advantage for intended arm.,Does not identify intended–wrong content sensitivity for the frozen scope.,Predictive utility unresolved under frozen gates; observed comparison is conditional on unresolved design requirements.,not_reported,"C06_main.pdf Appendix K.2 Table 18, p.26; SD: §4.1","Official C06 §3.1/Figure 2 pp.3–4, §4.2/Table 4 pp.7–8, Appendix A.2 and K.2/Table 18; supplied featllm.pdf corroborates prompt components."
O0442,C06-A,FeatLLM,"Entire supplied feature-description block, including types, definitions and category information",Sequence-type,64,AUC (printed percentage scale),matched,primary,adverse,Unclear,No,Partial,Descriptive point-estimate disadvantage for intended arm.,Does not identify intended–wrong content sensitivity for the frozen scope.,Predictive utility unresolved under frozen gates; observed comparison is conditional on unresolved design requirements.,not_reported,"C06_main.pdf Appendix K.2 Table 18, p.26; SD: §4.1","Official C06 §3.1/Figure 2 pp.3–4, §4.2/Table 4 pp.7–8, Appendix A.2 and K.2/Table 18; supplied featllm.pdf corroborates prompt components."
O0443,C06-A,FeatLLM,"Entire supplied feature-description block, including types, definitions and category information",Solution-mix,4,AUC (printed percentage scale),matched,primary,favorable,Unclear,No,Partial,Descriptive point-estimate advantage for intended arm.,Does not identify intended–wrong content sensitivity for the frozen scope.,Predictive utility unresolved under frozen gates; observed comparison is conditional on unresolved design requirements.,not_reported,"C06_main.pdf Appendix K.2 Table 18, p.26; SD: §4.1","Official C06 §3.1/Figure 2 pp.3–4, §4.2/Table 4 pp.7–8, Appendix A.2 and K.2/Table 18; supplied featllm.pdf corroborates prompt components."
O0444,C06-A,FeatLLM,"Entire supplied feature-description block, including types, definitions and category information",Solution-mix,8,AUC (printed percentage scale),matched,primary,favorable,Unclear,No,Partial,Descriptive point-estimate advantage for intended arm.,Does not identify intended–wrong content sensitivity for the frozen scope.,Predictive utility unresolved under frozen gates; observed comparison is conditional on unresolved design requirements.,not_reported,"C06_main.pdf Appendix K.2 Table 18, p.26; SD: §4.1","Official C06 §3.1/Figure 2 pp.3–4, §4.2/Table 4 pp.7–8, Appendix A.2 and K.2/Table 18; supplied featllm.pdf corroborates prompt components."
O0445,C06-A,FeatLLM,"Entire supplied feature-description block, including types, definitions and category information",Solution-mix,16,AUC (printed percentage scale),matched,primary,favorable,Unclear,No,Partial,Descriptive point-estimate advantage for intended arm.,Does not identify intended–wrong content sensitivity for the frozen scope.,Predictive utility unresolved under frozen gates; observed comparison is conditional on unresolved design requirements.,not_reported,"C06_main.pdf Appendix K.2 Table 18, p.26; SD: §4.1","Official C06 §3.1/Figure 2 pp.3–4, §4.2/Table 4 pp.7–8, Appendix A.2 and K.2/Table 18; supplied featllm.pdf corroborates prompt components."
O0446,C06-A,FeatLLM,"Entire supplied feature-description block, including types, definitions and category information",Solution-mix,32,AUC (printed percentage scale),matched,primary,favorable,Unclear,No,Partial,Descriptive point-estimate advantage for intended arm.,Does not identify intended–wrong content sensitivity for the frozen scope.,Predictive utility unresolved under frozen gates; observed comparison is conditional on unresolved design requirements.,not_reported,"C06_main.pdf Appendix K.2 Table 18, p.26; SD: §4.1","Official C06 §3.1/Figure 2 pp.3–4, §4.2/Table 4 pp.7–8, Appendix A.2 and K.2/Table 18; supplied featllm.pdf corroborates prompt components."
O0447,C06-A,FeatLLM,"Entire supplied feature-description block, including types, definitions and category information",Solution-mix,64,AUC (printed percentage scale),matched,primary,adverse,Unclear,No,Partial,Descriptive point-estimate disadvantage for intended arm.,Does not identify intended–wrong content sensitivity for the frozen scope.,Predictive utility unresolved under frozen gates; observed comparison is conditional on unresolved design requirements.,not_reported,"C06_main.pdf Appendix K.2 Table 18, p.26; SD: §4.1","Official C06 §3.1/Figure 2 pp.3–4, §4.2/Table 4 pp.7–8, Appendix A.2 and K.2/Table 18; supplied featllm.pdf corroborates prompt components."
O0448,C06-A,FeatLLM,"Entire supplied feature-description block, including types, definitions and category information",13 datasets × three trials (aggregate),4,AUC (percentage scale),matched,aggregate_repeat,favorable,Unclear,No,Partial,Descriptive point-estimate advantage for intended arm.,Does not identify intended–wrong content sensitivity for the frozen scope.,Predictive utility unresolved under frozen gates; observed comparison is conditional on unresolved design requirements.,not_reported,"C06_main.pdf Table 4, p.8","Official C06 §3.1/Figure 2 pp.3–4, §4.2/Table 4 pp.7–8, Appendix A.2 and K.2/Table 18; supplied featllm.pdf corroborates prompt components."
O0449,C06-A,FeatLLM,"Entire supplied feature-description block, including types, definitions and category information",13 datasets × three trials (aggregate),8,AUC (percentage scale),matched,aggregate_repeat,favorable,Unclear,No,Partial,Descriptive point-estimate advantage for intended arm.,Does not identify intended–wrong content sensitivity for the frozen scope.,Predictive utility unresolved under frozen gates; observed comparison is conditional on unresolved design requirements.,not_reported,"C06_main.pdf Table 4, p.8","Official C06 §3.1/Figure 2 pp.3–4, §4.2/Table 4 pp.7–8, Appendix A.2 and K.2/Table 18; supplied featllm.pdf corroborates prompt components."
O0450,C06-A,FeatLLM,"Entire supplied feature-description block, including types, definitions and category information",13 datasets × three trials (aggregate),16,AUC (percentage scale),matched,aggregate_repeat,favorable,Unclear,No,Partial,Descriptive point-estimate advantage for intended arm.,Does not identify intended–wrong content sensitivity for the frozen scope.,Predictive utility unresolved under frozen gates; observed comparison is conditional on unresolved design requirements.,not_reported,"C06_main.pdf Table 4, p.8","Official C06 §3.1/Figure 2 pp.3–4, §4.2/Table 4 pp.7–8, Appendix A.2 and K.2/Table 18; supplied featllm.pdf corroborates prompt components."
O0451,C06-A,FeatLLM,"Entire supplied feature-description block, including types, definitions and category information",13 datasets × three trials (aggregate),32,AUC (percentage scale),matched,aggregate_repeat,favorable,Unclear,No,Partial,Descriptive point-estimate advantage for intended arm.,Does not identify intended–wrong content sensitivity for the frozen scope.,Predictive utility unresolved under frozen gates; observed comparison is conditional on unresolved design requirements.,not_reported,"C06_main.pdf Table 4, p.8","Official C06 §3.1/Figure 2 pp.3–4, §4.2/Table 4 pp.7–8, Appendix A.2 and K.2/Table 18; supplied featllm.pdf corroborates prompt components."
O0452,C06-A,FeatLLM,"Entire supplied feature-description block, including types, definitions and category information",13 datasets × three trials (aggregate),64,AUC (percentage scale),matched,aggregate_repeat,favorable,Unclear,No,Partial,Descriptive point-estimate advantage for intended arm.,Does not identify intended–wrong content sensitivity for the frozen scope.,Predictive utility unresolved under frozen gates; observed comparison is conditional on unresolved design requirements.,not_reported,"C06_main.pdf Table 4, p.8","Official C06 §3.1/Figure 2 pp.3–4, §4.2/Table 4 pp.7–8, Appendix A.2 and K.2/Table 18; supplied featllm.pdf corroborates prompt components."
O0453,C06-A,FeatLLM,"Entire supplied feature-description block, including types, definitions and category information",13 datasets × three trials (aggregate),Avg,AUC (percentage scale),matched,aggregate_repeat,favorable,Unclear,No,Partial,Descriptive point-estimate advantage for intended arm.,Does not identify intended–wrong content sensitivity for the frozen scope.,Predictive utility unresolved under frozen gates; observed comparison is conditional on unresolved design requirements.,not_reported,"C06_main.pdf Table 4, p.8","Official C06 §3.1/Figure 2 pp.3–4, §4.2/Table 4 pp.7–8, Appendix A.2 and K.2/Table 18; supplied featllm.pdf corroborates prompt components."
O0454,C07-A,TabuLa-8B,Joint informative feature-and-target-header content,UniPredict 16-shot subset,all displayed shots 0–16,Open-vocabulary accuracy,matched,primary,unavailable,Yes,No,Yes,Exact direction unavailable; no directional claim assigned.,No directional content-sensitivity conclusion from this row.,No directional utility conclusion from this row.,not_reported,"C07_main.pdf Appendix F.2 Figure 12, p.27","Official C07 §5.5, Appendix F.2 p.26/Figure 12 p.27; supplied tabula.pdf has different pagination."
O0455,C07-A,TabuLa-8B,Joint informative feature-and-target-header content,UniPredict 32-shot subset,all displayed shots 0–32,Open-vocabulary accuracy,matched,primary,unavailable,Yes,No,Yes,Exact direction unavailable; no directional claim assigned.,No directional content-sensitivity conclusion from this row.,No directional utility conclusion from this row.,not_reported,"C07_main.pdf Appendix F.2 Figure 12, p.27","Official C07 §5.5, Appendix F.2 p.26/Figure 12 p.27; supplied tabula.pdf has different pagination."
O0456,C07-A,TabuLa-8B,Joint informative feature-and-target-header content,UniPredict 16-shot subset,low-shot regime in 16-shot-subset panel,Open-vocabulary accuracy,matched,qualitative,author_reported_favorable,Yes,No,Yes,Author-reported advantage for intended arm.,Does not identify intended–wrong content sensitivity for the frozen scope.,Positive predictive utility for the frozen scope and reported regime; author-reported qualitative evidence only.,not_reported,"C07_main.pdf Appendix F.2, p.26","Official C07 §5.5, Appendix F.2 p.26/Figure 12 p.27; supplied tabula.pdf has different pagination."
O0457,C07-A,TabuLa-8B,Joint informative feature-and-target-header content,UniPredict 32-shot subset,32 shots,Open-vocabulary accuracy,matched,qualitative,author_reported_similar,Yes,No,Yes,Authors report similar performance in this regime; no formal equivalence conclusion.,Does not identify intended–wrong content sensitivity for the frozen scope.,No positive utility established by this row; equality/similarity does not establish zero utility.,not_reported,"C07_main.pdf Appendix F.2, p.26","Official C07 §5.5, Appendix F.2 p.26/Figure 12 p.27; supplied tabula.pdf has different pagination."
O0458,C08-A,ConTextTab,LLM-derived cell-feature semantic channel conditional on encoder setup,All semantic ablation aggregate,"§5/§5.1: fixed test split, default context; no separate budget ladder in semantic table",Average rank,matched,duplicate,favorable,No,No,No,Descriptive point-estimate advantage for intended arm.,Does not identify intended–wrong content sensitivity for the frozen scope.,"Does not identify predictive utility of the tested component, irrespective of the performance gap.",not_reported,"C08_main.pdf Table 2 semantic block, p.9","Official C08 §5.1 p.8, Table 2 bottom semantic block p.9, Appendix A.4/Figures 9–10 pp.27–28; supplied contextab.pdf has different pagination."
O0459,C08-A,ConTextTab,LLM-derived cell-feature semantic channel conditional on encoder setup,CARTE semantic ablation aggregate,"§5/§5.1: fixed test split, default context; no separate budget ladder in semantic table",Average rank,matched,aggregate_metric,favorable,No,No,No,Descriptive point-estimate advantage for intended arm.,Does not identify intended–wrong content sensitivity for the frozen scope.,"Does not identify predictive utility of the tested component, irrespective of the performance gap.",not_reported,"C08_main.pdf Table 2 semantic block, p.9","Official C08 §5.1 p.8, Table 2 bottom semantic block p.9, Appendix A.4/Figures 9–10 pp.27–28; supplied contextab.pdf has different pagination."
O0460,C08-A,ConTextTab,LLM-derived cell-feature semantic channel conditional on encoder setup,CARTE benchmark aggregate,"§5/§5.1: fixed test split, default context; no separate budget ladder in semantic table",Accuracy (percentage scale),matched,aggregate_metric,favorable,No,No,No,Descriptive point-estimate advantage for intended arm.,Does not identify intended–wrong content sensitivity for the frozen scope.,"Does not identify predictive utility of the tested component, irrespective of the performance gap.",not_reported,"C08_main.pdf Table 2 semantic block, p.9","Official C08 §5.1 p.8, Table 2 bottom semantic block p.9, Appendix A.4/Figures 9–10 pp.27–28; supplied contextab.pdf has different pagination."
O0461,C08-A,ConTextTab,LLM-derived cell-feature semantic channel conditional on encoder setup,CARTE benchmark aggregate,"§5/§5.1: fixed test split, default context; no separate budget ladder in semantic table",Soft-clipped R2 (percentage scale),matched,aggregate_metric,favorable,No,No,No,Descriptive point-estimate advantage for intended arm.,Does not identify intended–wrong content sensitivity for the frozen scope.,"Does not identify predictive utility of the tested component, irrespective of the performance gap.",not_reported,"C08_main.pdf Table 2 semantic block, p.9","Official C08 §5.1 p.8, Table 2 bottom semantic block p.9, Appendix A.4/Figures 9–10 pp.27–28; supplied contextab.pdf has different pagination."
O0462,C08-A,ConTextTab,LLM-derived cell-feature semantic channel conditional on encoder setup,CARTE benchmark aggregate,semantic ablation evaluations,Pairwise win ratio (each arm over the other),matched,pairwise_summary,favorable,No,No,No,Descriptive point-estimate advantage for intended arm.,Does not identify intended–wrong content sensitivity for the frozen scope.,"Does not identify predictive utility of the tested component, irrespective of the performance gap.",Two-sided Wilcoxon signed-rank p=0.00 (rounded as printed; not exact zero),"C08_main.pdf Appendix A.4 Figure 9(a,b), p.27","Official C08 §5.1 p.8, Table 2 bottom semantic block p.9, Appendix A.4/Figures 9–10 pp.27–28; supplied contextab.pdf has different pagination."
O0463,C08-A,ConTextTab,LLM-derived cell-feature semantic channel conditional on encoder setup,OML-CC18,semantic block not evaluated,All metric cells N/A,matched,not_applicable,unavailable,No,No,No,No published evaluation for this benchmark in the semantic block.,No directional content-sensitivity conclusion from this row.,No directional utility conclusion from this row.,not_reported,"C08_main.pdf Table 2 semantic block, p.9","Official C08 §5.1 p.8, Table 2 bottom semantic block p.9, Appendix A.4/Figures 9–10 pp.27–28; supplied contextab.pdf has different pagination."
O0464,C08-A,ConTextTab,LLM-derived cell-feature semantic channel conditional on encoder setup,OML-CTR23,semantic block not evaluated,All metric cells N/A,matched,not_applicable,unavailable,No,No,No,No published evaluation for this benchmark in the semantic block.,No directional content-sensitivity conclusion from this row.,No directional utility conclusion from this row.,not_reported,"C08_main.pdf Table 2 semantic block, p.9","Official C08 §5.1 p.8, Table 2 bottom semantic block p.9, Appendix A.4/Figures 9–10 pp.27–28; supplied contextab.pdf has different pagination."
O0465,C08-A,ConTextTab,LLM-derived cell-feature semantic channel conditional on encoder setup,TabReD,semantic block not evaluated,All metric cells N/A,matched,not_applicable,unavailable,No,No,No,No published evaluation for this benchmark in the semantic block.,No directional content-sensitivity conclusion from this row.,No directional utility conclusion from this row.,not_reported,"C08_main.pdf Table 2 semantic block, p.9","Official C08 §5.1 p.8, Table 2 bottom semantic block p.9, Appendix A.4/Figures 9–10 pp.27–28; supplied contextab.pdf has different pagination."
O0466,C08-A,ConTextTab,LLM-derived cell-feature semantic channel conditional on encoder setup,TALENT-Tiny,semantic block not evaluated,All metric cells N/A,matched,not_applicable,unavailable,No,No,No,No published evaluation for this benchmark in the semantic block.,No directional content-sensitivity conclusion from this row.,No directional utility conclusion from this row.,not_reported,"C08_main.pdf Table 2 semantic block, p.9","Official C08 §5.1 p.8, Table 2 bottom semantic block p.9, Appendix A.4/Figures 9–10 pp.27–28; supplied contextab.pdf has different pagination."
O0467,C08-B,ConTextTab,LLM-derived cell-feature semantic channel conditional on encoder setup,All semantic ablation aggregate,"§5/§5.1: fixed test split, default context; no separate budget ladder in semantic table",Average rank,matched,duplicate,favorable,No,No,No,Descriptive point-estimate advantage for intended arm.,Does not identify intended–wrong content sensitivity for the frozen scope.,"Does not identify predictive utility of the tested component, irrespective of the performance gap.",not_reported,"C08_main.pdf Table 2 semantic block, p.9","Official C08 §5.1 p.8, Table 2 bottom semantic block p.9, Appendix A.4/Figures 9–10 pp.27–28; supplied contextab.pdf has different pagination."
O0468,C08-B,ConTextTab,LLM-derived cell-feature semantic channel conditional on encoder setup,CARTE semantic ablation aggregate,"§5/§5.1: fixed test split, default context; no separate budget ladder in semantic table",Average rank,matched,aggregate_metric,favorable,No,No,No,Descriptive point-estimate advantage for intended arm.,Does not identify intended–wrong content sensitivity for the frozen scope.,"Does not identify predictive utility of the tested component, irrespective of the performance gap.",not_reported,"C08_main.pdf Table 2 semantic block, p.9","Official C08 §5.1 p.8, Table 2 bottom semantic block p.9, Appendix A.4/Figures 9–10 pp.27–28; supplied contextab.pdf has different pagination."
O0469,C08-B,ConTextTab,LLM-derived cell-feature semantic channel conditional on encoder setup,CARTE benchmark aggregate,"§5/§5.1: fixed test split, default context; no separate budget ladder in semantic table",Accuracy (percentage scale),matched,aggregate_metric,favorable,No,No,No,Descriptive point-estimate advantage for intended arm.,Does not identify intended–wrong content sensitivity for the frozen scope.,"Does not identify predictive utility of the tested component, irrespective of the performance gap.",not_reported,"C08_main.pdf Table 2 semantic block, p.9","Official C08 §5.1 p.8, Table 2 bottom semantic block p.9, Appendix A.4/Figures 9–10 pp.27–28; supplied contextab.pdf has different pagination."
O0470,C08-B,ConTextTab,LLM-derived cell-feature semantic channel conditional on encoder setup,CARTE benchmark aggregate,"§5/§5.1: fixed test split, default context; no separate budget ladder in semantic table",Soft-clipped R2 (percentage scale),matched,aggregate_metric,favorable,No,No,No,Descriptive point-estimate advantage for intended arm.,Does not identify intended–wrong content sensitivity for the frozen scope.,"Does not identify predictive utility of the tested component, irrespective of the performance gap.",not_reported,"C08_main.pdf Table 2 semantic block, p.9","Official C08 §5.1 p.8, Table 2 bottom semantic block p.9, Appendix A.4/Figures 9–10 pp.27–28; supplied contextab.pdf has different pagination."
O0471,C08-B,ConTextTab,LLM-derived cell-feature semantic channel conditional on encoder setup,CARTE benchmark aggregate,semantic ablation evaluations,Pairwise win ratio (each arm over the other),matched,pairwise_summary,favorable,No,No,No,Descriptive point-estimate advantage for intended arm.,Does not identify intended–wrong content sensitivity for the frozen scope.,"Does not identify predictive utility of the tested component, irrespective of the performance gap.",Two-sided Wilcoxon signed-rank p=0.00 (rounded as printed; not exact zero),"C08_main.pdf Appendix A.4 Figure 9(a,b), p.27","Official C08 §5.1 p.8, Table 2 bottom semantic block p.9, Appendix A.4/Figures 9–10 pp.27–28; supplied contextab.pdf has different pagination."
O0472,C08-B,ConTextTab,LLM-derived cell-feature semantic channel conditional on encoder setup,OML-CC18,semantic block not evaluated,All metric cells N/A,matched,not_applicable,unavailable,No,No,No,No published evaluation for this benchmark in the semantic block.,No directional content-sensitivity conclusion from this row.,No directional utility conclusion from this row.,not_reported,"C08_main.pdf Table 2 semantic block, p.9","Official C08 §5.1 p.8, Table 2 bottom semantic block p.9, Appendix A.4/Figures 9–10 pp.27–28; supplied contextab.pdf has different pagination."
O0473,C08-B,ConTextTab,LLM-derived cell-feature semantic channel conditional on encoder setup,OML-CTR23,semantic block not evaluated,All metric cells N/A,matched,not_applicable,unavailable,No,No,No,No published evaluation for this benchmark in the semantic block.,No directional content-sensitivity conclusion from this row.,No directional utility conclusion from this row.,not_reported,"C08_main.pdf Table 2 semantic block, p.9","Official C08 §5.1 p.8, Table 2 bottom semantic block p.9, Appendix A.4/Figures 9–10 pp.27–28; supplied contextab.pdf has different pagination."
O0474,C08-B,ConTextTab,LLM-derived cell-feature semantic channel conditional on encoder setup,TabReD,semantic block not evaluated,All metric cells N/A,matched,not_applicable,unavailable,No,No,No,No published evaluation for this benchmark in the semantic block.,No directional content-sensitivity conclusion from this row.,No directional utility conclusion from this row.,not_reported,"C08_main.pdf Table 2 semantic block, p.9","Official C08 §5.1 p.8, Table 2 bottom semantic block p.9, Appendix A.4/Figures 9–10 pp.27–28; supplied contextab.pdf has different pagination."
O0475,C08-B,ConTextTab,LLM-derived cell-feature semantic channel conditional on encoder setup,TALENT-Tiny,semantic block not evaluated,All metric cells N/A,matched,not_applicable,unavailable,No,No,No,No published evaluation for this benchmark in the semantic block.,No directional content-sensitivity conclusion from this row.,No directional utility conclusion from this row.,not_reported,"C08_main.pdf Table 2 semantic block, p.9","Official C08 §5.1 p.8, Table 2 bottom semantic block p.9, Appendix A.4/Figures 9–10 pp.27–28; supplied contextab.pdf has different pagination."
O0476,C08-C,ConTextTab,LLM-derived cell-feature semantic channel conditional on encoder setup,All semantic ablation aggregate,"§5/§5.1: fixed test split, default context; no separate budget ladder in semantic table",Average rank,matched,duplicate,favorable,No,No,No,Descriptive point-estimate advantage for intended arm.,Does not identify intended–wrong content sensitivity for the frozen scope.,"Does not identify predictive utility of the tested component, irrespective of the performance gap.",not_reported,"C08_main.pdf Table 2 semantic block, p.9","Official C08 §5.1 p.8, Table 2 bottom semantic block p.9, Appendix A.4/Figures 9–10 pp.27–28; supplied contextab.pdf has different pagination."
O0477,C08-C,ConTextTab,LLM-derived cell-feature semantic channel conditional on encoder setup,CARTE semantic ablation aggregate,"§5/§5.1: fixed test split, default context; no separate budget ladder in semantic table",Average rank,matched,aggregate_metric,favorable,No,No,No,Descriptive point-estimate advantage for intended arm.,Does not identify intended–wrong content sensitivity for the frozen scope.,"Does not identify predictive utility of the tested component, irrespective of the performance gap.",not_reported,"C08_main.pdf Table 2 semantic block, p.9","Official C08 §5.1 p.8, Table 2 bottom semantic block p.9, Appendix A.4/Figures 9–10 pp.27–28; supplied contextab.pdf has different pagination."
O0478,C08-C,ConTextTab,LLM-derived cell-feature semantic channel conditional on encoder setup,CARTE benchmark aggregate,"§5/§5.1: fixed test split, default context; no separate budget ladder in semantic table",Accuracy (percentage scale),matched,aggregate_metric,favorable,No,No,No,Descriptive point-estimate advantage for intended arm.,Does not identify intended–wrong content sensitivity for the frozen scope.,"Does not identify predictive utility of the tested component, irrespective of the performance gap.",not_reported,"C08_main.pdf Table 2 semantic block, p.9","Official C08 §5.1 p.8, Table 2 bottom semantic block p.9, Appendix A.4/Figures 9–10 pp.27–28; supplied contextab.pdf has different pagination."
O0479,C08-C,ConTextTab,LLM-derived cell-feature semantic channel conditional on encoder setup,CARTE benchmark aggregate,"§5/§5.1: fixed test split, default context; no separate budget ladder in semantic table",Soft-clipped R2 (percentage scale),matched,aggregate_metric,favorable,No,No,No,Descriptive point-estimate advantage for intended arm.,Does not identify intended–wrong content sensitivity for the frozen scope.,"Does not identify predictive utility of the tested component, irrespective of the performance gap.",not_reported,"C08_main.pdf Table 2 semantic block, p.9","Official C08 §5.1 p.8, Table 2 bottom semantic block p.9, Appendix A.4/Figures 9–10 pp.27–28; supplied contextab.pdf has different pagination."
O0480,C08-C,ConTextTab,LLM-derived cell-feature semantic channel conditional on encoder setup,CARTE benchmark aggregate,semantic ablation evaluations,Pairwise win ratio (each arm over the other),matched,pairwise_summary,favorable,No,No,No,Descriptive point-estimate advantage for intended arm.,Does not identify intended–wrong content sensitivity for the frozen scope.,"Does not identify predictive utility of the tested component, irrespective of the performance gap.",Two-sided Wilcoxon signed-rank p=0.00 (rounded as printed; not exact zero),"C08_main.pdf Appendix A.4 Figure 9(a,b), p.27","Official C08 §5.1 p.8, Table 2 bottom semantic block p.9, Appendix A.4/Figures 9–10 pp.27–28; supplied contextab.pdf has different pagination."
O0481,C08-C,ConTextTab,LLM-derived cell-feature semantic channel conditional on encoder setup,OML-CC18,semantic block not evaluated,All metric cells N/A,matched,not_applicable,unavailable,No,No,No,No published evaluation for this benchmark in the semantic block.,No directional content-sensitivity conclusion from this row.,No directional utility conclusion from this row.,not_reported,"C08_main.pdf Table 2 semantic block, p.9","Official C08 §5.1 p.8, Table 2 bottom semantic block p.9, Appendix A.4/Figures 9–10 pp.27–28; supplied contextab.pdf has different pagination."
O0482,C08-C,ConTextTab,LLM-derived cell-feature semantic channel conditional on encoder setup,OML-CTR23,semantic block not evaluated,All metric cells N/A,matched,not_applicable,unavailable,No,No,No,No published evaluation for this benchmark in the semantic block.,No directional content-sensitivity conclusion from this row.,No directional utility conclusion from this row.,not_reported,"C08_main.pdf Table 2 semantic block, p.9","Official C08 §5.1 p.8, Table 2 bottom semantic block p.9, Appendix A.4/Figures 9–10 pp.27–28; supplied contextab.pdf has different pagination."
O0483,C08-C,ConTextTab,LLM-derived cell-feature semantic channel conditional on encoder setup,TabReD,semantic block not evaluated,All metric cells N/A,matched,not_applicable,unavailable,No,No,No,No published evaluation for this benchmark in the semantic block.,No directional content-sensitivity conclusion from this row.,No directional utility conclusion from this row.,not_reported,"C08_main.pdf Table 2 semantic block, p.9","Official C08 §5.1 p.8, Table 2 bottom semantic block p.9, Appendix A.4/Figures 9–10 pp.27–28; supplied contextab.pdf has different pagination."
O0484,C08-C,ConTextTab,LLM-derived cell-feature semantic channel conditional on encoder setup,TALENT-Tiny,semantic block not evaluated,All metric cells N/A,matched,not_applicable,unavailable,No,No,No,No published evaluation for this benchmark in the semantic block.,No directional content-sensitivity conclusion from this row.,No directional utility conclusion from this row.,not_reported,"C08_main.pdf Table 2 semantic block, p.9","Official C08 §5.1 p.8, Table 2 bottom semantic block p.9, Appendix A.4/Figures 9–10 pp.27–28; supplied contextab.pdf has different pagination."
O0485,C08-D,ConTextTab,LLM-derived cell-feature semantic channel conditional on encoder setup,All semantic ablation aggregate,"§5/§5.1: fixed test split, default context; no separate budget ladder in semantic table",Average rank,matched,duplicate,favorable,No,No,No,Descriptive point-estimate advantage for intended arm.,Does not identify intended–wrong content sensitivity for the frozen scope.,"Does not identify predictive utility of the tested component, irrespective of the performance gap.",not_reported,"C08_main.pdf Table 2 semantic block, p.9","Official C08 §5.1 p.8, Table 2 bottom semantic block p.9, Appendix A.4/Figures 9–10 pp.27–28; supplied contextab.pdf has different pagination."
O0486,C08-D,ConTextTab,LLM-derived cell-feature semantic channel conditional on encoder setup,CARTE semantic ablation aggregate,"§5/§5.1: fixed test split, default context; no separate budget ladder in semantic table",Average rank,matched,aggregate_metric,favorable,No,No,No,Descriptive point-estimate advantage for intended arm.,Does not identify intended–wrong content sensitivity for the frozen scope.,"Does not identify predictive utility of the tested component, irrespective of the performance gap.",not_reported,"C08_main.pdf Table 2 semantic block, p.9","Official C08 §5.1 p.8, Table 2 bottom semantic block p.9, Appendix A.4/Figures 9–10 pp.27–28; supplied contextab.pdf has different pagination."
O0487,C08-D,ConTextTab,LLM-derived cell-feature semantic channel conditional on encoder setup,CARTE benchmark aggregate,"§5/§5.1: fixed test split, default context; no separate budget ladder in semantic table",Accuracy (percentage scale),matched,aggregate_metric,favorable,No,No,No,Descriptive point-estimate advantage for intended arm.,Does not identify intended–wrong content sensitivity for the frozen scope.,"Does not identify predictive utility of the tested component, irrespective of the performance gap.",not_reported,"C08_main.pdf Table 2 semantic block, p.9","Official C08 §5.1 p.8, Table 2 bottom semantic block p.9, Appendix A.4/Figures 9–10 pp.27–28; supplied contextab.pdf has different pagination."
O0488,C08-D,ConTextTab,LLM-derived cell-feature semantic channel conditional on encoder setup,CARTE benchmark aggregate,"§5/§5.1: fixed test split, default context; no separate budget ladder in semantic table",Soft-clipped R2 (percentage scale),matched,aggregate_metric,favorable,No,No,No,Descriptive point-estimate advantage for intended arm.,Does not identify intended–wrong content sensitivity for the frozen scope.,"Does not identify predictive utility of the tested component, irrespective of the performance gap.",not_reported,"C08_main.pdf Table 2 semantic block, p.9","Official C08 §5.1 p.8, Table 2 bottom semantic block p.9, Appendix A.4/Figures 9–10 pp.27–28; supplied contextab.pdf has different pagination."
O0489,C08-D,ConTextTab,LLM-derived cell-feature semantic channel conditional on encoder setup,CARTE benchmark aggregate,semantic ablation evaluations,Pairwise win ratio (each arm over the other),matched,pairwise_summary,favorable,No,No,No,Descriptive point-estimate advantage for intended arm.,Does not identify intended–wrong content sensitivity for the frozen scope.,"Does not identify predictive utility of the tested component, irrespective of the performance gap.",Two-sided Wilcoxon signed-rank p=0.00 (rounded as printed; not exact zero),"C08_main.pdf Appendix A.4 Figure 9(a,b), p.27","Official C08 §5.1 p.8, Table 2 bottom semantic block p.9, Appendix A.4/Figures 9–10 pp.27–28; supplied contextab.pdf has different pagination."
O0490,C08-D,ConTextTab,LLM-derived cell-feature semantic channel conditional on encoder setup,OML-CC18,semantic block not evaluated,All metric cells N/A,matched,not_applicable,unavailable,No,No,No,No published evaluation for this benchmark in the semantic block.,No directional content-sensitivity conclusion from this row.,No directional utility conclusion from this row.,not_reported,"C08_main.pdf Table 2 semantic block, p.9","Official C08 §5.1 p.8, Table 2 bottom semantic block p.9, Appendix A.4/Figures 9–10 pp.27–28; supplied contextab.pdf has different pagination."
O0491,C08-D,ConTextTab,LLM-derived cell-feature semantic channel conditional on encoder setup,OML-CTR23,semantic block not evaluated,All metric cells N/A,matched,not_applicable,unavailable,No,No,No,No published evaluation for this benchmark in the semantic block.,No directional content-sensitivity conclusion from this row.,No directional utility conclusion from this row.,not_reported,"C08_main.pdf Table 2 semantic block, p.9","Official C08 §5.1 p.8, Table 2 bottom semantic block p.9, Appendix A.4/Figures 9–10 pp.27–28; supplied contextab.pdf has different pagination."
O0492,C08-D,ConTextTab,LLM-derived cell-feature semantic channel conditional on encoder setup,TabReD,semantic block not evaluated,All metric cells N/A,matched,not_applicable,unavailable,No,No,No,No published evaluation for this benchmark in the semantic block.,No directional content-sensitivity conclusion from this row.,No directional utility conclusion from this row.,not_reported,"C08_main.pdf Table 2 semantic block, p.9","Official C08 §5.1 p.8, Table 2 bottom semantic block p.9, Appendix A.4/Figures 9–10 pp.27–28; supplied contextab.pdf has different pagination."
O0493,C08-D,ConTextTab,LLM-derived cell-feature semantic channel conditional on encoder setup,TALENT-Tiny,semantic block not evaluated,All metric cells N/A,matched,not_applicable,unavailable,No,No,No,No published evaluation for this benchmark in the semantic block.,No directional content-sensitivity conclusion from this row.,No directional utility conclusion from this row.,not_reported,"C08_main.pdf Table 2 semantic block, p.9","Official C08 §5.1 p.8, Table 2 bottom semantic block p.9, Appendix A.4/Figures 9–10 pp.27–28; supplied contextab.pdf has different pagination."
O0494,C08-E,ConTextTab,Supplied column-name semantic content,All semantic ablation aggregate,"§5/§5.1: fixed test split, default context; no separate budget ladder in semantic table",Average rank,matched,duplicate,favorable,Yes,No,Yes,Descriptive point-estimate advantage for intended arm.,Does not identify intended–wrong content sensitivity for the frozen scope.,Positive predictive utility for the frozen scope and reported regime; descriptive estimate; significance only as separately reported.,not_reported,"C08_main.pdf Table 2 semantic block, p.9","Official C08 §5.1 p.8, Table 2 bottom semantic block p.9, Appendix A.4/Figures 9–10 pp.27–28; supplied contextab.pdf has different pagination."
O0495,C08-E,ConTextTab,Supplied column-name semantic content,CARTE semantic ablation aggregate,"§5/§5.1: fixed test split, default context; no separate budget ladder in semantic table",Average rank,matched,aggregate_metric,favorable,Yes,No,Yes,Descriptive point-estimate advantage for intended arm.,Does not identify intended–wrong content sensitivity for the frozen scope.,Positive predictive utility for the frozen scope and reported regime; descriptive estimate; significance only as separately reported.,not_reported,"C08_main.pdf Table 2 semantic block, p.9","Official C08 §5.1 p.8, Table 2 bottom semantic block p.9, Appendix A.4/Figures 9–10 pp.27–28; supplied contextab.pdf has different pagination."
O0496,C08-E,ConTextTab,Supplied column-name semantic content,CARTE benchmark aggregate,"§5/§5.1: fixed test split, default context; no separate budget ladder in semantic table",Accuracy (percentage scale),matched,aggregate_metric,favorable,Yes,No,Yes,Descriptive point-estimate advantage for intended arm.,Does not identify intended–wrong content sensitivity for the frozen scope.,Positive predictive utility for the frozen scope and reported regime; descriptive estimate; significance only as separately reported.,not_reported,"C08_main.pdf Table 2 semantic block, p.9","Official C08 §5.1 p.8, Table 2 bottom semantic block p.9, Appendix A.4/Figures 9–10 pp.27–28; supplied contextab.pdf has different pagination."
O0497,C08-E,ConTextTab,Supplied column-name semantic content,CARTE benchmark aggregate,"§5/§5.1: fixed test split, default context; no separate budget ladder in semantic table",Soft-clipped R2 (percentage scale),matched,aggregate_metric,favorable,Yes,No,Yes,Descriptive point-estimate advantage for intended arm.,Does not identify intended–wrong content sensitivity for the frozen scope.,Positive predictive utility for the frozen scope and reported regime; descriptive estimate; significance only as separately reported.,not_reported,"C08_main.pdf Table 2 semantic block, p.9","Official C08 §5.1 p.8, Table 2 bottom semantic block p.9, Appendix A.4/Figures 9–10 pp.27–28; supplied contextab.pdf has different pagination."
O0498,C08-E,ConTextTab,Supplied column-name semantic content,CARTE benchmark aggregate,semantic ablation evaluations,Pairwise win ratio (each arm over the other),matched,pairwise_summary,favorable,Yes,No,Yes,Descriptive point-estimate advantage for intended arm.,Does not identify intended–wrong content sensitivity for the frozen scope.,Positive predictive utility for the frozen scope and reported regime; descriptive estimate; significance only as separately reported.,Two-sided Wilcoxon signed-rank p=0.00 (rounded as printed; not exact zero),"C08_main.pdf Appendix A.4 Figure 10(a,b), p.28","Official C08 §5.1 p.8, Table 2 bottom semantic block p.9, Appendix A.4/Figures 9–10 pp.27–28; supplied contextab.pdf has different pagination."
O0499,C08-E,ConTextTab,Supplied column-name semantic content,OML-CC18,semantic block not evaluated,All metric cells N/A,matched,not_applicable,unavailable,Yes,No,Yes,No published evaluation for this benchmark in the semantic block.,No directional content-sensitivity conclusion from this row.,No directional utility conclusion from this row.,not_reported,"C08_main.pdf Table 2 semantic block, p.9","Official C08 §5.1 p.8, Table 2 bottom semantic block p.9, Appendix A.4/Figures 9–10 pp.27–28; supplied contextab.pdf has different pagination."
O0500,C08-E,ConTextTab,Supplied column-name semantic content,OML-CTR23,semantic block not evaluated,All metric cells N/A,matched,not_applicable,unavailable,Yes,No,Yes,No published evaluation for this benchmark in the semantic block.,No directional content-sensitivity conclusion from this row.,No directional utility conclusion from this row.,not_reported,"C08_main.pdf Table 2 semantic block, p.9","Official C08 §5.1 p.8, Table 2 bottom semantic block p.9, Appendix A.4/Figures 9–10 pp.27–28; supplied contextab.pdf has different pagination."
O0501,C08-E,ConTextTab,Supplied column-name semantic content,TabReD,semantic block not evaluated,All metric cells N/A,matched,not_applicable,unavailable,Yes,No,Yes,No published evaluation for this benchmark in the semantic block.,No directional content-sensitivity conclusion from this row.,No directional utility conclusion from this row.,not_reported,"C08_main.pdf Table 2 semantic block, p.9","Official C08 §5.1 p.8, Table 2 bottom semantic block p.9, Appendix A.4/Figures 9–10 pp.27–28; supplied contextab.pdf has different pagination."
O0502,C08-E,ConTextTab,Supplied column-name semantic content,TALENT-Tiny,semantic block not evaluated,All metric cells N/A,matched,not_applicable,unavailable,Yes,No,Yes,No published evaluation for this benchmark in the semantic block.,No directional content-sensitivity conclusion from this row.,No directional utility conclusion from this row.,not_reported,"C08_main.pdf Table 2 semantic block, p.9","Official C08 §5.1 p.8, Table 2 bottom semantic block p.9, Appendix A.4/Figures 9–10 pp.27–28; supplied contextab.pdf has different pagination."
O0503,C08-F,ConTextTab,Additional generated contextual column-description content,All semantic ablation aggregate,"§5/§5.1: fixed test split, default context; no separate budget ladder in semantic table",Average rank,matched,duplicate,favorable,Unclear,No,Partial,Descriptive point-estimate advantage for intended arm.,Does not identify intended–wrong content sensitivity for the frozen scope.,Predictive utility unresolved under frozen gates; observed comparison is conditional on unresolved design requirements.,not_reported,"C08_main.pdf Table 2 semantic block, p.9","Official C08 §5.1 p.8, Table 2 bottom semantic block p.9, Appendix A.4/Figures 9–10 pp.27–28; supplied contextab.pdf has different pagination."
O0504,C08-F,ConTextTab,Additional generated contextual column-description content,CARTE semantic ablation aggregate,"§5/§5.1: fixed test split, default context; no separate budget ladder in semantic table",Average rank,matched,aggregate_metric,favorable,Unclear,No,Partial,Descriptive point-estimate advantage for intended arm.,Does not identify intended–wrong content sensitivity for the frozen scope.,Predictive utility unresolved under frozen gates; observed comparison is conditional on unresolved design requirements.,not_reported,"C08_main.pdf Table 2 semantic block, p.9","Official C08 §5.1 p.8, Table 2 bottom semantic block p.9, Appendix A.4/Figures 9–10 pp.27–28; supplied contextab.pdf has different pagination."
O0505,C08-F,ConTextTab,Additional generated contextual column-description content,CARTE benchmark aggregate,"§5/§5.1: fixed test split, default context; no separate budget ladder in semantic table",Accuracy (percentage scale),matched,aggregate_metric,equal_at_printed_precision,Unclear,No,Partial,Equal printed point estimates; no equivalence or zero-effect conclusion.,Does not identify intended–wrong content sensitivity for the frozen scope.,Predictive utility unresolved under frozen gates; observed comparison is conditional on unresolved design requirements.,not_reported,"C08_main.pdf Table 2 semantic block, p.9","Official C08 §5.1 p.8, Table 2 bottom semantic block p.9, Appendix A.4/Figures 9–10 pp.27–28; supplied contextab.pdf has different pagination."
O0506,C08-F,ConTextTab,Additional generated contextual column-description content,CARTE benchmark aggregate,"§5/§5.1: fixed test split, default context; no separate budget ladder in semantic table",Soft-clipped R2 (percentage scale),matched,aggregate_metric,equal_at_printed_precision,Unclear,No,Partial,Equal printed point estimates; no equivalence or zero-effect conclusion.,Does not identify intended–wrong content sensitivity for the frozen scope.,Predictive utility unresolved under frozen gates; observed comparison is conditional on unresolved design requirements.,not_reported,"C08_main.pdf Table 2 semantic block, p.9","Official C08 §5.1 p.8, Table 2 bottom semantic block p.9, Appendix A.4/Figures 9–10 pp.27–28; supplied contextab.pdf has different pagination."
O0507,C08-F,ConTextTab,Additional generated contextual column-description content,CARTE benchmark aggregate,semantic ablation evaluations,Pairwise win ratio (each arm over the other),matched,pairwise_summary,favorable,Unclear,No,Partial,Descriptive point-estimate advantage for intended arm.,Does not identify intended–wrong content sensitivity for the frozen scope.,Predictive utility unresolved under frozen gates; observed comparison is conditional on unresolved design requirements.,Two-sided Wilcoxon signed-rank p=0.40 (printed),"C08_main.pdf Appendix A.4 Figure 10(a,b), p.28","Official C08 §5.1 p.8, Table 2 bottom semantic block p.9, Appendix A.4/Figures 9–10 pp.27–28; supplied contextab.pdf has different pagination."
O0508,C08-F,ConTextTab,Additional generated contextual column-description content,OML-CC18,semantic block not evaluated,All metric cells N/A,matched,not_applicable,unavailable,Unclear,No,Partial,No published evaluation for this benchmark in the semantic block.,No directional content-sensitivity conclusion from this row.,No directional utility conclusion from this row.,not_reported,"C08_main.pdf Table 2 semantic block, p.9","Official C08 §5.1 p.8, Table 2 bottom semantic block p.9, Appendix A.4/Figures 9–10 pp.27–28; supplied contextab.pdf has different pagination."
O0509,C08-F,ConTextTab,Additional generated contextual column-description content,OML-CTR23,semantic block not evaluated,All metric cells N/A,matched,not_applicable,unavailable,Unclear,No,Partial,No published evaluation for this benchmark in the semantic block.,No directional content-sensitivity conclusion from this row.,No directional utility conclusion from this row.,not_reported,"C08_main.pdf Table 2 semantic block, p.9","Official C08 §5.1 p.8, Table 2 bottom semantic block p.9, Appendix A.4/Figures 9–10 pp.27–28; supplied contextab.pdf has different pagination."
O0510,C08-F,ConTextTab,Additional generated contextual column-description content,TabReD,semantic block not evaluated,All metric cells N/A,matched,not_applicable,unavailable,Unclear,No,Partial,No published evaluation for this benchmark in the semantic block.,No directional content-sensitivity conclusion from this row.,No directional utility conclusion from this row.,not_reported,"C08_main.pdf Table 2 semantic block, p.9","Official C08 §5.1 p.8, Table 2 bottom semantic block p.9, Appendix A.4/Figures 9–10 pp.27–28; supplied contextab.pdf has different pagination."
O0511,C08-F,ConTextTab,Additional generated contextual column-description content,TALENT-Tiny,semantic block not evaluated,All metric cells N/A,matched,not_applicable,unavailable,Unclear,No,Partial,No published evaluation for this benchmark in the semantic block.,No directional content-sensitivity conclusion from this row.,No directional utility conclusion from this row.,not_reported,"C08_main.pdf Table 2 semantic block, p.9","Official C08 §5.1 p.8, Table 2 bottom semantic block p.9, Appendix A.4/Figures 9–10 pp.27–28; supplied contextab.pdf has different pagination."
O0512,C09-A,TabSTAR,Explicit quantile text conditional on name-plus-bin verbalization,C01,Q3: up to 10K examples; Appendix G.4,AUROC (printed percentage scale),matched,primary,adverse,Yes,No,Yes,Descriptive point-estimate disadvantage for intended arm.,Does not identify intended–wrong content sensitivity for the frozen scope.,Negative intended-minus-reference utility estimate for this scope/regime; no general benefit claim.,not_reported,"C09_main.pdf Appendix G.4 Table 32, p.54","Official C09 §4/A.1, §6 Q3 p.9/Table 4 p.10, Appendix G.4/Tables 31–32 pp.53–54; supplied tabstar.pdf has different pagination."
O0513,C09-B,TabSTAR,Explicit bin/quantile numeric content in verbalization conditional on the numerical branch,C01,Q3: up to 10K examples; Appendix G.4,AUROC (printed percentage scale),matched,primary,equal_at_printed_precision,Yes,No,Yes,Equal printed point estimates; no equivalence or zero-effect conclusion.,Does not identify intended–wrong content sensitivity for the frozen scope.,No positive utility established by this row; equality/similarity does not establish zero utility.,not_reported,"C09_main.pdf Appendix G.4 Table 32, p.54","Official C09 §4/A.1, §6 Q3 p.9/Table 4 p.10, Appendix G.4/Tables 31–32 pp.53–54; supplied tabstar.pdf has different pagination."
O0514,C09-A,TabSTAR,Explicit quantile text conditional on name-plus-bin verbalization,C02,Q3: up to 10K examples; Appendix G.4,AUROC (printed percentage scale),matched,primary,favorable,Yes,No,Yes,Descriptive point-estimate advantage for intended arm.,Does not identify intended–wrong content sensitivity for the frozen scope.,Positive predictive utility for the frozen scope and reported regime; descriptive estimate; significance only as separately reported.,not_reported,"C09_main.pdf Appendix G.4 Table 32, p.54","Official C09 §4/A.1, §6 Q3 p.9/Table 4 p.10, Appendix G.4/Tables 31–32 pp.53–54; supplied tabstar.pdf has different pagination."
O0515,C09-B,TabSTAR,Explicit bin/quantile numeric content in verbalization conditional on the numerical branch,C02,Q3: up to 10K examples; Appendix G.4,AUROC (printed percentage scale),matched,primary,equal_at_printed_precision,Yes,No,Yes,Equal printed point estimates; no equivalence or zero-effect conclusion.,Does not identify intended–wrong content sensitivity for the frozen scope.,No positive utility established by this row; equality/similarity does not establish zero utility.,not_reported,"C09_main.pdf Appendix G.4 Table 32, p.54","Official C09 §4/A.1, §6 Q3 p.9/Table 4 p.10, Appendix G.4/Tables 31–32 pp.53–54; supplied tabstar.pdf has different pagination."
O0516,C09-A,TabSTAR,Explicit quantile text conditional on name-plus-bin verbalization,C03,Q3: up to 10K examples; Appendix G.4,AUROC (printed percentage scale),matched,primary,adverse,Yes,No,Yes,Descriptive point-estimate disadvantage for intended arm.,Does not identify intended–wrong content sensitivity for the frozen scope.,Negative intended-minus-reference utility estimate for this scope/regime; no general benefit claim.,not_reported,"C09_main.pdf Appendix G.4 Table 32, p.54","Official C09 §4/A.1, §6 Q3 p.9/Table 4 p.10, Appendix G.4/Tables 31–32 pp.53–54; supplied tabstar.pdf has different pagination."
O0517,C09-B,TabSTAR,Explicit bin/quantile numeric content in verbalization conditional on the numerical branch,C03,Q3: up to 10K examples; Appendix G.4,AUROC (printed percentage scale),matched,primary,adverse,Yes,No,Yes,Descriptive point-estimate disadvantage for intended arm.,Does not identify intended–wrong content sensitivity for the frozen scope.,Negative intended-minus-reference utility estimate for this scope/regime; no general benefit claim.,not_reported,"C09_main.pdf Appendix G.4 Table 32, p.54","Official C09 §4/A.1, §6 Q3 p.9/Table 4 p.10, Appendix G.4/Tables 31–32 pp.53–54; supplied tabstar.pdf has different pagination."
O0518,C09-A,TabSTAR,Explicit quantile text conditional on name-plus-bin verbalization,C05,Q3: up to 10K examples; Appendix G.4,AUROC (printed percentage scale),matched,primary,favorable,Yes,No,Yes,Descriptive point-estimate advantage for intended arm.,Does not identify intended–wrong content sensitivity for the frozen scope.,Positive predictive utility for the frozen scope and reported regime; descriptive estimate; significance only as separately reported.,not_reported,"C09_main.pdf Appendix G.4 Table 32, p.54","Official C09 §4/A.1, §6 Q3 p.9/Table 4 p.10, Appendix G.4/Tables 31–32 pp.53–54; supplied tabstar.pdf has different pagination."
O0519,C09-B,TabSTAR,Explicit bin/quantile numeric content in verbalization conditional on the numerical branch,C05,Q3: up to 10K examples; Appendix G.4,AUROC (printed percentage scale),matched,primary,favorable,Yes,No,Yes,Descriptive point-estimate advantage for intended arm.,Does not identify intended–wrong content sensitivity for the frozen scope.,Positive predictive utility for the frozen scope and reported regime; descriptive estimate; significance only as separately reported.,not_reported,"C09_main.pdf Appendix G.4 Table 32, p.54","Official C09 §4/A.1, §6 Q3 p.9/Table 4 p.10, Appendix G.4/Tables 31–32 pp.53–54; supplied tabstar.pdf has different pagination."
O0520,C09-A,TabSTAR,Explicit quantile text conditional on name-plus-bin verbalization,C07,Q3: up to 10K examples; Appendix G.4,AUROC (printed percentage scale),matched,primary,adverse,Yes,No,Yes,Descriptive point-estimate disadvantage for intended arm.,Does not identify intended–wrong content sensitivity for the frozen scope.,Negative intended-minus-reference utility estimate for this scope/regime; no general benefit claim.,not_reported,"C09_main.pdf Appendix G.4 Table 32, p.54","Official C09 §4/A.1, §6 Q3 p.9/Table 4 p.10, Appendix G.4/Tables 31–32 pp.53–54; supplied tabstar.pdf has different pagination."
O0521,C09-B,TabSTAR,Explicit bin/quantile numeric content in verbalization conditional on the numerical branch,C07,Q3: up to 10K examples; Appendix G.4,AUROC (printed percentage scale),matched,primary,favorable,Yes,No,Yes,Descriptive point-estimate advantage for intended arm.,Does not identify intended–wrong content sensitivity for the frozen scope.,Positive predictive utility for the frozen scope and reported regime; descriptive estimate; significance only as separately reported.,not_reported,"C09_main.pdf Appendix G.4 Table 32, p.54","Official C09 §4/A.1, §6 Q3 p.9/Table 4 p.10, Appendix G.4/Tables 31–32 pp.53–54; supplied tabstar.pdf has different pagination."
O0522,C09-A,TabSTAR,Explicit quantile text conditional on name-plus-bin verbalization,C11,Q3: up to 10K examples; Appendix G.4,AUROC (printed percentage scale),matched,primary,favorable,Yes,No,Yes,Descriptive point-estimate advantage for intended arm.,Does not identify intended–wrong content sensitivity for the frozen scope.,Positive predictive utility for the frozen scope and reported regime; descriptive estimate; significance only as separately reported.,not_reported,"C09_main.pdf Appendix G.4 Table 32, p.54","Official C09 §4/A.1, §6 Q3 p.9/Table 4 p.10, Appendix G.4/Tables 31–32 pp.53–54; supplied tabstar.pdf has different pagination."
O0523,C09-B,TabSTAR,Explicit bin/quantile numeric content in verbalization conditional on the numerical branch,C11,Q3: up to 10K examples; Appendix G.4,AUROC (printed percentage scale),matched,primary,favorable,Yes,No,Yes,Descriptive point-estimate advantage for intended arm.,Does not identify intended–wrong content sensitivity for the frozen scope.,Positive predictive utility for the frozen scope and reported regime; descriptive estimate; significance only as separately reported.,not_reported,"C09_main.pdf Appendix G.4 Table 32, p.54","Official C09 §4/A.1, §6 Q3 p.9/Table 4 p.10, Appendix G.4/Tables 31–32 pp.53–54; supplied tabstar.pdf has different pagination."
O0524,C09-A,TabSTAR,Explicit quantile text conditional on name-plus-bin verbalization,C12,Q3: up to 10K examples; Appendix G.4,AUROC (printed percentage scale),matched,primary,adverse,Yes,No,Yes,Descriptive point-estimate disadvantage for intended arm.,Does not identify intended–wrong content sensitivity for the frozen scope.,Negative intended-minus-reference utility estimate for this scope/regime; no general benefit claim.,not_reported,"C09_main.pdf Appendix G.4 Table 32, p.54","Official C09 §4/A.1, §6 Q3 p.9/Table 4 p.10, Appendix G.4/Tables 31–32 pp.53–54; supplied tabstar.pdf has different pagination."
O0525,C09-B,TabSTAR,Explicit bin/quantile numeric content in verbalization conditional on the numerical branch,C12,Q3: up to 10K examples; Appendix G.4,AUROC (printed percentage scale),matched,primary,favorable,Yes,No,Yes,Descriptive point-estimate advantage for intended arm.,Does not identify intended–wrong content sensitivity for the frozen scope.,Positive predictive utility for the frozen scope and reported regime; descriptive estimate; significance only as separately reported.,not_reported,"C09_main.pdf Appendix G.4 Table 32, p.54","Official C09 §4/A.1, §6 Q3 p.9/Table 4 p.10, Appendix G.4/Tables 31–32 pp.53–54; supplied tabstar.pdf has different pagination."
O0526,C09-A,TabSTAR,Explicit quantile text conditional on name-plus-bin verbalization,C13,Q3: up to 10K examples; Appendix G.4,AUROC (printed percentage scale),matched,primary,favorable,Yes,No,Yes,Descriptive point-estimate advantage for intended arm.,Does not identify intended–wrong content sensitivity for the frozen scope.,Positive predictive utility for the frozen scope and reported regime; descriptive estimate; significance only as separately reported.,not_reported,"C09_main.pdf Appendix G.4 Table 32, p.54","Official C09 §4/A.1, §6 Q3 p.9/Table 4 p.10, Appendix G.4/Tables 31–32 pp.53–54; supplied tabstar.pdf has different pagination."
O0527,C09-B,TabSTAR,Explicit bin/quantile numeric content in verbalization conditional on the numerical branch,C13,Q3: up to 10K examples; Appendix G.4,AUROC (printed percentage scale),matched,primary,favorable,Yes,No,Yes,Descriptive point-estimate advantage for intended arm.,Does not identify intended–wrong content sensitivity for the frozen scope.,Positive predictive utility for the frozen scope and reported regime; descriptive estimate; significance only as separately reported.,not_reported,"C09_main.pdf Appendix G.4 Table 32, p.54","Official C09 §4/A.1, §6 Q3 p.9/Table 4 p.10, Appendix G.4/Tables 31–32 pp.53–54; supplied tabstar.pdf has different pagination."
O0528,C09-A,TabSTAR,Explicit quantile text conditional on name-plus-bin verbalization,R02,Q3: up to 10K examples; Appendix G.4,R2 (printed percentage scale),matched,primary,adverse,Yes,No,Yes,Descriptive point-estimate disadvantage for intended arm.,Does not identify intended–wrong content sensitivity for the frozen scope.,Negative intended-minus-reference utility estimate for this scope/regime; no general benefit claim.,not_reported,"C09_main.pdf Appendix G.4 Table 32, p.54","Official C09 §4/A.1, §6 Q3 p.9/Table 4 p.10, Appendix G.4/Tables 31–32 pp.53–54; supplied tabstar.pdf has different pagination."
O0529,C09-B,TabSTAR,Explicit bin/quantile numeric content in verbalization conditional on the numerical branch,R02,Q3: up to 10K examples; Appendix G.4,R2 (printed percentage scale),matched,primary,adverse,Yes,No,Yes,Descriptive point-estimate disadvantage for intended arm.,Does not identify intended–wrong content sensitivity for the frozen scope.,Negative intended-minus-reference utility estimate for this scope/regime; no general benefit claim.,not_reported,"C09_main.pdf Appendix G.4 Table 32, p.54","Official C09 §4/A.1, §6 Q3 p.9/Table 4 p.10, Appendix G.4/Tables 31–32 pp.53–54; supplied tabstar.pdf has different pagination."
O0530,C09-A,TabSTAR,Explicit quantile text conditional on name-plus-bin verbalization,R03,Q3: up to 10K examples; Appendix G.4,R2 (printed percentage scale),matched,primary,adverse,Yes,No,Yes,Descriptive point-estimate disadvantage for intended arm.,Does not identify intended–wrong content sensitivity for the frozen scope.,Negative intended-minus-reference utility estimate for this scope/regime; no general benefit claim.,not_reported,"C09_main.pdf Appendix G.4 Table 32, p.54","Official C09 §4/A.1, §6 Q3 p.9/Table 4 p.10, Appendix G.4/Tables 31–32 pp.53–54; supplied tabstar.pdf has different pagination."
O0531,C09-B,TabSTAR,Explicit bin/quantile numeric content in verbalization conditional on the numerical branch,R03,Q3: up to 10K examples; Appendix G.4,R2 (printed percentage scale),matched,primary,favorable,Yes,No,Yes,Descriptive point-estimate advantage for intended arm.,Does not identify intended–wrong content sensitivity for the frozen scope.,Positive predictive utility for the frozen scope and reported regime; descriptive estimate; significance only as separately reported.,not_reported,"C09_main.pdf Appendix G.4 Table 32, p.54","Official C09 §4/A.1, §6 Q3 p.9/Table 4 p.10, Appendix G.4/Tables 31–32 pp.53–54; supplied tabstar.pdf has different pagination."
O0532,C09-A,TabSTAR,Explicit quantile text conditional on name-plus-bin verbalization,R05,Q3: up to 10K examples; Appendix G.4,R2 (printed percentage scale),matched,primary,adverse,Yes,No,Yes,Descriptive point-estimate disadvantage for intended arm.,Does not identify intended–wrong content sensitivity for the frozen scope.,Negative intended-minus-reference utility estimate for this scope/regime; no general benefit claim.,not_reported,"C09_main.pdf Appendix G.4 Table 32, p.54","Official C09 §4/A.1, §6 Q3 p.9/Table 4 p.10, Appendix G.4/Tables 31–32 pp.53–54; supplied tabstar.pdf has different pagination."
O0533,C09-B,TabSTAR,Explicit bin/quantile numeric content in verbalization conditional on the numerical branch,R05,Q3: up to 10K examples; Appendix G.4,R2 (printed percentage scale),matched,primary,equal_at_printed_precision,Yes,No,Yes,Equal printed point estimates; no equivalence or zero-effect conclusion.,Does not identify intended–wrong content sensitivity for the frozen scope.,No positive utility established by this row; equality/similarity does not establish zero utility.,not_reported,"C09_main.pdf Appendix G.4 Table 32, p.54","Official C09 §4/A.1, §6 Q3 p.9/Table 4 p.10, Appendix G.4/Tables 31–32 pp.53–54; supplied tabstar.pdf has different pagination."
O0534,C09-A,TabSTAR,Explicit quantile text conditional on name-plus-bin verbalization,R09,Q3: up to 10K examples; Appendix G.4,R2 (printed percentage scale),matched,primary,favorable,Yes,No,Yes,Descriptive point-estimate advantage for intended arm.,Does not identify intended–wrong content sensitivity for the frozen scope.,Positive predictive utility for the frozen scope and reported regime; descriptive estimate; significance only as separately reported.,not_reported,"C09_main.pdf Appendix G.4 Table 32, p.54","Official C09 §4/A.1, §6 Q3 p.9/Table 4 p.10, Appendix G.4/Tables 31–32 pp.53–54; supplied tabstar.pdf has different pagination."
O0535,C09-B,TabSTAR,Explicit bin/quantile numeric content in verbalization conditional on the numerical branch,R09,Q3: up to 10K examples; Appendix G.4,R2 (printed percentage scale),matched,primary,favorable,Yes,No,Yes,Descriptive point-estimate advantage for intended arm.,Does not identify intended–wrong content sensitivity for the frozen scope.,Positive predictive utility for the frozen scope and reported regime; descriptive estimate; significance only as separately reported.,not_reported,"C09_main.pdf Appendix G.4 Table 32, p.54","Official C09 §4/A.1, §6 Q3 p.9/Table 4 p.10, Appendix G.4/Tables 31–32 pp.53–54; supplied tabstar.pdf has different pagination."
O0536,C09-A,TabSTAR,Explicit quantile text conditional on name-plus-bin verbalization,R12,Q3: up to 10K examples; Appendix G.4,R2 (printed percentage scale),matched,primary,equal_at_printed_precision,Yes,No,Yes,Equal printed point estimates; no equivalence or zero-effect conclusion.,Does not identify intended–wrong content sensitivity for the frozen scope.,No positive utility established by this row; equality/similarity does not establish zero utility.,not_reported,"C09_main.pdf Appendix G.4 Table 32, p.54","Official C09 §4/A.1, §6 Q3 p.9/Table 4 p.10, Appendix G.4/Tables 31–32 pp.53–54; supplied tabstar.pdf has different pagination."
O0537,C09-B,TabSTAR,Explicit bin/quantile numeric content in verbalization conditional on the numerical branch,R12,Q3: up to 10K examples; Appendix G.4,R2 (printed percentage scale),matched,primary,favorable,Yes,No,Yes,Descriptive point-estimate advantage for intended arm.,Does not identify intended–wrong content sensitivity for the frozen scope.,Positive predictive utility for the frozen scope and reported regime; descriptive estimate; significance only as separately reported.,not_reported,"C09_main.pdf Appendix G.4 Table 32, p.54","Official C09 §4/A.1, §6 Q3 p.9/Table 4 p.10, Appendix G.4/Tables 31–32 pp.53–54; supplied tabstar.pdf has different pagination."
O0538,C09-A,TabSTAR,Explicit quantile text conditional on name-plus-bin verbalization,R13,Q3: up to 10K examples; Appendix G.4,R2 (printed percentage scale),matched,primary,favorable,Yes,No,Yes,Descriptive point-estimate advantage for intended arm.,Does not identify intended–wrong content sensitivity for the frozen scope.,Positive predictive utility for the frozen scope and reported regime; descriptive estimate; significance only as separately reported.,not_reported,"C09_main.pdf Appendix G.4 Table 32, p.54","Official C09 §4/A.1, §6 Q3 p.9/Table 4 p.10, Appendix G.4/Tables 31–32 pp.53–54; supplied tabstar.pdf has different pagination."
O0539,C09-B,TabSTAR,Explicit bin/quantile numeric content in verbalization conditional on the numerical branch,R13,Q3: up to 10K examples; Appendix G.4,R2 (printed percentage scale),matched,primary,favorable,Yes,No,Yes,Descriptive point-estimate advantage for intended arm.,Does not identify intended–wrong content sensitivity for the frozen scope.,Positive predictive utility for the frozen scope and reported regime; descriptive estimate; significance only as separately reported.,not_reported,"C09_main.pdf Appendix G.4 Table 32, p.54","Official C09 §4/A.1, §6 Q3 p.9/Table 4 p.10, Appendix G.4/Tables 31–32 pp.53–54; supplied tabstar.pdf has different pagination."
O0540,C09-A,TabSTAR,Explicit quantile text conditional on name-plus-bin verbalization,R18,Q3: up to 10K examples; Appendix G.4,R2 (printed percentage scale),matched,primary,favorable,Yes,No,Yes,Descriptive point-estimate advantage for intended arm.,Does not identify intended–wrong content sensitivity for the frozen scope.,Positive predictive utility for the frozen scope and reported regime; descriptive estimate; significance only as separately reported.,not_reported,"C09_main.pdf Appendix G.4 Table 32, p.54","Official C09 §4/A.1, §6 Q3 p.9/Table 4 p.10, Appendix G.4/Tables 31–32 pp.53–54; supplied tabstar.pdf has different pagination."
O0541,C09-B,TabSTAR,Explicit bin/quantile numeric content in verbalization conditional on the numerical branch,R18,Q3: up to 10K examples; Appendix G.4,R2 (printed percentage scale),matched,primary,favorable,Yes,No,Yes,Descriptive point-estimate advantage for intended arm.,Does not identify intended–wrong content sensitivity for the frozen scope.,Positive predictive utility for the frozen scope and reported regime; descriptive estimate; significance only as separately reported.,not_reported,"C09_main.pdf Appendix G.4 Table 32, p.54","Official C09 §4/A.1, §6 Q3 p.9/Table 4 p.10, Appendix G.4/Tables 31–32 pp.53–54; supplied tabstar.pdf has different pagination."
O0542,C09-A,TabSTAR,Explicit quantile text conditional on name-plus-bin verbalization,R23,Q3: up to 10K examples; Appendix G.4,R2 (printed percentage scale),matched,primary,favorable,Yes,No,Yes,Descriptive point-estimate advantage for intended arm.,Does not identify intended–wrong content sensitivity for the frozen scope.,Positive predictive utility for the frozen scope and reported regime; descriptive estimate; significance only as separately reported.,not_reported,"C09_main.pdf Appendix G.4 Table 32, p.54","Official C09 §4/A.1, §6 Q3 p.9/Table 4 p.10, Appendix G.4/Tables 31–32 pp.53–54; supplied tabstar.pdf has different pagination."
O0543,C09-B,TabSTAR,Explicit bin/quantile numeric content in verbalization conditional on the numerical branch,R23,Q3: up to 10K examples; Appendix G.4,R2 (printed percentage scale),matched,primary,favorable,Yes,No,Yes,Descriptive point-estimate advantage for intended arm.,Does not identify intended–wrong content sensitivity for the frozen scope.,Positive predictive utility for the frozen scope and reported regime; descriptive estimate; significance only as separately reported.,not_reported,"C09_main.pdf Appendix G.4 Table 32, p.54","Official C09 §4/A.1, §6 Q3 p.9/Table 4 p.10, Appendix G.4/Tables 31–32 pp.53–54; supplied tabstar.pdf has different pagination."
O0544,C09-A,TabSTAR,Explicit quantile text conditional on name-plus-bin verbalization,R27,Q3: up to 10K examples; Appendix G.4,R2 (printed percentage scale),matched,primary,adverse,Yes,No,Yes,Descriptive point-estimate disadvantage for intended arm.,Does not identify intended–wrong content sensitivity for the frozen scope.,Negative intended-minus-reference utility estimate for this scope/regime; no general benefit claim.,not_reported,"C09_main.pdf Appendix G.4 Table 32, p.54","Official C09 §4/A.1, §6 Q3 p.9/Table 4 p.10, Appendix G.4/Tables 31–32 pp.53–54; supplied tabstar.pdf has different pagination."
O0545,C09-B,TabSTAR,Explicit bin/quantile numeric content in verbalization conditional on the numerical branch,R27,Q3: up to 10K examples; Appendix G.4,R2 (printed percentage scale),matched,primary,favorable,Yes,No,Yes,Descriptive point-estimate advantage for intended arm.,Does not identify intended–wrong content sensitivity for the frozen scope.,Positive predictive utility for the frozen scope and reported regime; descriptive estimate; significance only as separately reported.,not_reported,"C09_main.pdf Appendix G.4 Table 32, p.54","Official C09 §4/A.1, §6 Q3 p.9/Table 4 p.10, Appendix G.4/Tables 31–32 pp.53–54; supplied tabstar.pdf has different pagination."
O0546,C09-A,TabSTAR,Explicit quantile text conditional on name-plus-bin verbalization,R30,Q3: up to 10K examples; Appendix G.4,R2 (printed percentage scale),matched,primary,favorable,Yes,No,Yes,Descriptive point-estimate advantage for intended arm.,Does not identify intended–wrong content sensitivity for the frozen scope.,Positive predictive utility for the frozen scope and reported regime; descriptive estimate; significance only as separately reported.,not_reported,"C09_main.pdf Appendix G.4 Table 32, p.54","Official C09 §4/A.1, §6 Q3 p.9/Table 4 p.10, Appendix G.4/Tables 31–32 pp.53–54; supplied tabstar.pdf has different pagination."
O0547,C09-B,TabSTAR,Explicit bin/quantile numeric content in verbalization conditional on the numerical branch,R30,Q3: up to 10K examples; Appendix G.4,R2 (printed percentage scale),matched,primary,favorable,Yes,No,Yes,Descriptive point-estimate advantage for intended arm.,Does not identify intended–wrong content sensitivity for the frozen scope.,Positive predictive utility for the frozen scope and reported regime; descriptive estimate; significance only as separately reported.,not_reported,"C09_main.pdf Appendix G.4 Table 32, p.54","Official C09 §4/A.1, §6 Q3 p.9/Table 4 p.10, Appendix G.4/Tables 31–32 pp.53–54; supplied tabstar.pdf has different pagination."
O0548,C09-A,TabSTAR,Explicit quantile text conditional on name-plus-bin verbalization,R33,Q3: up to 10K examples; Appendix G.4,R2 (printed percentage scale),matched,primary,adverse,Yes,No,Yes,Descriptive point-estimate disadvantage for intended arm.,Does not identify intended–wrong content sensitivity for the frozen scope.,Negative intended-minus-reference utility estimate for this scope/regime; no general benefit claim.,not_reported,"C09_main.pdf Appendix G.4 Table 32, p.54","Official C09 §4/A.1, §6 Q3 p.9/Table 4 p.10, Appendix G.4/Tables 31–32 pp.53–54; supplied tabstar.pdf has different pagination."
O0549,C09-B,TabSTAR,Explicit bin/quantile numeric content in verbalization conditional on the numerical branch,R33,Q3: up to 10K examples; Appendix G.4,R2 (printed percentage scale),matched,primary,favorable,Yes,No,Yes,Descriptive point-estimate advantage for intended arm.,Does not identify intended–wrong content sensitivity for the frozen scope.,Positive predictive utility for the frozen scope and reported regime; descriptive estimate; significance only as separately reported.,not_reported,"C09_main.pdf Appendix G.4 Table 32, p.54","Official C09 §4/A.1, §6 Q3 p.9/Table 4 p.10, Appendix G.4/Tables 31–32 pp.53–54; supplied tabstar.pdf has different pagination."
O0550,C09-A,TabSTAR,Explicit quantile text conditional on name-plus-bin verbalization,R34,Q3: up to 10K examples; Appendix G.4,R2 (printed percentage scale),matched,primary,adverse,Yes,No,Yes,Descriptive point-estimate disadvantage for intended arm.,Does not identify intended–wrong content sensitivity for the frozen scope.,Negative intended-minus-reference utility estimate for this scope/regime; no general benefit claim.,not_reported,"C09_main.pdf Appendix G.4 Table 32, p.54","Official C09 §4/A.1, §6 Q3 p.9/Table 4 p.10, Appendix G.4/Tables 31–32 pp.53–54; supplied tabstar.pdf has different pagination."
O0551,C09-B,TabSTAR,Explicit bin/quantile numeric content in verbalization conditional on the numerical branch,R34,Q3: up to 10K examples; Appendix G.4,R2 (printed percentage scale),matched,primary,adverse,Yes,No,Yes,Descriptive point-estimate disadvantage for intended arm.,Does not identify intended–wrong content sensitivity for the frozen scope.,Negative intended-minus-reference utility estimate for this scope/regime; no general benefit claim.,not_reported,"C09_main.pdf Appendix G.4 Table 32, p.54","Official C09 §4/A.1, §6 Q3 p.9/Table 4 p.10, Appendix G.4/Tables 31–32 pp.53–54; supplied tabstar.pdf has different pagination."
O0552,C09-A,TabSTAR,Explicit quantile text conditional on name-plus-bin verbalization,Classification aggregate,Q3: up to 10K examples,Normalized score,matched,aggregate_repeat,favorable,Yes,No,Yes,Descriptive point-estimate advantage for intended arm.,Does not identify intended–wrong content sensitivity for the frozen scope.,Positive predictive utility for the frozen scope and reported regime; descriptive estimate; significance only as separately reported.,not_reported,"C09_main.pdf Table 4, p.10","Official C09 §4/A.1, §6 Q3 p.9/Table 4 p.10, Appendix G.4/Tables 31–32 pp.53–54; supplied tabstar.pdf has different pagination."
O0553,C09-B,TabSTAR,Explicit bin/quantile numeric content in verbalization conditional on the numerical branch,Classification aggregate,Q3: up to 10K examples,Normalized score,matched,aggregate_repeat,favorable,Yes,No,Yes,Descriptive point-estimate advantage for intended arm.,Does not identify intended–wrong content sensitivity for the frozen scope.,Positive predictive utility for the frozen scope and reported regime; descriptive estimate; significance only as separately reported.,not_reported,"C09_main.pdf Table 4, p.10","Official C09 §4/A.1, §6 Q3 p.9/Table 4 p.10, Appendix G.4/Tables 31–32 pp.53–54; supplied tabstar.pdf has different pagination."
O0554,C09-A,TabSTAR,Explicit quantile text conditional on name-plus-bin verbalization,Regression aggregate,Q3: up to 10K examples,Normalized score,matched,aggregate_repeat,favorable,Yes,No,Yes,Descriptive point-estimate advantage for intended arm.,Does not identify intended–wrong content sensitivity for the frozen scope.,Positive predictive utility for the frozen scope and reported regime; descriptive estimate; significance only as separately reported.,not_reported,"C09_main.pdf Table 4, p.10","Official C09 §4/A.1, §6 Q3 p.9/Table 4 p.10, Appendix G.4/Tables 31–32 pp.53–54; supplied tabstar.pdf has different pagination."
O0555,C09-B,TabSTAR,Explicit bin/quantile numeric content in verbalization conditional on the numerical branch,Regression aggregate,Q3: up to 10K examples,Normalized score,matched,aggregate_repeat,favorable,Yes,No,Yes,Descriptive point-estimate advantage for intended arm.,Does not identify intended–wrong content sensitivity for the frozen scope.,Positive predictive utility for the frozen scope and reported regime; descriptive estimate; significance only as separately reported.,not_reported,"C09_main.pdf Table 4, p.10","Official C09 §4/A.1, §6 Q3 p.9/Table 4 p.10, Appendix G.4/Tables 31–32 pp.53–54; supplied tabstar.pdf has different pagination."
O0556,C09-A,TabSTAR,Explicit quantile text conditional on name-plus-bin verbalization,Classification aggregate (8 datasets),up to 10K examples,Normalized score,ambiguous,aggregate_repeat,unavailable,Yes,No,Yes,Arm correspondence unresolved; numerical record cannot support this frozen comparison.,No directional content-sensitivity conclusion from this row.,No directional utility conclusion from this row.,not_reported,"C09_main.pdf Appendix G.4 Figure 8, p.52","Official C09 §4/A.1, §6 Q3 p.9/Table 4 p.10, Appendix G.4/Tables 31–32 pp.53–54; supplied tabstar.pdf has different pagination."
O0557,C09-B,TabSTAR,Explicit bin/quantile numeric content in verbalization conditional on the numerical branch,Classification aggregate (8 datasets),up to 10K examples,Normalized score,ambiguous,aggregate_repeat,unavailable,Yes,No,Yes,Arm correspondence unresolved; numerical record cannot support this frozen comparison.,No directional content-sensitivity conclusion from this row.,No directional utility conclusion from this row.,not_reported,"C09_main.pdf Appendix G.4 Figure 8, p.52","Official C09 §4/A.1, §6 Q3 p.9/Table 4 p.10, Appendix G.4/Tables 31–32 pp.53–54; supplied tabstar.pdf has different pagination."
O0558,C10-A,TARTE,Supplied column-name semantic content,Downstream tables (pooled critical-difference diagram),training sizes 32–1024,Average rank,matched,primary,unavailable,Unclear,No,Partial,Exact direction unavailable; no directional claim assigned.,No directional content-sensitivity conclusion from this row.,No directional utility conclusion from this row.,not_reported,"Published TMLR 08/2025 TARTE §4.3 Figure 6, p.10; https://openreview.net/pdf/7dfbc481b152839b35e7f200b528bd880a6826e2.pdf","C10 official indexed published Figure 6 p.10/§4.3 from eligibility screening; supplied tarte.pdf is arXiv v2 corroboration, not the accepted PDF. Conditions known, implementation details not fully established from published source."
O0559,C10-B,TARTE,FastText semantic initialization conditional on table pretraining,Downstream tables (pooled critical-difference diagram),training sizes 32–1024,Average rank,matched,primary,unavailable,No,No,No,Exact direction unavailable; no directional claim assigned.,No directional content-sensitivity conclusion from this row.,No directional utility conclusion from this row.,not_reported,"Published TMLR 08/2025 TARTE §4.3 Figure 6, p.10; https://openreview.net/pdf/7dfbc481b152839b35e7f200b528bd880a6826e2.pdf","C10 official indexed published Figure 6 p.10/§4.3 from eligibility screening; supplied tarte.pdf is arXiv v2 corroboration, not the accepted PDF. Conditions known, implementation details not fully established from published source."
